date,open_price,close_price,lowest_price,highest_price,volume,L1_CP_R,CP_HP_R,CP_LP_R,L5_CP_SMA,L5_CP_SMA_R,L10_CP_SMA,L10_CP_SMA_R,L20_CP_SMA,L20_CP_SMA_R,L30_CP_SMA,L30_CP_SMA_R,L5_TV_SMA,L5_TV_SMA_R,L10_TV_SMA,L10_TV_SMA_R,L20_TV_SMA,L20_TV_SMA_R,L30_TV_SMA,L30_TV_SMA_R
2014-01-01,49.52,49.28,49.04,49.75,2799092.0,,-0.009447236180904484,0.004893964110929794,,,,,,,,,,,,,,,,
2014-01-02,49.27,49.61,49.14,49.79,1644748.0,0.006696428571428603,-0.003615183771841779,0.009564509564509605,,,,,,,,,,,,,,,,
2014-01-05,49.35,49.33,49.15,49.5,2165027.0,-0.005644023382382568,-0.0034343434343434565,0.0036622583926755325,,,,,,,,,,,,,,,,
2014-01-06,49.49,49.59,49.34,49.78,1338520.0,0.0052706263936752595,-0.003816793893129722,0.0050668828536684085,,,,,,,,,,,,,,,,
2014-01-07,49.71,49.71,49.38,49.895,1201573.0,0.002419842710223774,-0.0037077863513378384,0.006682867557715744,49.504000000000005,0.0041612798965739994,,,,,,,1829792.0,-0.34332809412217347,,,,,,
2014-01-08,49.45,49.52,49.19,49.63,2470916.0,-0.003822168577750862,-0.0022164013701390095,0.006708680626143604,49.552,-0.0006457862447528662,,,,,,,1764156.8,0.4006215320542936,,,,,,
2014-01-09,49.43,49.53,49.14,49.59,2072165.0,0.00020193861066242214,-0.001209921355111998,0.007936507936507908,49.536,-0.0001211240310077244,,,,,,,1849640.2,0.12030707377575389,,,,,,
2014-01-12,49.21,48.87,48.66,49.55,2989716.0,-0.013325257419745662,-0.013723511604439964,0.004315659679408057,49.444,-0.011609093115443891,,,,,,,2014578.0,0.4840408264162519,,,,,,
2014-01-13,48.93,49.71,48.89,50.02,2879927.0,0.017188459177409632,-0.006197520991603422,0.016772346083043566,49.468,0.0048920514271852955,,,,,,,2322859.4,0.23981976696480212,,,,,,
2014-01-14,49.75,50.02,49.73,50.33,2120659.0,0.0062361697847515,-0.006159348301211898,0.005831490046249943,49.53,0.009892994144962586,49.517,0.010158127511763704,,,,,2506676.6,-0.1539957727295177,2168234.3,-0.02194195525824849,,,,
2014-01-15,50.48,49.82,49.73,50.5,2884984.0,-0.003998400639744104,-0.013465346534653477,0.0018097727729742275,49.589999999999996,0.004638031861262437,49.571,0.005023098182405095,,,,,2589490.2,0.11411273153302526,2176823.5,0.3253182906193359,,,,
2014-01-16,49.57,49.38,49.205,49.94,3104289.0,-0.008831794460056108,-0.011213456147376788,0.003556549131185971,49.56,-0.003631961259079941,49.548,-0.0033906514894647133,,,,,2795915.0,0.1102944832013848,2322777.6,0.33645554356990526,,,,
2014-01-20,49.95,49.98,49.46,50.12,2228527.0,0.012150668286755595,-0.0027932960893854997,0.01051354630004031,49.782000000000004,0.0039773412076653525,49.613,0.007397254751778659,,,,,2643677.2,-0.15703513273103087,2329127.6,-0.04319239529856589,,,,
2014-01-21,49.86,50.37,49.76,50.54,1659902.0,0.007803121248499467,-0.0033636723387415746,0.01225884244372999,49.914,0.009135713427094627,49.691,0.01366444627799801,,,,,2399672.2,-0.30827968920088344,2361265.8,-0.2970287377219455,,,,
2014-01-22,50.22,49.41,49.33,50.31,2236542.0,-0.019058963668850515,-0.017889087656529634,0.0016217311980539773,49.791999999999994,-0.007671915167095089,49.661,-0.005054267936610346,,,,,2422848.8,-0.07689576006558885,2464762.7,-0.0925933762304989,,,,
2014-01-23,49.39,48.25,48.21,49.39,2691167.0,-0.023477028941509714,-0.023081595464668925,0.000829703381041158,49.477999999999994,-0.02481911152431371,49.534,-0.025921589211450713,,,,,2384085.4,0.1288047819092386,2486787.8,0.08218602327066282,,,,
2014-01-26,48.32,48.22,48.11,48.715,1888315.0,-0.0006217616580310725,-0.010161141332238666,0.002286426938266528,49.245999999999995,-0.020834179425740063,49.403000000000006,-0.023945914215735997,,,,,2140890.6,-0.1179768830784721,2468402.8,-0.23500532409054142,,,,
2014-01-27,48.17,48.51,48.11,48.75,1777446.0,0.0060141020323516425,-0.004923076923076919,0.008314279775514466,48.952,-0.009029253145938831,49.367000000000004,-0.01735977474831374,,,,,2050674.4,-0.13323831418581122,2347175.8,-0.24272992248812375,,,,
2014-01-28,48.32,48.27,48.1,48.91,1994091.0,-0.0049474335188619545,-0.013085258638315111,0.0035343035343036178,48.532,-0.005398499958789937,49.223,-0.01936086788696334,,,,,2117512.2,-0.05828594517660879,2258592.2,-0.11710887870771902,,,,
2014-01-29,48.87,48.89,48.42,49.12,1385414.0,0.012844416822042515,-0.004682410423452743,0.009706732755059955,48.428000000000004,0.009539935574460978,49.11,-0.004479739360618962,49.3135,-0.008587912032202105,,,1947286.6,-0.2885412963864693,2185067.7,-0.3659628944219898,2176651.0,-0.3635111921938795,,
2014-01-30,48.34,48.27,48.07,48.73,1927519.0,-0.012681529965227978,-0.009439770162117611,0.004160599126274311,48.432,-0.0033448959365708353,48.955,-0.013992442038606834,49.263,-0.0201571158881918,,,1794557.0,0.07409182321876662,2089321.2,-0.07744247270357474,2133072.35,-0.09636492170553901,,
2014-02-02,48.23,47.26,47.14,48.3525,2892213.0,-0.020923969339134096,-0.022594488392533973,0.002545608824777279,48.24,-0.0203150912106137,48.743,-0.030424881521449287,49.1455,-0.03836566928813423,,,1995336.6,0.4494862671290647,2068113.6,0.39847878762559263,2195445.6,0.31736946704577873,,
2014-02-03,47.7,47.69,47.23,47.75,2333296.0,0.009098603470165001,-0.0012565445026178068,0.009739572305737854,48.076,-0.008028954155919865,48.513999999999996,-0.01698478789627733,49.0635,-0.02799433387344974,,,2106506.6,0.10766137642293638,2078590.5,0.12253760420823623,2203859.05,0.05873195475001003,,
2014-02-04,47.43,47.85,47.265,48.01,2589428.0,0.003355001048438,-0.0033326390335346456,0.012377023167248424,47.992000000000004,-0.0029588264710785905,48.262,-0.008536736977332038,48.9765,-0.023000826927199736,,,2225574.0,0.16348771148476748,2171543.1,0.19243684364358216,2266404.45,0.14252687776005724,,
2014-02-05,48.01,48.35,47.86,48.68,1797870.0,0.010449320794148287,-0.006778964667214393,0.010238194734642825,47.884,0.009731851975607775,48.156,0.004028573801810875,48.908500000000004,-0.011419282946727116,,,2308065.2,-0.22104886811689728,2127675.9,-0.15500758362681077,2296219.3,-0.21703035942603555,,
2014-02-06,48.58,48.97,48.26,48.97,1824652.0,0.012823164426059908,0.0,0.014711976792374681,48.023999999999994,0.019698484091287716,48.228,0.015385253379779362,48.881,0.0018207483480288111,,,2287491.8,-0.2023350641082079,2041024.4,-0.10601166747443092,2263906.1,-0.19402487585505424,,
2014-02-09,48.78,49.22,48.75,49.315,1458744.0,0.005105166428425623,-0.00192639156443275,0.009641025641025536,48.416,0.016606080634500975,48.327999999999996,0.01845720907134596,48.8655,0.007254607033592153,,,2000798.0,-0.2709189033575603,1998067.3,-0.26992248959782283,2233235.05,-0.3468022992026746,,
2014-02-10,49.31,49.75,49.1865,49.89,1232444.0,0.010767980495733465,-0.002806173581880178,0.011456395555691001,48.827999999999996,0.018882608339477525,48.452,0.026789399818377024,48.909499999999994,0.017184800498880604,,,1780627.6,-0.3078597680952492,1943567.1,-0.3658855410754792,2145371.45,-0.42553351308930676,,
2014-02-11,49.96,49.89,49.72,50.19,1802541.0,0.002814070351758735,-0.005977286312014329,0.0034191472244569088,49.236000000000004,0.013282963685108395,48.614,0.026247583000781782,48.9185,0.019859562333268688,,,1623250.2,0.11045173442763168,1924412.1,-0.06332900317972434,2091502.15,-0.13815962369438628,,
2014-02-12,49.69,50.69,49.63,50.7,2124684.0,0.016035277610743526,-0.00019723865877718794,0.021358049566794213,49.704,0.01983743763077417,48.794,0.0388572365454769,48.952000000000005,0.03550416734760575,49.14033333333334,0.03153553428615985,1688613.0,0.2582421194199027,1998339.1,0.06322495516401583,2091703.4,0.015767340627739213,2117213.7,0.0035283637168981308
2014-02-13,50.42,50.77,50.27,50.99,2169706.0,0.0015782205563228402,-0.00431457148460479,0.009946290033817418,50.064,0.01410194950463417,49.044,0.03519288801892184,48.9995,0.03613302176552824,49.190000000000005,0.032120349664565895,1757623.8,0.2344541533859521,2022557.8,0.07275352031966653,2055939.5,0.05533552908536454,2096234.1666666667,0.03504943984868092
2014-02-17,50.44,51.23,50.44,51.34,3937394.0,0.009060468780775821,-0.0021425788858591144,0.01566217287866767,50.466,0.01513890540165641,49.440999999999995,0.03618454319289666,49.092,0.04355088405442831,49.244,0.04032978636991302,2253353.8,0.7473483302977102,2127075.9,0.8510829820412145,2097594.75,0.877099473098891,2172655.7,0.8122494051864728
2014-02-18,51.9,51.57,51.41,52.38,4081149.0,0.006636736287331635,-0.015463917525773252,0.0031122349737406907,50.83,0.014558331693881543,49.82899999999999,0.03493949306628674,49.171499999999995,0.04877825569689764,49.318666666666665,0.04564870637216467,2823094.8,0.44562945601401704,2301861.2,0.772977884157394,2190225.85,0.8633461932704336,2236526.433333333,0.8247711894544567
2014-02-19,51.72,51.4,51.01,51.87,3741305.0,-0.0032964902074850144,-0.009061114324272146,0.007645559694177573,51.132,0.005241336149573561,50.184,0.024230830543599646,49.223,0.04422729211953769,49.379000000000005,0.04092832985682149,3210847.6,0.16520790335860225,2417048.9,0.5478813854365958,2294296.0,0.6306984800566273,2316619.2666666666,0.6149848418481312
2014-02-20,51.37,51.12,51.09,51.6,1969484.0,-0.005447470817120603,-0.009302325581395432,0.0005871990604813249,51.217999999999996,-0.0019133898238899993,50.461,0.01305959057489936,49.308499999999995,0.03673808775363274,49.426,0.03427345931291215,3179807.6,-0.3806279348473788,2434210.3,-0.19091460585800657,2280943.1,-0.13654838649854972,2342216.3,-0.1591365835853844
2014-02-23,51.29,50.96,50.95,51.61,2096336.0,-0.00312989045383405,-0.012594458438287104,0.00019627085377815767,51.25600000000001,-0.005774933666302662,50.66,0.005921831819976298,49.444,0.030660949761346146,49.474000000000004,0.03003597849375428,3165133.6,-0.3376785106322211,2461378.7,-0.1483082225421063,2251201.55,-0.06879239666479431,2329730.3,-0.10018082350562196
2014-02-24,50.99,50.8,50.49,51.04,2210825.0,-0.0031397174254317317,-0.004702194357366851,0.006139829669241426,51.17,-0.007230799296462864,50.818,-0.0003542052028808751,49.57299999999999,0.024751376757509158,49.516333333333336,0.02592410585059457,2819819.8,-0.21596940343492865,2536586.8,-0.12842525239033797,2267327.05,-0.0249201146345428,2334352.3,-0.05291716250370604
2014-02-25,50.67,50.84,50.555,51.36,1578952.0,0.0007874015748032814,-0.010124610591900285,0.005637424587083384,51.024,-0.0036061461273125817,50.927,-0.0017083276061813368,49.689499999999995,0.02315378500488041,49.582,0.02537211084667823,2319380.4,-0.3192354302899171,2571237.6,-0.38591750525116775,2257402.35,-0.30054471680690864,2287326.8333333335,-0.3096955026322211
2014-02-26,50.81,51.03,50.75,51.2,1395220.0,0.0037372147915026854,-0.003320312499999978,0.0055172413793103114,50.95,0.0015701668302257055,51.041000000000004,-0.00021551301894562336,49.8275,0.024133259746124125,49.626,0.028291621327529937,1850163.4,-0.24589363296236422,2530505.5,-0.44863980734284115,2227458.8,-0.3736270228656978,2237836.6,-0.3765317807385937
2014-02-27,51.15,50.82,50.48,51.15,2141464.0,-0.004115226337448541,-0.006451612903225823,0.006735340729001615,50.89,-0.0013755158184318717,51.054,-0.004583382301093009,49.924,0.01794727986539546,49.65266666666666,0.02350998267968163,1884559.4,0.13632077609227933,2532183.5,-0.154301416149343,2265261.3,-0.05465033989677037,2238530.1,-0.043361534428328685
2014-03-02,50.58,50.58,50.23,50.78,1309756.0,-0.0047225501770956635,-0.003938558487593613,0.006967947441767874,50.814,-0.00460503010981228,51.035,-0.008915450181248175,50.039500000000004,0.010801466841195317,49.678,0.01815693063327828,1727243.4,-0.24170733551507562,2446188.5,-0.4645727424521864,2234373.15,-0.41381501115872255,2186022.5,-0.4008497167801338
2014-03-03,50.94,51.2,50.86,51.42,1648058.0,0.01225780941083432,-0.004278490859587647,0.006685017695635231,50.894,0.006012496561480729,51.032000000000004,0.0032920520457750957,50.2365,0.01917928199615826,49.73866666666666,0.029380227321467167,1614690.0,0.020665267017198286,2217254.9,-0.25671243301796287,2172165.4,-0.24128337556615165,2137481.466666667,-0.2289720282019132
2014-03-04,51.26,51.24,50.86,51.28,1057439.0,0.0007812499999999556,-0.0007800312012480326,0.007471490365709821,50.974000000000004,0.005218346608074631,50.998999999999995,0.004725582854565813,50.414,0.016384337683976735,49.78066666666667,0.029315262953489407,1510387.4,-0.2998888894332672,1914883.9,-0.4477790533410406,2108372.55,-0.49845723423025967,2098445.2,-0.4960845296317483
2014-03-05,51.29,51.57,51.075,51.62,1248897.0,0.0064402810304449165,-0.0009686168151878949,0.009691629955947079,51.082,0.009553267295720591,51.016,0.010859338246824501,50.6,0.0191699604743083,49.82066666666666,0.035112603872556436,1481122.8,-0.1567903755178166,1665643.1,-0.25020131863782824,2041346.0,-0.3881992567648992,2084745.0333333334,-0.4009353757744093
2014-03-06,51.77,51.83,51.26,51.83,2847265.0,0.005041690905565277,0.0,0.011119781506047532,51.284000000000006,0.010646595429373518,51.087,0.014543817409516935,50.773999999999994,0.020798046244140833,49.90133333333333,0.03864960188104516,1622283.0,0.7550976001104617,1753421.2,0.6238340223102128,2093815.75,0.3598450579999697,2105102.466666667,0.3525541132012038
2014-03-09,51.85,51.8,51.55,51.9,1823129.0,-0.0005788153579008304,-0.0019267822736031004,0.004849660523763344,51.528,0.005278683434249309,51.17100000000001,0.01229211858279089,50.9155,0.01737192014219624,50.019666666666666,0.03559266688435869,1724957.6,0.05691235541093875,1726100.5,0.05621254382349106,2093739.6,-0.12924749572487437,2076167.8666666667,-0.12187784558718084
2014-03-10,51.85,51.52,51.37,51.93,1465359.0,-0.005405405405405239,-0.007895243597149992,0.002919992213354261,51.592,-0.0013955652039074895,51.242999999999995,0.005405616376871203,51.0305,0.009592302642537298,50.12966666666667,0.027734741237723348,1688417.8,-0.1321111397901633,1651553.9,-0.11273922092400368,2094070.35,-0.30023411104598274,2062069.3333333333,-0.28937452474924863
2014-03-11,51.18,51.73,51.13,51.73,1490711.0,0.004076086956521507,0.0,0.011734793663211285,51.69,0.0007738440704196936,51.33200000000001,0.007753448141510022,51.1295,0.011744687509167795,50.237,0.02971913131755466,1775072.2,-0.16019697677649392,1642729.8,-0.09254035569330998,2106983.7,-0.2924904924513655,2052511.5,-0.2737136917381462
2014-03-12,51.94,50.45,50.19,51.94,2162124.0,-0.024743862362265445,-0.02868694647670378,0.005180314803745922,51.465999999999994,-0.01974118835736194,51.274,-0.01607052307212231,51.1575,-0.01382983922201042,50.309666666666665,0.002789391038170441,1957717.6,0.10441056462893306,1719420.2,0.2574727224909885,2124962.85,0.017487905729740127,2058112.6,0.0505372738109664
2014-03-13,50.25,50.09,50.03,50.85,1724116.0,-0.007135777998017789,-0.014945919370698113,0.00119928043174089,51.11800000000001,-0.020110332955123544,51.201,-0.02169879494541116,51.1275,-0.020292406239303618,50.349666666666664,-0.005157266847181874,1733087.8,-0.005176771771170485,1677685.4,0.027675391345719502,2104934.45,-0.18091701145372963,2069402.6666666667,-0.166853301306915
2014-03-16,50.26,50.68,50.26,50.93,2297817.0,0.011778798163305959,-0.004908698213233809,0.008356545961002881,50.894,-0.0042048178567217764,51.211,-0.010368866063931503,51.123000000000005,-0.008665375662617714,50.43,0.0049573666468372135,1828025.4,0.2569940220743103,1776491.5,0.2934579197254814,2111340.0,0.08832163460172215,2081745.9333333333,0.10379319743437154
2014-03-17,50.87,51.44,50.71,51.55,1750304.0,0.014996053670086829,-0.0021338506304559024,0.014395582725300615,50.878,0.011046031683635382,51.235,0.004001171074460741,51.1335,0.005994113448130944,50.56933333333334,0.017217285838584395,1885014.4,-0.07146385725223103,1786716.1,-0.020379342862584693,2001985.5,-0.12571594549510978,2043682.3,-0.14355377056404517
2014-03-18,51.44,51.6,51.18,51.68,2126073.0,0.0031104199066873672,-0.001547987616099089,0.008206330597889888,50.852,0.014709352631165018,51.271,0.006416882838251592,51.135000000000005,0.00909357582868875,50.699666666666666,0.017758170665158834,2012086.8,0.05665073693639844,1893579.5,0.12277989912755172,1904231.7,0.11649911090126275,2036774.8666666667,0.04384290811653435
2014-03-19,51.44,53.225,51.2,53.26,4521797.0,0.03149224806201545,-0.000657153586180903,0.03955078125,51.407000000000004,0.03536483358297504,51.4365,0.03477102835535084,51.22625000000001,0.03901808154998654,50.87883333333333,0.046112823603790654,2484021.4,0.8203534800465084,2220869.5,1.0360480433451853,1943256.3,1.326917452937114,2101187.1666666665,1.1520200921336299
2014-03-20,53.74,53.24,53.0,54.31,6903879.0,0.00028182245185526256,-0.01970171239182472,0.004528301886792541,52.037,0.023118165920402944,51.5775,0.032233047355920696,51.33225,0.03716474535988579,51.04183333333333,0.043065981825365585,3519974.0,0.9613437485617791,2626530.9,1.6285161922138438,2189976.05,2.1524906402515227,2271387.466666667,2.0394985889975263
2014-03-23,53.17,53.61,52.74,53.77,3019274.0,0.006949661908339566,-0.0029756369722894194,0.016496018202502905,52.623000000000005,0.018756057237329538,51.758500000000005,0.03577190219963855,51.46475,0.041683870999081885,51.1965,0.047141894465442036,3664265.4,-0.17602202067568573,2746145.4,0.09945889973633593,2236122.95,0.35022718674749065,2311208.2,0.30636175486050954
2014-03-24,53.87,53.29,53.28,54.33,3611005.0,-0.005969035627681363,-0.019142278667402923,0.000187687687687621,52.99300000000001,0.005604513803709743,51.935500000000005,0.02608042668309718,51.58925000000001,0.03296713947188601,51.332166666666666,0.038140477218638,4036405.6,-0.10539094485450129,2960710.0,0.21964157246065974,2306131.95,0.5658275754776303,2382950.2333333334,0.5153505723654292
2014-03-25,53.51,52.75,52.75,53.73,2616054.0,-0.010133233252017204,-0.018239344872510665,0.0,53.223,-0.008887135261071322,52.0375,0.013692049003122708,51.684749999999994,0.020610528250596172,51.43216666666667,0.02562274581730617,4134401.8,-0.367247276256507,3073244.3,-0.14876471096033594,2357987.05,0.10944375203417689,2429070.566666667,0.07697735747130818
2014-03-26,52.78,52.58,52.38,53.16,1197544.0,-0.0032227488151659323,-0.010910458991723049,0.0038182512409314917,53.093999999999994,-0.009680943232756922,52.2505,0.006306159749667417,51.76225000000001,0.01579819269834659,51.52183333333333,0.020538218425198318,3469551.2,-0.6548418135463745,2976786.3,-0.5977057540207034,2348103.25,-0.48999516950542954,2408904.0,-0.5028676941878962
2014-03-27,52.85,52.84,52.617,53.29,1242378.0,0.004944845949030219,-0.00844436104334767,0.004238173974191017,53.013999999999996,-0.0032821518844077247,52.5255,0.005987567943189553,51.86325000000001,0.018833181491711315,51.5935,0.02416002015757801,2337251.0,-0.4684447669505757,2928612.5,-0.5757793152900905,2303148.95,-0.46057418474823353,2379493.8,-0.4778813880498448
2014-03-30,53.03,53.14,52.87,53.38,1731964.0,0.005677517032551149,-0.0044960659423005644,0.005106865897484436,52.92,0.004157218442932598,52.7715,0.0069829358650028706,51.99125,0.022095064073281545,51.6725,0.028400019352653683,2079789.0,-0.16724052295689606,2872027.2,-0.3969541792640404,2324259.35,-0.25483186719244566,2364902.4,-0.2676382754738631
2014-03-31,53.5,54.08,53.22,54.1,2045592.0,0.017689123071132906,-0.0003696857670980602,0.01615933859451335,53.077999999999996,0.018877877840159707,53.0355,0.019694355667430274,52.13525,0.03730201734910632,51.7675,0.044670884242043796,1766706.4,0.157856223309091,2901556.0,-0.29500171632048455,2344136.05,-0.12735781696629755,2301842.3333333335,-0.11132401625538502
2014-04-01,54.07,54.06,53.75,54.28,1945778.0,-0.00036982248520700534,-0.004053058216654359,0.005767441860465183,53.339999999999996,0.013498312710911176,53.281499999999994,0.014611075138650564,52.276250000000005,0.034121613543435014,51.850500000000004,0.04261289669337809,1632651.2,0.1917903836410373,2883526.5,-0.3252089065247016,2388553.0,-0.1853737388284874,2230663.3,-0.1277132680669466
2014-04-02,54.16,53.98,53.79,54.4,1603284.0,-0.0014798372179061214,-0.007720588235294201,0.003532255065997303,53.620000000000005,0.006713912719134463,53.357000000000006,0.011676068744494561,52.39675,0.030216568775735198,51.9365,0.03934612459445663,1713799.2,-0.06448550098517958,2591675.2,-0.38137155458369165,2406272.35,-0.3337063445873033,2159395.933333333,-0.25753124971153185
2014-04-03,54.24,52.92,52.81,54.37,2272626.0,-0.0196369025565023,-0.026669118999448127,0.0020829388373413416,53.636,-0.013349243045715609,53.325,-0.0075949367088608,52.45125,0.008936869950668447,51.9965,0.01776081082380543,1919848.8,0.18375259551689682,2128549.9,0.06768744298642004,2377540.4,-0.04412728380977249,2169500.6666666665,0.04753413304628329
2014-04-06,52.97,53.12,52.84,53.85,2231055.0,0.0037792894935750887,-0.013556174558960188,0.005299015897047621,53.632000000000005,-0.009546539379475028,53.275999999999996,-0.00292814775884076,52.517250000000004,0.011477181307094186,52.0685,0.020194551408241113,2019667.0,0.10466477889671921,2049728.0,0.0884639327754706,2397936.7,-0.06959387209845869,2173991.3,0.026248357111640752
2014-04-07,52.99,53.96,52.99,54.01,2136024.0,0.01581325301204828,-0.0009257544899091696,0.01830534063030753,53.60799999999999,0.006566184151619359,53.342999999999996,0.011566653544045291,52.639250000000004,0.025090593046063425,52.17383333333334,0.03423491341445084,2037753.4,0.048224971677142126,1902229.9,0.12290528079702678,2431469.95,-0.12150919241259805,2171497.933333333,-0.016336157998952938
2014-04-08,54.16,54.3,53.7,54.33,1417515.0,0.006300963676797666,-0.000552181115405892,0.011173184357541777,53.65599999999999,0.01200238556731792,53.498000000000005,0.01499121462484565,52.76775,0.029037622411415942,52.28916666666667,0.038456021801839047,1932100.8,-0.26633486203204304,1782376.0,-0.20470484342248774,2427810.15,-0.4161343299433854,2166116.7,-0.3455961998723338
2014-04-09,54.15,52.49,52.48,54.36,1905709.0,-0.033333333333333215,-0.034400294334069104,0.00019054878048785362,53.358000000000004,-0.016267476292214922,53.489,-0.018676737273084054,52.869749999999996,-0.007182746277408003,52.337833333333336,0.0029073933133139107,1992585.8,-0.04360002966998966,1853192.5,0.028338394419360036,2414989.4,-0.2108830788242797,2183133.0,-0.1270760874394734
2014-04-10,52.43,52.09,52.07,52.93,2104307.0,-0.007620499142693804,-0.015870017003589587,0.0003840983291722999,53.19199999999999,-0.020717401112949174,53.414,-0.02478750889279957,52.96975,-0.016608536004039887,52.38016666666667,-0.0055396285489736075,1958922.0,0.07421683966998183,1939385.4,0.0850380744332715,2433998.95,-0.13545279056098203,2181894.433333333,-0.035559664183569595
2014-04-13,52.65,52.46,52.06,52.75,1486312.0,0.007103090804376988,-0.005497630331753545,0.0076834421820974885,53.06,-0.011307953260459858,53.346000000000004,-0.01660855546807638,53.058749999999996,-0.011284660871204055,52.44283333333333,0.0003273405644876881,1809973.4,-0.17882108101699168,1914820.2,-0.223785084364579,2393423.7,-0.3790017204225061,2187779.6333333333,-0.3206299312077272
2014-04-14,52.4,53.18,52.23,53.29,2280648.0,0.013724742661075151,-0.00206417714392948,0.01818878039440941,52.903999999999996,0.005216996824436881,53.25599999999999,-0.0014270692504130267,53.14575,0.0006444541661374537,52.508833333333335,0.012781976365881187,1838898.2,0.24022526097420727,1938325.8,0.17660715241988734,2419940.9,-0.057560455298722335,2208865.966666667,0.032497233610628395
2014-04-15,53.15,52.15,51.335,53.15,3049855.0,-0.019368183527642024,-0.01881467544684856,0.01587610791857408,52.474000000000004,-0.006174486412318547,53.065,-0.017243003863186668,53.173249999999996,-0.01924369866427189,52.53916666666667,-0.007407172426919573,2165366.2,0.4084707704405841,2048733.5,0.4886538439479806,2466130.0,0.2366967678102938,2275279.8333333335,0.3404307265062414
2014-04-16,52.09,52.85,52.07,53.1925,2051924.0,0.01342281879194629,-0.006438877661324449,0.014979834837718586,52.54600000000001,0.005785407071898785,52.952,-0.001926272850883759,53.1545,-0.00572858365707507,52.581833333333336,0.005099987004383522,2194609.2,-0.06501622247824357,2093597.5,-0.019905211006413626,2342636.35,-0.12409623456922803,2302047.4,-0.10865258465138461
2014-04-20,53.07,52.9,52.56,53.18,786818.0,0.0009460737937558861,-0.005265137269650277,0.006468797564687989,52.708000000000006,0.0036427107839416273,52.95,-0.0009442870632673239,53.1375,-0.0044695365796284525,52.61749999999999,0.005368936190430995,1931111.4,-0.5925569079028792,1945016.7,-0.5954697972516123,2036783.3,-0.6136957721520988,2233365.8333333335,-0.6476985596105131
2014-04-21,52.86,53.3,52.59,53.42,1113170.0,0.007561436672967936,-0.002246349681767179,0.013500665525765232,52.876,0.00801876087449882,52.968,0.006267935357196608,53.122,0.0033507774556680303,52.667500000000004,0.012009303650258651,1856483.0,-0.4003877223761273,1833228.2,-0.3927815424179052,1941478.1,-0.4266378796649831,2209700.533333333,-0.49623490459099306
2014-04-22,53.28,53.29,53.09,53.57,956541.0,-0.00018761726078797558,-0.005226806048161281,0.0037671877943115106,52.898,0.0074104881091912045,52.900999999999996,0.007353358159581269,53.122,0.003162531531192281,52.7265,0.010687225588650762,1591661.6,-0.3990299194250838,1715279.9,-0.44234115959733444,1808754.9,-0.471160520422087,2192739.933333333,-0.5637690610459687
2014-04-23,53.9,53.7,53.56,54.365,2437308.0,0.0076937511728278896,-0.01223213464545203,0.002613890963405474,53.208000000000006,0.009246729815065358,52.840999999999994,0.016256316118165914,53.16949999999999,0.009977524708714824,52.79216666666666,0.017196364359611582,1469152.2,0.6589894498337205,1817259.2,0.3411999785170987,1799817.6,0.35419722531883213,2224293.1666666665,0.09576742694064833
2014-04-24,53.02,51.42,51.02,53.145,3307016.0,-0.042458100558659284,-0.03245836861416884,0.00784006272050175,52.922000000000004,-0.02838139148180341,52.734,-0.024917510524519293,53.1115,-0.031848093162497704,52.82449999999999,-0.026588041533757822,1720170.6,0.9224930364465012,1957389.9,0.6895029447122416,1905291.2,0.7357010833829496,2262456.2333333334,0.46169280593229
2014-04-27,51.21,50.99,50.07,51.91,2243815.0,-0.008362504861921471,-0.017722982084376726,0.018374276013580992,52.540000000000006,-0.02950133231823382,52.624,-0.031050471267862534,53.019000000000005,-0.03826929968501869,52.8545,-0.03527608812873073,2011570.0,0.11545459516695922,1971340.7,0.1382177621554712,1955363.05,0.1475183598258134,2279779.533333333,-0.01577544354946836
2014-04-28,50.67,51.19,50.67,51.42,1350584.0,0.003922337713277102,-0.0044729677168418025,0.01026248273139907,52.11800000000001,-0.017805748493802787,52.497,-0.02489666076156738,52.9215,-0.032718271401982246,52.8715,-0.0318035236374985,2059052.8,-0.3440751009396166,1957767.9,-0.31014090076765477,1936294.05,-0.30249023902128913,2248205.1,-0.39926121509109647
2014-04-29,50.98,51.29,50.56,51.3451,1768066.0,0.0019535065442468635,-0.0010731306395352913,0.014438291139240444,51.718,-0.008275648710313721,52.30800000000001,-0.0194616502255871,52.782000000000004,-0.028267212307226064,52.866499999999995,-0.029820396659510195,2221357.8,-0.20406068756685658,1906509.7,-0.0726163103182742,1922417.75,-0.0802904311510857,2248797.1666666665,-0.2137725775327447
2014-04-30,51.38,50.82,50.765,51.53,1529080.0,-0.009163579645155018,-0.013778381525325067,0.0010834236186347823,51.141999999999996,-0.006296194908294472,52.175,-0.025970292285577345,52.620000000000005,-0.03420752565564433,52.8405,-0.038237715388764304,2039712.2,-0.25034522027176187,1754432.2,-0.1284473688980401,1901582.85,-0.19589093896171816,2228897.4,-0.3139747033667857
2014-05-01,50.94,51.41,50.79,51.83,2033216.0,0.011609602518693363,-0.008103415010611625,0.012207127387280803,51.14,0.005279624560031282,52.03099999999999,-0.011935192481405177,52.491499999999995,-0.020603335778173526,52.78,-0.025956801818870834,1784952.2,0.13908708591748287,1752561.4,0.160139667574557,1923079.45,0.057270930745997095,2145944.7,-0.05253103679698745
2014-05-04,50.99,51.18,50.87,51.5,674070.0,-0.004473837774751965,-0.006213592233009768,0.0060939650088460695,51.178,3.907929188318171e-05,51.859,-0.0130931950095452,52.4045,-0.02336631396158728,52.711333333333336,-0.029051310913529083,1471003.2,-0.5417617038494545,1741286.6,-0.6128896874299727,1843151.65,-0.634284026493425,1938284.4,-0.6522336969744997
2014-05-05,51.25,50.74,50.74,51.31,1731568.0,-0.00859710824540827,-0.011108945624634603,0.0,51.088,-0.0068117757594737816,51.602999999999994,-0.016723833885626704,52.2855,-0.029558864312285382,52.61566666666667,-0.035648444379684174,1547200.0,0.11916235780765261,1803126.4,-0.039685736951108885,1818177.3,-0.04763523337355491,1895360.8666666667,-0.08641777381144622
2014-05-06,50.72,50.8,50.08,50.93,1788165.0,0.0011824990145841152,-0.002552523070881607,0.01437699680511173,50.989999999999995,-0.0037262208276132025,51.354,-0.010787864625929844,52.1275,-0.0254664044889934,52.532666666666664,-0.03298265206411244,1551219.8,0.152747663483924,1886288.8,-0.05201949987721921,1800784.35,-0.007007696396295393,1834599.5333333334,-0.025310446497806116
2014-05-07,50.72,51.31,50.51,51.92,1966971.0,0.010039370078740228,-0.011748844375963019,0.015838447832112523,51.088,0.0043454431569056595,51.114999999999995,0.0038149271251102235,51.977999999999994,-0.012851591057755019,52.48466666666666,-0.022381139888475232,1638798.0,0.20025225805742997,1839255.1,0.06943892666112483,1828257.15,0.07587217695278814,1812963.4333333333,0.08494797183168035
2014-05-08,51.29,51.25,50.83,51.4,1039197.0,-0.0011693626973300342,-0.0029182879377431803,0.008262836907338311,51.056,0.0037997492948920186,51.098,0.0029746761125679644,51.916,-0.012828415132136506,52.440333333333335,-0.022698813254428907,1439994.2,-0.2783325099503873,1612473.2,-0.35552603292879537,1784931.55,-0.41779448069031,1807685.2,-0.42512280346157616
2014-05-11,51.81,52.23,51.44,52.35,1496042.0,0.019121951219512212,-0.002292263610315315,0.01535769828926914,51.266,0.018803885616197835,51.222,0.0196790441607122,51.923,0.005912601352001889,52.419999999999995,-0.0036245707745135025,1604388.6,-0.06753139482541826,1537695.9,-0.02708851600631823,1754518.3,-0.14732037847653112,1816140.6666666667,-0.17625213318645294
2014-05-12,52.37,51.47,51.34,52.46,2074522.0,-0.014551024315527461,-0.018871521158978277,0.0025321386832877213,51.412,0.0011281412899712961,51.25,0.004292682926829272,51.8735,-0.007778538174597838,52.364333333333335,-0.017079055082021566,1672979.4,0.24001646404014298,1610089.7,0.288451196228384,1783928.8,0.1628950662156472,1827559.2666666666,0.1351325441739437
2014-05-13,51.28,51.06,51.02,51.37,1816181.0,-0.007965805323489339,-0.006034650574264999,0.0007840062720501084,51.464,-0.007850147676045305,51.227,-0.003259999609580788,51.767500000000005,-0.01366687593567395,52.26366666666667,-0.02303065864749898,1678582.6,0.08197296933734433,1614901.2,0.12463908008737623,1760705.45,0.03150756987774428,1819912.2333333334,-0.0020502270741371564
2014-05-14,50.92,50.78,50.41,51.22,2559114.0,-0.005483744614179442,-0.008590394377196331,0.007339813529061878,51.35799999999999,-0.011254332333813455,51.223,-0.008648458700193262,51.699,-0.017775972455946865,52.15433333333333,-0.02635127793791492,1797011.2,0.4240946300167745,1717904.6,0.4896717780486761,1736168.4,0.4740010243245989,1840356.7666666666,0.3905532048740623
2014-05-15,50.99,51.6,50.72,51.66,3128190.0,0.016148089799133514,-0.0011614401858303092,0.01735015772870674,51.428,0.0033444816053511683,51.242,0.006986456422465981,51.6365,-0.0007068643304638522,52.075,-0.009121459433509393,2214809.8,0.4123966762292637,1827402.0,0.7118236709820827,1789981.7,0.7476100453987882,1891186.9666666666,0.6540881759108288
2014-05-18,51.6,51.98,51.56,52.1856,1700865.0,0.0073643410852712865,-0.003939784155016057,0.008145849495732937,51.378,0.011717077348281313,51.322,0.012821012431315948,51.5905,0.007549839602252417,52.043666666666674,-0.0012233316894149082,2255774.4,-0.24599507823122735,1930081.5,-0.11876001091145638,1835684.05,-0.07344349372104642,1872128.2666666666,-0.09148051963960868
2014-05-19,52.07,51.98,51.69,52.225,4420974.0,0.0,-0.004691239827668836,0.005610369510543611,51.48,0.009712509712509698,51.44599999999999,0.010379815729114172,51.5245,0.00884045454104343,52.00566666666666,-0.000493535960824798,2725064.8,0.6223372009355521,2199022.1,1.0104272712857227,2001074.25,1.209300329560485,1945125.5666666667,1.2728476123915016
2014-05-20,52.74,51.33,50.8804,52.7499,4534687.0,-0.012504809542131512,-0.026917586573623753,0.008836408518800853,51.53399999999999,-0.003958551635813157,51.499,-0.0032816171187790566,51.4265,-0.0018764644687077059,51.918,-0.01132555183173467,3268766.0,0.3872779513736988,2473674.3,0.833178684841412,2179981.55,1.080149256309073,2025081.0,1.2392620344568934
2014-05-21,51.35,51.74,51.35,52.03,2021318.0,0.007987531657899893,-0.005573707476455914,0.0075949367088608,51.726,0.0002706569230175315,51.541999999999994,0.003841527298126035,51.3285,0.00801698861256428,51.83266666666667,-0.0017878043447504544,3161206.8,-0.36058659623280576,2479109.0,-0.18465948855012027,2159182.05,-0.06385012787597033,2045207.7666666666,-0.011680850745840243
2014-05-22,51.89,52.39,51.61,52.46,1578594.0,0.012562814070351758,-0.0013343499809378434,0.015113350125944613,51.884,0.009752524863156253,51.656000000000006,0.014209385163388433,51.376999999999995,0.019716993985635645,51.82933333333333,0.010817555052480055,2851287.6,-0.44635749827551596,2533048.7,-0.37680076976017085,2072760.95,-0.23841000574620053,2034303.9333333333,-0.2240127081633394
2014-05-26,52.56,53.02,52.36,53.125,1920866.0,0.0120251956480244,-0.0019764705882352462,0.0126050420168069,52.092000000000006,0.017814635644628707,51.735,0.024838117328694453,51.4785,0.029944539953572935,51.86033333333333,0.022361342323291566,2895287.8,-0.33655438329826826,2575531.1,-0.2541864472147124,2056613.5,-0.0660053529746839,2028189.2333333334,-0.05291578890641646
2014-05-27,52.58,52.45,52.09,52.59,1659662.0,-0.010750660128253542,-0.0026621030614185637,0.006911115377231658,52.186,0.005058828038171148,51.833000000000006,0.011903613528061241,51.5415,0.017626572761755055,51.86,0.011376783648283872,2343025.4,-0.29165855393629103,2534045.1,-0.34505427705292224,2072067.4,-0.19903088094528198,2033967.5666666667,-0.18402730348355112
2014-05-28,52.65,52.26,52.2,52.72,1683403.0,-0.00362249761677802,-0.008725341426403688,0.0011494252873562871,52.372,-0.0021385473153593404,51.952999999999996,0.0059091871499239446,51.589999999999996,0.012987012987013102,51.82933333333333,0.008309322905947658,1772768.6,-0.05041018889887838,2520767.3,-0.33218627518692423,2067834.25,-0.18591008926368258,2014059.4,-0.16417410529202858
2014-05-29,52.44,52.38,52.18,52.52,1265073.0,0.0022962112514353095,-0.0026656511805026595,0.003832886163281035,52.5,-0.0022857142857142243,52.113,0.005123481664843776,51.66799999999999,0.01378028954091537,51.837,0.010475143237455908,1621519.6,-0.2198225664370631,2391363.2,-0.47098249232906153,2054633.9,-0.38428301022386513,1954566.6666666667,-0.35276037314323727
2014-06-01,52.41,52.37,51.92,52.5628,1401548.0,-0.00019091256204673002,-0.003667993333688613,0.008667180277349695,52.496,-0.0024001828710760176,52.19,0.003448936577888473,51.715999999999994,0.012645989635702737,51.821,0.010594160668454755,1586110.4,-0.11636163535652999,2218699.0,-0.36830187420646066,2023050.5,-0.3072105713624055,1932887.4666666666,-0.2748941549002749
2014-06-02,52.25,52.47,52.15,52.62,1145694.0,0.001909490166125627,-0.002850627137970352,0.006136145733461218,52.386,0.0016034818462946632,52.239,0.004421983575489508,51.7805,0.013315823524299608,51.806666666666665,0.012804014927293883,1431076.0,-0.19941778074679473,2163181.9,-0.47036631547259156,2046631.7,-0.44020509405771446,1944850.0,-0.41090881044810657
2014-06-03,52.21,52.49,52.21,52.62,1079624.0,0.00038117019249095385,-0.0024705435195742087,0.005362957287875947,52.394000000000005,0.0018322708707103619,52.29,0.0038248231019315515,51.86800000000001,0.011991979640626038,51.77966666666667,0.013718383664115263,1315068.4,-0.1790358585150399,1829046.9,-0.4097341079662856,2014034.5,-0.4639495996717037,1943731.8,-0.44456123010386517
2014-06-04,52.31,52.57,52.04,52.67,1353129.0,0.0015240998285386276,-0.0018986140117713823,0.010184473481936962,52.455999999999996,0.0021732499618729584,52.414,0.002976304040904987,51.95649999999999,0.011807954731362091,51.75566666666666,0.015734186916730675,1249013.6,0.0833580995435117,1510891.1,-0.10441659230106004,1992282.7,-0.32081476188093183,1956951.4,-0.30855257826024696
2014-06-05,52.86,52.69,52.6,53.28,1201181.0,0.0022826707247478595,-0.011073573573573636,0.0017110266159694465,52.517999999999994,0.0032750675958719278,52.509,0.003447028128511276,52.0255,0.012772582675803168,51.722,0.01871544023819638,1236235.2,-0.02835560741192289,1428877.4,-0.15935334969956128,1953993.2,-0.385268587423948,1915747.1666666667,-0.3729960712456576
2014-06-08,54.28,55.31,54.28,56.18,6815596.0,0.04972480546593294,-0.015485938056247761,0.01897568165070007,53.105999999999995,0.04150190185666425,52.801,0.04751803943107147,52.2285,0.059000354212738415,51.85166666666667,0.06669666677381003,2319044.8,1.9389669401815786,1952577.6,2.4905634480289027,2242813.15,2.038860370512809,2032699.8333333333,2.3529771037681497
2014-06-09,55.19,55.79,55.14,56.04,2720878.0,0.008678358343879866,-0.004461099214846498,0.011788175553137492,53.77,0.037567416775153406,53.077999999999996,0.051094615471570126,52.40650000000001,0.06456260196731312,52.01166666666666,0.07264395808632673,2634081.6,0.03295129505479255,2032578.8,0.3386334640506927,2304054.95,0.18090846748251366,2048601.9333333333,0.32816334678196313
2014-06-10,55.14,55.63,55.14,56.02,2147230.0,-0.0028678974726652484,-0.0069617993573724,0.00888647080159588,54.398,0.022647891466597958,53.396,0.04183833995055819,52.6145,0.05731309810033358,52.159666666666666,0.0665328893972994,2847602.8,-0.24595171770444946,2081335.6,0.031659670838282805,2307690.35,-0.06953287732039093,2075156.8,0.034731447763368894
2014-06-11,55.62,55.44,55.27,55.9,1534222.0,-0.0034154233327342576,-0.008228980322003587,0.0030758096616607666,54.972,0.008513425016371867,53.714,0.03213314964441305,52.8335,0.049334229229560655,52.298,0.060078779303223806,2883821.4,-0.4679899386279608,2066417.5,-0.25754500240149925,2293592.4,-0.331083413077232,2067362.0,-0.2578842021861677
2014-06-12,55.54,55.62,55.29,55.98,1649748.0,0.0032467532467532756,-0.006430868167202508,0.005968529571350967,55.55799999999999,0.0011159508981606336,54.038,0.02927569488137971,53.0755,0.04794114045086717,52.458,0.060276792862861805,2973534.8,-0.4451896106949883,2104885.0,-0.2162289151188782,2248124.1,-0.26616684550465874,2071384.2666666666,-0.20355289622102624
2014-06-15,55.49,55.5,55.16,55.82,1882692.0,-0.0021574973031283085,-0.005732712289502007,0.006163886874546831,55.596000000000004,-0.0017267429311461635,54.351,0.02114036540266051,53.270500000000006,0.041852432396917605,52.59433333333333,0.055246762959254125,1986954.0,-0.05247328322648637,2152999.4,-0.12554922216884956,2185849.2,-0.13869081179067622,2066366.8,-0.08888780055893275
2014-06-16,55.33,55.7,55.3,55.92,1251852.0,0.003603603603603567,-0.003934191702432033,0.007233273056058032,55.577999999999996,0.002195113174277674,54.674,0.01876577532282253,53.456500000000005,0.04196870352529625,52.745,0.056024267703099984,1693148.8,-0.2606367497056372,2163615.2,-0.42140728166450303,2163398.55,-0.4213493394455682,2085626.2,-0.3997716369309131
2014-06-17,55.64,55.13,54.8,55.7,1751819.0,-0.01023339317773786,-0.01023339317773786,0.006021897810219112,55.477999999999994,-0.0062727567684486285,54.938,0.0034948487385779714,53.614,0.028276196515835572,52.891333333333336,0.04232577485914524,1614066.6,0.08534492938519378,2230834.7,-0.21472487405723073,2029940.8,-0.13700980836485477,2086301.2333333334,-0.16032307702705195
2014-06-18,55.27,54.93,54.48,55.27,1853500.0,-0.0036277888626882193,-0.006151619323321977,0.00825991189427322,55.376,-0.008054030626986397,55.174,-0.004422372856780377,53.794000000000004,0.02111759675800262,53.028999999999996,0.0358483094156028,1677922.2,0.1046400125107112,2280871.8,-0.18737212674557147,1895881.45,-0.022354483187754126,2088479.0666666667,-0.11251205263058095
2014-06-19,55.0,54.69,54.48,55.0,3092417.0,-0.0043691971600219315,-0.0056363636363636616,0.0038546255506608507,55.19,-0.00905961224859575,55.374,-0.01235236753711133,53.941500000000005,0.013876143600010993,53.141666666666666,0.029135957346714703,1966456.0,0.5725838767813773,2469995.4,0.25199301990602896,1949436.4,0.586313357029755,2125993.933333333,0.45457470574782777
2014-06-22,54.77,54.52,54.45,54.96,893988.0,-0.0031084293289448395,-0.008005822416302766,0.0012855831037650312,54.99400000000001,-0.008619122086045872,55.295,-0.014015733791482021,54.048,0.008732978093546562,53.25066666666667,0.023836947268265796,1768715.2,-0.4945551437563266,1877834.6,-0.5239261221408957,1915206.1,-0.5332157724434984,2121153.6333333333,-0.5785368933436834
2014-06-23,54.52,53.87,53.78,54.69,1113944.0,-0.011922230374174725,-0.01499360029255803,0.0016734845667534248,54.628,-0.013875668155524656,55.102999999999994,-0.022376277153693946,54.0905,-0.004076501418918355,53.30533333333334,0.010593061357212497,1741133.6,-0.36021911242193017,1717141.2,-0.3512799063932541,1874860.0,-0.405852170295382,2108417.033333333,-0.4716680891925381
2014-06-24,53.82,53.75,53.45,54.05,1757935.0,-0.0022275849266752967,-0.005550416281220993,0.005612722170252438,54.352,-0.011075949367088556,54.915,-0.021214604388600566,54.155499999999996,-0.007487697463784748,53.38133333333334,0.00690628434409013,1742356.8,0.008940878240323746,1678211.7,0.047504912520869746,1879773.65,-0.06481559628203104,2097864.1333333333,-0.16203581916108833
2014-06-25,53.66,53.55,53.07,53.76,1481719.0,-0.0037209302325581506,-0.00390625,0.009044657998869443,54.076,-0.009727050817368244,54.726,-0.021488871834228762,54.21999999999999,-0.01235706381409063,53.464333333333336,0.0016023143154626496,1668000.6,-0.11167957613444512,1672961.4,-0.11431369546242964,1869689.45,-0.2075052891805107,2086715.4,-0.2899276058440935
2014-06-26,53.82,53.5,53.28,53.88,1485453.0,-0.0009337068160597539,-0.007052709725315576,0.0041291291291292165,53.838,-0.0062780935398789595,54.513999999999996,-0.018600726418901536,54.275999999999996,-0.014297295305475632,53.555,-0.0010269816076929894,1346607.8,0.10310737840668982,1656531.9,-0.10327534290163676,1880708.45,-0.21016306381778627,2050926.7,-0.2757161920998932
2014-06-29,53.65,54.07,53.49,54.14,2168554.0,0.010654205607476541,-0.0012929442186923046,0.010843148252009716,53.748000000000005,0.005990920592394033,54.371,-0.005536039432785911,54.361000000000004,-0.005353102407976373,53.63733333333333,0.008066520831261803,1601521.0,0.3540590476178582,1685118.1,0.2868854711132709,1919058.75,0.13000917767629572,2018938.8333333333,0.0741058442170075
2014-06-30,53.77,54.52,53.73,54.655,2201360.0,0.00832254484926942,-0.0024700393376635432,0.014703145356411707,53.878,0.011915809792494292,54.253,0.0049213868357511625,54.463499999999996,0.0010373920148356586,53.721999999999994,0.014854249655634755,1819004.2,0.2102006141602093,1780068.9,0.23667123222028108,1971842.05,0.11639773581256163,2035622.0,0.08141884888255291
2014-07-01,54.39,54.41,54.18,54.72,1740445.0,-0.002017608217168121,-0.005665204678362623,0.00424510889627161,54.010000000000005,0.007406035919274023,54.181000000000004,0.00422657389121639,54.55949999999999,-0.0027401277504375265,53.803000000000004,0.011281898778878308,1815506.2,-0.041344502155927665,1778931.5,-0.021634616060258627,2004883.1,-0.13189701683853794,1946271.0333333334,-0.10575404443070802
2014-07-02,54.42,54.825,54.26,54.84,711156.0,0.007627274398088746,-0.000273522975929974,0.01041282712863989,54.265,0.01031972726435093,54.170500000000004,0.012082221873529031,54.67225,0.002793921962238599,53.9195,0.016793553352683288,1661393.6,-0.5719521250111954,1664697.1,-0.5728015625184906,1972784.45,-0.6395166233188831,1818820.0,-0.6090014404943864
2014-07-06,54.59,54.66,54.5,54.93,1197861.0,-0.003009575923392682,-0.00491534680502459,0.0029357798165137172,54.497,0.0029909903297429263,54.1675,0.009092167812802865,54.77075,-0.002022064696941439,54.01683333333333,0.011906782145072015,1603875.2,-0.2531457559790188,1475241.5,-0.18802379135890634,1972618.45,-0.3927558570690647,1791371.4333333333,-0.33131623196030646
2014-07-07,54.68,54.45,54.25,54.905,1645687.0,-0.0038419319429197074,-0.008287041253073446,0.0036866359447005337,54.573,-0.002253861799791035,54.1605,0.005345223917800013,54.72775,-0.005075121853173159,54.0855,0.006739329395124338,1499301.8,0.09763557944104373,1550411.4,0.061451818530230184,1714123.0,-0.03992478952793932,1793607.8666666667,-0.08247112951258984
2014-07-08,54.48,54.74,54.36,54.87,1173004.0,0.0053259871441688755,-0.002369236376890793,0.006990434142752022,54.617000000000004,0.002252046066242963,54.2475,0.009078759389833602,54.675250000000005,0.0011842652754217031,54.142833333333336,0.011029468350689742,1293630.6,-0.09324655740208998,1556317.4,-0.2462951323425414,1636729.3,-0.2833243713545056,1768679.1333333333,-0.3367909543947052
2014-07-09,54.11,54.4,53.83,54.67,982637.0,-0.006211180124223614,-0.004938723248582466,0.010588890953000085,54.614999999999995,-0.003936647441179053,54.3125,0.001611047180667402,54.613749999999996,-0.003913849534229019,54.20783333333334,0.003544998109129116,1142069.0,-0.13959927114736503,1478787.6,-0.3355117394817214,1578499.65,-0.3774867165792529,1746111.6333333333,-0.4372427391001671
2014-07-10,54.46,54.29,54.01,54.46,933943.0,-0.002022058823529349,-0.003121557106132933,0.005184225143491927,54.508,-0.0039994129302121095,54.3865,-0.0017743373815193308,54.55625,-0.004880284110436506,54.2755,0.00026715553057998775,1186626.4,-0.21294267513347076,1424010.0,-0.34414575740338904,1548485.7,-0.396866887437191,1721129.6333333333,-0.45736626578718487
2014-07-13,54.76,53.85,53.76,54.9295,2179407.0,-0.008104623319211579,-0.019652463612448656,0.0016741071428572063,54.346000000000004,-0.00912670665734372,54.4215,-0.010501364350486542,54.46775,-0.011341573683509965,54.32449999999999,-0.008734548868374103,1382935.6,0.575928047553335,1493405.4,0.4593539035013534,1574968.65,0.3837780199624927,1751607.4333333333,0.24423255949111722
2014-07-14,53.77,53.73,53.45,54.2,1900157.0,-0.0022284122562674646,-0.008671586715867319,0.005238540692235727,54.202,-0.00870816575034139,54.3875,-0.01208917490232142,54.37925,-0.011939296698648905,54.36983333333333,-0.011768168009833935,1433829.6,0.325232091735308,1466565.7,0.29565078468697314,1575841.9,0.20580433862051772,1768227.7333333334,0.07461101541370074
2014-07-15,53.83,53.67,53.505,54.06,1787444.0,-0.001116694584031186,-0.00721420643729187,0.0030838239416877133,53.988,-0.005890197821738163,54.302499999999995,-0.011647714193637415,54.27774999999999,-0.011197037460100812,54.40983333333334,-0.01359741958408256,1556717.6,0.14821339464524574,1425174.1,0.25419343503365655,1602621.5,0.1153251095158776,1789619.4,-0.0012155657230804584
2014-07-16,53.39,52.94,52.93,53.54,1369749.0,-0.013601639649711283,-0.011206574523720647,0.00018892877385212614,53.696000000000005,-0.014079261025029988,54.1555,-0.022444627046191212,54.16825,-0.02267472181582386,54.42483333333334,-0.02728227616682355,1634140.0,-0.16179213531276393,1388104.5,-0.013223428063232956,1583518.0,-0.13499625517360714,1799290.2333333334,-0.2387281525657886
2014-07-17,53.04,53.48,52.94,53.69,1173120.0,0.010200226671703838,-0.003911342894393766,0.010200226671703838,53.534000000000006,-0.0010087047483843259,54.020999999999994,-0.010014623942540823,54.095749999999995,-0.011382594750973918,54.45516666666666,-0.017907697769724895,1681975.4,-0.3025343890285196,1434300.9,-0.1820963090799148,1549499.0,-0.2429036740262498,1793289.9333333333,-0.3458280347230708
2014-07-20,53.35,53.46,53.11,53.75,977917.0,-0.0003739715781599928,-0.005395348837209268,0.006590096027113468,53.455999999999996,7.482789583956873e-05,53.900999999999996,-0.008181666388378583,54.03425,-0.01062751865714795,54.48083333333333,-0.01873747648255497,1441677.4,-0.3216811195070408,1412306.5,-0.307574524368471,1443774.0,-0.32266615135055765,1785847.8,-0.45240742240184184
2014-07-21,53.6,53.75,53.56,53.87,1165819.0,0.005424616535727678,-0.0022275849266752967,0.0035474234503360957,53.46,0.005424616535727678,53.831,-0.0015047091824413883,53.99575,-0.004551284128843536,54.42883333333334,-0.012471943485836356,1294809.8,-0.0996214270234903,1364319.7,-0.14549427088093791,1457365.55,-0.2000503922986241,1597521.9,-0.2702328525198934
2014-07-22,53.4,51.28,51.21,53.4,3931080.0,-0.04595348837209301,-0.03970037453183517,0.0013669205233353132,52.982000000000006,-0.03212411762485379,53.485,-0.04122651210619799,53.86625,-0.04801243821502332,54.278499999999994,-0.05524286780216836,1723537.0,1.2808213574759346,1640127.3,1.396813954624132,1598222.35,1.4596577566319229,1637861.9666666666,1.400128997439528
2014-07-23,51.36,51.3,50.81,51.64,2517527.0,0.0003900156006240163,-0.006584043377227067,0.009643770911237803,52.653999999999996,-0.025715045390663605,53.175,-0.035260930888575515,53.74375,-0.04547040353529486,54.13416666666667,-0.05235448961684719,1953092.6,0.28899520688368785,1793616.3,0.40360399267111924,1636201.95,0.5386407527506003,1650205.2,0.525584212193732
2014-07-24,51.01,50.16,50.0,51.05,3059816.0,-0.022222222222222254,-0.017433888344760007,0.0031999999999998696,51.989999999999995,-0.03519907674552791,52.762,-0.04931579545885301,53.57424999999999,-0.06372931025632644,53.95816666666666,-0.07039095101452053,2330431.8,0.3129824266901955,2006203.6,0.5251772053444625,1715106.8,0.7840381718502893,1701058.3333333333,0.7987719409975162
2014-07-27,50.16,50.55,49.66,50.72,2407948.0,0.007775119617224879,-0.0033517350157729053,0.017921868707209132,51.408,-0.016690009337068212,52.431999999999995,-0.035894110466890394,53.42674999999999,-0.05384475005498168,53.78916666666667,-0.06021968488078455,2616438.0,-0.07968467053299177,2029057.7,0.1867321466511278,1761231.55,0.36719558538455654,1726331.6666666667,0.39483509831540675
2014-07-28,50.5,50.52,50.46,51.18,1508470.0,-0.0005934718100889524,-0.01289566236811246,0.0011890606420927874,50.762,-0.004767345652259558,52.111000000000004,-0.030530981942392232,53.24925,-0.05125424301750725,53.62316666666667,-0.05786988832563045,2684968.2,-0.43817956577660777,1989889.0,-0.24193259020980562,1728227.35,-0.1271576624452796,1713857.6,-0.11983936121647454
2014-07-29,50.82,50.86,50.57,51.13,1887159.0,0.006730007917656211,-0.005280657148445167,0.005734625271900384,50.678,0.00359130194561752,51.83,-0.018715029905460145,53.066250000000004,-0.04157538925399862,53.46183333333333,-0.04866711766337972,2276184.0,-0.1709110511276768,1999860.5,-0.05635468073898153,1712517.3,0.10197952452801506,1735034.5,0.08767808363464824
2014-07-30,50.4,49.63,49.62,50.83,1888828.0,-0.024184034604797455,-0.02360810544953762,0.00020153164046776695,50.344,-0.014182424916573955,51.499,-0.036291966834307465,52.82724999999999,-0.06052274157750004,53.278499999999994,-0.0684797807746087,2150444.2,-0.12165681862379885,2051768.4,-0.07941461619157397,1719936.45,0.09819638975614486,1739601.4666666666,0.08578202317756922
2014-07-31,49.61,50.01,49.47,50.18,1698884.0,0.0076566592786619925,-0.0033878039059386245,0.01091570648878104,50.314,-0.006042055889016962,51.152,-0.022325617766656314,52.5865,-0.04899546461544313,53.1145,-0.05844919937116988,1878257.8,-0.09550009588673081,2104344.8,-0.19267792996660993,1769322.85,-0.0398111910440766,1734447.6,-0.020504280440642897
2014-08-03,50.0,49.69,49.38,50.11,1851736.0,-0.006398720255948787,-0.00838156056675321,0.006277845281490446,50.142,-0.009014399106537563,50.775,-0.02136878385032004,52.338,-0.05059421452864077,52.94783333333333,-0.06152911513533754,1767015.4,0.04794559232477558,2191726.7,-0.15512458738582702,1802016.6,0.027590977796763783,1693091.5666666667,0.0937010357010224
2014-08-04,49.61,49.65,49.28,49.97,1752758.0,-0.000804990943851891,-0.006403842305383267,0.007508116883116811,49.968,-0.006364073006724369,50.364999999999995,-0.014196366524372062,52.098,-0.04698836807554996,52.7855,-0.05940078241183655,1815873.0,-0.034757386667459644,2250420.6,-0.22114203895929507,1807370.15,-0.030216361601412944,1721717.2333333334,0.018028957407001167
2014-08-05,49.58,50.05,49.36,50.19,2074279.0,0.00805639476334341,-0.002789400278940035,0.013978930307941617,49.806,0.004899008151628248,50.242,-0.003821503921022207,51.8635,-0.03496678781802243,52.658166666666666,-0.049530145688069904,1853297.0,0.11923722965072514,2064740.5,0.004619708868983885,1852433.9,0.11975871311791475,1753728.4,0.18278235101855
2014-08-06,50.18,48.93,48.86,50.3,2243309.0,-0.022377622377622308,-0.02723658051689859,0.0014326647564470996,49.666,-0.014818990858937675,50.005,-0.02149785021497852,51.589999999999996,-0.05156037991858886,52.497499999999995,-0.06795561693413965,1924193.2,0.16584394955766402,2037318.7,0.10110853054065627,1915467.5,0.17115482251721836,1769907.5333333334,0.26747242878563937
2014-08-07,49.06,49.54,48.81,49.62,2025966.0,0.012466789290823677,-0.0016122531237403592,0.01495595164925212,49.571999999999996,-0.0006455256999918779,49.943,-0.008069198886730855,51.3525,-0.03529526313227205,52.36383333333333,-0.05392716983414125,1989609.6,0.018273132578371154,1933933.7,0.04758813603589407,1970068.65,0.028373300595387896,1788049.1,0.1330594892500434
2014-08-10,49.81,49.93,49.57,50.3,1137766.0,0.007872426322163895,-0.00735586481113315,0.007262457131329336,49.62,0.006247480854494114,49.88099999999999,0.0009823379643552066,51.1565,-0.023975447890297485,52.24483333333333,-0.04430741157817841,1846815.6,-0.3839309132974619,1806915.5,-0.3703269466668474,1917986.6,-0.4067914760196969,1776459.5333333334,-0.35953170975693116
2014-08-11,49.75,50.175,49.64,50.22,1192501.0,0.004906869617464338,-0.0008960573476702871,0.01077759871071704,49.725,0.009049773755656076,49.8465,0.006590232012277708,50.978750000000005,-0.01576637324375363,52.115,-0.03722536697687817,1734764.2,-0.31258611400903935,1775318.6,-0.32828901809511823,1882603.8,-0.366568260406146,1743924.4333333333,-0.31619686197029984
2014-08-12,50.16,50.53,50.08,50.66,1754015.0,0.007075236671649332,-0.0025661271219896697,0.008985623003195053,49.821000000000005,0.014230946789506316,49.8135,0.014383651018298416,50.821749999999994,-0.005740652378164679,51.982,-0.02793274595052131,1670711.4,0.04986115495470966,1762004.2,-0.0045341549129110925,1880932.35,-0.06747576540963851,1729012.9333333333,0.014460312114881413
2014-08-13,50.42,50.735,50.4,50.9,1566930.0,0.004056995844053057,-0.003241650294695475,0.006646825396825484,50.182,0.011019887609102774,49.924,0.016244691931736277,50.7115,0.00046340573637149163,51.8595,-0.021683587385146308,1535435.6,0.020511703649439772,1729814.4,-0.09416293447435742,1890791.4,-0.17128351652117724,1723229.1,-0.09070128864467297
2014-08-14,51.19,51.175,50.75,51.62,1930666.0,0.008672514043559731,-0.008620689655172376,0.008374384236453203,50.509,0.013185768872874037,50.040499999999994,0.022671635974860438,50.59625,0.011438594757516629,51.737833333333334,-0.010878564042431926,1516375.6,0.2732109379760528,1752992.6,0.10135433543758254,1928668.7,0.0010355848052079342,1763879.4333333333,0.09455667066284557
2014-08-17,51.22,51.34,51.08,51.505,1016621.0,0.003224230581338583,-0.003203572468692295,0.005090054815975131,50.791,0.010809001594770828,50.2055,0.022597125812908958,50.490249999999996,0.01682998202623298,51.62716666666667,-0.0055623169971881214,1492146.6,-0.31868557687294263,1669481.1,-0.3910556998818375,1930603.9,-0.47341813615936446,1757838.1,-0.4216640315168957
2014-08-18,51.45,51.72,51.29,51.92,1105695.0,0.0074016361511490825,-0.0038520801232666546,0.008383700526418458,51.1,0.012133072407044976,50.4125,0.025936027770890213,50.38875,0.026419587705589054,51.53616666666667,0.003567074255296454,1474785.4,-0.2502671914164596,1604774.8,-0.3109967828507776,1927597.7,-0.42638705161351875,1739838.3666666667,-0.36448406864461413
2014-08-19,51.52,52.165,51.52,52.29,1357372.0,0.008604021655065797,-0.002390514438707192,0.012519409937888026,51.427,0.014350438485620343,50.624,0.03044010745891268,50.433,0.034342593143378286,51.45033333333333,0.013890418591392395,1395456.8,-0.02729199499404067,1533084.1,-0.11461347749937534,1798912.3,-0.2454484857321838,1745983.9666666666,-0.22257476247538655
2014-08-20,52.03,52.54,51.76,52.58,1181579.0,0.007188728074379425,-0.0007607455306199995,0.015069551777434409,51.788,0.014520738394995014,50.985,0.030499166421496415,50.495,0.040499059312803176,51.38833333333333,0.022411053092465938,1318386.6,-0.1037689551759704,1426911.1,-0.1719322948710681,1732114.9,-0.3178402887706814,1752615.3666666667,-0.325819559458007
2014-08-21,52.67,52.5,52.34,52.79,900057.0,-0.0007613247049866878,-0.005493464671339265,0.003056935422239171,52.053,0.008587401302518671,51.28099999999999,0.023770987305239855,50.612,0.03730340630680473,51.32866666666666,0.022820256386944404,1112264.8,-0.1907889200485352,1314320.2,-0.31519199050581426,1624126.95,-0.4458210301848633,1751485.8333333333,-0.48611802455343867
2014-08-24,52.75,51.93,51.85,52.95,1903309.0,-0.010857142857142899,-0.01926345609065161,0.0015429122468659795,52.17100000000001,-0.0046194245845394555,51.48100000000001,0.008721664303334986,50.681,0.024644344034253418,51.26466666666667,0.012978399677490593,1289602.4,0.47588822725516033,1390874.5,0.3684261232771182,1598895.0,0.19039023825829715,1742282.5666666667,0.09242268528313913
2014-08-25,52.0,52.21,51.76,52.34,2659378.0,0.005391873676102499,-0.002483760030569382,0.008693972179289133,52.26899999999999,-0.00112877613882012,51.6845,0.010167458328899315,50.765499999999996,0.028454363691877482,51.214000000000006,0.01944780724020756,1600339.0,0.661759164776963,1537562.2,0.7296067762331826,1656440.4,0.6054776253947924,1767589.9333333333,0.5045220329949076
2014-08-26,51.65,51.025,49.99,52.105,4754430.0,-0.022696801379046172,-0.02072737741099695,0.02070414082816563,52.041,-0.019523068349954764,51.734,-0.013704720299996143,50.77375,0.004948423151726944,51.125833333333325,-0.0019722579909046134,2279750.6,1.0855044407050491,1837603.7,1.587298882778697,1799803.95,1.6416377183748265,1866489.4666666666,1.5472578789800835
2014-08-27,50.95,51.29,50.71,51.405,2094866.0,0.0051935325820675615,-0.0022371364653244186,0.011437586274896328,51.791,-0.009673495394952769,51.7895,-0.009644812172351469,50.85675,0.008519026481243808,51.070833333333326,0.004291425307987318,2462408.0,-0.14926121097722234,1890397.3,0.10816176049341575,1810105.85,0.15731684973008608,1890660.0333333334,0.10800776610623153
2014-08-28,51.67,51.12,50.91,51.6986,1631495.0,-0.0033144862546305998,-0.011191792427648006,0.004124926340601132,51.515,-0.007667669610793015,51.784000000000006,-0.012822493434265558,50.91225,0.004080550358705359,50.99216666666667,0.0025069209976693596,2608695.6,-0.3745935708252047,1860480.2,-0.123078547140679,1806736.4,-0.09699334114262592,1905939.2,-0.14399420506173544
2014-09-01,51.1,50.62,50.4,51.35,2045528.0,-0.009780907668231587,-0.014216163583252284,0.00436507936507935,51.253,-0.012350496556299162,51.712,-0.021116955445544705,50.95875,-0.006647533544288375,50.8975,-0.0054521341912667776,2637139.4,-0.2243383114294223,1963370.9,0.041844920895995896,1816426.0,0.1261279017146859,1941526.2333333334,0.053567015928551065
2014-09-02,50.39,50.25,50.09,50.8,1931635.0,-0.007309363887791354,-0.010826771653543288,0.0031942503493711527,50.861000000000004,-0.012013133835355294,51.565,-0.02550179385241924,50.988749999999996,-0.01448849010811204,50.780833333333334,-0.010453419104977324,2491590.8,-0.22473826761601456,2045964.9,-0.0558806751767833,1825369.85,0.058215681605566116,1967053.4333333333,-0.018005831836156005
2014-09-03,50.25,50.41,50.25,50.67,1435433.0,0.003184079601989964,-0.005131241365699757,0.003184079601989964,50.738,-0.006464582758484827,51.3895,-0.019060313877348523,51.00675,-0.011699431937929772,50.75183333333334,-0.006735388869367753,1827791.4,-0.2146625703567704,2053771.0,-0.3010744625374494,1793427.55,-0.19961472656088064,1883865.2,-0.2380383691996646
2014-09-04,50.4,50.22,50.13,50.78,1893504.0,-0.003769093433842463,-0.011027963765261939,0.0017953321364452268,50.523999999999994,-0.006016942443195172,51.157500000000006,-0.018325758686409732,51.07125,-0.01666789044716943,50.71583333333333,-0.00977669695525718,1787519.0,0.059291677459092806,2124963.5,-0.10892398857674501,1775937.3,0.06619980333765163,1863064.4333333333,0.016338440110847507
2014-09-07,50.07,50.07,49.86,50.42,2252652.0,-0.0029868578255675127,-0.0069416898056327,0.004211793020457266,50.314,-0.0048495448582899225,50.914500000000004,-0.016586630527649415,51.09775,-0.020113410081657124,50.712833333333336,-0.01267594987462084,1911750.4,0.1783190943755002,2260223.0,-0.003349669479515982,1787271.6,0.26038594246112345,1836158.9666666666,0.22682841785176588
2014-09-08,49.93,49.8,49.75,50.25,1919276.0,-0.005392450569203233,-0.008955223880597107,0.0010050251256281673,50.15,-0.006979062811565351,50.701499999999996,-0.017780539037306586,51.09125,-0.02527340787316823,50.68783333333333,-0.01751570889792753,1886500.0,0.01737397296580978,2261819.7,-0.15144606796023585,1826347.1,0.05088238703365855,1819869.9,0.05462264088218616
2014-09-09,49.69,49.64,49.47,49.92,2326979.0,-0.003212851405622441,-0.005608974358974339,0.0034364261168384758,50.028,-0.0077556568321739405,50.4445,-0.015948220321343243,51.064499999999995,-0.02789609219712319,50.6585,-0.020105214327309273,1965568.8,0.18387054169765005,2228579.8,0.044153321321498185,1883071.0,0.23573619900683518,1847153.5333333334,0.2597647991939165
2014-09-10,49.32,49.76,49.26,49.91,2132375.0,0.00241740531829171,-0.003005409737527498,0.010150223304912664,49.898,-0.0027656419094954643,50.318,-0.011089470964664727,51.025999999999996,-0.024810880727472284,50.621833333333335,-0.01702493324685339,2104957.2,0.013025347973820933,1966374.3,0.08441968550951873,1901989.0,0.1211289865503955,1855327.4,0.1493254505916315
2014-09-11,49.68,49.12,48.9,49.76,2238003.0,-0.012861736334405127,-0.012861736334405127,0.0044989775051125225,49.678,-0.011232336245420527,50.101,-0.01958044749605803,50.94525,-0.03582767775209672,50.60483333333333,-0.029341729544938078,2173857.0,0.029507920714195945,1980688.0,0.12991192959214182,1935542.65,0.15626643515191985,1866966.5666666667,0.19873758853421353
2014-09-14,49.23,48.87,48.65,49.35,1777289.0,-0.0050895765472313,-0.009726443768997006,0.004522096608427617,49.438,-0.011489137910109748,49.876,-0.020170021653701187,50.83,-0.03855990556757827,50.56683333333333,-0.0335562506385938,2078784.4,-0.14503447303145045,1995267.4,-0.10924771286294754,1927873.8,-0.07810926213116232,1869580.0666666667,-0.049364597062277915
2014-09-15,48.65,49.2,48.64,49.325,2001364.0,0.006752608962553808,-0.0025342118601114905,0.011513157894736947,49.318,-0.00239263554888669,49.733999999999995,-0.01073712148630701,50.723,-0.030025826548114143,50.55050000000001,-0.026715858399026793,2095202.0,-0.044787089741227804,1990851.0,0.0052806563625305,1977110.95,0.012266914003991491,1874567.6666666667,0.06764030746289396
2014-09-16,49.0,49.63,49.0,50.02,1814257.0,0.008739837398374029,-0.007796881247500997,0.0128571428571429,49.316,0.006367101954740884,49.672000000000004,-0.0008455467869222799,50.6185,-0.019528433280322277,50.54983333333333,-0.018196565105720652,1992657.6,-0.08952897878692256,1979113.2,-0.08329801448446705,2012539.05,-0.09852333051624518,1876617.6333333333,-0.03323033537874498
2014-09-17,49.79,50.29,49.57,50.37,1594635.0,0.013298408220834057,-0.001588246972404228,0.014524914262658895,49.422,0.017563028610740217,49.660000000000004,0.012686266612968122,50.52475,-0.004646237734971415,50.55783333333333,-0.005297563516368897,1885109.6,-0.15408897180301884,1995033.4,-0.20069759233103557,2024402.2,-0.21229338715399537,1860629.5,-0.14295941239241883
2014-09-18,50.64,49.99,49.81,50.64,2917279.0,-0.005965400676078647,-0.012835703001579768,0.0036137321822926616,49.596000000000004,0.007944189047503825,49.63699999999999,0.007111630436972494,50.39725,-0.00808079805941786,50.59316666666666,-0.011921899861311869,2020964.8,0.4435080709965853,2097410.9,0.3908953176509191,2111187.2,0.3818191963270712,1883095.1666666667,0.5491936104132107
2014-09-21,49.75,49.92,49.37,50.08,3344694.0,-0.0014002800560112272,-0.0031948881789136685,0.011140368644926069,49.806,0.0022888808577281594,49.622,0.006005400830277008,50.26825,-0.006927832180352422,50.60583333333333,-0.013552456073904429,2334445.8,0.43275718802295615,2206615.1,0.5157577776024462,2233419.05,0.4975667016004006,1927052.7666666666,0.7356525248582106
2014-09-22,49.46,49.67,49.25,50.1,3190048.0,-0.005008012820512775,-0.00858283433133733,0.008527918781725985,49.9,-0.004609218436873674,49.609,0.001229615593944633,50.155249999999995,-0.00967495925152384,50.597166666666666,-0.018324477984603793,2572182.6,0.24021055114827372,2333692.3,0.36695313259592965,2297756.0,0.3883319203605604,1995462.1666666667,0.5986512063663112
2014-09-23,49.72,50.0,49.6,50.19,2203716.0,0.0066438494060800934,-0.0037856146642757382,0.008064516129032251,49.974000000000004,0.0005202705406810448,49.644999999999996,0.007150770470339518,50.04475,-0.0008941996912763539,50.59133333333333,-0.011688431483653283,2650074.4,-0.16843240325630104,2321366.0,-0.05068136605774354,2274972.9,-0.031322087397172904,2029169.3333333333,0.08601877812727321
2014-09-24,49.94,49.64,49.55,50.05,3193863.0,-0.007199999999999984,-0.008191808191808092,0.001816347124117046,49.844,-0.004092769440654842,49.632999999999996,0.00014103519835595435,49.9755,-0.006713289511860787,50.56166666666666,-0.018228565777762995,2969920.0,0.07540371457817052,2427514.8,0.31569249340930905,2196944.55,0.4537749712435848,2077164.2666666666,0.5376073290175349
2014-09-25,49.73,50.025,49.62,50.1145,1613631.0,0.007755842062852514,-0.001785910265492019,0.008162031438935902,49.851,0.003490401396160525,49.7235,0.006063531328245109,49.91225,0.0022589644826671584,50.538000000000004,-0.01015077763267258,2709190.4,-0.40438626978746117,2365077.6,-0.3177259807458327,2172882.8,-0.2573778024291047,2078720.9666666666,-0.22373852677902295
2014-09-28,49.69,49.81,49.5214,50.0,1632910.0,-0.0042978510744626774,-0.0037999999999999146,0.005827783544084086,49.829,-0.00038130405988479055,49.817499999999995,-0.00015054950569570735,49.84675,-0.0007372597009834836,50.49249999999999,-0.013516858939446208,2366833.6,-0.3100866913499961,2350639.7,-0.30533377786480853,2172953.55,-0.24852972581949573,2068795.7666666666,-0.210695407294353
2014-09-29,49.82,49.49,49.45,50.01,3185480.0,-0.006424412768520349,-0.010397920415916695,0.0008088978766429555,49.793,-0.006085192697768749,49.8465,-0.007151956506474821,49.79025,-0.006030297096318971,50.43083333333333,-0.018655914866896883,2365920.0,0.34640224521539187,2469051.3,0.29016355391238746,2229951.15,0.42849766013932644,2141091.066666667,0.4877835182224537
2014-09-30,49.35,48.25,48.17,49.42,2480455.0,-0.025055566781167937,-0.023674625657628567,0.0016607847207805726,49.443,-0.024128794773779827,49.7085,-0.029341058370298878,49.69025,-0.0289845593451431,50.31516666666666,-0.04104461544067217,2421267.8,0.024444714459094685,2535671.1,-0.021775734242504896,2257392.15,0.09881439961594629,2186916.4,0.13422488395075383
2014-10-01,48.24,47.8,47.24,48.35,3576564.0,-0.009326424870466421,-0.011375387797311398,0.011854360711261558,49.075,-0.025980641874681742,49.4595,-0.03355270473822014,49.55975,-0.035507644812574846,50.169666666666664,-0.047233055830548376,2497808.0,0.4318810733250915,2733864.0,0.3082450334032709,2364448.7,0.512641826401224,2260889.466666667,0.5819278442095148
2014-10-02,47.97,47.58,47.5,48.13,1821840.0,-0.004602510460251064,-0.011427384167878696,0.0016842105263157325,48.586,-0.020705553039970348,49.2185,-0.03329032782388741,49.427749999999996,-0.03738284668025549,50.004333333333335,-0.04848246485304608,2539449.8,-0.28258475517019466,2624320.1,-0.3057859062238635,2360865.5,-0.22831690327127907,2282231.5,-0.2017286589901156
2014-10-05,47.8,47.145,47.03,48.05,2351350.0,-0.00914249684741475,-0.018834547346513908,0.0024452477142249407,48.053,-0.018895802551349483,48.941,-0.03669724770642202,49.2815,-0.043352982356462344,49.825833333333335,-0.053804084226723115,2683137.8,-0.12365663813464955,2524985.7,-0.06876700331411789,2365800.4,-0.006108038531061122,2330607.933333333,0.00889985242477076
2014-10-06,46.79,46.21,46.12,46.98,3086713.0,-0.01983243185915795,-0.016389953171562333,0.0019514310494364029,47.397,-0.025043779142139733,48.595,-0.049079123366601474,49.102,-0.05889780457007854,49.63516666666667,-0.06900685333987,2663384.4,0.15894386105137515,2514652.2,0.22749102241653918,2424172.25,0.2733059707287715,2370054.7333333334,0.30238047104453636
2014-10-07,46.1,47.75,46.0,47.81,3218997.0,0.03332611988747014,-0.001254967580004207,0.03804347826086962,47.297,0.009577774488868318,48.37,-0.012817862311349959,49.0075,-0.02565933785645058,49.4865,-0.03509037818394911,2811092.8,0.14510520606078892,2616180.3,0.23041863743106705,2468773.15,0.3038852921743742,2388708.7,0.3475887620788587
2014-10-08,47.75,46.34,46.34,47.94,6539899.0,-0.029528795811518238,-0.03337505214851888,0.0,47.005,-0.014147431124348464,48.040000000000006,-0.035387177352206534,48.8365,-0.05111955197444529,49.330333333333336,-0.0606185511281091,3403759.8,0.9213750041938917,2950783.9,1.2163259735828165,2689149.35,1.4319582696290185,2448224.3333333335,1.6712825744590671
2014-10-09,44.3,43.45,42.57,44.47,10052664.0,-0.06236512731981014,-0.02293681133348313,0.02067183462532296,46.179,-0.05909612594469349,47.3825,-0.08299477655252463,48.553,-0.10510164150515922,49.069,-0.11451221748965745,5049924.6,0.9906562565310382,3794687.2,1.6491416736536282,3079882.4,2.2639765726119934,2713484.2666666666,2.7047069421003216
2014-10-12,43.43,43.1,42.86,44.38,4187756.0,-0.008055235903337232,-0.028841820639927906,0.005599626691553894,45.37,-0.05003306149437947,46.7115,-0.0773150080815217,48.2645,-0.10700411275368016,48.80166666666666,-0.11683344148082364,5417205.8,-0.226952758560511,4050171.8,0.033969966409820085,3200405.75,0.30850783529557146,2798692.966666667,0.49632562409579073
2014-10-13,43.93,43.46,43.38,44.66,4012094.0,0.008352668213457148,-0.02686968204209572,0.0018441678192715472,44.82000000000001,-0.030343596608657042,46.10850000000001,-0.057440602058188905,47.977500000000006,-0.09415872023344285,48.563,-0.10507999917632771,5602282.0,-0.2838464754184099,4132833.2,-0.029214631744634678,3300942.25,0.21543901593552572,2864245.1666666665,0.40075090173554173
2014-10-14,42.76,44.12,42.59,44.44,4467385.0,0.015186378278877033,-0.007200720072007227,0.035923925804179246,44.09400000000001,0.0005896493854036233,45.6955,-0.03447823089800972,47.702000000000005,-0.0750911911450255,48.358666666666664,-0.08765061071438418,5851959.6,-0.23660016381521154,4331526.2,0.03136511098559214,3433598.65,0.30107955395427477,2948770.1666666665,0.5149993887282163
2014-10-15,43.44,44.6,43.2,44.91,3386176.0,0.010879419764279419,-0.006902694277443722,0.03240740740740744,43.746,0.019521784848900436,45.3755,-0.017090720763407563,47.417500000000004,-0.05941899087889502,48.165,-0.07401640195162462,5221215.0,-0.3514582333805446,4312487.4,-0.2147974739589964,3523175.7,-0.03888528749786735,3013794.933333333,0.12355886014275175
2014-10-16,44.99,44.94,44.86,45.9,3334954.0,0.007623318385650224,-0.0209150326797386,0.001783325902808608,44.044,0.020343293070565815,45.1115,-0.0038016913647296313,47.165,-0.04717481183080674,47.989000000000004,-0.06353539352768356,3877673.0,-0.13995997083818057,4463798.8,-0.2528888174798559,3544059.45,-0.05900167673541712,3061843.2666666666,0.08919814293128736
2014-10-19,44.75,45.32,44.61,45.4,1884406.0,0.008455718736092521,-0.0017621145374449032,0.01591571396547864,44.488,0.01870167236108622,44.928999999999995,0.00870261968884245,46.935,-0.03440928944284649,47.830666666666666,-0.052490731190589,3417003.0,-0.4485208236574566,4417104.4,-0.5733843193744753,3471045.05,-0.4571070173808317,3049568.4,-0.3820745256935375
2014-10-20,45.89,46.715,45.51,46.82,2765748.0,0.030781112091791796,-0.00224263135412206,0.026477697209404738,45.138999999999996,0.03491437559538335,44.9795,0.03858424393334747,46.78725000000001,-0.0015442241208877272,47.727833333333336,-0.021221020578488403,3167733.8,-0.12690012020580765,4385007.9,-0.369271831870588,3449830.05,-0.1982944203294884,3077784.1333333333,-0.10138337187260393
2014-10-21,46.9,46.02,46.0,47.1499,2549867.0,-0.014877448357058731,-0.023963995681857253,0.00043478260869567187,45.519,0.011006392934818532,44.8065,0.027083124100298006,46.58825,-0.012197281503383395,47.607166666666664,-0.03333881803509964,2784230.2,-0.08417522372970454,4318094.9,-0.4094925982289088,3467137.6,-0.26456134881984494,3085213.7333333334,-0.17352014466593624
2014-10-22,46.57,46.42,46.21,46.72,2234033.0,0.008691873098652714,-0.006421232876712257,0.004544470893745878,45.882999999999996,0.011703681101933316,44.814499999999995,0.03582545827801287,46.42725,-0.00015615829065906972,47.49583333333333,-0.02265110974646889,2553801.6,-0.12521278082056186,3887508.3,-0.42533035878019854,3419146.1,-0.3466108394724636,3088602.3333333335,-0.2766848046802616
2014-10-23,46.7,46.85,46.25,47.11,1862760.0,0.00926324859974148,-0.005518998089577565,0.012972972972973063,46.265,0.012644547714254939,45.1545,0.03754886002502533,46.2685,0.012567945794655033,47.42016666666667,-0.012023717054277183,2259362.8,-0.17553745684402688,3068517.9,-0.39294471770883266,3431602.55,-0.4571748992318472,3076094.2333333334,-0.3944398777467014
2014-10-26,46.68,46.62,46.22,46.76,1817846.0,-0.004909284951974513,-0.0029940119760478723,0.008654262224145448,46.525,0.0020419129500268696,45.5065,0.02446903189654215,46.109,0.011082435099438293,47.345166666666664,-0.01531659338686453,2246050.8,-0.19064786958514024,2831526.9,-0.3579979762862221,3440849.35,-0.4716868380186421,3077446.1333333333,-0.409300464982956
2014-10-27,46.77,46.99,46.33,47.1199,1790981.0,0.00793650793650813,-0.002756797022064994,0.01424562918195571,46.58,0.008802060970373615,45.859500000000004,0.024651380848024873,45.984,0.02187717466945016,47.271499999999996,-0.0059549622922902,2051097.4,-0.1268181608537946,2609415.6,-0.31364670311620735,3371124.4,-0.468728890574314,3070433.3666666667,-0.41670090631397405
2014-10-28,46.93,47.31,46.4,47.33,2415372.0,0.006809959565865054,-0.0004225649693639921,0.01961206896551726,46.838,0.01007728767240268,46.1785,0.024502744783827968,45.937,0.029888760693994154,47.19416666666667,0.002454399378454264,2024198.4,0.19324864598252822,2404214.3,0.004640892452890011,3367870.25,-0.28281916442594546,3090470.533333333,-0.21844522575181535
2014-10-29,47.29,47.0,46.38,47.3,3025829.0,-0.006552525893045891,-0.006342494714587699,0.013367830961621419,46.954,0.0009796822421945794,46.41850000000001,0.012527332852203088,45.897,0.02403207181297251,47.084500000000006,-0.0017946457963874396,2182557.6,0.38636845139848774,2368179.6,0.2777025019555104,3340333.5,-0.09415362268468108,3138177.0,-0.035800402590421165
2014-10-30,48.71,49.62,48.48,50.54,6689172.0,0.055744680851063766,-0.018203403244954508,0.023514851485148425,47.508,0.04445567062389477,46.8865,0.05830036364411928,45.999,0.07871910258918668,47.072166666666675,0.05412611132551759,3147840.0,1.1250038121378467,2703601.4,1.4741709336294915,3583700.1,0.8665546260413921,3263906.7666666666,1.049437216869849
2014-11-02,49.72,49.72,49.48,50.21,3318910.0,0.002015316404675671,-0.009759012148974344,0.004850444624090677,48.128,0.033078457446808374,47.326499999999996,0.05057420261375767,46.127750000000006,0.07787611578713438,47.0655,0.05640012323251642,3448052.8,-0.037453834813666376,2847051.8,0.1657357270422688,3632078.1,-0.08622284306056083,3263047.3,0.017119794739107963
2014-11-03,49.6,49.45,49.33,49.92,1684474.0,-0.005430410297666888,-0.009415064102564097,0.002432596797081077,48.62,0.01707116412998788,47.6,0.03886554621848748,46.289750000000005,0.0682710535269686,47.058166666666665,0.05082716779588381,3426751.4,-0.5084341396927714,2738924.4,-0.38498704089824454,3561966.15,-0.5270943268228419,3212861.5,-0.4757091147564251
2014-11-04,49.78,50.03,49.18,50.05,1493452.0,0.011729019211324632,-0.00039960039960029725,0.0172834485563238,49.164,0.017614514685542204,48.001000000000005,0.04226995270931844,46.40375,0.07814562400668046,47.05916666666666,0.06312974801225413,3242367.4,-0.5393945794051593,2633282.9,-0.4328554672192646,3475688.9,-0.5703148230556538,3189186.033333333,-0.5317137399980879
2014-11-05,50.0,50.22,49.42,50.37,2017943.0,0.003797721367179596,-0.0029779630732578166,0.01618777822743822,49.808,0.008271763572117008,48.381,0.03801078935945923,46.597750000000005,0.07773443996759477,47.0785,0.06672897394776811,3040790.2,-0.3363754592474022,2611673.9,-0.22733730271608565,3249591.1,-0.3790163322394624,3149988.7,-0.35938087650917605
2014-11-06,50.4,50.24,49.701,50.41,1962567.0,0.00039824771007568316,-0.003372346756595812,0.010844852216253198,49.932,0.006168389009052255,48.72,0.031198686371100237,46.937250000000006,0.0703652216523123,47.08566666666666,0.06699137033916913,2095469.2,-0.06342359983148405,2621654.6,-0.25140138597967865,2845086.25,-0.3101906840258357,3161619.9,-0.37925270523506005
2014-11-09,50.16,50.42,49.975,50.55,1771605.0,0.003582802547770658,-0.0025717111770523493,0.008904452226113024,50.072,0.006949992011503481,49.1,0.02688391038696536,47.303250000000006,0.06588870743553543,47.106,0.07035197214792177,1786008.2,-0.008064464653633752,2617030.5,-0.32304762974676837,2724278.7,-0.3496975915129389,3166243.066666667,-0.4404709421550833
2014-11-10,50.39,50.14,49.88,50.52,1211798.0,-0.005553351844506116,-0.007521773555027811,0.005212510024057648,50.21,-0.0013941445927105889,49.415,0.014671658403318855,47.63725,0.05253766747660715,47.12766666666666,0.06391857578351012,1691473.0,-0.28358418963826204,2559112.2,-0.5264771900192575,2584263.9,-0.531085815190933,3100453.6666666665,-0.6091546172651507
2014-11-11,50.02,50.255,49.81,50.36,1226368.0,0.002293577981651307,-0.00208498808578228,0.008933949006223685,50.255,0.0,49.709500000000006,0.010973757531256512,47.944,0.04820206908059399,47.1945,0.0648486582122918,1638056.2,-0.2513272743633582,2440211.8,-0.49743378832935725,2422213.05,-0.4936993671964569,3058650.7666666666,-0.5990493542561244
2014-11-12,50.43,50.21,49.95,50.64,1113392.0,-0.0008954332902199047,-0.008491311216429653,0.005205205205205177,50.253,-0.0008556703082402972,50.0305,0.0035878114350245127,48.2245,0.04117201837240403,47.27483333333334,0.06208729803383739,1457146.0,-0.23590909901959034,2248968.1,-0.5049320619532132,2308573.85,-0.5177143672488537,2976545.033333333,-0.6259448496389286
2014-11-13,50.34,50.62,49.84,50.69,1509884.0,0.008165704043019195,-0.0013809429867823741,0.015650080256821797,50.329,0.005781954737825057,50.1305,0.009764514616849906,48.508500000000005,0.04352845377614223,47.37616666666666,0.0684697298571364,1366609.4,0.10483946620007156,1731039.3,-0.1277586823129897,2217320.35,-0.3190501318404443,2966146.5,-0.49096108368214453
2014-11-16,50.34,50.35,49.81,50.49,1662912.0,-0.005333860134334123,-0.002772826302238074,0.010841196546878207,50.315000000000005,0.0006956176090628929,50.1935,0.0031179335969797606,48.760000000000005,0.032608695652173836,47.483,0.06037950424362415,1344870.8,0.23648457532128742,1565439.5,0.06226526160864099,2206245.65,-0.2462706951966115,2943198.566666667,-0.43499836578021356
2014-11-17,50.31,51.26,50.23,51.27,2333286.0,0.01807348560079447,-0.00019504583577145684,0.02050567390005975,50.539,0.014266210253467637,50.3745,0.017578338246533542,48.98725,0.046394725158076744,47.65133333333333,0.07573065461617023,1569168.4,0.4869570404298227,1630320.7,0.43118222077410917,2184622.55,0.06804994757561222,2918084.3333333335,-0.20040487749211733
2014-11-18,51.42,50.75,50.5,51.44,1795032.0,-0.009949278189621547,-0.013413685847589396,0.004950495049504955,50.638,0.0022117777163395136,50.4465,0.006016274667221655,49.22375,0.031006373955661637,47.751333333333335,0.06279754841051566,1682901.2,0.06662946107590861,1660478.7,0.08103283709691667,2146880.8,-0.1638883723772646,2870618.8333333335,-0.3746881407046204
2014-11-19,50.35,51.17,50.35,51.2,1762674.0,0.008275862068965578,-0.0005859375000000222,0.016285998013902736,50.83,0.006688963210702337,50.5415,0.012435325425640409,49.46125,0.03454724658192032,47.91233333333333,0.06799223581958724,1812757.6,-0.027628404371329074,1634951.8,0.07811985649974518,2123312.85,-0.16984725072426332,2711378.0,-0.3498973584649576
2014-11-20,51.95,51.65,51.15,51.95,1638813.0,0.009380496384600256,-0.005774783445620879,0.009775171065493637,51.036,0.012030723410925592,50.6825,0.019089429290188864,49.70125,0.039209275420638345,48.18566666666666,0.07189551526387516,1838543.4,-0.10863512930943042,1602576.4,0.022611464888663058,2112115.5,-0.22408930761598977,2430916.3,-0.3258455669576118
2014-11-23,51.96,51.8,51.27,51.96,1615627.0,0.0029041626331074433,-0.003079291762894565,0.010337429295884437,51.326,0.009235085531699161,50.820499999999996,0.019273718282976304,49.960249999999995,0.03682427529886256,48.47566666666667,0.06857736183789798,1829086.4,-0.11670274296501248,1586978.6,0.01805216529069753,2102004.55,-0.23138748676828502,2345178.6666666665,-0.3110857509648163
2014-11-24,51.74,51.71,51.5,51.98,2500280.0,-0.0017374517374516563,-0.005194305502116081,0.004077669902912584,51.416,0.005718064415746182,50.9775,0.014369084399980414,50.19625,0.03015663520681322,48.75066666666667,0.06070344337171463,1862485.2,0.3424428822306884,1715826.8,0.45718670439230813,2137469.5,0.16973832842994963,2294784.8666666667,0.08954875741002644
2014-11-25,52.53,54.56,52.51,54.6874,5683369.0,0.055115064784374335,-0.0023296042598477396,0.03904018282231969,52.178,0.045651423971788896,51.408,0.0613134142545908,50.55875,0.07914060375305954,49.09866666666667,0.11123180534434063,2640152.6,1.1526668572112082,2161526.9,1.6293306828612684,2300869.35,1.4700963572746968,2335317.6666666665,1.4336599175015876
2014-11-27,54.95,54.64,54.315,54.95,1336759.0,0.0014662756598240456,-0.005641492265696102,0.0059836141029181444,52.872,0.03343924950824628,51.851,0.053788740815027714,50.94075,0.07261867954437262,49.43333333333333,0.1053270397842212,2554969.6,-0.4768004284669376,2183863.6,-0.38789263212226266,2216415.85,-0.39688258410532484,2267003.7666666666,-0.4103410767748614
2014-11-30,54.48,54.65,54.19,54.94,2463405.0,0.00018301610541726632,-0.00527848562067712,0.00848865104262786,53.472,0.02203022142429667,52.254,0.04585294905653159,51.19225,0.06754440369391856,49.757,0.09833792230238969,2719888.0,-0.0942991034924967,2279215.7,0.08081257952022702,2005127.5,0.2285527977647306,2237952.1333333333,0.100740700977757
2014-12-01,54.54,55.21,54.28,55.25,2182156.0,0.010247026532479442,-0.0007239819004524195,0.017133382461311797,54.153999999999996,0.019499944602430208,52.739999999999995,0.046833522942738126,51.466750000000005,0.07273142368616625,50.086666666666666,0.10228936510049258,2833193.8,-0.22978936350912527,2331140.1,-0.06391040160992467,1948289.8,0.12003665984393086,2247877.1333333333,-0.029236977572647316
2014-12-02,54.95,56.51,54.95,56.88,6303223.0,0.023546458974823326,-0.006504922644163247,0.028389444949954434,55.114,0.025329317414813035,53.265,0.060921806064019535,51.81975,0.09051085734686093,50.41316666666667,0.12093732126858381,3593782.4,0.7539245002702446,2728133.8,1.3104522952649904,2179227.25,1.8924119776861272,2365792.966666667,1.6643172453425024
2014-12-03,56.46,56.62,55.99,56.7,3140256.0,0.001946558131304288,-0.001410934744268122,0.011252009287372688,55.525999999999996,0.01970248172027511,53.852,0.05140013369976981,52.149249999999995,0.08572990023825855,50.7665,0.11530241399347996,3085159.8,0.017858459065880572,2862656.2,0.09697280448836287,2261567.45,0.3885307732033372,2385472.6,0.3164083293180562
2014-12-04,56.75,57.34,56.3124,57.38,2266230.0,0.012716354645001982,-0.0006971070059254014,0.01824820110668357,56.065999999999995,0.022723219063246924,54.468999999999994,0.05270888028052667,52.505250000000004,0.09208126806366979,51.1305,0.12144414781783874,3271054.0,-0.30718661324453833,2913011.8,-0.22203198764934629,2273981.8,-0.003408910308780766,2386545.8333333335,-0.050414214406804825
2014-12-07,56.95,56.18,55.82,57.34,2125746.0,-0.020230205790024436,-0.020230205790024436,0.00644930132568966,56.372,-0.003405946214432687,54.922000000000004,0.022905211026546635,52.802249999999994,0.06396981189248585,51.441500000000005,0.09211434347754244,3203522.2,-0.3364347529728372,2961705.1,-0.28225602204621925,2282140.75,-0.0685298441824852,2395312.033333333,-0.11253900518263715
2014-12-08,55.83,56.37,55.4301,56.39,2406669.0,0.0033819864720541215,-0.0003546728143288824,0.016956491148311104,56.604,-0.004133983464066127,55.379,0.017894869896531107,53.09974999999999,0.06158691895912893,51.76649999999999,0.08892816783054691,3248424.8,-0.25912737767548133,3040809.3,-0.20854326511037702,2313893.95,0.0400947718455289,2414939.466666667,-0.0034247097208123245
2014-12-09,56.36,55.64,55.42,56.65,2181562.0,-0.012950150789426962,-0.017828773168579004,0.00396968603392267,56.42999999999999,-0.01399964557859279,55.772000000000006,-0.0023667790289034762,53.37474999999999,0.04244047981489385,52.054833333333335,0.06887288724389995,2424092.6,-0.10005005584357629,3008937.5,-0.2749726439980891,2362382.15,-0.07654144779243266,2427958.8333333335,-0.10148311822694966
2014-12-10,57.99,56.25,55.62,57.99,2559417.0,0.01096333572969077,-0.030005173305742372,0.011326860841424091,56.355999999999995,-0.0018808999929021963,55.940999999999995,0.005523676730841531,53.6745,0.04798367940083281,52.352833333333336,0.07444041551396441,2307924.8,0.10896897507232484,2696542.3,-0.050852271073218436,2429034.6,0.0536766335069907,2432760.3333333335,0.05206294468519368
2014-12-11,55.52,55.915,55.43,56.39,3178452.0,-0.005955555555555603,-0.008423479340308626,0.008749774490348194,56.071000000000005,-0.0027821868702182506,56.06849999999999,-0.0027377226071678695,53.95975,0.03623534208368273,52.65,0.06201329534662858,2490369.2,0.2762975064098929,2880711.6,0.10335654565351149,2532287.6,0.25517022632026465,2437847.7666666666,0.3037942907919886
2014-12-14,56.01,55.42,55.31,56.81,2007288.0,-0.00885272288294725,-0.024467523323358553,0.0019887904538058443,55.919,-0.008923621667054071,56.145500000000006,-0.012921783580162272,54.19975000000001,0.02251394148496977,52.843333333333334,0.04876048697407431,2466677.6,-0.18623820153878234,2835099.9,-0.2919868537965805,2557157.8,-0.2150316261280394,2281784.966666667,-0.1202992265601891
2014-12-15,55.43,54.78,54.73,56.03,2364772.0,-0.0115481775532299,-0.02230947706585762,0.0009135757354286067,55.601,-0.014765921476232458,56.1025,-0.02357292455772908,54.42125,0.006592094080896782,53.01200000000001,0.03335093940994471,2458298.2,-0.03804509965471248,2853361.5,-0.171232947525226,2592250.8,-0.0877533917628649,2249980.3666666667,0.05101894889127245
2014-12-16,54.85,55.99,54.22,56.09,2358217.0,0.02208835341365467,-0.0017828489926903224,0.03264478052379194,55.67100000000001,0.005730092867022307,56.0505,-0.0010793837699930586,54.65775,0.02437440253212042,53.230000000000004,0.051850460266766873,2493629.2,-0.05430326208884628,2458860.9,-0.04093110757098939,2593497.35,-0.09071933310438896,2272438.466666667,0.037747351398763174
2014-12-17,56.82,57.06,56.02,57.06,2326481.0,0.019110555456331557,0.0,0.0185647982863264,55.833000000000006,0.021976250604481162,56.094500000000004,0.017212026134469482,54.97324999999999,0.03795937114869519,53.464333333333336,0.06725355844706438,2447042.0,-0.04926805506403242,2377483.4,-0.021452263347033207,2620069.8,-0.1120538086428079,2300206.1,0.01142284597888854
2014-12-18,57.03,56.75,56.42,57.36,3194107.0,-0.005432877672625347,-0.010634588563458891,0.005848989719957398,56.0,0.013392857142857206,56.0355,0.012750845446190429,55.252250000000004,0.027107493359998847,53.682,0.05715137289966843,2450173.0,0.30362509096296475,2470271.1,0.29301881076939273,2691641.45,0.1866762566017104,2339411.566666667,0.36534633132174954
2014-12-21,56.88,57.49,56.77,57.5,1015893.0,0.013039647577092639,-0.00017391304347824654,0.012682754976219845,56.414,0.019073279682348288,56.1665,0.023563868142042033,55.54425,0.035030628732947156,53.92366666666667,0.06613669940842293,2251894.0,-0.5488717497360001,2359285.8,-0.5694065551532586,2660495.45,-0.61815646029389,2307855.7666666666,-0.5598108795735979
2014-12-22,57.5,56.66,56.51,57.89,3065347.0,-0.014437293442337906,-0.021247192952150717,0.002654397451778312,56.790000000000006,-0.002289135411164156,56.195499999999996,0.008265786406384867,55.78725000000001,0.015644255631886983,54.13166666666667,0.04670710305120229,2392009.0,0.28149476026218956,2425153.6,0.26398055776755736,2732981.45,0.1216128086050492,2350980.5,0.3038589643767782
2014-12-23,56.9,56.71,56.56,56.98,1262115.0,0.0008824567596188437,-0.004738504738504679,0.002652050919377702,56.934000000000005,-0.0039343801594829975,56.302499999999995,0.007237689267794556,56.03725000000001,0.012005407117586797,54.35066666666667,0.04340946446532401,2172788.6,-0.41912664674326805,2333208.9,-0.45906472412307353,2671073.2,-0.5274876779865112,2352657.7333333334,-0.4635365008186769
2014-12-25,56.8,56.28,56.19,56.98,1555592.0,-0.007582436959971739,-0.01228501228501222,0.0016017084890549427,56.778,-0.008771002853217746,56.305499999999995,-0.0004528864853343695,56.123250000000006,0.0027929601368414936,54.551500000000004,0.031685654839921806,2018610.8,-0.22937497411586227,2232826.4,-0.30330813000061263,2464684.35,-0.3688473739040864,2363631.8666666667,-0.34186367093036885
2014-12-28,56.2,56.08,55.74,56.38,1782879.0,-0.003553660270078196,-0.005321035828308007,0.006099748833871432,56.644000000000005,-0.009956923946049079,56.322,-0.004296722417527876,56.19525,-0.0020508850837037684,54.747166666666665,0.024345247699272043,1736365.2,0.026788028232770378,2093269.1,-0.1482800754093203,2486990.35,-0.28311784563217146,2385948.1,-0.25275868322533923
2014-12-29,55.84,55.555,55.32,56.09,1677725.0,-0.009361626248216792,-0.009538242110893269,0.004248011569052856,56.25699999999999,-0.01247844712657964,56.3355,-0.013854496720540399,56.24050000000001,-0.012188725206924045,54.91166666666667,0.01171578595926781,1868731.6,-0.10221189602616021,2060312.8,-0.18569403636185733,2447706.35,-0.31457259977284446,2391542.8,-0.29847586252690095
2014-12-30,55.94,55.52,55.485,56.41,1746772.0,-0.0006300063000629352,-0.015777344442474583,0.0006308011174191996,56.028999999999996,-0.00908458119902178,56.4095,-0.015768620533775257,56.25600000000001,-0.013083048919226514,55.083999999999996,0.007915184082492255,1605016.6,0.08832020802775498,1998512.8,-0.12596406688013206,2425937.15,-0.2799599115747907,2394338.1333333333,-0.2704572609516138
2015-01-01,55.68,55.54,54.97,56.25,1329619.0,0.0003602305475502998,-0.012622222222222201,0.010369292341277037,55.795,-0.0045703019983870385,56.3645,-0.014628001667716384,56.2075,-0.011875639371970004,55.22666666666667,0.005673587638821864,1618517.4,-0.1784957023013778,1895653.0,-0.29859578730917524,2177256.95,-0.3893146144280307,2360882.566666667,-0.43681273318168856
2015-01-04,55.4,54.525,54.5,55.45,1445196.0,-0.018275117032769184,-0.01668169522091978,0.0004587155963302614,55.443999999999996,-0.01657528316860246,56.111000000000004,-0.028265402505747605,56.10275,-0.028122507363721017,55.3525,-0.014949640937627073,1596438.2,-0.09473727200965243,1807524.5,-0.20045565080860595,2092503.95,-0.30934610661069484,2349221.3666666667,-0.3848191488013738
2015-01-05,54.73,53.25,53.21,54.8,1708897.0,-0.023383768913342484,-0.02828467153284664,0.0007517383950386147,54.878,-0.029665804147381514,55.761,-0.045031473610588124,55.898250000000004,-0.04737625954300906,55.42183333333334,-0.03918732388859991,1581641.8,0.08045766114679065,1659003.5,0.030074378987144934,2064637.3,-0.17230159505497655,2347428.8,-0.2720132768244131
2015-01-06,53.49,53.81,53.03,54.13,1722997.0,0.010516431924882719,-0.005911694069831941,0.014708655478031352,54.528999999999996,-0.013185644336041302,55.392999999999994,-0.028577618110591452,55.77975,-0.03531299441105418,55.493833333333335,-0.030342710751645074,1590696.2,0.08317163264739058,1729713.9,-0.0038832433502441477,2044499.85,-0.15725256717431413,2350234.933333333,-0.26688307812858647
2015-01-07,54.39,54.76,54.08,55.18,1882724.0,0.017654711020256286,-0.007611453425154124,0.012573964497041512,54.376999999999995,0.007043419092631176,55.202999999999996,-0.008024926181548042,55.699250000000006,-0.016862884150145807,55.5925,-0.014975041597337868,1617886.6,0.16369342573206302,1611451.6,0.16834039570285575,2018302.6,-0.06717456539965816,2359138.1666666665,-0.20194415630171159
2015-01-08,54.99,54.72,54.12,55.04,1720267.0,-0.0007304601899196239,-0.005813953488372103,0.011086474501108778,54.213,0.009352000442698127,55.004,-0.005163260853756069,55.65325,-0.016769011692937985,55.69283333333333,-0.017467836974835227,1696016.2,0.014298684175304555,1657266.8,0.03801451884512508,1995237.85,-0.137813569444866,2333137.7333333334,-0.2626809058793672
2015-01-11,54.62,54.17,53.86,54.75,1250863.0,-0.010051169590643227,-0.01059360730593606,0.005755662829558084,54.141999999999996,0.0005171585829855108,54.79299999999999,-0.011370065519317962,55.549249999999994,-0.024829318127607358,55.679833333333335,-0.027116340745751755,1657149.6,-0.24517195067964903,1626793.9,-0.231086986495339,1929810.15,-0.35182069593736975,2185387.533333333,-0.42762417149324516
2015-01-12,54.69,53.55,53.27,55.52,2340144.0,-0.0114454495107994,-0.03548270893371763,0.005256241787122029,54.202,-0.012029076417844342,54.54,-0.018151815181518205,55.431000000000004,-0.03393408020782607,55.6435,-0.037623442091169745,1783399.0,0.3121819626454876,1682520.4,0.390856241624173,1887894.75,0.23955215194067359,2218833.7,0.05467300230747352
2015-01-13,53.42,53.51,52.93,54.46,2524323.0,-0.0007469654528478031,-0.01744399559309595,0.010957868883430866,54.141999999999996,-0.011673008015958053,54.3355,-0.015192645692043039,55.3355,-0.03298967209115311,55.605500000000006,-0.03768512107615274,1943664.2,0.2987444024538808,1767180.2,0.4284468556177803,1913746.5,0.31904774221664156,2220864.3,0.13663991086713412
2015-01-14,53.7,52.73,52.67,54.2,1990309.0,-0.014576714632778986,-0.02712177121771231,0.0011391684070627406,53.736000000000004,-0.018721155277653834,54.05650000000001,-0.024539139603933058,55.233000000000004,-0.04531711114732151,55.52283333333334,-0.05030062706934402,1965181.2,0.012786505386882308,1791533.9,0.11095246369605394,1895023.35,0.050282045337330494,2214469.4,-0.10122533190117688
2015-01-15,52.46,53.69,52.21,53.755,1997953.0,0.018205954864403573,-0.0012091898428053804,0.028347059950201148,53.529999999999994,0.0029889781430973983,53.871500000000005,-0.0033691283888513945,55.117999999999995,-0.02590805181610356,55.42883333333334,-0.03137055623878071,2020718.4,-0.011265993321978862,1858367.3,0.07511200826661124,1877010.15,0.06443377517164728,2070960.4,-0.03525291937016273
2015-01-19,54.19,54.39,53.67,54.69,1790554.0,0.013037809647979293,-0.005485463521667566,0.013415315818893214,53.574,0.015231268899092987,53.858000000000004,0.009877826878086804,54.984500000000004,-0.010812137966154212,55.3545,-0.017424057664688575,2128656.6,-0.15883379216732285,1892903.1,-0.05406990986490545,1850213.8,-0.032244814085810036,2025970.3333333333,-0.116199299397441
2015-01-20,54.24,54.58,53.818,54.87,1585106.0,0.0034932892075749677,-0.0052852196099871795,0.014158831617674394,53.779999999999994,0.014875418371141702,53.991,0.010909225611676066,54.876,-0.00539397915299944,55.2625,-0.012350147025559921,1977649.0,-0.19848972188694758,1880524.0,-0.15709344842182282,1769763.75,-0.10434033921194286,2003266.2,-0.20873920799941614
2015-01-21,54.71,54.75,53.22,54.76,2555727.0,0.0031146940271162826,-0.00018261504747985047,0.028748590755355075,54.028,0.013363441178648072,54.085,0.012295460848664064,54.739,0.00020095361625172004,55.21483333333333,-0.008418631466785786,1983929.8,0.28821443178080197,1963797.0,0.30142117540662294,1846755.45,0.383901154860542,2017598.9,0.26671708633465263
2015-01-22,54.86,54.51,54.26,54.96,1940277.0,-0.004383561643835687,-0.008187772925764225,0.004607445632141438,54.38399999999999,0.0023168578993821853,54.06,0.008324084350721295,54.631499999999996,-0.0022239916531671122,55.152833333333334,-0.011655490651734435,1973923.4,-0.017045443607386135,1969552.3,-0.014863936337207173,1790501.95,0.08364975531023577,2002052.5,-0.03085608394385264
2015-01-25,54.65,54.66,54.02,54.93,1341127.0,0.0027517886626307053,-0.00491534680502459,0.011847463902258326,54.577999999999996,0.0015024368793286058,54.053999999999995,0.011211011211011312,54.528999999999996,0.0024023913880686365,55.12016666666667,-0.008348426619416482,1842558.2,-0.2721385951336571,1931638.3,-0.30570490344905665,1794452.55,-0.25262610036693367,1974038.0,-0.320617434922732
2015-01-26,53.92,53.37,53.105,54.11,1963314.0,-0.023600439077936297,-0.013675845499907635,0.004990113925242401,54.374,-0.018464707396917746,53.974000000000004,-0.011190573238966994,54.38349999999999,-0.01863616721983674,55.024166666666666,-0.03006254827424315,1877110.2,0.04592367565846689,2002883.4,-0.019756217461285974,1814838.65,0.08181187346875163,1954167.9,0.00468030408236686
2015-01-27,53.87,52.925,52.83,54.32,1687796.0,-0.008338017612891102,-0.025681148748159077,0.0017982207079310086,54.043000000000006,-0.020687230538645296,53.911500000000004,-0.01829850773953623,54.22574999999999,-0.023987681129352678,54.9245,-0.03640451893053198,1897648.2,-0.11058540776946957,1937648.6,-0.1289462908806066,1810084.5,-0.06755955315898232,1904479.3666666667,-0.11377564412573227
2015-01-28,52.99,53.23,52.43,53.61,1568515.0,0.005762871988663099,-0.007088229807871715,0.015258439824527903,53.739,-0.009471705837473698,53.88349999999999,-0.012128016925403773,54.10949999999999,-0.016254077380127185,54.851499999999994,-0.029561634595225206,1700205.8,-0.07745579976259342,1842067.8,-0.1485031115575659,1804624.0,-0.13083556463839563,1889853.6,-0.17003359413660402
2015-01-29,52.82,52.105,52.05,53.36,1928787.0,-0.02113469847830174,-0.023519490254872655,0.0010566762728145829,53.257999999999996,-0.021649329678170348,53.821000000000005,-0.031883465561769686,53.93874999999999,-0.03399689462584865,54.76233333333333,-0.04852483763170545,1697907.8,0.13597864383448854,1835915.6,0.05058587660565661,1813724.75,0.06343975291730453,1875320.7666666666,0.028510447003884165
2015-02-01,52.1,52.295,51.29,52.47,2536001.0,0.0036464830630458245,-0.0033352391842956797,0.019594462858256945,52.78499999999999,-0.009282940229231595,53.68150000000001,-0.025828264858470895,53.7765,-0.02754920829730456,54.63916666666667,-0.04290267970167916,1936882.6,0.30932096762085615,1889720.4,0.3419980013974555,1874043.85,0.3532239387034619,1881246.9,0.3480426200303639
2015-02-02,52.59,53.97,52.57,54.04,2214496.0,0.03202983076775978,-0.0012953367875647714,0.026631158455392878,52.904999999999994,0.020130422455344688,53.6395,0.006161504115437255,53.748749999999994,0.004116374799413958,54.53616666666667,-0.01038148995926258,1987119.0,0.1144254571568184,1932114.6,0.14615147569404008,1912508.85,0.15790104709842256,1877514.0666666667,0.17948304053540864
2015-02-03,53.64,53.78,53.45,54.15,1466507.0,-0.0035204743375949477,-0.006832871652816208,0.006173994387277837,53.076,0.01326399879418183,53.5595,0.004116916700118489,53.77525000000001,8.833059818402766e-05,54.43716666666667,-0.01207202187231149,1942861.2,-0.24518179682624774,1920254.7,-0.23629558099766657,1900389.35,-0.2283123455727638,1819927.4,-0.19419477941812402
2015-02-04,53.8,54.95,53.5,55.01,2207611.0,0.021755299367794745,-0.0010907107798581173,0.02710280373831786,53.42,0.028640958442530895,53.579499999999996,0.025578812792206085,53.83225,0.020763575737592355,54.3525,0.010993054597304708,2070680.4,0.06612831222046633,1885443.1,0.17087118672528478,1924620.05,0.14703730744153898,1859651.3333333333,0.18711016437848382
2015-02-05,54.87,55.005,54.81,55.89,1917791.0,0.0010009099181074177,-0.01583467525496507,0.003557744937055185,54.0,0.018611111111111134,53.629,0.02565775979414142,53.8445,0.02155280483614863,54.29733333333333,0.013033175355450455,2068481.2,-0.07285065003249724,1883194.5,0.018371177273510453,1926373.4,-0.00445521101983648,1821399.4666666666,0.05292168747020609
2015-02-08,54.71,54.555,54.4,55.11,1436564.0,-0.008181074447777492,-0.0100707675557975,0.002849264705882426,54.452,0.001891574230515003,53.618500000000004,0.01746598655314857,53.83624999999999,0.013350669855348496,54.2255,0.006076476934283814,1848593.8,-0.2228882299616065,1892738.2,-0.24101283526691641,1912188.25,-0.24873296339939333,1827214.4333333333,-0.21379561490256038
2015-02-09,54.75,55.54,54.39,55.6,1253540.0,0.01805517367793974,-0.0010791366906475197,0.021143592572163916,54.766,0.01413285615162696,53.8355,0.03166126440731487,53.90475,0.030335916593621226,54.20083333333333,0.024707492197229453,1656402.6,-0.2432153873701961,1821760.8,-0.3119074688619933,1912322.1,-0.344493273387365,1817146.0333333334,-0.31016001080522226
2015-02-10,55.53,55.62,55.24,56.0,869268.0,0.0014404033129276073,-0.006785714285714284,0.006879073135409142,55.134,0.008814887365327984,54.105,0.028001108954810006,54.00825,0.0298426629264974,54.185500000000005,0.026473872161371537,1536954.8,-0.4344218841048546,1739908.0,-0.5003942737202196,1838778.3,-0.5272578537608368,1786692.3333333333,-0.51347639222347
2015-02-11,56.36,56.715,55.9549,56.73,1687354.0,0.01968716289104644,-0.00026441036488622505,0.0135841543814752,55.487,0.022131310036585194,54.4535,0.04153084742027602,54.16850000000001,0.047010716560362376,54.22416666666666,0.045935852710200065,1432903.4,0.1775769392409845,1751791.9,-0.03678399243654451,1796929.85,-0.060979481196775764,1787013.3,-0.05576863921494035
2015-02-12,56.84,57.05,56.5,57.24,1404801.0,0.005906726615533708,-0.0033193570929420657,0.009734513274336276,55.896,0.02064548447116077,54.948,0.038254349566863244,54.3845,0.04901212661695875,54.275166666666664,0.05112528443026432,1330305.4,0.055998870635269204,1699393.3,-0.17335145431019416,1767654.45,-0.2052739719575848,1775614.2666666666,-0.20883661143520138
2015-02-16,56.5,58.81,56.41,58.86,5685078.0,0.030850131463628472,-0.0008494733265375087,0.04254564793476345,56.747,0.0363543447230692,55.5995,0.057743325029901316,54.640499999999996,0.07630786687530322,54.38416666666667,0.08138091662708202,2180008.2,1.607824135707379,2014301.0,1.8223577310441685,1952010.7,1.9124215353942478,1920796.2333333334,1.9597507019962053
2015-02-17,58.4,58.38,57.1,58.73,4095264.0,-0.007311681686787974,-0.005959475566150063,0.02241681260945705,57.315,0.0185815231614761,56.040499999999994,0.04174659398113878,54.84000000000001,0.06455142231947475,54.51266666666666,0.07094375619122184,2748353.0,0.49007933114850966,2202377.8,0.8594738831820772,2067246.2,0.9810238374123024,2009131.8333333333,1.0383251771017847
2015-02-18,58.41,58.65,58.17,58.67,1837943.0,0.004624871531346386,-0.00034088972217494184,0.008251676121712181,57.92100000000001,0.012586108665250784,56.527499999999996,0.037548096059440095,55.043499999999995,0.06552090619237516,54.69266666666667,0.07235583076341734,2942088.0,-0.3752929891967881,2239521.4,-0.17931438386791032,2079888.05,-0.11632599648812836,2013433.3666666667,-0.08715975883383675
2015-02-19,58.62,59.13,58.1801,59.14,1420171.0,0.00818414322250649,-0.000169090294217078,0.016326888403423112,58.40400000000001,0.012430655434559235,56.9455,0.03836124013310971,55.2625,0.0699841664781724,54.87,0.07763805358119202,2888651.4,-0.508361929722638,2160777.4,-0.34274997507841387,2023110.25,-0.29802589848971406,2003339.1666666667,-0.29109807084588357
2015-02-22,58.95,58.98,58.39,58.99,1029469.0,-0.0025367833587012223,-0.00016952025767091872,0.010104469943483352,58.79,0.003231842150025477,57.343,0.028547512338035874,55.486000000000004,0.06297083949104265,55.010666666666665,0.07215570313636133,2813585.0,-0.6341077308842633,2071945.2,-0.5031388861056749,1977569.85,-0.47942723742476157,1974897.3333333333,-0.4787227757999909
2015-02-23,58.9,59.61,57.82,59.65,1862750.0,0.01068158697863697,-0.0006705783738474302,0.030958145970252593,58.95,0.01119592875318065,57.84849999999999,0.030450227750071557,55.73350000000001,0.0695542178402575,55.17366666666667,0.0804067157641628,2049119.4,-0.09095097142704323,2114563.8,-0.1190854586652812,2003651.0,-0.0703221269572396,1979646.7666666666,-0.059049305479632386
2015-02-24,59.31,58.99,58.8,59.39,1345105.0,-0.010400939439691337,-0.006735140596059952,0.003231292517006823,59.072,-0.0013881365113759259,58.19349999999999,0.013687095637829216,56.0145,0.05312017424059845,55.33433333333333,0.06606507111317272,1499087.6,-0.10271754632617869,2123720.3,-0.36662798768745575,1972740.55,-0.31815412827601686,1982788.1666666667,-0.321609326395516
2015-02-25,59.06,58.88,58.59,59.22,1671648.0,-0.0018647228343786626,-0.005741303613644,0.004949650110940507,59.11800000000001,-0.004025846611861117,58.519499999999994,0.006160339715821417,56.31224999999999,0.045598426630085065,55.51199999999999,0.06067156650814254,1465828.6,0.14041164157937702,2203958.3,-0.2415246695003258,1971933.15,-0.1522795790516529,1960504.9666666666,-0.14733804380908733
2015-02-26,59.0,58.54,58.51,59.04,1198168.0,-0.005774456521739135,-0.008468834688346916,0.0005127328661767017,59.0,-0.0077966101694915135,58.702,-0.0027597015433886707,56.57775,0.034682361882542034,55.67966666666666,0.051371236657307584,1421428.0,-0.15706739982609041,2155039.7,-0.444015810938425,1953415.8,-0.3866293085169067,1916299.8,-0.37474919112343485
2015-03-01,58.81,59.775,58.54,59.78,1853956.0,0.02109668602664838,-8.364001338245775e-05,0.02109668602664838,59.15899999999999,0.01041261684612671,58.9745,0.01357366319341402,56.96124999999999,0.04939761680089538,55.9145,0.06904291373436222,1586325.4,0.1687110349490717,2199955.2,-0.15727556633880546,1949674.25,-0.04909448334766697,1911754.7,-0.030233324390414706
2015-03-02,59.54,58.74,58.44,59.6,1499786.0,-0.01731493099121706,-0.0144295302013423,0.005133470225872738,58.985,-0.004153598372467537,58.967499999999994,-0.003858057404502291,57.28349999999999,0.02542616983948287,56.08283333333334,0.04737932284686042,1513732.6,-0.009213384186876894,1781426.0,-0.15809806301244056,1897863.5,-0.20975033241326368,1895149.1333333333,-0.20861848093080593
2015-03-03,58.33,58.4,57.945,58.72,1037675.0,-0.0057882192713654135,-0.00544959128065392,0.007852273707826374,58.867,-0.007933137411452962,58.9695,-0.009657534827326009,57.50500000000001,0.015563864011824968,56.216499999999996,0.038840909697331005,1452246.6,-0.28546914828376946,1475667.1,-0.2968095581991359,1839022.45,-0.4357464206051427,1870053.1666666667,-0.4451093591902334
2015-03-04,58.56,58.45,58.18,58.87,985040.0,0.0008561643835616195,-0.007134363852556391,0.004640770024063379,58.78099999999999,-0.005631071264524112,58.9495,-0.008473354311741343,57.73850000000001,0.012322800211297391,56.3455,0.03734992146666549,1314925.0,-0.2508774264691903,1390376.8,-0.2915301808833404,1814949.1,-0.45726301635676725,1850050.9666666666,-0.46756061441118135
2015-03-05,58.29,57.93,57.45,58.57,1584075.0,-0.008896492728828087,-0.010927095782824026,0.008355091383811963,58.659000000000006,-0.012427760445967495,58.829499999999996,-0.015289948070270842,57.8875,0.0007341826819260433,56.4515,0.02619062380981907,1392106.4,0.13789793653703497,1406767.2,0.12603919113269058,1783772.3,-0.1119522374016011,1817662.5666666667,-0.128509862584139
2015-03-08,57.97,58.46,57.97,58.59,1313334.0,0.009148972898325614,-0.002218808670421568,0.008452647921338707,58.396,0.0010959654770874572,58.777499999999996,-0.005401726851261057,58.060249999999996,0.006885089196136951,56.58316666666667,0.03316946441668445,1283982.0,0.022860133553274098,1435153.7,-0.08488268538763477,1753549.45,-0.25104250695639063,1796764.4666666666,-0.2690561148304097
2015-03-09,57.82,57.2,57.2,58.11,1381698.0,-0.02155319876838857,-0.015659955257270597,0.0,58.088,-0.015287150530229998,58.536500000000004,-0.02283190829653292,58.192499999999995,-0.01705546247368639,56.66783333333333,0.009390983126818186,1260364.4,0.09626866642694765,1387048.5,-0.0038574714582799707,1750806.15,-0.21082182627699808,1798116.8333333333,-0.23158608251354817
2015-03-10,57.42,57.29,57.1,57.89,1412939.0,0.0015734265734264063,-0.010364484366902738,0.003327495621716192,57.86600000000001,-0.009954031728476309,58.36650000000001,-0.018443799097084934,58.279999999999994,-0.016986959505833843,56.798500000000004,0.008653397536906748,1335417.2,0.058050622681810715,1393831.9,0.013708324511729097,1758776.1,-0.19663509186871486,1779771.0,-0.20611190990301564
2015-03-11,56.81,57.51,56.68,57.545,1010721.0,0.003840111712340777,-0.0006082196541837837,0.014643613267466549,57.678,-0.0029127223551440595,58.22950000000001,-0.012356279892494548,58.3745,-0.014809548689924568,56.95133333333334,0.009809544991630226,1340553.4,-0.24604197042803366,1327739.2,-0.23876541417169872,1765848.75,-0.42762878191011544,1757201.8333333333,-0.4248122322506872
2015-03-12,57.31,57.53,56.8,57.7,1276318.0,0.0003477656059815981,-0.0029462738301559988,0.012852112676056349,57.598,-0.0011805965484912306,58.128499999999995,-0.01029615421006902,58.41524999999999,-0.015154433131759126,57.09466666666667,0.007624763550594382,1279002.0,-0.002098511182937912,1335554.2,-0.04435327297087599,1745296.95,-0.26871011835550385,1747461.9333333333,-0.269616135462598
2015-03-15,57.81,58.795,57.65,58.83,1367524.0,0.02198852772466542,-0.000594934557198612,0.019861231569817894,57.665000000000006,0.01959594207925086,58.0305,0.013174106719742174,58.5025,0.004999786333917511,57.317666666666675,0.025774484888312355,1289840.0,0.060227625131799245,1286911.0,0.06264069543270678,1743433.1,-0.21561429572491198,1728753.1666666667,-0.20895358205658632
2015-03-16,58.42,58.76,58.08,58.8,1845619.0,-0.0005952887150268982,-0.0006802721088434716,0.011707988980716344,57.977,0.013505355572037248,58.032500000000006,0.012536078921294047,58.5,0.004444444444444473,57.53316666666667,0.02132393199285043,1382624.2,0.33486669768979893,1321494.3,0.3966151802546556,1551460.15,0.18960129269191994,1705740.4333333333,0.08200460277142985
2015-03-17,58.55,59.67,58.34,59.89,3023227.0,0.015486725663716783,-0.0036734012355985612,0.02279739458347607,58.452999999999996,0.020820146100285708,58.1595,0.025971681324633122,58.564499999999995,0.018876623210306587,57.723166666666664,0.03372707087564497,1704681.8,0.7734846468120913,1520049.5,0.9889003614684917,1497858.3,1.0183664903415761,1732698.1333333333,0.7448088284045016
2015-03-18,59.43,60.0,59.11,60.12,2724626.0,0.005530417295123158,-0.001996007984031878,0.015056673997631442,58.951,0.017794439449712485,58.314499999999995,0.02890361745363501,58.632000000000005,0.0233319688907081,57.9305,0.03572384149972807,2047462.8,0.330732846525954,1694008.1,0.608390184202779,1542192.45,0.7667224346740902,1774635.4333333333,0.5353159014087081
2015-03-19,60.38,61.07,59.95,61.32,4481028.0,0.017833333333333368,-0.004076973255055405,0.018682235195996544,59.65899999999999,0.023651083658794203,58.62850000000001,0.041643569253861035,58.729,0.039861056718146104,58.134499999999996,0.05049497286465021,2688404.8,0.6667980952868409,1983703.4,1.2589203607757087,1695235.3,1.6433073921950538,1850416.0,1.4216327571746028
2015-03-22,60.68,60.4,60.3,61.09,2177592.0,-0.010971016865891636,-0.01129481093468665,0.0016583747927032544,59.98,0.007002334111370523,58.822500000000005,0.026817969314462786,58.8,0.027210884353741527,58.31433333333334,0.03576593519031901,2850418.4,-0.23604478556551556,2070129.2,0.05191115607663521,1752641.45,0.24246291219461913,1859076.0333333334,0.17133025274687963
2015-03-23,60.27,60.36,60.0,60.51,2737807.0,-0.0006622516556291647,-0.0024789291026275917,0.006000000000000005,60.3,0.0009950248756218638,59.13850000000001,0.020654903320171947,58.8375,0.02587635436583824,58.50783333333334,0.031656729725649146,3028856.0,-0.0960920558785231,2205740.1,0.24121921707820415,1796394.3,0.524056828726299,1902450.8,0.4390947718595404
2015-03-24,60.34,57.56,57.54,60.34,3767346.0,-0.04638833664678588,-0.046072257209148204,0.0003475842891902392,59.878,-0.03871204783058879,59.165499999999994,-0.027135746338660116,58.766,-0.02052207058503208,58.57516666666667,-0.017331007736498094,3177679.8,0.1855650150779824,2441180.8,0.5432474317346754,1917506.35,0.9647110946985911,1986244.3333333333,0.8967183124331968
2015-03-25,56.92,57.415,56.27,57.89,2847316.0,-0.0025191104933982578,-0.008205216790464709,0.020348320597120884,59.361000000000004,-0.032782466602651605,59.15599999999999,-0.02943065792142796,58.692750000000004,-0.021770150487070428,58.635,-0.02080668542679287,3202217.8,-0.11083000038285962,2624840.3,0.08475780412240708,1976289.75,0.4407381306308955,2052179.2666666666,0.3874596855394927
2015-03-26,57.46,58.84,57.01,58.87,2521413.0,0.02481929809283301,-0.0005095974180396867,0.032099631643571325,58.915,-0.0012730204531952172,59.287,-0.007539595526843912,58.70775,0.0022526838449778985,58.70583333333333,0.002285406049938432,2810294.8,-0.10279412679409994,2749349.8,-0.08290571101574629,2042452.0,0.23450294058318133,2079981.2333333334,0.21222872571750928
2015-03-29,62.1,64.81,61.85,64.945,10493727.0,0.1014615907545886,-0.002078681961659723,0.04785772029102664,59.797000000000004,0.08383363713898695,59.88850000000001,0.08217771358441084,58.959500000000006,0.09922913186170157,58.96450000000001,0.0991359207658844,4473521.8,1.3457417822351956,3661970.1,1.8655960353144336,2474440.55,3.240848300032911,2382945.433333333,3.40367909949204
2015-03-30,64.18,63.0,62.86,64.52,3694153.0,-0.02792778892146275,-0.023558586484810906,0.00222717149220486,60.325,0.044343141317861434,60.3125,0.04455958549222805,59.1725,0.06468376357260563,59.104166666666664,0.06591469862530852,4664791.0,-0.20807748943093052,3846823.5,-0.039687420023299724,2584158.9,0.42953786626666046,2316581.2666666666,0.5946572016079212
2015-03-31,62.83,62.57,62.01,63.22,2374673.0,-0.0068253968253968456,-0.010281556469471709,0.009030801483631778,61.327,0.02026839728015406,60.6025,0.03246565735736984,59.38099999999999,0.05370404674896023,59.243833333333335,0.05614367740102333,4386256.4,-0.4586105363106453,3781968.1,-0.3721065494973371,2651008.8,-0.10423797914212873,2259228.2333333334,0.05109920501318088
2015-04-01,62.3,62.24,61.95,63.33,2200634.0,-0.005274093015822268,-0.01721143218064103,0.004681194511702902,62.291999999999994,-0.0008347781416553346,60.826499999999996,0.023238226759718428,59.570499999999996,0.04481244911491444,59.3635,0.048455700893646814,4256920.0,-0.4830454882873063,3729568.9,-0.40994949845275686,2711788.5,-0.18849349792581538,2271317.933333333,-0.031120228610883705
2015-04-05,61.59,62.78,61.33,62.935,2329772.0,0.008676092544987135,-0.002462858504806542,0.023642589271156034,63.080000000000005,-0.004755865567533379,60.99749999999999,0.029222509119226414,59.813,0.04960460100647013,59.48516666666667,0.05538915864179028,4218591.8,-0.44773703869618287,3514443.3,-0.3370864739801037,2749073.35,-0.15252461343019463,2301637.966666667,0.01222348333698986
2015-04-06,62.71,63.24,62.28,63.66,2118290.0,0.00732717425931817,-0.006597549481621057,0.015414258188824581,62.766000000000005,0.007551859286875073,61.281499999999994,0.03195907410882581,60.052,0.0530873243189236,59.62716666666667,0.06059039084533624,2543504.4,-0.167176593050124,3508513.1,-0.39624281294546115,2789321.15,-0.24057149174092052,2337932.0,-0.09394712934336846
2015-04-07,63.13,63.67,63.02,63.89,2266234.0,0.006799493991144878,-0.0034434183753325742,0.010314185972706946,62.9,0.012241653418123999,61.6125,0.03339419760600526,60.3755,0.054566835885417,59.7625,0.06538381091821788,2257920.6,0.003681883233626504,3461355.8,-0.3452756287001758,2833547.95,-0.20021328737352062,2351381.466666667,-0.03621167720921625
2015-04-08,63.32,64.03,63.23,64.1,1574990.0,0.005654154232762609,-0.0010920436817472012,0.012652222046497075,63.19200000000001,0.013261172300291113,62.2595,0.028437427219942357,60.7125,0.05464278361128283,59.93050000000001,0.0684042349054319,2097984.0,-0.24928407461639368,3242120.2,-0.5142098679746667,2841650.5,-0.4457481664265187,2359044.3,-0.3323609904231133
2015-04-09,64.28,64.235,63.8525,64.39,1274002.0,0.0032016242386381233,-0.002407206087901903,0.00599036842723466,63.590999999999994,0.010127219260587239,62.941500000000005,0.02055082894433702,61.048750000000005,0.05219189582096262,60.109,0.06864196709311421,1912657.6,-0.3339100526931742,3084788.8,-0.5870051136077776,2854814.55,-0.5537356358226491,2345789.433333333,-0.45689839765811313
2015-04-12,64.25,63.75,63.61,64.65,1475249.0,-0.0075504008717988125,-0.01392111368909521,0.002200911806319761,63.785000000000004,-0.0005487183507094651,63.432500000000005,0.0050053206164031305,61.359750000000005,0.03895468935254787,60.282666666666664,0.05751791559762909,1741753.0,-0.1530090661534672,2980172.4,-0.504978638148585,2864761.1,-0.4850359424386208,2355025.466666667,-0.37357407769857953
2015-04-13,63.63,62.57,62.46,63.86,2292615.0,-0.018509803921568646,-0.020200438459129333,0.001761127121357564,63.650999999999996,-0.016983236712698857,63.208499999999994,-0.010101489514859452,61.548500000000004,0.016596667668586473,60.375833333333325,0.03634180342576365,1776618.0,0.29043778685119714,2160061.2,0.061365761303429744,2911015.65,-0.21243467035294017,2369647.433333333,-0.03250797238852243
2015-04-14,62.93,63.925,62.8601,64.06,1557016.0,0.021655745564967077,-0.002107399313143965,0.016940793921740305,63.702,0.0035006750180528456,63.301,0.009857664175921377,61.80675,0.03427214665064904,60.54866666666667,0.05576230690463868,1634774.4,-0.04756521756151788,1946347.5,-0.20003185453779448,2896585.5,-0.4624650299464663,2371555.1,-0.34346201781270025
2015-04-15,63.52,64.105,63.49,64.23,1453722.0,0.00281579976535018,-0.0019461310913903018,0.00968656481335639,63.717000000000006,0.006089426683616672,63.45450000000001,0.010251440008194779,62.028499999999994,0.03347654707110448,60.73883333333334,0.05542033789475709,1610520.8,-0.0973590654650347,1854252.4,-0.21600640775764934,2818110.25,-0.48415006119792514,2385423.3333333335,-0.39058112676016976
2015-04-16,63.36,63.42,63.065,63.76,2449486.0,-0.010685593947430072,-0.005332496863237113,0.005629112820106252,63.553999999999995,-0.002108443213645006,63.572500000000005,-0.002398835974674607,62.1995,0.019622344231063016,60.9045,0.04130236682018573,1845617.6,0.3271904212443575,1879137.6,0.3035160384210289,2804353.25,-0.1265415653323988,2434238.2,0.006263889869117856
2015-04-19,63.67,63.72,63.62,64.41,1509950.0,0.00473036896877943,-0.010712622263623572,0.0015718327569946844,63.548,0.0027066154717694246,63.666500000000006,0.0008403163359065324,62.33200000000001,0.022267855996919605,61.0975,0.04292319653013621,1852557.8,-0.18493771152511407,1797155.4,-0.15981111038032658,2655799.35,-0.43145177740931373,2431767.3666666667,-0.3790730064489036
2015-04-20,64.15,64.37,63.79,64.535,1435947.0,0.010200878844946804,-0.0025567521499959556,0.009092334221664888,63.908,0.007229141891468949,63.779500000000006,0.009258460790692924,62.530499999999996,0.02941764418963566,61.2945,0.050175790650058394,1681224.2,-0.14589202320547134,1728921.1,-0.16945486986074731,2618717.1,-0.4516601277778345,2435854.466666667,-0.4104955695628998
2015-04-21,64.74,64.49,63.67,64.74,1021791.0,0.001864222463880516,-0.003861600247142438,0.012878906863514894,64.021,0.0073257212477155775,63.8615,0.009841610359919484,62.737,0.02794204377002396,61.53750000000001,0.04797887466991657,1574179.2,-0.3509055385816303,1604476.8,-0.363162496335254,2532916.3,-0.5965950394807755,2423857.566666667,-0.578444288950037
2015-04-22,63.04,63.59,62.8,63.82,2707720.0,-0.013955652039075672,-0.0036038859291757097,0.012579617834395096,63.918000000000006,-0.005131574830251284,63.817499999999995,-0.0035648529008499574,63.0385,0.008748621873934326,61.747499999999995,0.029839264747560712,1824978.8,0.4836994270837556,1717749.8,0.5763180411955222,2479935.0,0.09185119771284334,2467016.933333333,0.097568469601641
2015-04-23,63.58,62.53,61.85,63.6,3916496.0,-0.016669287623840234,-0.016823899371069206,0.010994341147938513,63.739999999999995,-0.018983369940382744,63.647000000000006,-0.017549923798450884,63.29425000000001,-0.012074556535546455,61.914833333333334,0.009935691231772736,2118380.8,0.8488158502947158,1981999.2,0.9760330882070993,2533394.0,0.5459482417657893,2563876.1,0.5275683563648024
2015-04-26,62.02,62.67,62.02,63.27,1689390.0,0.00223892531584835,-0.009483167377904222,0.010480490164463063,63.53000000000001,-0.013536911695262166,63.539,-0.01367663954421694,63.485749999999996,-0.012849340206266713,62.08616666666667,0.009403597688159238,2154268.8,-0.2157942407187069,2003413.3,-0.15674414260901637,2491792.85,-0.3220182809337462,2577645.1666666665,-0.3445994732530744
2015-04-27,62.68,63.22,62.5,63.46,1912504.0,0.008776128929312232,-0.0037819098644815696,0.011519999999999975,63.3,-0.0012638230647709081,63.604000000000006,-0.006037356141123329,63.40625,-0.002937407589945762,62.233666666666664,0.01584887065414753,2249580.2,-0.14983960118425654,1965402.2,-0.026914694610599255,2062731.7,-0.07282949110638093,2595811.1666666665,-0.26323454319064166
2015-04-28,63.05,62.82,62.31,63.65,1547464.0,-0.006327111673521069,-0.013040062843676314,0.008184882041405883,62.965999999999994,-0.0023187116856715484,63.4935,-0.010607385007914139,63.39725,-0.009105284535212532,62.369,0.007231156504032388,2354714.8,-0.342823173320183,1964447.0,-0.2122648256735865,1955397.25,-0.2086191181868544,2585872.6666666665,-0.40156991488882277
2015-04-29,62.55,61.84,61.29,62.67,2985884.0,-0.015600127347978332,-0.013243976384234801,0.008973731440691912,62.616,-0.012392998594608295,63.266999999999996,-0.022555202554254028,63.36075000000001,-0.024001452003014623,62.44133333333333,-0.009630373043496787,2410347.6,0.23877734481117985,2117663.2,0.4099900305204338,1985957.8,0.5034982112912973,2584627.9,0.1552471440860017
2015-04-30,62.35,63.27,62.34,63.57,3637680.0,0.023124191461836974,-0.00471920717319485,0.014918190567853706,62.763999999999996,0.008061946338665527,63.251999999999995,0.00028457598178732724,63.41225000000001,-0.002243257414774047,62.550333333333334,0.011505400983741199,2354584.4,0.5449350636995642,2236482.6,0.6265183552065192,2057810.1,0.7677432917643858,2615063.033333333,0.39104868740512577
2015-05-03,63.63,63.25,63.15,63.9,1436721.0,-0.000316105579263537,-0.010172143974960801,0.0015835312747427555,62.879999999999995,0.005884223918575238,63.205,0.0007119689897951975,63.435750000000006,-0.0029281595945505057,62.623000000000005,0.010012295801861804,2304050.6,-0.37643687165550965,2229159.7,-0.35548763060807176,2013157.55,-0.286334544457288,2513586.1333333333,-0.4284178365932
2015-05-04,63.04,61.765,61.72,63.04,1630164.0,-0.02347826086956517,-0.020225253807106602,0.0007290991574855354,62.58900000000001,-0.013165252680183648,62.94449999999999,-0.018738730151164784,63.36200000000001,-0.02520438117483681,62.6685,-0.014417131413708706,2247582.6,-0.2747034080082308,2248581.4,-0.27502557834908714,1988751.25,-0.1803077433640834,2495338.533333333,-0.346716295915814
2015-05-05,62.07,61.64,61.26,62.265,1673148.0,-0.0020237998866672324,-0.010037741909580067,0.006203068886712515,62.352999999999994,-0.01143489487274063,62.6595,-0.016270477740805478,63.2605,-0.025616300851242113,62.71116666666667,-0.017080955810634513,2272719.4,-0.2638123298459105,2313717.1,-0.27685714039974896,1959096.95,-0.1459595708114394,2459849.9,-0.3198170343645764
2015-05-06,61.83,62.04,61.57,62.62,1760380.0,0.006489292667099189,-0.009262216544235091,0.007633587786259444,62.392999999999994,-0.005657685958360581,62.50450000000001,-0.007431464934524845,63.161,-0.017748294042209678,62.8605,-0.01305271195742963,2027618.6,-0.13179924469029836,2218983.1,-0.20667264207645386,1968366.45,-0.1056644965676996,2392951.033333333,-0.264347671357142
2015-05-07,62.75,62.72,62.4,63.44,2026877.0,0.010960670535138606,-0.011349306431273631,0.00512820512820511,62.283,0.007016360804714017,62.5235,0.003142818300319039,63.085249999999995,-0.0057897844583321145,63.037333333333336,-0.00503405389398881,1705458.0,0.18846491675549903,2030021.2,-0.0015488508198829853,2006010.2,0.01040214052750077,2365603.066666667,-0.1431880400560861
2015-05-10,62.75,62.64,62.63,63.0,1396679.0,-0.0012755102040815647,-0.005714285714285672,0.00015966789078714072,62.161,0.00770579623879919,62.520500000000006,0.001911373069633182,63.02975,-0.0061835879088842916,63.164,-0.008295864733075864,1697449.6,-0.17718970860754868,2000750.1,-0.3019223140361208,2002081.7,-0.3023866108960488,2328111.933333333,-0.4000808208562938
2015-05-11,62.24,62.08,61.59,62.492,1614440.0,-0.008939974457215838,-0.006592843884017152,0.007955836986523801,62.224000000000004,-0.002314219593726019,62.406499999999994,-0.0052318268129120105,63.005250000000004,-0.014685284162827772,63.07299999999999,-0.015743662105813794,1694304.8,-0.04713720931440435,1970943.7,-0.18087969737542475,1968172.95,-0.17972655807509186,2032135.7,-0.20554518086562823
2015-05-12,62.25,62.24,62.03,62.87,1660008.0,0.002577319587628857,-0.010020677588674975,0.003385458649040718,62.34400000000001,-0.0016681637366868785,62.3485,-0.0017402182891328444,62.92100000000001,-0.010823095627850887,63.047666666666665,-0.012810413285186284,1691676.8,-0.018720360768676447,1982198.1,-0.16254182667211725,1973322.55,-0.15877513283370737,1964330.8666666667,-0.15492444365194014
2015-05-13,62.97,63.4,62.71,63.83,1918844.0,0.018637532133676027,-0.006736644211185916,0.011003029819805388,62.616,0.012520761466717767,62.50450000000001,0.014326968458270972,62.88575000000001,0.008177528295360892,63.07533333333333,0.00514728419984567,1723369.6,0.11342569812070491,1875494.1,0.023113855703411623,1996578.65,-0.03893392829779074,1949136.5666666667,-0.015541531150109034
2015-05-14,63.89,63.175,62.96,63.93,2333229.0,-0.0035488958990536057,-0.01180979195995624,0.003414866581956666,62.706999999999994,0.007463281611303385,62.495000000000005,0.010880870469637483,62.8735,0.004795343030052468,63.1065,0.0010854666318049766,1784640.0,0.30739476869284554,1745049.0,0.33705643795675644,1990765.8,0.1720258606009808,1953556.4,0.1943494439167459
2015-05-17,63.23,63.36,63.03,63.71,3453560.0,0.0029283735654928034,-0.005493643070161647,0.005235602094240788,62.851,0.008098518718874903,62.50600000000001,0.013662688381915311,62.85549999999999,0.008026346143138019,63.12583333333334,0.003709521986508424,2196016.2,0.5726477791921569,1946732.9,0.7740286815926316,2087946.3,0.6540463708285984,1991016.0,0.7345716960586957
2015-05-18,63.8,63.45,63.3,64.34,4538917.0,0.0014204545454545858,-0.0138327634442027,0.0023696682464455776,63.125,0.005148514851485153,62.6745,0.012373453318335281,62.8095,0.010197501970243383,63.13283333333333,0.005023799026919518,2780911.6,0.63216874639237,2237608.2,1.0284681652489471,2243094.8,1.0235065410521216,2071703.5666666667,1.190910453131591
2015-05-19,64.2,66.18,64.0,66.85,7012442.0,0.04302600472813234,-0.010022438294689406,0.03406250000000011,63.913,0.03547009215652541,63.128499999999995,0.04833791393744513,62.894000000000005,0.052246637199096835,63.216499999999996,0.04687858391401001,3851398.4,0.8207521714710169,2771537.6,1.5301630401839037,2542627.35,1.7579511405790549,2229910.5,2.1447190369299576
2015-05-20,66.0,65.49,65.05,66.0201,3560690.0,-0.01042611060743448,-0.008029372872807028,0.006764027671022355,64.331,0.018016197478665008,63.4735,0.0317691635091808,62.989,0.03970534537776427,63.265166666666666,0.035166797948317896,4179767.6,-0.14811292379030838,2951568.6,0.20637209651844102,2585275.85,0.37729596630858553,2296100.5,0.5507552914169045
2015-05-21,65.54,67.095,65.47,67.47,3561352.0,0.024507558405863605,-0.005558025789239696,0.02482052848632965,65.115,0.030407740152038842,63.911,0.0498192799361612,63.21725,0.06134006145474524,63.3605,0.05894050709827092,4425392.2,-0.1952460168389143,3105016.1,0.14696732168313065,2567518.65,0.3870793109915678,2372345.5,0.5011944929606587
2015-05-25,66.95,66.85,65.94,67.15,2969952.0,-0.003651538862806558,-0.004467609828741836,0.013800424628449992,65.813,0.01575676538069981,64.332,0.039140707579431666,63.42625,0.0539800161605013,63.46383333333333,0.05335584834406992,4328670.6,-0.3138881946803713,3262343.4,-0.0896261871144527,2631546.75,0.128595568366779,2422168.933333333,0.2261539478639174
2015-05-26,66.57,68.29,66.48,68.44,2995650.0,0.021540762902019672,-0.002191700759789472,0.027226233453670368,66.78099999999999,0.02259624743564803,64.953,0.051375610056502374,63.67975,0.07239742618336287,63.654500000000006,0.07282281692574766,4020017.2,-0.25481662118261583,3400464.4,-0.11904679843141419,2685704.05,0.11540584674621912,2445603.433333333,0.22491241186922895
2015-05-27,68.35,68.31,67.68,68.75,1722473.0,0.0002928686484111598,-0.006399999999999961,0.00930851063829774,67.207,0.0164119808948473,65.56,0.04194630872483218,63.95425,0.068107279813304,63.800666666666665,0.07067846730964145,2962023.4,-0.41848096135904933,3406710.9,-0.49438826758090915,2694454.5,-0.36073405581723494,2451118.6666666665,-0.29727066117837897
2015-05-28,68.5,67.96,67.59,68.51,2371184.0,-0.005123700775874762,-0.008028025105824121,0.00547418257138621,67.701,0.0038256451160247895,66.01599999999999,0.02944740668928758,64.26025,0.057574472554962064,63.92916666666667,0.06305155445480004,2724122.2,-0.12956034057503008,3451944.9,-0.3130875292939931,2663719.5,-0.1098221866078617,2481700.7333333334,-0.04453265933676509
2015-05-31,68.41,68.75,67.8,68.97,2452991.0,0.011624484991171302,-0.0031897926634768536,0.014011799410029502,68.03200000000001,0.01055385700846645,66.5735,0.03269318873125204,64.53425,0.06532577662249106,64.10683333333334,0.07242857625682109,2502450.0,-0.019764231053567505,3463921.1,-0.29184559082480255,2604485.05,-0.058166603797552896,2481817.566666667,-0.011615103001057392
2015-06-01,68.69,67.71,67.51,68.7,1853073.0,-0.015127272727272767,-0.014410480349345112,0.0029625240705080103,68.204,-0.007242976951498448,67.0085,0.010468821119708593,64.75725,0.04559721112307891,64.23983333333334,0.05401892387641083,2279074.2,-0.18691853034008288,3303872.4,-0.439120893409806,2625302.65,-0.2941488098524564,2493255.0,-0.2567655534632438
2015-06-02,68.08,67.29,67.19,68.08,1227759.0,-0.006202924235710894,-0.011603995299647396,0.0014883167137969,68.004,-0.010499382389271172,67.39250000000001,-0.0015209407575027534,65.0335,0.03469750205663247,64.33716666666666,0.04589622898117485,1925496.0,-0.36236741078662327,2972756.6,-0.5869964597841613,2605182.4,-0.5287243611042359,2486315.4,-0.506193381579827
2015-06-03,66.92,66.94,66.62,67.43,2167466.0,-0.005201367216525643,-0.007266795195017162,0.004803362353647422,67.73,-0.01166395984054347,67.46849999999999,-0.007833285162705428,65.2985,0.025138402872960208,64.41883333333332,0.03913710534962611,2014494.6,0.07593537356714686,2488259.0,-0.1289226724388418,2629898.3,-0.17583657132292907,2524504.566666667,-0.14142916252993643
2015-06-04,66.95,67.37,66.41,67.61,1769885.0,0.00642366298177488,-0.003549770743972669,0.01445565426893558,67.612,-0.003579246287641058,67.6565,-0.004234626384752249,65.565,0.027529932128422363,64.54483333333333,0.04377060905985264,1894234.8,-0.06564645523353285,2309178.5,-0.23354344412958983,2630373.55,-0.327135493740043,2493243.4,-0.29012747010580675
2015-06-07,67.43,65.95,65.72,67.52,2311914.0,-0.02107763099302362,-0.023252369668246398,0.0034996956786366162,67.05199999999999,-0.016435005667243208,67.542,-0.023570519084421537,65.7265,0.0034004549154451613,64.65883333333333,0.019968913760171958,1866019.4,0.2389549647768936,2184234.7,0.058454936184284545,2644625.4,-0.1258066265263882,2439757.3333333335,-0.05240002011128986
2015-06-08,66.07,65.69,65.27,66.39,2278439.0,-0.0039423805913572085,-0.010543756589847963,0.006434809253868634,66.648,-0.014374024726923507,67.426,-0.02574674457924253,65.87899999999999,-0.0028688960063144586,64.75949999999999,0.014368548243887114,1951092.6,0.16777594256674444,2115083.4,0.07723364478204497,2688713.4,-0.15259134722205792,2459392.3,-0.07357642780291695
2015-06-09,66.08,67.72,65.74,67.88,2998065.0,0.030902724920079283,-0.0023571007660576626,0.030118649224216698,66.734,0.014775077172056283,67.369,0.005210111475604462,66.161,0.023563730898867874,64.9095,0.043298746716582404,2305153.8,0.3005921774069913,2115324.9,0.41730710020006856,2757894.65,0.08708467163529976,2495577.6666666665,0.20135111002355766
2015-06-10,67.74,67.22,67.13,67.85,1384155.0,-0.00738334317779088,-0.009285187914517268,0.0013406822583048594,66.78999999999999,0.006438089534361424,67.26,-0.0005947071067500254,66.41,0.012196958289414361,65.05616666666667,0.0332610026720499,2148491.6,-0.35575498642861814,2081493.1,-0.33501821360829875,2744102.0,-0.4955890852453735,2490134.033333333,-0.4441443787878566
2015-06-11,66.75,66.26,66.07,66.92,1241514.0,-0.014281463850044585,-0.00986252241482366,0.0028757378537915823,66.568,-0.004626847734647166,67.09,-0.012371441347443723,66.553,-0.0044025062731957165,65.2035,0.016203117930785993,2042817.4,-0.39225405070467867,1968526.1,-0.36931798872262855,2710235.5,-0.5419165603874645,2431988.3666666667,-0.48950660413657954
2015-06-14,65.75,66.7,65.373,66.77,1702953.0,0.00664050709326891,-0.001048375018720904,0.02029890015755731,66.718,-0.00026979225995982237,66.885,-0.002765941541451822,66.72925000000001,-0.00043833850972407884,65.31783333333334,0.021160632496995513,1921025.2,-0.11351865660065263,1893522.3,-0.10064275451099791,2678721.7,-0.3642665454944424,2367497.466666667,-0.28069490084917237
2015-06-15,66.55,66.63,66.34,66.945,1384838.0,-0.0010494752623689818,-0.004705355142280987,0.00437141995779311,66.90599999999999,-0.004125190565868464,66.77700000000002,-0.0022013567545714485,66.89275,-0.003927929409390574,65.43050000000001,0.018332429065955225,1742305.0,-0.2051690146099564,1846698.8,-0.25010077441973755,2575285.6,-0.4622584772733557,2365768.033333333,-0.414634917503394
2015-06-16,66.82,67.23,66.82,67.61,2190556.0,0.009004952723998372,-0.0056204703446235404,0.0061358874588448575,66.80799999999999,0.0063166087893666845,66.771,0.0068742418115650405,67.08175,0.0022099900494545466,65.61266666666667,0.024649711945864183,1580803.2,0.3857234094667825,1942978.5,0.12742163642057802,2457867.55,-0.10875750810901097,2384447.7666666666,-0.08131516629433955
2015-06-17,67.6,68.3,67.51,68.63,1989313.0,0.015915513907481582,-0.0048083928311234425,0.011701970078506818,67.024,0.019037956552876434,66.90700000000001,0.020819944101513777,67.18775,0.016554357007043663,65.83466666666666,0.03744734283862616,1701834.8,0.16892250646184936,1925163.2,0.03332174643687358,2206711.1,-0.0985167927056696,2394986.6,-0.1693844967650341
2015-06-18,68.34,67.91,67.29,68.55,3150821.0,-0.005710102489019042,-0.009336250911743282,0.009213850497844955,67.354,0.008254892062832253,66.961,0.014172428727169617,67.30875,0.008932716771593574,66.03033333333333,0.028466714792696246,2083696.2,0.512130703122653,2063256.8,0.5271104401546138,2186217.65,0.4412201822631887,2441334.6333333333,0.29061414071611846
2015-06-21,68.34,68.02,67.41,68.6,2000602.0,0.001619790899720197,-0.008454810495626797,0.009049102507046491,67.618,0.00594516253068722,67.16799999999999,0.012684611719866679,67.35499999999999,0.009873060648801113,66.207,0.02738381137946133,2143226.0,-0.06654641181098031,2032125.6,-0.015512623826007599,2108180.15,-0.05102891704961743,2440458.8,-0.18023529018396045
2015-06-22,68.04,67.53,67.39,68.26,1391803.0,-0.007203763598941371,-0.010694403750366344,0.002077459563733397,67.798,-0.003952918965161256,67.352,0.002642831690224501,67.389,0.00209232960868988,66.37,0.017477776103661302,2144619.0,-0.35102552015066546,1943462.0,-0.28385376199791923,2029272.7,-0.31413703047402153,2440296.2666666666,-0.42965818576564085
2015-06-23,67.46,66.84,66.75,67.65,1361902.0,-0.010217681030653014,-0.01197339246119733,0.001348314606741674,67.72,-0.012994683992911926,67.264,-0.00630352045670779,67.31649999999999,-0.007078502298841882,66.52866666666667,0.004679686951990725,1978888.2,-0.31178426350715516,1779845.7,-0.2348201869409241,1947585.3,-0.3007227976099429,2431878.3333333335,-0.4399793849335939
2015-06-24,67.06,66.59,66.3,67.33,1590096.0,-0.0037402752842609077,-0.010990643101143505,0.00437405731523377,67.378,-0.011695212087031281,67.201,-0.00909212660525871,67.2305,-0.009526926023159188,66.67366666666666,-0.0012548682388348054,1899044.8,-0.16268642003600975,1800439.8,-0.11682912141800017,1940966.45,-0.1807710019923322,2429547.933333333,-0.3455177491318755
2015-06-25,66.37,65.8,65.26,67.17,5640186.0,-0.01186364318966826,-0.020396010123567176,0.008274593931964391,66.956,-0.01726506959794505,67.155,-0.020177201995383864,67.1225,-0.019702782226526216,66.75366666666667,-0.014286356305022063,2396917.8,1.3530994679917687,2240307.0,1.517595133167017,2104416.55,1.6801661486648167,2553592.6666666665,1.2087257978236678
2015-06-28,65.41,63.99,63.83,65.6,2736499.0,-0.02750759878419451,-0.02454268292682915,0.002506658311139054,66.15,-0.032653061224489854,66.88399999999999,-0.04326894324502095,66.8845,-0.04327609535841637,66.78083333333333,-0.041790933027190946,2544097.2,0.07562674885220577,2343661.6,0.16761694606422695,2118591.95,0.29165930230217274,2567035.0,0.06601546141754988
2015-06-29,64.34,64.185,63.82,64.68,1927606.0,0.0030473511486168725,-0.007653061224489832,0.005719210278909426,65.48100000000001,-0.019792000733037107,66.6395,-0.03683250924751835,66.70824999999999,-0.03782515655859642,66.80833333333334,-0.0392665585630535,2651257.8,-0.27294659915757713,2397938.4,-0.19614031786638053,2122318.6,-0.0917452261880003,2516169.8666666667,-0.23391261236522776
2015-06-30,65.08,64.57,64.38,66.28,2100438.0,0.005998286203941605,-0.025799637899819094,0.0029512270891580705,65.027,-0.007027849970012601,66.37349999999999,-0.0271719888208396,66.57225000000001,-0.030076345624490908,66.84566666666667,-0.034043592952921586,2798965.0,-0.2495661789268533,2388926.6,-0.1207607634324136,2165952.55,-0.030247453943531566,2434887.2333333334,-0.1373571756238896
2015-07-01,64.58,64.38,63.9,64.9,1861017.0,-0.0029425429766144484,-0.00801232665639462,0.00751173708920172,64.58500000000001,-0.0031741116358289245,65.98150000000001,-0.024271955017694635,66.44425,-0.031067398608607966,66.78566666666667,-0.03602070304506466,2853149.2,-0.3477323232868439,2376097.0,-0.21677566193636033,2150630.1,-0.13466430140636465,2263173.066666667,-0.17769567541689857
2015-07-05,63.85,63.59,63.37,64.31,2055538.0,-0.012270891581236287,-0.011195770486705059,0.003471674293829885,64.143,-0.00862136164507421,65.5495,-0.029893439309224168,66.25525,-0.040227000879175634,66.72233333333334,-0.04694580025678563,2136219.6,-0.03776840171300744,2266568.7,-0.09310580349936015,2164912.75,-0.05052155104172207,2213001.3333333335,-0.07115374535095931
2015-07-06,63.47,63.38,61.69,63.66,2417790.0,-0.003302406038685368,-0.0043983663210805934,0.027395039714702696,64.021,-0.010012339701035544,65.0855,-0.02620399320893274,66.12675,-0.041537653067782676,66.5985,-0.048326914269840926,2072477.8,0.1666180453175421,2308287.5,0.04743884806377019,2170206.55,0.1140828968560621,2174882.6,0.111687591780816
2015-07-07,62.8,61.94,61.39,62.98,2945190.0,-0.02272010097822663,-0.016513178786916494,0.008959113862192503,63.572,-0.025671679355691257,64.5265,-0.04008430644773853,65.93925,-0.0606505230192943,66.43483333333333,-0.06765777992970556,2275994.6,0.29402328107456843,2463626.2,0.19546950750889058,2203544.1,0.3365695744414645,2174057.2,0.3546975672949175
2015-07-08,62.82,60.89,60.88,63.22,3328943.0,-0.016951888924765846,-0.03685542549826004,0.00016425755584759116,62.836,-0.030969507925393103,63.93150000000001,-0.04757435692890055,65.59774999999999,-0.0717669432259489,66.18816666666666,-0.08004703761246335,2521695.6,0.3201208742244701,2660330.3,0.25132694989039517,2220088.0,0.49946443564399257,2185166.966666667,0.5234272944726466
2015-07-09,61.4,61.51,61.09,62.05,1777324.0,0.010182295943504727,-0.008702659145850111,0.00687510230806998,62.262,-0.01207799299733392,63.423500000000004,-0.030170205050178645,65.31224999999999,-0.058216490780825914,65.9615,-0.06748633672672699,2504957.0,-0.29047724172510747,2679053.1,-0.3365850046047987,2239746.45,-0.20646196358520852,2186995.3333333335,-0.1873215397807586
2015-07-12,62.06,61.87,61.65,62.145,1589230.0,0.0058527068769305135,-0.0044251347654679085,0.003568532035685301,61.91799999999999,-0.000775218837817726,63.030499999999996,-0.01841172130952473,65.09275,-0.0495101220950106,65.7585,-0.05913303983515439,2411695.4,-0.3410320391206949,2273957.5,-0.3011171053108952,2257132.25,-0.29590745070431734,2160930.2,-0.2645620853463939
2015-07-13,62.0,62.62,61.9,62.77,1968295.0,0.012122191692258033,-0.002389676597100654,0.011631663974151829,61.766,0.01382637697114908,62.8935,-0.00434862108166989,64.88874999999999,-0.03496368785035908,65.55416666666666,-0.044759422869128485,2321796.4,-0.15225340171946167,2197137.1,-0.10415467473559115,2270399.35,-0.1330622077565341,2144773.6666666665,-0.0822831189180645
2015-07-14,62.24,62.92,62.14,63.15,2252365.0,0.004790801660811361,-0.00364212193190816,0.012552301255230214,61.962,0.015461089054581878,62.766999999999996,0.00243758662991711,64.70325,-0.027560439390602376,65.3945,-0.03783957366445179,2183231.4,0.03166572265312784,2229613.0,0.010204461491747585,2313775.7,-0.026541336742364474,2158083.4,0.04368765359114479
2015-07-15,62.51,62.83,62.24,63.25,1782806.0,-0.0014303877940241572,-0.006640316205533625,0.009479434447300816,62.35,0.007698476343223737,62.592999999999996,0.0037863658875594286,64.48325,-0.02563844099048973,65.24583333333334,-0.03702663005300477,1874004.0,-0.04866478406662955,2197849.8,-0.18884083889627024,2293388.2,-0.22263226086189858,2176584.966666667,-0.1809159636298141
2015-07-16,62.82,62.46,62.06,62.83,1574374.0,-0.005888906573292996,-0.005888906573292996,0.0064453754431195165,62.54,-0.0012791813239526606,62.400999999999996,0.0009454976683067606,64.19125,-0.026970186746635982,65.0965,-0.040501409445976466,1833414.0,-0.14128832876807962,2169185.5,-0.2742096054025809,2272641.25,-0.3072492193829537,2156815.2333333334,-0.27004688409640776
2015-07-19,62.61,61.99,61.95,62.73,1395250.0,-0.007524815882164582,-0.011796588554120802,0.0006456820016143006,62.564,-0.009174605204270825,62.24100000000001,-0.004032711556691049,63.89525,-0.029818335478771774,64.91716666666666,-0.0450907951928482,1794618.0,-0.22253649523185437,2103156.7,-0.3365924659822067,2184862.7,-0.3614015196469783,2144327.4,-0.34932977119072395
2015-07-20,61.9,62.08,60.6,62.47,1655874.0,0.0014518470721083254,-0.0062429966383864555,0.024422442244224296,62.455999999999996,-0.0060202382477263505,62.111000000000004,-0.0004991064384731736,63.59824999999999,-0.023872512215351804,64.78816666666667,-0.0418003287637404,1732133.8,-0.04402650649736184,2026965.1,-0.18307720246392012,2167626.3,-0.23608880368355,2122459.4,-0.21983242647656764
2015-07-21,58.73,58.65,57.16,58.95,5695540.0,-0.055251288659793785,-0.0050890585241730735,0.026067179846046118,61.602,-0.04792052206097197,61.782,-0.050694377003010604,63.154250000000005,-0.07132140750622495,64.5535,-0.0914512768478859,2420768.8,1.3527814799992468,2302000.1,1.4741701792280546,2382813.15,1.390258757804824,2236362.7666666666,1.5467871692790212
2015-07-22,58.99,60.05,58.75,61.22,3235512.0,0.023870417732310356,-0.019111401502776904,0.02212765957446794,61.04600000000001,-0.016315565311404656,61.698,-0.026710752374469293,62.814750000000004,-0.04401434376480051,64.29783333333334,-0.0660649529403533,2711310.0,0.19333901324452007,2292657.0,0.41124991658150356,2476493.65,0.30648911617439434,2244277.6666666665,0.4416718786876195
2015-07-23,60.37,58.49,58.36,60.59,2506615.0,-0.02597835137385507,-0.034659184683941247,0.002227553118574477,60.251999999999995,-0.02924384252804879,61.396,-0.047332073750732895,62.409749999999995,-0.06280669286449625,64.00683333333333,-0.08619131811447212,2897758.2,-0.13498131072495978,2365586.1,0.0596168957874752,2522319.6,-0.006226253009333216,2281693.0,0.09857680240067346
2015-07-26,58.22,57.89,57.53,58.4,2084740.0,-0.010258163788681829,-0.008732876712328697,0.006257604727968102,59.431999999999995,-0.025945618522008274,60.998000000000005,-0.050952490245581905,62.014250000000004,-0.06650487589545961,63.727833333333336,-0.09160570865163575,3035656.2,-0.3132489772721958,2415137.1,-0.13680262706411161,2344547.3,-0.11081341801037659,2309800.533333333,-0.09743721593506716
2015-07-27,58.27,58.99,57.62,59.56,2581462.0,0.019001554672654963,-0.009570181329751515,0.02377646650468601,58.814,0.0029924847825348877,60.635000000000005,-0.02712954564195602,61.764250000000004,-0.04491676009989598,63.47083333333333,-0.07059673078185513,3220773.8,-0.19849633650149534,2476453.8,0.0424026484968143,2336795.45,0.10470174015444944,2339084.1666666665,0.10362082595716782
2015-07-28,58.87,58.79,58.25,59.01,2355073.0,-0.003390405153415932,-0.0037281816641246968,0.009270386266094333,58.842000000000006,-0.0008837225111316682,60.222,-0.0237786855302049,61.4945,-0.043979542885949185,63.2095,-0.06991828759917418,2552680.4,-0.0774117276882762,2486724.6,-0.052941769265482885,2358168.8,-0.0013127983034970647,2371425.3333333335,-0.006895571664636058
2015-07-29,58.66,58.82,57.98,59.06,2131856.0,0.0005102908657934613,-0.004063664070436901,0.014487754398068375,58.596000000000004,0.003822786538330236,59.821000000000005,-0.01673325420838845,61.20700000000001,-0.03899880732595962,62.92916666666667,-0.06529828510891877,2331949.2,-0.08580512817346109,2521629.6,-0.15457210686295886,2359739.7,-0.09657154134415769,2369468.6666666665,-0.10028099126583367
2015-07-30,59.05,58.33,58.21,59.05,1930726.0,-0.00833049982998979,-0.01219305673158344,0.0020615014602300974,58.564,-0.003995628713885702,59.407999999999994,-0.018145704282251485,60.9045,-0.042271096552799925,62.59683333333333,-0.06816372500206347,2216771.4,-0.12903694084108086,2557264.8,-0.24500348966598995,2363225.15,-0.18301224917143422,2367515.7666666666,-0.18449286497535888
2015-08-02,58.43,58.67,58.35,59.035,2262281.0,0.005828904508829114,-0.006182772931311864,0.00548414738646108,58.720000000000006,-0.0008514986376022549,59.076,-0.006872503216196035,60.658500000000004,-0.03278188547359395,62.288833333333336,-0.05809762584518896,2252279.6,0.004440567680850993,2643967.9,-0.1443613971258879,2373562.3,-0.0468836651138248,2337897.7666666666,-0.032343915009799495
2015-08-03,58.53,58.48,58.05,59.2,1620825.0,-0.003238452360661448,-0.01216216216216226,0.007407407407407307,58.617999999999995,-0.002354225664471632,58.715999999999994,-0.004019347366986836,60.4135,-0.03200443609458159,61.97083333333333,-0.05633026289248977,2060152.2,-0.2132498754218256,2640463.0,-0.38615879109080486,2333714.05,-0.305474036118521,2325238.533333333,-0.30294248234546717
2015-08-04,59.14,60.7,58.87,60.84,3228487.0,0.03796169630642976,-0.002301117685733045,0.031085442500424776,59.0,0.028813559322034,58.92100000000001,0.03019297024829859,60.3515,0.005774504361946375,61.74316666666666,-0.016895256965008154,2234835.0,0.4446198488926476,2393757.7,0.34871085741050556,2347878.9,0.3750653834829387,2386461.3333333335,0.3528344058650854
2015-08-05,60.32,58.87,58.733,60.79,2922613.0,-0.03014827018121924,-0.03158414212863958,0.002332589855787992,59.010000000000005,-0.0023724792408067463,58.803,0.001139397649779772,60.2505,-0.02291267292387622,61.4775,-0.042413891261030456,2392986.4,0.22132453406337782,2362467.8,0.23710172896324777,2327562.4,0.25565398375570947,2438485.033333333,0.19853636993821477
2015-08-06,58.81,59.61,58.0,59.75,2469281.0,0.01257006964498042,-0.0023430962343096162,0.027758620689655178,59.266,0.00580433975635275,58.915,0.011796656199609679,60.1555,-0.00906816500569363,61.24483333333333,-0.02669340815143595,2500697.4,-0.012563055410062751,2358734.4,0.04686691303607571,2362160.25,0.04534863796814803,2467791.2,0.000603697752062482
2015-08-09,59.95,61.09,59.95,61.225,1957457.0,0.02482804898506963,-0.0022049816251531462,0.01901584653878241,59.75,0.022426778242677914,59.235,0.03131594496497003,60.116499999999995,0.016193557509169842,61.08783333333334,3.5468055559206846e-05,2439732.6,-0.1976755977273903,2346006.1,-0.16562152161496946,2380571.6,-0.17773655705209623,2345033.566666667,-0.1652754878121362
2015-08-10,60.61,59.38,59.16,60.85,2065841.0,-0.027991487968570983,-0.024157764995891506,0.0037187288708588895,59.92999999999999,-0.00917737360253612,59.274,0.0017883051590916743,59.95450000000001,-0.009582266552135454,60.93416666666667,-0.02550566868615034,2528735.8,-0.1830538405791542,2294444.0,-0.0996332880645594,2385448.9,-0.13398228735899553,2322678.3,-0.11057807704149125
2015-08-11,58.78,59.74,58.27,60.01,2126998.0,0.006062647356012141,-0.004499250124979093,0.025227389737429107,59.738,3.347952726917569e-05,59.36900000000001,0.006249052535835187,59.795500000000004,-0.0009281634905636826,60.785999999999994,-0.017207909716052905,2308438.0,-0.0785986021716849,2271636.5,-0.06367149849898956,2379180.55,-0.10599554960215185,2329324.7,-0.08686066824431993
2015-08-12,59.66,59.0,58.87,59.89,1895762.0,-0.01238701037830603,-0.014860577725830715,0.002208255478172383,59.763999999999996,-0.01278361555451435,59.387,-0.006516577702190718,59.604000000000006,-0.010133548084021338,60.60033333333333,-0.026407995555579933,2103067.8,-0.09857304648000409,2248027.1,-0.15669966789991108,2384828.35,-0.20507402555827559,2322502.1666666665,-0.18374155804519154
2015-08-13,58.85,58.84,58.5307,59.27,1612574.0,-0.0027118644067796183,-0.007254935043023436,0.005284406303017075,59.61,-0.012917295755745628,59.438,-0.010060903798916554,59.423,-0.009811015936590173,60.41566666666667,-0.026080431676110405,1931726.4,-0.1652161506929759,2216211.9,-0.27237372924493364,2386738.35,-0.3243607955601836,2314220.7333333334,-0.3031892002465567
2015-08-16,58.47,59.5,58.3,59.52,1408689.0,0.011216859279401747,-0.00033602150537637154,0.020583190394511286,59.29200000000001,0.003508061795857609,59.520999999999994,-0.0003528166529459531,59.298500000000004,0.00339806234559048,60.27933333333333,-0.012928698614229184,1821972.8,-0.22683313384261283,2130852.7,-0.33890831590564663,2387410.3,-0.40995102517568927,2292659.1,-0.38556543360502227
2015-08-17,58.99,57.9,57.33,59.42,4584929.0,-0.026890756302521024,-0.02558061258835409,0.009942438513867113,58.996,-0.018577530680046195,59.46300000000001,-0.026285253014479704,59.0895,-0.02013048003452389,60.09666666666667,-0.03655222142104397,2325790.4,0.9713423015246774,2427263.1,0.8889295519715188,2533863.05,0.809462038605441,2364897.066666667,0.9387435777331645
2015-08-18,60.73,58.38,57.75,60.82,9485000.0,0.00829015544041467,-0.0401183821111476,0.01090909090909098,58.724000000000004,-0.005857911586404252,59.23100000000001,-0.014367476490351416,59.076,-0.011781434084907505,59.978,-0.026643102470905955,3797390.8,1.4977676777433602,3052914.4,2.1068673265126594,2723336.05,2.4828606627522154,2582890.7333333334,2.672242064905004
2015-08-19,57.26,53.82,53.8,57.4,5913909.0,-0.07810894141829394,-0.06236933797909405,0.0003717472118960341,57.688,-0.067050339758702,58.726,-0.08354051016585495,58.7645,-0.08414093542870271,59.742333333333335,-0.0991312692842038,4601020.2,0.2853473236218349,3352044.0,0.7642695024289656,2857255.9,1.0697862589066665,2669056.2666666666,1.2157303590252777
2015-08-20,53.35,53.78,53.03,55.25,5870882.0,-0.0007432181345224942,-0.026606334841628887,0.014142937959645385,56.676,-0.05109746629966827,58.142999999999994,-0.07503912766799081,58.528999999999996,-0.08113926429633167,59.48466666666666,-0.09590146480325457,5452681.8,0.07669624147149023,3692204.1,0.590075153212684,3025469.25,0.9404864220649409,2805508.2,1.0926269258453778
2015-08-23,51.49,51.67,50.86,54.0,6843323.0,-0.039233915953886145,-0.04314814814814816,0.015926071569013045,55.11,-0.062420613318816875,57.201,-0.09669411373927028,58.217999999999996,-0.11247380535229645,59.14466666666667,-0.1263793861379443,6539608.6,0.04644229013950474,4180790.7,0.6368489817009972,3263398.4,1.096992815832722,2980644.6333333333,1.295920460785334
2015-08-24,53.3,50.61,50.56,53.64,3945498.0,-0.020514805496419597,-0.05648769574944079,0.000988924050632889,53.652,-0.056698725117423465,56.324,-0.10144876074142462,57.799,-0.12437931452101247,58.74433333333333,-0.13847009356930873,6411722.4,-0.3846430406905951,4368756.4,-0.09688303975932377,3331600.2,0.1842651468204377,3046551.4,0.29507022267866545
2015-08-25,51.89,54.22,50.96,54.29,5216318.0,0.07132977672396756,-0.0012893718916927588,0.06397174254317117,52.82000000000001,0.026505111700113382,55.772000000000006,-0.027827583733773364,57.570499999999996,-0.05819820915225671,58.45433333333334,-0.07243831366936027,5557986.0,-0.06147334664031179,4677688.4,0.11514867044157961,3474662.45,0.5012445309615614,3145349.8333333335,0.6584222030628388
2015-08-26,54.75,56.48,54.62,56.51,5323198.0,0.04168203614902244,-0.0005308794903556846,0.03405346027096301,53.352,0.058629479682111185,55.52,0.01729106628242061,57.4535,-0.01694413743288048,58.242666666666665,-0.030264182042946786,5439843.8,-0.021442858340895765,5020432.0,0.0603067624459408,3634229.55,0.4647390669089684,3263362.9,0.6312001340702869
2015-08-27,56.1,56.45,55.69,56.985,3329693.0,-0.0005311614730877379,-0.009388435553215668,0.01364697432214057,53.886,0.047581932227294566,55.28099999999999,0.021146506032814427,57.359500000000004,-0.015856135426564055,58.04233333333333,-0.02743399932233359,4931606.0,-0.3248258275296121,5192143.9,-0.35870556284081423,3704177.9,-0.10109797912243901,3321873.533333333,0.002353932679315607
2015-08-30,56.32,55.86,55.51,56.41,2646972.0,-0.010451727192205551,-0.009750044318383222,0.006305170239596425,54.724000000000004,0.020758716468094462,54.916999999999994,0.017171367700347995,57.21900000000001,-0.02375085198972382,57.838,-0.03419896953559942,4092335.8,-0.35318797641190636,5315972.2,-0.5020718881863228,3723412.45,-0.289100513159642,3363597.6,-0.2130533093494894
2015-08-31,54.25,53.55,53.23,54.88,3574373.0,-0.0413533834586467,-0.024234693877551172,0.006011647567161438,55.312,-0.03185565519236333,54.482000000000006,-0.017106567306633513,56.972500000000004,-0.06007284216069164,57.553666666666665,-0.06956405905213103,4018110.8,-0.11043443600410419,5214916.6,-0.3145867375903959,3821089.85,-0.06456714175407319,3427547.566666667,0.042836876944095215
2015-09-01,54.68,54.59,53.59,54.68,2095701.0,0.019421101774043104,-0.001645940014630476,0.01866019779809669,55.386,-0.01437186292564907,54.102999999999994,0.00900134927822882,56.666999999999994,-0.03665272557220234,57.41833333333334,-0.049258366955966415,3393987.4,-0.3825254036004966,4475986.7,-0.5317901637196554,3764450.55,-0.4432916644369256,3307552.933333333,-0.36638927864777526
2015-09-02,55.25,55.17,54.7,55.88,2318720.0,0.010624656530500154,-0.012705798138869073,0.008592321755027443,55.124,0.0008344822581816125,54.238,0.017183524466241495,56.482000000000006,-0.02322863921249252,57.25566666666666,-0.036427253197645504,2793091.8,-0.16983752556933496,4116467.8,-0.4367209674274629,3734255.9,-0.3790677280579512,3276993.2,-0.2924245311220054
2015-09-03,54.08,53.96,53.7,54.66,1693651.0,-0.02193220953416708,-0.012806439809732839,0.004841713221601429,54.626,-0.012191996485190093,54.25599999999999,-0.005455617811854774,56.1995,-0.03984910897783789,57.10466666666666,-0.055068470761291954,2465883.4,-0.31316663229088604,3698744.7,-0.5421011350148066,3695474.4,-0.5416959186620262,3249894.4,-0.47885968233306286
2015-09-07,55.99,57.77,55.46,57.82,4119638.0,0.0706078576723499,-0.0008647526807332717,0.041651640822214286,55.008,0.05021087841768468,54.86600000000001,0.05292895417927301,56.033500000000004,0.03099038967760359,57.10066666666667,0.011721988067856737,2760416.6,0.49239719830695106,3426376.2,0.20233090575401502,3803583.45,0.08309389136709999,3317724.3333333335,0.2417059363883256
2015-09-08,57.94,56.27,56.12,58.6497,2814558.0,-0.025965033754543843,-0.0405748025991608,0.0026728439059160447,55.552,0.012924827188940169,55.432,0.015117621590417185,55.878,0.007015283295751518,57.01,-0.012980178915979579,2608453.6,0.0790140181140273,3313282.2,-0.15052270524979738,3841019.3,-0.267236694176465,3325494.2,-0.15364218647562222
2015-09-09,55.99,56.01,55.31,56.55,3366024.0,-0.004620579349564724,-0.009549071618037086,0.012655939251491555,55.836,0.0031162690737158716,55.611000000000004,0.007174839510168729,55.6915,0.005719005593313176,56.91733333333333,-0.015941248125937002,2862518.2,0.1758961043461662,3128252.8,0.07600766792249014,3902970.6,-0.13757382645926164,3359192.566666667,0.00203365338478112
2015-09-10,55.6,56.35,55.33,56.46,1762837.0,0.006070344581324827,-0.0019482819695358922,0.018434845472618866,56.072,0.004957911256955327,55.598,0.013525666390877378,55.55899999999999,0.014237117298727675,56.835,-0.008533474091668825,2751341.6,-0.3592809413414896,2772216.7,-0.3641056270961791,3896324.35,-0.5475641035890659,3346891.933333333,-0.47329132965332865
2015-09-13,57.28,57.56,56.83,57.6,3124899.0,0.02147293700088726,-0.000694444444444442,0.012845328171740444,56.79200000000001,0.01352303141287492,55.709,0.03322622915507356,55.495000000000005,0.03721055950986574,56.809333333333335,0.013213791161076793,3037591.2,0.028742445658915372,2751737.3,0.13560949295559577,3971940.6,-0.21325636138667337,3386697.7,-0.0773020573994544
2015-09-14,57.56,58.3,57.56,58.6,2950276.0,0.012856150104239017,-0.005119453924914752,0.012856150104239017,56.898,0.024640584906323593,55.952999999999996,0.04194591889621657,55.435,0.051682150266077365,56.797,0.026462665281616893,2803718.8,0.052272431885822535,2782067.7,0.06046161277815054,4049019.95,-0.27136046835234784,3409630.8666666667,-0.13472275581425108
2015-09-15,58.54,58.45,57.75,58.55,2085813.0,0.002572898799313883,-0.0017079419299742549,0.0121212121212122,57.334,0.019464889943140218,56.443000000000005,0.03555799656290404,55.46250000000001,0.05386522425061968,56.79600000000001,0.029121769138671594,2657969.8,-0.21526083554448205,2633211.7,-0.20788252611820013,3924064.15,-0.4684559374494426,3425130.466666667,-0.39102670093909997
2015-09-16,58.38,57.93,57.86,58.96,2521052.0,-0.008896492728828087,-0.0174694708276798,0.0012098167991703157,57.718,0.0036730309435530906,56.777,0.02030751888969129,55.44,0.044913419913420016,56.70366666666667,0.02162705527567277,2488975.4,0.012887471688149299,2675746.8,-0.05781369148979265,3575866.75,-0.29498155936599146,3401549.3,-0.25885184142414164
2015-09-17,57.12,56.67,56.21,57.33,3925936.0,-0.02175038839979282,-0.011512297226582868,0.008183597224693084,57.782,-0.019244747499221115,56.927,-0.004514553726702619,55.5825,0.019565510727297175,56.630333333333326,0.0007004491114892542,2921595.2,0.3437645297336194,2836468.4,0.38409297984775725,3476468.1,0.1292886593724245,3434993.4,0.14292388451168492
2015-09-20,56.88,56.63,56.16,57.38,2856562.0,-0.0007058408328921573,-0.013070756361101443,0.008368945868945987,57.596000000000004,-0.01677199805542051,57.194,-0.009861174249047089,55.725,0.01624046657694045,56.531,0.00175125152571165,2867927.8,-0.00396307047897082,2952759.5,-0.03257884700735025,3325752.1,-0.14107789332824905,3447902.7666666666,-0.17150737903156066
2015-09-21,55.9,55.18,55.03,56.38,2912189.0,-0.02560480310789337,-0.021284143313231696,0.002725785934944547,56.972,-0.03145404760233095,56.935,-0.030824624571880288,55.9005,-0.01288897237055131,56.333999999999996,-0.020484964674974182,2860310.4,0.018137402150479875,2832014.6,0.02831002354295764,3129195.4,-0.06934894509943357,3479727.1666666665,-0.1630984670589356
2015-09-22,55.58,55.2,55.03,56.0,1800072.0,0.00036245016310254563,-0.014285714285714235,0.003089224059603879,56.322,-0.019921167572174325,56.82800000000001,-0.028647849651580293,56.129999999999995,-0.016568679850347268,56.19466666666667,-0.017700374887296588,2803162.2,-0.3578423681654954,2730566.0,-0.3407696426308685,3021924.1,-0.4043291821922331,3470868.2,-0.4813770226135352
2015-09-23,54.53,54.0,52.48,54.7,3543961.0,-0.021739130434782705,-0.012797074954296161,0.028963414634146423,55.536,-0.02765773552290407,56.62700000000001,-0.04639129743761827,56.11900000000001,-0.03775904773784289,56.00333333333334,-0.035771680257127625,3007744.0,0.1782788029832325,2748359.7,0.2894822318927175,2938306.25,0.20612376603017468,3518100.3,0.007350756884333398
2015-09-24,54.53,54.44,53.88,55.29,2143115.0,0.008148148148148016,-0.015373485259540631,0.010393466963622755,55.089999999999996,-0.011798874568887285,56.436,-0.03536749592458721,56.01700000000001,-0.02815216809182952,55.85133333333333,-0.0252694653663893,2651179.8,-0.1916372476887459,2786387.5,-0.2308625415524581,2779302.1,-0.22890174479413372,3526345.4,-0.3922560733840763
2015-09-27,54.27,53.47,53.46,54.94,2287581.0,-0.01781778104335041,-0.02675646159446665,0.00018705574261135283,54.458000000000006,-0.01814242168276481,56.027,-0.04563870990772312,55.86800000000001,-0.0429226032791582,55.672333333333334,-0.03955884730296921,2537383.6,-0.09844889042397853,2702655.7,-0.1535803099151698,2727196.5,-0.16119685545210993,3548845.6333333333,-0.3554013793912648
2015-09-28,53.48,54.05,53.13,54.31,2369405.0,0.01084720403964834,-0.00478733198306025,0.017316017316017174,54.23199999999999,-0.003355952205339907,55.602,-0.02791266501204992,55.777499999999996,-0.030971269777239963,55.49066666666667,-0.02596232399442555,2428826.8,-0.024465227409381285,2644568.6,-0.10404857714789473,2713318.15,-0.12675002745254915,3580869.5,-0.3383157358848179
2015-09-29,55.02,56.41,54.83,56.54,3340654.0,0.04366327474560583,-0.002299257163070445,0.0288163414189313,54.474000000000004,0.03553989059000617,55.398,0.018267807502075684,55.92049999999999,0.008753498269865378,55.441,0.017478039717898186,2736943.2,0.22057849063144608,2770052.7,0.20598933009469444,2701632.2,0.23653175291588546,3539393.6666666665,-0.0561507663129871
2015-09-30,56.35,54.94,53.71,56.54,4106810.0,-0.02605920936004258,-0.02829854969932788,0.022900763358778553,54.662,0.005085800007317731,55.099000000000004,-0.0028857148042614744,55.938,-0.017841181307876708,55.32633333333333,-0.006982811078509954,2849513.0,0.44123223863165384,2928628.5,0.40229803814311027,2802187.65,0.46557279988012223,3360120.6666666665,0.22222098769865606
2015-10-01,54.0,55.69,53.7,55.69,3297011.0,0.01365125591554417,0.0,0.03705772811918062,54.912,0.014168123543123468,55.001,0.012527044962818756,55.964,-0.004896004574369228,55.38866666666666,0.005440342789740482,3080292.2,0.07035657201612233,2865736.0,0.15049362537233013,2851102.2,0.1563987429142315,3272890.7333333334,0.007369713391592869
2015-10-04,56.18,57.43,55.92,57.81,2778610.0,0.031244388579637405,-0.006573257221933915,0.027002861230329023,55.70399999999999,0.030985207525491942,55.080999999999996,0.04264628456273489,56.1375,0.023023825428635014,55.51033333333333,0.034582149869994305,3178498.0,-0.12581036703499582,2857940.8,-0.02775802773801328,2905350.15,-0.043623020791487055,3169815.0,-0.123415719844849
2015-10-05,57.38,56.89,56.32,57.715,2523484.0,-0.009402751175343838,-0.014294377544832426,0.010120738636363535,56.272000000000006,0.010982371339209429,55.251999999999995,0.029645985665677443,56.09349999999999,0.01419950618164334,55.684333333333335,0.02165181110186576,3209313.8,-0.21369982580076774,2819070.3,-0.10485240470945323,2825542.45,-0.10690281789962142,3025820.3666666667,-0.16601658584909829
2015-10-06,57.6,57.87,56.64,58.06,3340281.0,0.017226226050272464,-0.003272476748191644,0.021716101694915224,56.564,0.023088890460363443,55.51899999999999,0.042345863578234555,56.173500000000004,0.030201073459905414,55.92633333333333,0.034754051460552216,3209239.2,0.04083266837822497,2973091.2,0.12350438493107774,2851828.6,0.17127691334605455,3005646.466666667,0.11133529410212062
2015-10-07,57.95,57.72,56.59,57.99,2302969.0,-0.0025920165889061764,-0.004655975168132542,0.01996819226011648,57.11999999999999,0.010504201680672454,55.891,0.032724410012345384,56.259,0.025969178264811044,56.043,0.029923451635351483,2848471.0,-0.19150695232635329,2848992.0,-0.19165480282148917,2798675.85,-0.1771219235696767,2908534.8333333335,-0.20820305343887635
2015-10-08,57.57,56.69,56.5,57.97,3683410.0,-0.01784476784476785,-0.02208038640676213,0.0033628318584071337,57.31999999999999,-0.01099092812281921,56.116,0.010228811747095223,56.275999999999996,0.007356599616177517,56.05,0.011418376449598533,2925750.8,0.2589623149039215,3003021.5,0.22656797495455816,2894704.5,0.27246494417651257,2853875.2333333334,0.2906695979479692
2015-10-11,56.78,56.58,56.33,56.9,1718111.0,-0.0019403774916211258,-0.005623901581722324,0.004438132433871811,57.15,-0.009973753280839937,56.427,0.0027114679142963283,56.227,0.0062781226101340515,56.05433333333333,0.009377806057218274,2713651.0,-0.366863682912799,2946074.5,-0.4168134580439157,2824365.1,-0.39168239970108687,2800155.8333333335,-0.3864230770489857
2015-10-12,56.07,56.05,55.96,56.64,2100305.0,-0.009367267585719374,-0.01041666666666674,0.0016082916368833633,56.98199999999999,-0.016356042258958925,56.626999999999995,-0.010189485581083235,56.1145,-0.0011494355291413738,56.06066666666666,-0.00019027006457283946,2629015.2,-0.20110579809504336,2919164.5,-0.2805115984385258,2781866.55,-0.2450015260437277,2781933.6,-0.2450197229725397
2015-10-13,56.91,60.99,56.75,64.155,11995746.0,0.08813559322033915,-0.04933364507832594,0.07471365638766514,57.605999999999995,0.058743880845745444,57.085,0.06840676184636951,56.241499999999995,0.08443053616991025,56.30866666666667,0.08313699489717385,4360108.2,1.7512496134843625,3784673.7,2.1695588446634115,3277363.2,2.6601820634344095,3062646.033333333,2.916791516042103
2015-10-14,61.5,61.28,60.39,61.76,4908111.0,0.0047548778488275545,-0.007772020725388518,0.014737539327703164,58.318,0.05079049350114895,57.71900000000001,0.06169545556922307,56.409000000000006,0.08635146873725819,56.53166666666666,0.08399422152775737,4881136.6,0.005526253864724939,3864803.8,0.269950883405776,3396716.15,0.4449576541743119,3156393.033333333,0.5549746017582453
2015-10-15,61.31,60.19,59.88,61.54,3067839.0,-0.017787206266318578,-0.021936951576210673,0.005177020708082791,59.017999999999994,0.01985834830051858,58.169,0.034743591947600905,56.585,0.06370946363877339,56.699,0.06157075080689256,4758022.4,-0.3552281300735365,3841886.6,-0.20147591029886203,3353811.3,-0.08526785630425893,3181363.6666666665,-0.035684278366583055
2015-10-18,59.94,60.22,59.53,60.39,2107902.0,0.0004984216647283546,-0.0028150356019208678,0.011590794557365891,59.746,0.007933585512000851,58.448,0.03031754722146185,56.76450000000001,0.0608743140519159,56.907666666666664,0.05820539704667804,4835980.6,-0.5641210802210415,3774815.8,-0.44158811669697895,3316378.3,-0.3643963959117691,3195172.033333333,-0.340285287299241
2015-10-19,60.31,60.4,59.84,60.97,1730670.0,0.0029890401859846705,-0.009348860095128808,0.009358288770053402,60.616,-0.003563415599841635,58.79899999999999,0.027228354223711504,57.0255,0.059175281233833976,56.995333333333335,0.0597358848092826,4762053.6,-0.6365706593474714,3695534.4,-0.5316861344870718,3257302.35,-0.46867996457252425,3115539.7666666666,-0.4445039609134396
2015-10-20,61.02,61.75,61.02,62.5,4552980.0,0.022350993377483475,-0.01200000000000001,0.011963290724352538,60.767999999999994,0.016159820958399296,59.187,0.04330342811766097,57.352999999999994,0.07666556239429512,57.178000000000004,0.07996082409318261,3273500.4,0.3908597658946369,3816804.3,0.19287750750018806,3394947.75,0.34110458695571966,3173487.1666666665,0.43469305558349247
2015-10-21,63.28,63.4,62.42,63.95,3499184.0,0.026720647773279316,-0.008600469116497367,0.015700096123037355,61.19200000000001,0.03608314812393765,59.754999999999995,0.060999079574931114,57.823,0.09644950971066879,57.42433333333334,0.10406157668351956,2991715.0,0.16962478043530216,3936425.8,-0.11107583940741361,3392708.9,0.03138350596480599,3177925.8333333335,0.10109051737362229
2015-10-22,64.04,63.62,63.1,64.112,2277020.0,0.0034700315457412145,-0.007674070376840536,0.008240887480190029,61.878,0.028152170399818877,60.44799999999999,0.0524748544203284,58.282,0.09158916989808175,57.666666666666664,0.10323699421965316,2833551.2,-0.1964076738758065,3795786.8,-0.40011910047213395,3399404.15,-0.33017084773518324,3195065.2666666666,-0.2873322420810642
2015-10-25,63.25,61.53,61.44,63.39,2608671.0,-0.03285130462118824,-0.029342167534311403,0.00146484375,62.14,-0.009816543289346669,60.943000000000005,0.009631951167484276,58.68499999999999,0.04847916844168032,57.799,0.0645512898147027,2933705.0,-0.11079300747689358,3884842.8,-0.3285002420175148,3415458.65,-0.2362164888162238,3177857.6666666665,-0.1791101825097473
2015-10-26,60.83,61.39,60.83,61.78,1608941.0,-0.0022753128555176305,-0.006312722563936557,0.009205983889528202,62.338,-0.015207417626487918,61.477,-0.0014151633944401443,59.052,0.03959222380275018,57.902,0.06023971538116135,2909359.2,-0.44697753374695026,3835706.4,-0.5805359346586068,3377435.45,-0.5236205032430745,3133146.5,-0.4864775713488022
2015-10-27,62.5,61.86,60.21,63.2,4532594.0,0.007655970027691694,-0.021202531645569622,0.027404085700049707,62.36,-0.008017960230917276,61.564,0.004808004678058531,59.3245,0.0427395089718412,58.01566666666667,0.06626371037708201,2905282.0,0.5601218745719003,3089391.2,0.4671479610610658,3437032.45,0.31875216947689844,3214705.8666666667,0.40995605445541217
2015-10-28,59.96,59.98,59.27,60.945,2390686.0,-0.030391205948916977,-0.01583394864221843,0.011979078791968911,61.676,-0.02749854076139835,61.43399999999999,-0.023667675879805894,59.576499999999996,0.006772804713267799,58.083999999999996,0.032642380001377314,2683582.4,-0.10914380717357508,2837648.7,-0.15751163983054006,3351226.25,-0.2866235157951511,3210360.3333333335,-0.25532159889424666
2015-10-29,60.21,60.12,59.95,60.61,2097556.0,0.002334111370456915,-0.008084474509156947,0.0028356964136779794,60.976,-0.014038310154815048,61.427,-0.021277288488775303,59.798,0.005384795478109661,58.199,0.03300743999037792,2647689.6,-0.20777873660114843,2740620.4,-0.23464190808767238,3291253.5,-0.36268780268672707,3149414.3333333335,-0.3339853769637382
2015-11-01,60.06,60.34,59.83,60.79,1771644.0,0.003659347970725424,-0.007402533311399839,0.008524151763329435,60.738,-0.0065527346965654765,61.439,-0.017887660931981242,59.94349999999999,0.006614562045926808,58.32266666666667,0.03458918202185535,2480284.2,-0.28570927476778674,2706994.6,-0.34553101805227093,3240905.2,-0.45334902113150366,3113250.4,-0.4309343058303309
2015-11-02,60.22,60.66,60.22,60.94,1140542.0,0.005303281405369509,-0.004594683295044311,0.007306542676851491,60.592,0.0011222603644045481,61.464999999999996,-0.013096884405759401,60.132000000000005,0.008780682498503056,58.505333333333326,0.03682855124319162,2386604.4,-0.5221068058032575,2647981.8,-0.5692787616591624,3171758.1,-0.6404070032957432,3054195.5,-0.626565489995647
2015-11-03,60.61,60.49,60.09,60.7,1444865.0,-0.002802505769864738,-0.0034596375617792496,0.006656681644200413,60.318,0.0028515534334694337,61.339,-0.013841112505909692,60.263,0.0037668220964772736,58.68166666666666,0.03081598454940515,1769058.6,-0.1832576942335319,2337170.3,-0.38178873828749227,3076987.3,-0.5304286761274575,3042355.2666666666,-0.5250834063232019
2015-11-04,60.83,60.36,60.05,60.92,1202540.0,-0.002149115556290382,-0.009192383453709874,0.005162364696086552,60.394000000000005,-0.0005629698314403297,61.035000000000004,-0.011059228311624536,60.394999999999996,-0.0005795181720340548,58.89366666666667,0.024897979975209594,1531429.4,-0.2147597532083424,2107505.9,-0.42940136015752073,3021965.85,-0.6020669790163248,2964307.9,-0.5943268916160835
2015-11-05,60.42,61.7,60.29,61.979,1866472.0,0.02220013253810471,-0.00450152470998233,0.023386963012108186,60.71,0.016307033437654495,60.843,0.014085432999687786,60.645500000000006,0.017387934801427862,59.135666666666665,0.043363565135535964,1485212.6,0.2567035857358064,2066451.1,-0.09677417481594419,2931118.95,-0.3632220214058526,2955086.466666667,-0.36838667123491053
2015-11-08,61.53,60.96,60.56,61.55,1519594.0,-0.011993517017828248,-0.009585702680747321,0.006605019815059343,60.834,0.0020712101785185233,60.786,0.0028625012338368006,60.8645,0.0015690591395640663,59.38533333333333,0.02651608702485464,1434802.6,0.05909621295640233,1957543.4,-0.22372397975952918,2921193.1,-0.4798036459828692,2929486.9,-0.48127639690076784
2015-11-09,59.57,59.97,59.54,60.28,1850431.0,-0.016240157480315043,-0.005142667551426672,0.007222035606315069,60.696000000000005,-0.011961249505733629,60.64399999999999,-0.011114042609326469,61.060500000000005,-0.01785933623209779,59.58266666666667,0.006500772036610147,1576780.4,0.17355022931538233,1981692.4,-0.06623702043768243,2908699.4,-0.3638287270248689,2912187.7666666666,-0.3645907653413327
2015-11-10,60.34,59.9,59.8,60.8025,1269161.0,-0.0011672502918125272,-0.014843139673533234,0.0016722408026756952,60.577999999999996,-0.011192181980256843,60.448,-0.00906564319745895,61.00599999999999,-0.018129364324820374,59.699,0.0033668905676811356,1541639.6,-0.17674597876183262,1655349.1,-0.2332970731068148,2372370.15,-0.4650240393557472,2843138.0,-0.5536055583654399
2015-11-11,59.72,59.46,59.33,60.755,2120780.0,-0.007345575959933237,-0.02131511809727593,0.002191134333389577,60.398,-0.015530315573363374,60.395999999999994,-0.015497715080468821,60.915,-0.023885742427973367,59.849666666666664,-0.0065107575090921355,1725287.6,0.2292327377765886,1628358.5,0.3024036168939457,2233003.6,-0.050256793137279376,2776937.0,-0.23628803966384548
2015-11-12,59.46,58.13,57.8,59.65,2230206.0,-0.022367978472922934,-0.025481978206202793,0.005709342560553665,59.684000000000005,-0.02603712887876153,60.197,-0.03433725933186038,60.812,-0.04410313753864359,59.931000000000004,-0.0300512255760792,1798034.4,0.24035780405536178,1641623.5,0.3585368386843877,2191121.95,0.017837459936905775,2741376.8333333335,-0.1864650007681664
2015-11-15,58.08,58.48,57.78,58.54,2617636.0,0.006020987441940351,-0.0010249402118209794,0.012114918656974671,59.188,-0.011961884165709313,60.011,-0.025511989468597562,60.725,-0.036969946480033045,59.966,-0.024780709068472184,2017642.8,0.297373350723924,1726222.7,0.5163953063529985,2216608.65,0.1809193291743223,2736011.033333333,-0.04326555408262178
2015-11-16,58.49,59.3,58.27,59.71,2341504.0,0.014021887824897439,-0.006866521520683344,0.01767633430581772,59.053999999999995,0.0041656788701867065,59.875,-0.009603340292275608,60.67,-0.02258117685841443,60.04633333333333,-0.012429290714392804,2115857.4,0.1066454667502641,1846318.9,0.2682012841876884,2247150.35,0.04198813399379353,2729945.033333333,-0.1422889576860955
2015-11-17,59.33,60.74,59.3,60.83,1797263.0,0.024283305227656093,-0.0014795331251027388,0.024283305227656093,59.222,0.025632366350342828,59.9,0.01402337228714523,60.6195,0.00198780920330921,60.142,0.009943134581490432,2221477.8,-0.1909606299014106,1881558.7,-0.044800993984402404,2109364.5,-0.14795996614146112,2678511.1,-0.32900670077491934
2015-11-18,60.39,59.77,59.43,60.41,2755021.0,-0.015969706947645657,-0.010594272471445065,0.005721016321723171,59.284000000000006,0.008197827407057545,59.84100000000001,-0.0011864774987050408,60.438,-0.011052648995664938,60.21033333333333,-0.007313251878138249,2348326.0,0.17318506885330232,2036806.8,0.35261773477975433,2072156.35,0.32954301445448353,2693579.5,0.022810353286398355
2015-11-19,60.21,59.42,59.22,60.21,3043954.0,-0.0058557804918856204,-0.01312074406244812,0.0033772374197906796,59.541999999999994,-0.002048973833596368,59.613,-0.003237548856792949,60.227999999999994,-0.013415687055854275,60.30133333333333,-0.014615486666961441,2511075.6,0.21221121339397353,2154555.0,0.4127993947706139,2110503.05,0.4422883681689065,2672264.3,0.13909166844013154
2015-11-22,58.9,56.8,56.5,59.0,7029335.0,-0.04409289801413674,-0.03728813559322042,0.005309734513274211,59.206,-0.04063777319866235,59.19699999999999,-0.040491916820109,59.99150000000001,-0.05319920322045646,60.30866666666667,-0.05817848181024288,3393415.4,1.0714631636315435,2705529.1,1.598136904164143,2331536.25,2.0148941497263877,2849305.1,1.4670348570253147
2015-11-23,59.38,60.42,57.42,61.02,7189285.0,0.06373239436619738,-0.009832841691248762,0.05224660397074188,59.42999999999999,0.01665825340737026,59.242000000000004,0.019884541372674702,59.943,0.007957559681697646,60.45433333333334,-0.0005679217922068824,4362971.6,0.6477955070805412,3239414.5,1.219316175808931,2610553.45,1.7539313550542315,3018937.7666666666,1.3813955621675453
2015-11-24,60.46,60.25,59.83,61.36,3348371.0,-0.002813637868255614,-0.018089960886571,0.007019889687447822,59.331999999999994,0.015472257803546219,59.277,0.01641446092076193,59.8625,0.006473167675923985,60.42966666666667,-0.002973153362862635,4673193.2,-0.28349399292971666,3447335.5,-0.028707533687974407,2551342.3,0.3123958317941109,2730691.933333333,0.22619873707711546
2015-11-26,60.23,60.45,60.0,60.73,916077.0,0.003319502074688785,-0.004610571381524653,0.007500000000000062,59.468,0.01651308266630802,59.376,0.018088116410670985,59.886,0.009417893998597382,60.40200000000001,0.0007946756729908522,4305404.4,-0.7872262591639475,3326865.2,-0.7246425854585272,2477611.85,-0.6302580648377186,2597624.1333333333,-0.6473404338046136
2015-11-29,60.39,61.63,60.39,62.08,3358089.0,0.0195202646815551,-0.007248711340206104,0.02053320086106969,59.910000000000004,0.02870973126356202,59.726,0.031878913705923884,59.9615,0.027826188470935653,60.45,0.0195202646815551,4368231.4,-0.23124745635041222,3439653.5,-0.02371299899830026,2540638.5,0.32175002464931546,2607299.1333333333,0.28795693484805884
2015-11-30,62.09,61.57,61.28,62.4,3044402.0,-0.0009735518416356115,-0.013301282051282004,0.004732375979112247,60.864,0.011599631966351165,60.035000000000004,0.025568418422586836,60.023,0.02577345350948801,60.495,0.017770063641623368,3571244.8,-0.14752357497307378,3482330.1,-0.12575720492436948,2604276.4,0.16900110909886523,2638515.8,0.15383125619334947
2015-12-01,61.33,60.74,60.62,61.97,2031106.0,-0.013480591197011504,-0.019848313700177478,0.0019795447047179504,60.928,-0.0030856092436973848,60.17900000000001,0.009322188803402964,60.027,0.011877988238625958,60.50633333333333,0.003861854681879162,2539609.0,-0.20022885412675728,3451290.3,-0.41149372453542954,2648804.6,-0.23319900607239963,2648530.3333333335,-0.23311960054324476
2015-12-02,61.4,59.05,58.81,61.46,3560415.0,-0.027823510042805477,-0.039212495932313796,0.004080938615881546,60.688,-0.026990508832059112,60.010000000000005,-0.015997333777703848,59.955,-0.015094654324076417,60.416333333333334,-0.022615297187846606,2582017.8,0.3789273644821505,3627605.5,-0.01852199749945249,2754582.1,0.2925427054797167,2615444.8333333335,0.361303803706049
2015-12-03,57.76,59.21,56.77,59.708,5550196.0,0.002709568162574172,-0.008340590875594467,0.04298044741941154,60.44,-0.020350761085373925,59.95399999999999,-0.012409513960703111,59.8975,-0.011477941483367449,60.276666666666664,-0.017696178731405166,3508841.6,0.5817744522864754,3907123.0,0.42053270398705145,2971964.9,0.8675173451745679,2683811.9,1.0680271966899024
2015-12-06,59.22,58.5,58.34,59.49,2590678.0,-0.011991217699712897,-0.016641452344931973,0.0027425437092902794,59.814,-0.02196810111345171,59.862,-0.0227523303598276,59.7375,-0.020715630885122405,60.105999999999995,-0.026719462283299467,3355359.4,-0.22789850768296238,3861795.4,-0.3291519276241305,3008175.2,-0.13878752806684935,2694267.1666666665,-0.03844799355767914
2015-12-07,58.08,58.02,57.51,58.33,2178123.0,-0.008205128205128198,-0.0053145894051087605,0.008868022952529975,59.104,-0.0183405522468868,59.984,-0.032742064550546734,59.5905,-0.026354872001409513,59.989000000000004,-0.03282268415876244,3182103.6,-0.3155084579898656,3376674.2,-0.354950205145643,3041101.65,-0.2837717213431521,2679915.566666667,-0.18724193139069922
2015-12-08,58.0,56.65,56.44,58.06,2479199.0,-0.023612547397449224,-0.024285222183947686,0.003720765414599647,58.286,-0.028068489860343826,59.60699999999999,-0.0496082674853624,59.4245,-0.04668949675638845,59.831,-0.053166418746135036,3271722.2,-0.2422342581530914,2905665.6,-0.14677070892121935,3072540.05,-0.19311092462407442,2708924.1666666665,-0.08480309987759593
2015-12-09,56.67,57.15,56.44,57.51,3175639.0,0.008826125330979595,-0.006259780907668211,0.01257973068745577,57.90599999999999,-0.013055641902393389,59.297000000000004,-0.036207565306845324,59.287,-0.036045001433703816,59.674,-0.042296477527901666,3194767.0,-0.005987291091963831,2888392.4,0.09944860677517364,3167863.95,0.0024543509830969867,2663692.3333333335,0.19219436879409368
2015-12-10,56.29,56.93,56.29,57.11,3886329.0,-0.003849518810148722,-0.003151812292067957,0.011369692662995146,57.45,-0.009051348999129738,58.94500000000001,-0.03418440919501242,59.1605,-0.037702521107833786,59.572333333333326,-0.04435504176994898,2861993.6,0.3579097451510722,3185417.6,0.22003752349456462,3256141.4,0.19353815531475393,2713547.1,0.4321951515048328
2015-12-13,56.88,56.82,56.4,57.27,2901569.0,-0.0019321974354470361,-0.00785751702462023,0.007446808510638281,57.114,-0.005147599537766556,58.46400000000001,-0.028119868637110246,59.09499999999999,-0.038497334799898364,59.46233333333334,-0.04443709463133538,2924171.8,-0.007729641603136939,3139765.6,-0.07586445306617795,3289709.55,-0.11798626720708516,2740347.533333333,0.05883248920276851
2015-12-14,55.85,56.55,55.7,57.85,4702122.0,-0.0047518479408659164,-0.022471910112359605,0.015260323159784539,56.82000000000001,-0.0047518479408660275,57.962,-0.024360788102550046,58.99849999999999,-0.04150105511157054,59.336,-0.0469529459350142,3428971.6,0.37129219734569974,3305537.6,0.4224984159913958,3393933.85,0.38544892382036267,2838030.1333333333,0.6568259599404771
2015-12-15,56.94,57.53,56.31,57.74,1960086.0,0.01732979664014156,-0.0036369934187738817,0.021665778724915707,56.996,0.00936907853182678,57.641,-0.00192571260040586,58.910000000000004,-0.023425564420302192,59.23166666666667,-0.028729001941529053,3325149.0,-0.41052686661560134,3298435.6,-0.4057528362839644,3374862.95,-0.4192101934094835,2865348.2666666666,-0.31593446325454233
2015-12-16,57.44,56.12,56.11,57.87,2249562.0,-0.02450895185120816,-0.030240193537238613,0.00017822135091782876,56.79,-0.011797851734460352,57.348,-0.02141312687452046,58.678999999999995,-0.043610150138891246,59.086000000000006,-0.050198016450597516,3139933.6,-0.2835638307765489,3167350.3,-0.2897653284513556,3397477.9,-0.3378729557004624,2892171.5,-0.22218927888612416
2015-12-17,55.75,55.17,55.12,56.365,4719940.0,-0.016928011404133914,-0.021201099973387705,0.0009071117561685327,56.438,-0.02246713207413442,56.943999999999996,-0.03115341388030335,58.449,-0.056100189909151554,58.913,-0.0635343642320031,3306655.8,0.42740590054761673,3084324.7,0.5302993228955433,3495723.85,0.35020390698195447,3009418.1666666665,0.5683895486109747
2015-12-20,55.83,55.83,55.35,55.86,1763546.0,0.011963023382272953,-0.0005370569280344073,0.008672086720867167,56.239999999999995,-0.007290184921763809,56.677,-0.01494433368032888,58.26950000000001,-0.04186581316125948,58.71733333333334,-0.04917344111903377,3079051.2,-0.42724369117343686,3001611.5,-0.4124669365106044,3431703.45,-0.48610186582409975,3005987.3,-0.41332220532002906
2015-12-21,56.55,56.015,55.85,56.98,1136235.0,0.0033136306645173974,-0.016935766935766927,0.002954341987466469,56.132999999999996,-0.0021021502502983624,56.4765,-0.008171540375200292,58.23025,-0.0380429415982243,58.5525,-0.04333717603859788,2365873.8,-0.5197398102975737,2897422.7,-0.6078463111371357,3137048.45,-0.637801258695893,2993208.6666666665,-0.6203956601310567
2015-12-22,56.36,56.48,56.23,56.8388,1153118.0,0.008301347853253427,-0.006312589287599368,0.0044460252534235245,55.923,0.00996012374157318,56.459500000000006,0.00036309212798535384,58.033249999999995,-0.02676482878349906,58.436166666666665,-0.03347527358913005,2204480.2,-0.47692068180063496,2764814.6,-0.582931166523788,2835240.1,-0.5932908821372835,2969964.9,-0.6117401926197847
2015-12-23,56.48,56.8,56.48,56.995,536315.0,0.0056657223796034994,-0.0034213527502412466,0.0056657223796034994,56.059000000000005,0.0132182165218786,56.4245,0.006654910544178438,57.86075000000001,-0.01833280764594325,58.33283333333333,-0.02627736809172654,1861830.8,-0.7119421378140269,2500882.2,-0.7855496752306046,2694637.3,-0.80096950339105,2945536.7,-0.8179228254056383
2015-12-27,56.67,56.45,55.87,56.84,1205463.0,-0.0061619718309857685,-0.006861365235749428,0.01038124216932168,56.315,0.002397229867708406,56.3765,0.0013037347121584997,57.66075000000001,-0.020997819140403218,58.232499999999995,-0.030610054522817842,1158935.4,0.040146845113196106,2232795.6,-0.46011045525170335,2709106.6,-0.5550330134665059,2915026.1333333333,-0.5864658000092944
2015-12-28,56.8,57.31,56.692,57.75,1347972.0,0.015234720992028272,-0.007619047619047525,0.01090100896070001,56.611000000000004,0.012347423645581168,56.4255,0.015675536769722997,57.44475,-0.0023457322035520534,58.20516666666666,-0.015379505255833426,1075820.6,0.25297098791378403,2077435.9,-0.35113665841627173,2608600.75,-0.48325860137853593,2885618.3333333335,-0.5328654574900469
2015-12-29,57.17,56.55,56.51,57.48,1459864.0,-0.013261210957948077,-0.01617954070981209,0.0007078393204742461,56.717999999999996,-0.0029620226383159087,56.4255,0.0022064492117925827,57.19375,-0.011255600480821859,58.14083333333333,-0.027361722254869658,1140546.4,0.27996896925894466,1753210.1,-0.16731942167113922,2529373.85,-0.4228358136935748,2847025.933333333,-0.48723192756773626
2015-12-30,56.45,55.32,55.32,56.55,1409427.0,-0.021750663129973424,-0.021750663129973424,0.0,56.486000000000004,-0.020642283043586063,56.204499999999996,-0.015737174069691884,56.92274999999999,-0.028156580629010275,58.00816666666667,-0.046341176098767756,1191808.2,0.18259548809951132,1698144.2,-0.1700192480709235,2498289.9,-0.43584329424699675,2815956.7,-0.49948555672038564
2016-01-03,54.24,54.44,53.63,54.47,2648908.0,-0.01590744757772966,-0.0005507618872774289,0.015103486854372461,56.013999999999996,-0.028100117827685955,56.036500000000004,-0.028490358962462103,56.69225,-0.03972765236871012,57.79816666666667,-0.05810161221953414,1614326.8,0.6408746977377815,1738078.8,0.5240436739692125,2452714.55,0.07999033152879531,2844344.8666666667,-0.06871067884806192
2016-01-04,54.73,54.04,53.86,54.84,2689457.0,-0.0073475385745774835,-0.014587892049598872,0.0033419977720015037,55.532,-0.026867391774112126,55.923500000000004,-0.03367993777213518,56.433749999999996,-0.04241699337719007,57.60716666666667,-0.061922272402450074,1911125.6,0.4072633426081467,1535030.5,0.7520544380062806,2309677.6,0.16442961563120329,2842159.4,-0.05372759881096034
2016-01-05,53.07,51.74,51.43,53.54,3779652.0,-0.042561065877128046,-0.03361972357116172,0.006027610344157219,54.41799999999999,-0.04921165790730986,55.5145,-0.06799124553044689,56.095749999999995,-0.0776484849565251,57.35116666666667,-0.09783875364348882,2397461.6,0.5765224352289937,1736641.1,1.1764151499120916,2369126.3,0.5953780091842298,2866682.6666666665,0.31847589687871514
2016-01-06,50.45,50.42,50.03,51.46,5162974.0,-0.025512176265945152,-0.020209871745044627,0.007795322806316118,53.19199999999999,-0.052113099714242606,54.955000000000005,-0.08252206350650537,55.71575,-0.09504942498306135,57.1385,-0.11758271568207068,3138083.6,0.6452633702938952,2139315.0,1.4133771791437915,2518368.85,1.050126215625642,2804470.6333333333,0.8409798764280161
2016-01-07,50.74,49.98,49.98,51.55,3805221.0,-0.008726695755652658,-0.03045586808923373,0.0,52.124,-0.041132683600644704,54.30499999999999,-0.07964275849369296,55.38225,-0.09754479097544799,56.790499999999994,-0.11992322659599752,3617242.4,0.05196737713789923,2404525.3,0.5825248334879238,2584669.95,0.47222704392102344,2691668.5,0.41370343339085025
2016-01-10,51.04,51.17,50.42,51.76,3416741.0,0.023809523809523947,-0.011398763523956634,0.014875049583498612,51.470000000000006,-0.005828638041577738,53.742,-0.047858285884410656,55.08325,-0.07104246753777232,56.487833333333334,-0.09414121625010696,3770809.0,-0.0938970921094121,2692567.9,0.26895258611676987,2596725.05,0.31578851600018276,2693947.5,0.2683027416087358
2016-01-11,51.55,51.65,50.97,52.22,2445896.0,0.009380496384600256,-0.010915358100344719,0.013341181086913956,50.992000000000004,0.012903984938813728,53.262,-0.0302654800796065,54.81925,-0.05781272089640044,56.19449999999999,-0.0808709037361306,3722096.8,-0.3428714696511923,2816611.2,-0.13161745575676198,2524703.4,-0.031214518109335065,2744941.466666667,-0.10894420529477233
2016-01-12,51.72,50.1,50.03,52.35,2659496.0,-0.030009680542110284,-0.04297994269340977,0.001399160503697816,50.664,-0.011132164850781612,52.541,-0.04645895586304016,54.48325,-0.08045133137248595,55.81016666666667,-0.10231409450488416,3498065.6,-0.2397238062087801,2947763.6,-0.09779196676422763,2512599.75,0.05846384805220173,2721655.033333333,-0.022838689169657256
2016-01-13,50.54,50.5,49.9108,51.06,3376988.0,0.007984031936127733,-0.010967489228358884,0.011805060227445763,50.68,-0.003551696921862635,51.936,-0.02764941466420212,54.18075,-0.06793464468468968,55.44116666666667,-0.08912450736065558,3140868.4,0.07517653398022017,3139476.0,0.07565338929171617,2446343.05,0.3804229132950099,2732741.2333333334,0.23575110544983047
2016-01-14,48.16,49.82,47.24,49.95,8245407.0,-0.013465346534653477,-0.0026026026026026994,0.05461473327688404,50.648,-0.016348128257779204,51.386,-0.03047522671544789,53.795249999999996,-0.07389592947332702,55.07716666666667,-0.0954509279404957,4028905.6,1.0465624709598558,3823074.0,1.1567479468092952,2760609.1,1.986807150639328,2939884.6,1.8046702921604472
2016-01-18,50.33,49.39,48.49,50.98,3707084.0,-0.008631071858691275,-0.031188701451549505,0.018560527943905836,50.292,-0.017935258092738438,50.881,-0.029303669346121386,53.458749999999995,-0.07611008487852777,54.75516666666667,-0.09798466506965853,4086974.2,-0.09295145538232175,3928891.6,-0.05645551534178239,2833485.2,0.30831246268729395,2944773.566666667,0.2588689473317398
2016-01-19,49.35,50.58,49.0,51.13,5069703.0,0.02409394614294391,-0.010756894191277233,0.032244897959183616,50.077999999999996,0.010024361995287334,50.535,0.0008904719501336977,53.22925,-0.049770567873866356,54.4675,-0.07137283701289765,4611735.6,0.09930478234701923,4166916.2,0.2166558569140411,2850973.35,0.7782358435584815,2928757.1333333333,0.7310083319301974
2016-01-20,51.51,50.53,50.11,51.68,3971992.0,-0.0009885330170027462,-0.022252321981424128,0.00838156056675321,50.164,0.007296068894027563,50.414,0.0023009481493236894,52.96425000000001,-0.04596024677022714,54.20183333333333,-0.06774371100608523,4874234.8,-0.18510450091571296,4186150.2,-0.051158747242275315,2961395.65,0.3412567820851631,2974800.933333333,0.33521270465290987
2016-01-21,51.5,51.38,50.81,51.76,1767727.0,0.01682169008509793,-0.007341576506955105,0.011218264121235944,50.339999999999996,0.02065951529598742,50.510000000000005,0.01722431201742225,52.7325,-0.025648319347650883,53.9805,-0.04817480386435835,4552382.6,-0.611691908320711,3846625.5,-0.5404473349433159,2992970.25,-0.4093736815459492,2961121.066666667,-0.403021031494018
2016-01-24,51.27,51.05,50.7711,51.52,2642166.0,-0.006422732580770862,-0.009122670807453548,0.005493282595807392,50.586,0.009172498319693245,50.617,0.008554438232214467,52.461,-0.026896170488553417,53.79383333333333,-0.0510064660447449,3431734.4,-0.23007852822176444,3730320.0,-0.29170526925303997,3067422.65,-0.13863647058875306,2966553.3,-0.10934821228393232
2016-01-25,51.34,51.29,50.9001,51.96,2362688.0,0.004701273261508376,-0.012894534257120949,0.0076601028288745265,50.965999999999994,0.006357179296001325,50.629000000000005,0.013055758557348529,52.185500000000005,-0.01715993906353308,53.598499999999994,-0.04307023517449171,3162855.2,-0.25298888169145406,3624914.7,-0.34820866267556594,3158741.3,-0.2520159849747745,2939454.933333333,-0.19621560677553274
2016-01-26,51.03,51.28,50.82,52.21,2747945.0,-0.00019496977968413987,-0.017812679563302014,0.009051554506100068,51.106,0.003404688294916358,50.592,0.013598987982289756,51.927,-0.01245979933367991,53.41016666666667,-0.03988316831065253,2698503.6,0.018321783969456273,3655119.6,-0.24819286351122416,3235865.4,-0.15078513463508092,2901508.8,-0.05292549862333684
2016-01-27,51.67,51.76,51.135,51.97,2693177.0,0.009360374414976613,-0.0040407927650567554,0.012222548156839652,51.352,0.007945162797943661,50.758,0.019740730525237282,51.6495,0.0021394205171394454,53.241499999999995,-0.02782603795911076,2442740.6,0.10252271567435356,3658487.7,-0.2638551169654063,3303125.65,-0.18465802231895112,2894562.4,-0.06957369445550732
2016-01-28,52.07,53.86,51.33,53.94,3378102.0,0.04057187017001551,-0.0014831294030404063,0.04928891486460163,51.848,0.03880573985496061,51.09400000000001,0.054135514933260076,51.515,0.04552072211977087,53.151833333333336,0.013323466421666152,2764815.6,0.22181819286609916,3658599.1,-0.0766678972834165,3399037.55,-0.006159258228847664,2850428.4,0.18512080499899608
2016-01-31,53.38,53.17,52.96,53.7,2295677.0,-0.01281099145933895,-0.009869646182495417,0.003965256797583194,52.272000000000006,0.01717936945209675,51.428999999999995,0.03385249567364723,51.407500000000006,0.03428488061080581,53.006499999999996,0.003084527369284995,2695517.8,-0.14833543299176133,3063626.1,-0.25066671810897556,3443350.05,-0.3333013005750025,2861614.7666666666,-0.19776867706266965
2016-02-01,52.04,51.34,51.27,52.66,3151699.0,-0.03441790483355267,-0.025066464109380848,0.0013653208503998648,52.282000000000004,-0.01801767338663407,51.624,-0.005501317216798363,51.2525,0.0017072337934735948,52.847166666666666,-0.02851934666948397,2853320.0,0.1045725680961127,3008087.6,0.047741761243921266,3468489.6,-0.0913338762785969,2891686.0,0.08991743916870631
2016-02-02,51.94,51.38,50.46,51.97,2425582.0,0.00077911959485788,-0.011352703482778503,0.01823226317875548,52.302,-0.017628388971741016,51.70399999999999,-0.006266439733869533,51.1195,0.005095902737702884,52.72083333333333,-0.025432703706630755,2788847.4,-0.13025646365591748,2743675.5,-0.115936997651508,3455295.85,-0.2980103281170554,2815207.4,-0.1384002471718424
2016-02-03,51.21,51.67,50.89,52.15,1772288.0,0.005644219540677398,-0.009204218600191716,0.015327176262527109,52.284000000000006,-0.011743554433478742,51.818,-0.0028561503724573445,51.116,0.010838093747554511,52.582166666666666,-0.017347453033823235,2604669.6,-0.31957281645242075,2523705.1,-0.297743623056434,3354927.65,-0.47173585099517723,2815498.8,-0.37052432769639254
2016-02-04,51.4,49.82,49.56,51.81,2505957.0,-0.0358041416682795,-0.0384095734414206,0.005246166263115359,51.476,-0.032170331805113084,51.662,-0.035654833339785474,51.086,-0.024781740594291946,52.37566666666667,-0.048794923851406824,2430240.6,0.031155927524213034,2597528.1,-0.03525317011969964,3222076.8,-0.2222541064198097,2861156.2,-0.12414533676979966
2016-02-07,49.25,49.16,48.29,49.675,2994129.0,-0.013247691690084329,-0.010367388022143986,0.018016152412507758,50.674,-0.029877254607885706,51.473,-0.04493618013327383,51.045,-0.03692820060730739,52.13166666666667,-0.05700310112215867,2569931.0,0.16506201917483398,2632724.4,0.1372739964730072,3181522.2,-0.05890048480566945,2922523.2333333334,0.02450135069927062
2016-02-08,48.84,49.31,48.62,50.13,3112050.0,0.0030512611879578433,-0.016357470576501054,0.014191690662278988,50.26800000000001,-0.01905784992440529,51.275,-0.03832276938078982,50.952,-0.032226409169414216,51.882,-0.049574033383447014,2562001.2,0.21469498140750276,2707660.6,0.14935010687824013,3166287.65,-0.017129729195640153,3008381.066666667,0.03446004047891438
2016-02-09,49.71,48.96,48.92,50.06,1897507.0,-0.007097951733928243,-0.02197363164202959,0.0008176614881438837,49.784,-0.016551502490760095,51.043,-0.04080872989440276,50.8175,-0.03655236877060075,51.632333333333335,-0.05175697398916701,2456386.2,-0.227520900418672,2622616.8,-0.2764833200183877,3138868.2,-0.39548051109632454,3031449.2,-0.374059443252422
2016-02-10,48.37,48.84,48.17,49.34,2416689.0,-0.002450980392156854,-0.010133765707336817,0.013909072036537351,49.218,-0.0076801170303547606,50.751,-0.037654430454572174,50.7545,-0.03772079323015687,51.35,-0.04888023369036021,2585266.4,-0.06520697441470635,2594968.0,-0.06870181058109393,3126727.85,-0.22708687294290741,3067073.1,-0.21205366771336498
2016-02-11,49.6,49.64,48.68,49.8,3741526.0,0.016380016380016293,-0.003212851405622441,0.019720624486442073,49.182,0.009312350046765117,50.32899999999999,-0.013689920324266192,50.7115,-0.02112932963923375,51.119666666666674,-0.028945154832778153,2832380.2,0.320982966905361,2631310.4,0.4219249846008286,3144954.75,0.18969152099883146,3143128.5,0.19038276672430032
2016-02-15,49.79,52.07,49.79,52.35,4819034.0,0.048952457695407015,-0.005348615090735476,0.04579232777666209,49.763999999999996,0.04633871875251194,50.21900000000001,0.03685855950934891,50.824,0.024515976703919362,51.01133333333333,0.0207535580328555,3197361.2,0.5071909923720848,2883646.1,0.6711599942864002,2973636.1,0.620586325273627,3256782.066666667,0.4796918864553641
2016-02-16,51.12,52.73,51.12,53.98,3909912.0,0.012675244862684787,-0.02315672471285657,0.03149452269170583,50.44799999999999,0.04523469711385997,50.358,0.04710274435045081,50.991,0.034104057578788316,50.95433333333334,0.03484819740551992,3356933.6,0.16472723797694422,2959467.4,0.3211539346572969,2983777.5,0.3103899335657567,3298815.533333333,0.18524723813494837
2016-02-17,53.01,52.04,51.93,53.63,2184147.0,-0.013085530058789985,-0.029647585306731394,0.002118236087040204,51.064,0.019113269622434537,50.424,0.03204823100111054,51.064,0.019113269622434537,50.88766666666666,0.02264464867060134,3414261.6,-0.36028715550091417,2935323.9,-0.25590937340850184,2839499.7,-0.23079865090318552,3281971.8666666667,-0.33450160795609507
2016-02-18,51.88,52.1,51.672,52.41,2276694.0,0.0011529592621060125,-0.005914901736309819,0.008283015946741079,51.715999999999994,0.007425168226467882,50.467,0.03235777835020914,51.1425,0.018722197780710825,50.89966666666667,0.02358234173111806,3386262.6,-0.32766761798095634,2985764.5,-0.237483733228123,2754734.8,-0.17353423639908994,3231873.2666666666,-0.29554972854855543
2016-02-21,52.67,52.61,52.1,53.12,1776721.0,0.009788867562380066,-0.009600903614457756,0.009788867562380066,52.31,0.00573504110112788,50.745999999999995,0.036731959169195694,51.20400000000001,0.027458792281852773,50.97266666666667,0.03212179076367727,2993301.6,-0.4064343532906941,2912840.9,-0.3900384329264258,2755184.5,-0.3551353820406583,3118998.1666666665,-0.43035522784586433
2016-02-22,52.46,51.46,51.39,52.73,1781418.0,-0.02185896217449157,-0.02408496112270042,0.001362132710644115,52.188,-0.013949566950256842,50.976,0.009494664155681232,51.2245,0.0045974094427472245,51.022000000000006,0.008584532162596359,2385778.4,-0.25331791083362976,2791569.8,-0.36185797682723175,2712147.1,-0.34317058245107723,3051538.066666667,-0.41622291412345924
2016-02-23,50.6,51.81,50.1,51.85,2690936.0,0.006801399144966913,-0.0007714561234329897,0.03413173652694623,52.004,-0.0037304822705944707,51.226,0.011400460703548942,51.2505,0.010916966663739869,51.04333333333333,0.01501991771697253,2141983.2,0.2562824955863332,2749458.4,-0.02128506472401981,2728559.5,-0.01378877755826835,3027344.566666667,-0.11112331591546509
2016-02-24,53.06,52.99,51.43,53.12,2430235.0,0.02277552596023935,-0.0024472891566263977,0.03033249076414557,52.193999999999996,0.015250795110549165,51.629,0.026361153615216404,51.336,0.032219105501013034,51.088,0.03722987785781395,2191200.8,0.10908822231171156,2802731.2,-0.13290471808356086,2712674.0,-0.10411829803360084,3026822.533333333,-0.19710026827252813
2016-02-25,53.3,53.44,52.88,53.62,1758863.0,0.008492168333647854,-0.0033569563595673424,0.010590015128592922,52.462,0.018642064732568242,52.089,0.02593637812206029,51.42,0.03928432516530522,51.199333333333335,0.043763590671753505,2087634.6,-0.15748522274923016,2736948.6,-0.35736352520467507,2665958.3,-0.34025112095714316,2996801.433333333,-0.4130865727584687
2016-02-28,53.46,52.99,52.99,53.95,2159604.0,-0.00842065868263464,-0.017794253938832272,0.0,52.538,0.0086032966614642,52.424,0.010796581718297116,51.3765,0.03140540908781264,51.282333333333334,0.03329931685375742,2164211.2,-0.002128812566906668,2578756.4,-0.16254051759212307,2605033.4,-0.17098798042282293,2956221.966666667,-0.26947163496146587
2016-02-29,53.95,54.7,53.01,54.72,2188649.0,0.0322702396678618,-0.0003654970760232912,0.03188077721184701,53.186,0.028466137705411176,52.687,0.03820676827300873,51.452999999999996,0.06310613569665535,51.44500000000001,0.06327145495189024,2245657.4,-0.025386062896325945,2315717.9,-0.0548723572936064,2599682.0,-0.15810895332582986,2754330.033333333,-0.20537881317321194
2016-03-01,54.72,55.41,54.6,55.71,2411309.0,0.012979890310786057,-0.005385029617662962,0.014835164835164782,53.90599999999999,0.027900419248321207,52.955,0.04636011708054011,51.65650000000001,0.07266268523806274,51.64566666666666,0.07288768983522331,2189732.0,0.1011890952865464,2165857.6,0.1133275798002602,2562662.5,-0.05906103515386829,2711137.533333333,-0.11059141399023575
2016-03-02,55.61,55.47,54.66,55.775,2071122.0,0.0010828370330264736,-0.005468399820708236,0.014818880351262331,54.402,0.019631631190029752,53.298,0.040751998198806705,51.861000000000004,0.06958986521663668,51.80866666666667,0.07067028682459808,2117909.4,-0.02209131325447633,2154555.1,-0.038724050269125176,2544939.5,-0.18618026086671213,2611184.8333333335,-0.20682673491325043
2016-03-03,55.67,55.78,55.11,56.21,2312033.0,0.0055886064539392155,-0.007649884362213144,0.012157503175467266,54.870000000000005,0.016584654638235774,53.66600000000001,0.03939179368687795,52.0665,0.07132225135163694,51.983666666666664,0.07302934896217406,2228543.4,0.0374637532300246,2158089.0,0.0713334806859216,2571926.75,-0.10105021459106489,2555852.8666666667,-0.09539667554676401
2016-03-06,55.16,56.49,55.16,56.49,2184812.0,0.012728576550735005,0.0,0.02411167512690371,55.56999999999999,0.016555695519165248,54.053999999999995,0.04506604506604517,52.4,0.07805343511450391,52.153999999999996,0.08313839782183541,2233585.0,-0.021836196070442848,2198898.1,-0.006405981250336312,2555869.5,-0.14517857817075563,2569755.7,-0.14979778038822922
2016-03-07,55.98,55.34,55.055,56.21,2726443.0,-0.020357585413347423,-0.01547767301191949,0.005176641540278082,55.698,-0.006427519839132367,54.44199999999999,0.016494618125711957,52.709,0.049915574190366074,52.297000000000004,0.05818689408570288,2341143.8,0.16457733181532896,2293400.6,0.18882108952094967,2542485.2,0.07235353818382095,2572564.933333333,0.05981503699783519
2016-03-08,55.71,54.93,54.84,55.91,2209478.0,-0.007408745934224914,-0.017528170273654053,0.001641137855579844,55.602,-0.012085896190784484,54.754000000000005,0.00321437703181493,52.989999999999995,0.036610681260615285,52.41833333333333,0.047915805538774725,2300777.6,-0.03968206227320714,2245254.8,-0.015934405306693877,2497356.6,-0.11527332540334856,2567457.933333333,-0.13942971710876972
2016-03-09,55.46,55.12,54.42,55.81,1757566.0,0.003458947751683983,-0.012363375739114946,0.012862918044836302,55.532000000000004,-0.007419145717784459,54.967000000000006,0.0027834882747828082,53.298,0.03418514766032499,52.54633333333334,0.04897899631436364,2238066.4,-0.214694434445734,2177987.9,-0.19303224779164285,2490359.55,-0.29425210909806176,2534445.3,-0.30652833580586647
2016-03-10,55.83,55.94,55.0,56.025,1760299.0,0.014876632801161138,-0.0015171798304328687,0.017090909090909046,55.564,0.006766971420343992,55.217000000000006,0.013093793578064616,53.653,0.04262576183997169,52.68566666666667,0.0617688555394571,2127719.6,-0.1726828102725566,2178131.5,-0.1918307044363483,2457540.05,-0.2837150304020477,2503349.3666666667,-0.2968224797388448
2016-03-13,55.57,55.67,55.54,56.22,1403020.0,-0.004826599928494768,-0.009782995375311243,0.002340655383507473,55.4,0.004873646209386351,55.485,0.0033342344777869126,53.954499999999996,0.031795309010369976,52.745999999999995,0.05543548325939418,1971361.2,-0.28829886679315797,2102473.1,-0.33268111729943184,2340614.75,-0.4005762802272351,2437513.3,-0.4244051919634654
2016-03-14,55.34,56.11,55.16,56.14,1986827.0,0.00790371834021908,-0.000534378339864694,0.017222625090645538,55.553999999999995,0.010008280231846634,55.626,0.008700967173623786,54.15650000000001,0.03607138570624002,52.84400000000001,0.06180455680871977,1823438.0,0.08960491116232094,2082290.9,-0.04584561167702361,2199004.4,-0.0964879379049901,2427218.3,-0.18143868641728678
2016-03-15,55.72,56.86,55.67,56.8925,1721472.0,0.013366601318838045,-0.0005712528013358531,0.021375965511047257,55.94,0.0164461923489454,55.771,0.019526277097416278,54.363,0.04593197579235886,53.028,0.07226370973825147,1725836.8,-0.002529091974397657,2013307.2,-0.14495313978909918,2089582.4,-0.1761645771901601,2379544.066666667,-0.27655384738829947
2016-03-16,56.5,57.87,56.5,57.95,2495727.0,0.017762926486106112,-0.0013805004314064728,0.02424778761061952,56.489999999999995,0.02442910249601704,56.011,0.0331899091249932,54.654500000000006,0.058833215929154914,53.24433333333334,0.08687622469996792,1873469.0,0.3321421384607912,2055767.7,0.2140121668416135,2105161.4,0.1855276274778741,2381882.2333333334,0.047796135792719685
2016-03-17,57.87,59.01,57.73,59.06,4820129.0,0.019699326075686807,-0.0008465966813411274,0.02217218084185002,57.104,0.03337769683384706,56.334,0.04750239642134413,55.0,0.07290909090909081,53.489000000000004,0.10321748396866637,2485435.0,0.9393502545832018,2306577.3,1.0897322626039894,2232333.15,1.1592337147347385,2483476.933333333,0.9408793113010325
2016-03-20,58.76,58.85,58.15,58.9799,2575087.0,-0.002711404846636123,-0.00220244523981894,0.012037833190025937,57.739999999999995,0.01922410807066166,56.57000000000001,0.04030404808202226,55.312,0.06396442001735614,53.79,0.09406952965235171,2719848.4,-0.053224069400338636,2345604.8,0.0978349805559744,2272251.45,0.13327554483461768,2485781.2666666666,0.035926625777934484
2016-03-21,58.68,58.52,57.98,58.815,1828529.0,-0.005607476635513975,-0.0050157272804556285,0.009313556398758305,58.222,0.0051183401463363865,56.888,0.02868794824919152,55.665,0.051288960747327916,54.102,0.08166056707700275,2688188.8,-0.31979145214800386,2255813.4,-0.18941478049558524,2274607.0,-0.19611211958813102,2446927.933333333,-0.2527246204962472
2016-03-22,58.58,58.33,58.15,58.58,1711652.0,-0.0032467532467532756,-0.004267668146125003,0.0030954428202922823,58.516,-0.0031786178139312504,57.227999999999994,0.019256308100929598,55.991,0.041774570913182485,54.40266666666666,0.0721900887211413,2686224.8,-0.36280388744828795,2206030.8,-0.22410330807711287,2225642.8,-0.23094038270651507,2400248.0,-0.2868853551799647
2016-03-23,58.05,58.64,57.67,58.65,1947835.0,0.005314589405108983,-0.00017050298380216766,0.016819837003641425,58.669999999999995,-0.0005113345832622462,57.58,0.01840916985064256,56.2735,0.04205354207575507,54.72533333333333,0.0715329889874281,2576646.4,-0.24404256633739108,2225057.7,-0.1245912409372576,2201522.8,-0.11523287426321449,2401925.6,-0.18905273335693662
2016-03-27,58.63,58.32,58.14,58.63,1455702.0,-0.00545702592087316,-0.005287395531297978,0.003095975232198178,58.532,-0.0036219503861134594,57.818000000000005,0.008682417240305718,56.5175,0.03189277657362766,55.041333333333334,0.05956735544197089,1903761.0,-0.23535464798364925,2194598.0,-0.33668854159167194,2186364.75,-0.33419069256399236,2369892.7,-0.38575193720795886
2016-03-28,58.05,58.8,57.89,59.0,1338932.0,0.008230452674897082,-0.003389830508474634,0.01571946795646917,58.522000000000006,0.004750350295615213,58.13100000000001,0.011508489446250492,56.80799999999999,0.03506548373468532,55.346666666666664,0.062394603709949426,1656530.0,-0.19172487066337462,2188189.2,-0.3881095839427414,2145331.15,-0.37588562959149685,2289806.2333333334,-0.41526406011617845
2016-03-29,59.0,59.11,58.45,59.43,1305464.0,0.00527210884353746,-0.005384485949856965,0.011291702309666363,58.64,0.008015006821282311,58.431000000000004,0.011620543889373725,57.028499999999994,0.036499294212543054,55.58133333333333,0.06348654224439865,1551917.0,-0.15880552890392974,2120052.9,-0.3842304595324013,2101171.9,-0.3786971927427737,2172687.2333333334,-0.3991477558428145
2016-03-30,58.91,59.19,58.69,59.45,1775856.0,0.0013534088986635329,-0.004373423044575331,0.008519338899301454,58.812,0.006427259742909586,58.664,0.008966316650756756,57.21750000000001,0.034473718704941536,55.79666666666667,0.060816058306947696,1564757.8,0.1349079071534265,2125491.3,-0.1644962272957785,2069399.25,-0.14184950052533363,2101552.033333333,-0.1549788100258156
2016-03-31,58.69,58.98,58.55,59.06,1393580.0,-0.003547896604156109,-0.0013545546901456706,0.0073441502988897955,58.879999999999995,0.0016983695652175168,58.775,0.0034878774989366423,57.39300000000001,0.027651455752443432,56.028000000000006,0.052687941743413846,1453906.8,-0.04149289349221008,2015276.6,-0.30849194596910423,2035522.15,-0.3153697688821514,2075199.8,-0.3284598427582732
2016-04-03,58.97,58.76,58.6,59.0501,938816.0,-0.003730077992539771,-0.004912777455076345,0.0027303754266210234,58.967999999999996,-0.003527336860670194,58.75,0.00017021276595752255,57.54200000000001,0.021167147474887793,56.25,0.04462222222222212,1350529.6,-0.30485344415997995,1627145.3,-0.4230287854440534,1966861.3,-0.5226831703892898,2030603.8666666667,-0.537666594941971
2016-04-04,58.43,58.48,58.29,58.86,1689380.0,-0.004765146358066685,-0.006455997281685444,0.003259564247726887,58.903999999999996,-0.007198152926796153,58.713,-0.003968456730196079,57.64149999999999,0.014546810891458373,56.44566666666666,0.03604055817688989,1420619.2,0.18918567340213333,1538574.6,0.09801630678161466,1942089.7,-0.13012256848898374,2027692.5,-0.16684605777256656
2016-04-05,58.31,59.16,57.83,59.25,1401833.0,0.011627906976744207,-0.0015189873417722488,0.022998443714335126,58.914,0.004175577961095689,58.777,0.00651615427803387,57.832499999999996,0.022954221242381,56.70233333333333,0.043343307447665236,1439893.0,-0.02643251963861204,1495905.0,-0.06288634639231772,1875859.2,-0.25269817692074115,2015039.6666666667,-0.3043149357357564
2016-04-06,58.79,58.36,57.99,59.07,1484817.0,-0.013522650439486084,-0.012019637717961773,0.0063804104155889,58.748000000000005,-0.0066044801525159125,58.779999999999994,-0.007145287512759335,58.004000000000005,0.006137507758085636,56.92066666666667,0.025286656281842568,1381685.2,0.07464203857723883,1473221.5,0.007870846305189083,1839626.15,-0.192870247033616,1974835.7,-0.24813137619499182
2016-04-07,58.7,58.8,58.285,59.01,1824603.0,0.007539410555174708,-0.003558718861209953,0.008835892596722905,58.712,0.0014988418040604579,58.79599999999999,6.803183890058406e-05,58.188,0.010517632501546581,57.114333333333335,0.029513899021261336,1467889.8,0.24301088542205274,1460898.3,0.24895962983870956,1842978.0,-0.009970276367921915,1954647.9666666666,-0.06653114467892496
2016-04-10,59.09,58.6,58.57,59.64,1505834.0,-0.00340136054421758,-0.017437961099932897,0.0005122076148198484,58.67999999999999,-0.0013633265167005693,58.82399999999999,-0.003807969536243516,58.32099999999999,0.004783868589359086,57.28633333333333,0.022931589267946473,1581293.4,-0.04772004992874812,1465911.5,0.027233908731870926,1830254.75,-0.17725442318890305,1946213.6666666667,-0.2262750869594483
2016-04-11,58.73,58.8,58.07,58.985,1456189.0,0.0034129692832762792,-0.0031363906077817028,0.012571034957809424,58.74399999999999,0.0009532888465204614,58.824,-0.000407996736026095,58.4775,0.005514941644222171,57.48,0.022964509394572064,1534655.2,-0.05112953059423375,1477637.2,-0.014515200348231616,1832913.2,-0.20553302796880946,1922766.5,-0.24265947009166222
2016-04-12,59.18,59.8,58.81,59.85,1354198.0,0.017006802721088343,-0.0008354218880535225,0.016833871790511656,58.872,0.015763011278706385,58.892999999999994,0.015400811641451462,58.66199999999999,0.019399270396508905,57.65,0.037294015611448295,1525128.2,-0.1120759553196905,1482510.6,-0.0865508819970664,1801281.75,-0.2482031198062158,1894951.4666666666,-0.2853653384684751
2016-04-13,59.23,59.44,58.68,59.62,1558033.0,-0.006020066889632081,-0.0030191211003018914,0.012951601908657073,59.088,0.005957216355266581,58.918000000000006,0.008859771207440748,58.791,0.011039104624857465,57.78433333333333,0.028652518271965244,1539771.4,0.01185994232650378,1460728.3,0.06661382544584082,1793109.8,-0.13110005868017682,1866508.9333333333,-0.16526892951025796
2016-04-14,59.39,58.66,58.64,59.39,2076561.0,-0.013122476446837172,-0.012291631587809437,0.0003410641200545239,59.05999999999999,-0.006772773450727909,58.886,-0.003837924124579839,58.830499999999994,-0.002898156568446608,57.89066666666667,0.013289419134920877,1590163.0,0.30587933438270154,1529026.4,0.35809362088188945,1772151.5,0.17177397079200052,1866690.2333333334,0.11242934843661878
2016-04-17,58.68,58.7,58.37,58.87,1666719.0,0.0006818956699625733,-0.0028877187022251505,0.005653589172520235,59.08,-0.006431956668923378,58.879999999999995,-0.0030570652173911306,58.815,-0.0019552835161097404,57.98800000000001,0.01227840242808842,1622340.0,0.027354931765227963,1601816.7,0.040517931920674766,1614481.0,0.032355908802890854,1845179.7666666666,-0.09671727919987849
2016-04-18,58.61,58.23,57.76,58.78,1675051.0,-0.008006814310051236,-0.009356924123851695,0.008137119113573288,58.965999999999994,-0.012481769155106237,58.855,-0.010619318664514488,58.784000000000006,-0.009424333151878184,58.04600000000001,0.003169899734692949,1666112.4,0.005364944165831886,1600383.8,0.04665580843795092,1569479.2,0.06726549800723713,1828187.7333333334,-0.08376422756875157
2016-04-19,58.52,59.18,58.44,59.37,1812349.0,0.016314614459900456,-0.0032002694963786382,0.012662559890485925,58.842,0.005744196322354789,58.857000000000006,0.005487877397760466,58.81699999999999,0.006171685057041465,58.17399999999999,0.017292948739987102,1757742.6,0.031066209580401516,1641435.4,0.10412447544387082,1568670.2,0.15534100156935482,1797717.9333333333,0.008138688720503273
2016-04-20,59.05,58.81,58.48,59.1352,1464591.0,-0.0062521122000674945,-0.005499262706475938,0.0056429548563612375,58.715999999999994,0.0016009264936305279,58.902,-0.0015619164035176603,58.84100000000001,-0.0005268435274724537,58.303333333333335,0.008690183522954698,1739054.2,-0.1578232581825224,1639412.8,-0.10663683972700477,1556317.15,-0.05893795490205833,1772888.3666666667,-0.17389553254631507
2016-04-21,58.91,58.48,58.2,59.37,1944830.0,-0.005611290596837404,-0.0149907360619842,0.004810996563573866,58.67999999999999,-0.003408316291751756,58.870000000000005,-0.006624766434516816,58.83299999999999,-0.0060000339945267545,58.41533333333333,0.0011070152813759115,1712708.0,0.13552923206991507,1651435.5,0.1776602840377357,1556166.9,0.24975669383534638,1779130.5,0.0931351016690456
2016-04-24,58.45,58.43,57.75,58.89,1282504.0,-0.0008549931600546623,-0.007811173374087321,0.01177489177489166,58.626,-0.0033432265547709283,58.852999999999994,-0.007187399113044224,58.838499999999996,-0.006942733074432494,58.49833333333333,-0.00116812444798986,1635865.0,-0.21600865597100005,1629102.5,-0.2127542619325672,1547507.0,-0.17124510583797037,1763204.0,-0.27262869185868455
2016-04-25,58.77,59.33,58.515,59.87,1776003.0,0.015403046380284113,-0.009019542341740405,0.013928052636076105,58.846000000000004,0.008224858104204147,58.90599999999999,0.0071979085322380065,58.86500000000001,0.007899430901214366,58.620333333333335,0.012106152017786753,1656055.4,0.07242970253289838,1661083.9,0.06918320019837654,1569360.55,0.13167302440474882,1775636.7666666666,0.00020625464633794444
2016-04-26,58.5,59.64,58.21,59.76,1775726.0,0.00522501264115971,-0.00200803212851397,0.02456622573440992,58.938,0.011910821541280647,58.89,0.012735608762098893,58.89149999999999,0.012709813810142467,58.73799999999999,0.015356328101059136,1648730.8,0.07702603724028201,1703236.7,0.042559733476856154,1592873.65,0.11479400767286219,1768600.0666666667,0.004029137772658675
2016-04-27,59.2,57.86,57.56,59.56,2470620.0,-0.029845741113346813,-0.028542646071188726,0.005211952744961668,58.748000000000005,-0.015115408184108503,58.732000000000006,-0.014847102090853492,58.825,-0.01640458988525295,58.77133333333333,-0.01550642603536867,1849936.6,0.3355160387658689,1794495.4,0.3767770037192628,1627611.85,0.5179417623433988,1793571.6666666667,0.37748607759377695
2016-04-28,57.6,56.32,55.88,57.63,2612115.0,-0.026615969581749055,-0.022731216380357466,0.007874015748031482,58.315999999999995,-0.0342273132587968,58.498000000000005,-0.03723204212109821,58.69199999999999,-0.040414366523546574,58.71966666666666,-0.040866489932390504,1983393.6,0.31699275423698037,1848050.8,0.41344328846371536,1688538.6,0.546967892827561,1797451.2666666666,0.453232723713344
2016-05-01,56.31,57.01,55.96,57.04,1703952.0,0.012251420454545414,-0.0005259467040673593,0.018763402430307385,58.032,-0.017610973256134477,58.32900000000001,-0.022613108402338655,58.604499999999994,-0.027207808274108625,58.653,-0.02801220738922139,2067683.2,-0.17591244151908758,1851774.1,-0.07982728562841446,1726795.4,-0.013228782054897747,1693578.7,0.006125077033621196
2016-05-02,56.33,56.23,56.075,56.72,1653809.0,-0.013681810208735379,-0.008638928067701057,0.0027641551493533534,57.412,-0.020588030376924693,58.129,-0.03266871957198647,58.492000000000004,-0.03867195513916444,58.565666666666665,-0.03988115904084877,2043244.4,-0.19059658257230505,1849649.9,-0.1058799830173266,1725016.85,-0.041279509820440374,1662869.4333333333,-0.005448673931765735
2016-05-03,55.79,55.83,55.4929,56.13,2344995.0,-0.007113640405477462,-0.005344735435595993,0.006074650991388042,56.65,-0.014474845542806758,57.794,-0.0339827663771326,58.3255,-0.04278574551439762,58.476,-0.04524933305971679,2157098.2,0.08710628009424881,1902914.5,0.23231758442116024,1772174.95,0.32322996665763726,1680084.9666666666,0.3957597660388168
2016-05-04,55.98,55.69,55.42,56.21,1523250.0,-0.0025076123947698203,-0.009251022949653187,0.004871887405268893,56.215999999999994,-0.009356766756795198,57.482000000000006,-0.031174976514387276,58.19199999999999,-0.042995600769865194,58.388000000000005,-0.04620812495718307,1967624.2,-0.2258430242929519,1908780.4,-0.20197734637258424,1774096.6,-0.14139399173641398,1673804.9,-0.08994769940033032
2016-05-05,55.47,55.47,54.84,55.68,2666887.0,-0.003950439935356376,-0.0037715517241379004,0.011487964989058908,56.04600000000001,-0.010277272240659552,57.181,-0.029922526713418773,58.0255,-0.044040981982059635,58.282333333333334,-0.04825361601857625,1978578.6,0.34788024089616654,1980986.1,0.3462421568732865,1816210.8,0.46837966165601475,1697773.3,0.5708145486797325
2016-05-08,55.69,55.23,55.18,56.09,2125692.0,-0.004326663061114178,-0.015332501337136817,0.0009061254077564751,55.69,-0.008260010773927129,56.861000000000004,-0.028683983749846265,57.857000000000006,-0.045405050382840595,58.17933333333334,-0.05069383171572972,2062926.6,0.030425416008499795,2065304.9,0.02923883054748977,1847203.7,0.15076209516037675,1720106.3,0.23579106709858566
2016-05-09,55.55,56.1,55.17,56.17,2622816.0,0.015752308527974046,-0.0012462168417304298,0.016856987493202746,55.664,0.00783271054900836,56.538,-0.00774700201634293,57.722,-0.028100204428121,58.089333333333336,-0.03424610370234349,2256728.0,0.16222070183026038,2149986.2,0.21992224880327127,1905535.05,0.3764197095193813,1762902.4333333333,0.48778284629213653
2016-05-10,56.05,55.75,55.68,56.52,1591701.0,-0.0062388591800356386,-0.01362349610757263,0.0012571839080459668,55.648,0.0018329499712477215,56.149,-0.007106092717590662,57.519499999999994,-0.03076348021105879,57.977333333333334,-0.03841731251293612,2106069.2,-0.24423138612919282,2131583.7,-0.2532777389881524,1917410.2,-0.16986933729673492,1772443.6666666667,-0.10197371576078307
2016-05-11,55.96,54.9,54.48,56.215,2279014.0,-0.015246636771300448,-0.023392333007204558,0.007709251101321701,55.489999999999995,-0.010632546404757526,55.852999999999994,-0.017062646590156216,57.292500000000004,-0.04175939259065331,57.83433333333333,-0.050736874866717074,2257222.0,0.009654345031193223,2112423.1,0.07886246841364297,1953459.25,0.16665551124242795,1789215.6,0.27375035183015384
2016-05-12,54.76,54.72,54.33,55.32,1882142.0,-0.003278688524590123,-0.010845986984815648,0.007178354500276152,55.339999999999996,-0.011203469461510629,55.693,-0.017470777296967333,57.095499999999994,-0.04160573074935847,57.69233333333332,-0.05152042154647918,2100273.0,-0.10385840316949269,2039425.8,-0.07712160942555502,1943738.3,-0.031689605540005106,1805501.0,0.04244860567787012
2016-05-15,54.87,55.43,54.54,55.81,1897141.0,0.012975146198830334,-0.006808815624440134,0.016318298496516226,55.379999999999995,0.0009028530155290593,55.535000000000004,-0.0018906995588368058,56.931999999999995,-0.026382350874727623,57.581333333333326,-0.03736164497753891,2054562.8,-0.07662058322091692,2058744.7,-0.07849623122284177,1955259.4,-0.029724137881653956,1837445.1666666667,0.032488497842702024
2016-05-16,55.31,55.37,55.25,56.02,2907342.0,-0.001082446328702913,-0.011602998928954,0.0021719457013573695,55.233999999999995,0.0024622515117500576,55.449,-0.0014247326371981117,56.789,-0.02498723344309639,57.47766666666667,-0.03666931503830484,2111468.0,0.37692922649076377,2184098.0,0.331140818772784,2016873.95,0.4415090243988724,1878043.9,0.5480692437487751
2016-05-17,53.06,55.82,53.0,56.14,3219742.0,0.00812714466317499,-0.005700035625222699,0.05320754716981124,55.248000000000005,0.010353315957138731,55.448,0.006708988601933363,56.621,-0.014146694689249562,57.36633333333334,-0.0269554151970669,2437076.2,0.3211494987313075,2271572.7,0.4174065395309601,2087243.6,0.5425808468163467,1938640.8666666667,0.6608243720437408
2016-05-18,55.67,55.7,55.03,56.03,1779091.0,-0.002149767108563183,-0.005889701945386405,0.01217517717608585,55.408,0.005269997112330449,55.449,0.004526682176414498,56.4655,-0.013556950704412318,57.27766666666666,-0.027544185342745386,2337091.6,-0.23875854930119134,2297156.8,-0.22552478785949648,2102968.6,-0.15400971750125036,1948450.0,-0.08691985937540092
2016-05-19,56.01,56.54,55.98,57.1,1928902.0,0.015080789946140039,-0.009807355516637473,0.010003572704537333,55.772000000000006,0.013770350713619539,55.556,0.017711858305133665,56.368500000000004,0.003042479398954967,57.20233333333333,-0.011578781751327094,2346443.6,-0.17794657412605186,2223358.3,-0.13243762824912197,2102172.2,-0.08242436085873472,1951926.6333333333,-0.011795849772290756
2016-05-22,56.77,56.76,56.61,57.44,1515281.0,0.0038910505836575737,-0.011838440111420656,0.002649708532061368,56.038,0.012884114350976139,55.709,0.018865892405176776,56.285000000000004,0.008439193390779032,57.141,-0.006667716700792803,2270071.6,-0.3324963846955312,2162317.2,-0.299232786013079,2113811.05,-0.2831521057665016,1952241.5333333334,-0.2238250369498337
2016-05-23,57.1,58.22,56.955,58.35,1649097.0,0.025722339675828154,-0.002227934875749793,0.02221051707488364,56.608000000000004,0.028476540418315377,55.92100000000001,0.04111156810500516,56.229499999999994,0.035399567842502755,57.12166666666667,0.019227963703206452,2018422.6,-0.1829773408205002,2064945.3,-0.2013846565330326,2107465.75,-0.21749760346045954,1958671.8,-0.1580534319225917
2016-05-24,57.95,58.27,57.81,58.39,1447707.0,0.000858811405015425,-0.00205514642918303,0.00795710084760426,57.098,0.020526112998703994,56.173,0.03733110213091706,56.161,0.03755275012909309,57.07066666666666,0.021014882134430035,1664015.6,-0.12999193036411438,2050545.9,-0.2939894688531478,2091064.8,-0.30766994882224596,1961788.7666666666,-0.26204746168475523
2016-05-25,58.21,58.29,57.99,58.49,1034281.0,0.00034322979234580053,-0.0034193879295606466,0.005173305742369294,57.616,0.011698139405720731,56.512,0.03146234428086059,56.182500000000005,0.03751168068348676,57.032333333333334,0.02205181855906302,1515053.6,-0.31733042316126636,1926072.6,-0.46301037665973754,2019247.85,-0.48778898043645313,1944330.3666666667,-0.4680528485634069
2016-05-26,58.35,58.44,58.13,58.72,1000832.0,0.00257334019557387,-0.00476839237057225,0.005332874591432946,57.996,0.007655700393130571,56.884,0.027353913226917825,56.2885,0.03822272755536216,57.025,0.024813678211310863,1329439.6,-0.24717753254830088,1837941.6,-0.45546039112450587,1938683.7,-0.4837569429195696,1908472.7333333334,-0.4755848577139745
2016-05-30,58.43,58.5,58.04,58.61,1348254.0,0.0010266940451746365,-0.0018768128305749476,0.007925568573397657,58.34400000000001,0.002673796791443639,57.19100000000001,0.022888216677449114,56.363,0.03791494420098296,57.01833333333333,0.02598579404285184,1296034.2,0.04029199229464786,1783052.9,-0.24385081339987158,1920898.8,-0.29811294587721127,1897857.2333333334,-0.28959145276066345
2016-05-31,58.11,58.65,58.105,58.77,1077070.0,0.002564102564102555,-0.0020418580908627693,0.009379571465450542,58.42999999999999,0.003765189115180645,57.519000000000005,0.019663067855838712,56.483999999999995,0.03834714255364369,57.03233333333333,0.028364027423040783,1181628.8,-0.08848701047232432,1600025.7,-0.32684206259936943,1892061.85,-0.4307427106571595,1877924.5333333334,-0.42645725060730166
2016-06-01,57.2,58.28,57.2,58.34,1708151.0,-0.00630861040068198,-0.001028453890983938,0.018881118881118875,58.431999999999995,-0.0026013143483022416,57.765,0.008915433220808566,56.606500000000004,0.0295637426797275,57.00233333333334,0.0224142871344446,1233717.6,0.38455591457883065,1448866.6,0.17895671002423552,1860219.65,-0.08174768501128349,1874451.2666666666,-0.08871943998970855
2016-06-02,58.56,58.11,57.78,58.56,1462897.0,-0.002916952642415982,-0.007684426229508268,0.005711318795430964,58.396,-0.004897595725734671,58.00600000000001,0.0017929179740026058,56.7275,0.024370895949936022,56.979,0.019849418206707714,1319440.8,0.10872499925726098,1417247.2,0.03221018887883509,1857202.0,-0.2123113156242563,1874394.8,-0.2195363538140418
2016-06-05,58.05,57.09,57.04,58.4,4243465.0,-0.01755291688177585,-0.02243150684931494,0.0008765778401123026,58.126,-0.017823349275711275,58.061,-0.016723790496202207,56.808499999999995,0.004955244373641365,56.93266666666667,0.002763498401620712,1967967.4,1.1562679341131363,1648703.5,1.5738193677638215,1936030.9,1.1918374339996332,1951015.9666666666,1.1750027024381606
2016-06-06,57.48,57.79,56.88,57.95,3267937.0,0.012261341741110376,-0.0027610008628128346,0.015998593530239136,57.984,-0.0033457505518764696,58.164,-0.0064300942163537655,56.93649999999999,0.014990384024307968,56.91133333333333,0.015439221244743395,2351904.0,0.3894857103011007,1823969.1,0.7916624793698532,1993143.15,0.6395897103527162,2017197.0666666667,0.6200385445732026
2016-06-07,57.88,57.78,57.5,58.12,1241199.0,-0.00017304031839415757,-0.0058499655884376445,0.004869565217391347,57.81,-0.0005189413596263792,58.11999999999999,-0.0058499655884375334,57.020500000000006,0.013319770959567157,56.85966666666666,0.016186048692981014,2384729.8,-0.47952216641063483,1783179.3,-0.3039404394162718,1924062.3,-0.3549070630405263,1999370.2666666666,-0.3792050323578551
2016-06-08,57.57,57.56,57.2,57.61,1052725.0,-0.0038075458636206427,-0.0008679048776253362,0.0062937062937062915,57.666,-0.0018381715395552334,58.049,-0.008423917724680874,57.111000000000004,0.007861882999772307,56.790333333333336,0.013552776000610445,2253644.6,-0.5328788754003182,1743681.1,-0.39626288316137626,1897113.5,-0.4450911872167901,1975270.2333333334,-0.46704760582379046
2016-06-09,56.89,56.96,56.61,57.28,1364149.0,-0.010423905489923557,-0.005586592178770999,0.006182653241476821,57.436,-0.008287485200919265,57.916,-0.016506664824918804,57.214,-0.004439472856293869,56.76033333333333,0.003517714836065222,2233895.0,-0.38934059120952413,1776667.9,-0.23218683694347153,1851370.25,-0.2631679157640132,1938387.8666666667,-0.29624559487887836
2016-06-12,56.86,56.87,56.7,57.55,1101820.0,-0.001580056179775302,-0.011815812337098164,0.0029982363315694815,57.39200000000001,-0.009095344298857166,57.75899999999999,-0.015391540712269891,57.3215,-0.00787662569890879,56.778666666666666,0.0016085853841818487,1605566.0,-0.3137497929079216,1786766.7,-0.3833442273129446,1812354.15,-0.3920503892685654,1888044.7,-0.41642271499186434
2016-06-13,56.82,57.07,56.57,57.25,2202462.0,0.003516792685071213,-0.003144104803493475,0.008838607035531298,57.248000000000005,-0.0031092789267748167,57.616,-0.009476534296028905,57.403499999999994,-0.005809750276550951,56.78066666666666,0.005095631142055579,1392471.0,0.5816932632708329,1872187.5,0.1764110165247872,1827620.2,0.20509830215271196,1904661.7,0.15635338286058897
2016-06-14,57.26,56.87,56.73,57.29,2391117.0,-0.0035044681969511604,-0.007331122359923281,0.002467830072272248,57.065999999999995,-0.003434619563312591,57.438,-0.00988892370904293,57.4785,-0.010586567151195658,56.802,0.001197140945741415,1622454.6,0.4737651210702598,2003592.2,0.19341500730537886,1801808.95,0.32706467020268715,1929238.6333333333,0.2394096607264362
2016-06-15,56.51,56.9,55.9001,56.9999,1088077.0,0.0005275189027607041,-0.0017526346537449777,0.01788726674907548,56.93399999999999,-0.0005971827027785315,57.3,-0.00698080279232105,57.532500000000006,-0.010993786120888305,56.83766666666667,0.0010966905749121292,1629525.0,-0.3322735152881975,1941584.8,-0.4395933672327884,1695225.7,-0.3581521327809034,1887341.3666666667,-0.4234869116858757
2016-06-16,56.85,55.99,55.61,56.85,2659052.0,-0.01599297012302281,-0.01512752858399291,0.006833303362704601,56.739999999999995,-0.013218188227000272,57.088,-0.019233464125560484,57.54699999999999,-0.027056145411576416,56.84766666666666,-0.015087104132095575,1888505.6,0.4080191236922992,2061200.3,0.29005026828299996,1739223.75,0.5288728664152613,1925201.4333333333,0.38118118652969346
2016-06-19,56.78,56.79,56.73,57.37,1850664.0,0.014288265761743135,-0.010109813491371744,0.0010576414595453443,56.724000000000004,0.0011635286651152654,57.05799999999999,-0.004696975007886572,57.5595,-0.013368774919865545,56.891666666666666,-0.0017870221180605883,2038274.4,-0.09204374052875308,1821920.2,0.01577665146914775,1735311.85,0.06647344107054876,1897994.0,-0.02493685438415505
2016-06-20,56.99,57.06,56.65,57.16,1243623.0,0.004754358161648264,-0.0017494751574527179,0.007237422771403379,56.722,0.0059588872042593,56.985,0.0013161358252171684,57.5745,-0.008936247818044363,56.952666666666666,0.0018846059300705598,1846506.6,-0.3264995640957904,1619488.8,-0.23208916295067927,1721728.95,-0.2776894411864307,1868591.7,-0.3344597431316857
2016-06-21,57.14,56.85,56.78,57.56,1718377.0,-0.003680336487907443,-0.012334954829742895,0.001232828460725699,56.718,0.0023273035015338728,56.89200000000001,-0.0007382408774521121,57.50599999999999,-0.011407505303794196,56.977666666666664,-0.0022406439950155566,1711958.6,0.003749156083564076,1667206.6,0.030692296923488627,1725192.95,-0.003950833441557888,1838443.7333333334,-0.06530889749649127
2016-06-22,57.52,58.11,57.32,58.12,1608860.0,0.022163588390501365,-0.00017205781142459742,0.013782274947662154,56.96,0.020189606741572996,56.947,0.020422498112279808,57.498000000000005,0.010643848481686202,57.056333333333335,0.01846712897779379,1816115.2,-0.11412007344027508,1722820.1,-0.06614741724919515,1733250.6,-0.07176723319755385,1839015.7,-0.12515156885283796
2016-06-23,54.91,55.04,54.75,56.3699,8489950.0,-0.05283083806573741,-0.02359237820184179,0.0052968036529679186,56.77,-0.030473841817861613,56.754999999999995,-0.030217601973394403,57.3355,-0.04003627769880791,57.061,-0.03541823662396382,2982294.8,1.8467842951005382,2435400.2,2.486059498557978,2106034.05,3.0312501120292907,2046046.9,3.1494405626772295
2016-06-26,53.86,52.55,52.17,54.18,3610791.0,-0.04523982558139539,-0.030084902177925477,0.007283879624305101,55.922000000000004,-0.06029827259397025,56.323,-0.06698861921417543,57.041,-0.07873284128959868,56.98866666666667,-0.07788683129979068,3334320.2,0.08291669168425986,2686297.3,0.3441516692884292,2236532.0,0.6144597975794668,2103668.533333333,0.7164258260204999
2016-06-27,53.53,54.31,53.11,54.32,3244174.0,0.03349191246431982,-0.00018409425625920406,0.02259461495010351,55.372,-0.01917936863396663,56.047000000000004,-0.03099184612914163,56.83149999999999,-0.044368000140766806,56.95133333333333,-0.04637877954276748,3734430.4,-0.1312801009760417,2790468.5,0.16259115628791365,2331328.0,0.3915562288961485,2148569.6333333333,0.5099226711898206
2016-06-28,54.69,55.62,54.61,55.65,2484805.0,0.02412078806849549,-0.0005390835579515141,0.018494781175608876,55.126,0.008961288684105506,55.922000000000004,-0.0054003790994601175,56.68000000000001,-0.018701482004234493,56.959666666666664,-0.023519566476863707,3887716.0,-0.3608573774421794,2799837.3,-0.11251807381807499,2401714.75,0.034596219222120306,2134485.066666667,0.1641238623797976
2016-06-29,55.75,56.64,55.4,56.69,2573300.0,0.01833872707659112,-0.0008819897689186229,0.0223826714801445,54.831999999999994,0.03297344616282483,55.896,0.013310433662516052,56.598,0.0007420756917206894,56.986999999999995,-0.0060891080421849875,4080604.0,-0.36938257179574396,2948359.6,-0.12720958461104948,2444972.2,0.052486404548894194,2112937.0,0.2178782424653456
2016-06-30,56.15,56.63,55.845,56.915,1910891.0,-0.00017655367231639296,-0.0050074672757620675,0.014056764258214782,55.15,0.02683590208522224,55.96,0.011972837741243803,56.524,0.001875309603000419,57.018,-0.006804868637973915,2764792.2,-0.30884823821479246,2873543.5,-0.33500536880684073,2467371.9,-0.22553588293682036,2117330.3333333335,-0.09749982328375473
2016-07-04,55.99,55.36,55.0399,56.4,1711623.0,-0.022426275825534248,-0.018439716312056764,0.005815780915299662,55.712,-0.00631820792647908,55.81700000000001,-0.008187469767275357,56.4375,-0.019091915836101925,56.97866666666666,-0.02840829316235305,2384958.6,-0.2823259070409021,2859639.4,-0.40145495267690046,2340779.8,-0.26878085670424867,2110087.7,-0.1888379805256436
2016-07-05,55.15,55.46,54.55,55.6,1434020.0,0.0018063583815028927,-0.0025179856115108423,0.01668194317140248,55.94199999999999,-0.008616066640448894,55.657,-0.0035395368057925536,56.321000000000005,-0.015287370607766304,56.93533333333333,-0.025912438673114546,2022927.8,-0.2911165687673085,2878679.1,-0.501847913510054,2249083.95,-0.36239818882705566,2107379.0,-0.31952439499492025
2016-07-06,55.49,55.95,55.29,56.36,1382024.0,0.008835196538045542,-0.007274662881476157,0.011937059142702156,56.008,-0.0010355663476646626,55.56699999999999,0.006892580128493808,56.229499999999994,-0.004970700433046593,56.85966666666666,-0.015998452330005297,1802371.6,-0.23321916523762365,2845043.8,-0.5142345435947242,2256125.2,-0.3874347044215455,2098476.566666667,-0.3414155669151544
2016-07-07,56.51,57.74,56.43,57.79,2287085.0,0.031992850759606783,-0.0008652015919708989,0.023214602161970577,56.227999999999994,0.026890517180052864,55.529999999999994,0.03979830722132194,56.2385,0.026698791752980622,56.842,0.015798177404032332,1745128.6,0.3105538468626323,2912866.3,-0.21483351295594988,2317843.2,-0.013270181520475655,2126455.8333333335,0.07553844483798744
2016-07-10,57.99,58.25,57.84,58.55,1788541.0,0.008832698302736475,-0.005123825789923098,0.007088520055325009,56.552,0.030025463290422882,55.851,0.042953572899321335,56.303,0.0345807505816742,56.84066666666667,0.024794454674470057,1720658.6,0.03945140540953318,2242725.4,-0.20251449419532142,2339062.8,-0.2353599911896337,2151597.8333333335,-0.1687382408128162
2016-07-11,58.68,58.99,58.26,59.03,1311340.0,0.012703862660944143,-0.0006776215483652592,0.01253003776175765,57.278,0.029889311777645977,56.495000000000005,0.04416320028321086,56.409000000000006,0.04575511000017718,56.859,0.03747867531965032,1640602.0,-0.20069584213599645,2012780.3,-0.34849322601180066,2349538.8,-0.4418734434179167,2161948.1,-0.39344519880010076
2016-07-12,59.27,59.52,58.99,59.62,2478024.0,0.00898457365655192,-0.0016772895001676558,0.00898457365655192,58.09000000000001,0.02461697366155957,57.016000000000005,0.0439174968429914,56.53150000000001,0.05286433227492626,56.893,0.04617439755330177,1849402.8,0.33990496824163996,1936165.3,0.279861796924054,2363316.9,0.048536487002653006,2199607.1,0.12657574164040475
2016-07-13,60.0,60.02,59.69,60.18,1721921.0,0.008400537634408511,-0.002658690594881996,0.005528564248618029,58.903999999999996,0.018946081760152333,57.456,0.04462545252018946,56.689,0.05875919490553727,56.93866666666667,0.05411671037841881,1917382.2,-0.1019416994692034,1859876.9,-0.07417474780185718,2329857.1,-0.26093278424672484,2221102.1333333333,-0.22474479036413508
2016-07-14,60.25,60.15,59.97,60.25,1985333.0,0.0021659446851047814,-0.0016597510373443924,0.0030015007503751967,59.386,0.012864985013302688,57.807,0.04053142353002226,56.85150000000001,0.05801957731985952,57.001000000000005,0.05524464483079239,1857031.8,0.06908939308416784,1801080.2,0.10230127453513727,2374719.9,-0.16397171725389592,2230341.533333333,-0.10985247311749524
2016-07-17,60.5,60.43,60.26,60.83,1836765.0,0.004655029093931784,-0.006575702778234382,0.002821108529704741,59.822,0.010163485005516337,58.187,0.038548129307233614,57.0735,0.05881013079625386,57.07833333333333,0.05872047186614893,1866676.6,-0.016023986158073655,1793667.6,0.02402752884648196,2333605.55,-0.21290682566297459,2242803.8,-0.18104071341416483
2016-07-18,60.09,60.27,59.89,60.48,1366072.0,-0.0026476915439350712,-0.003472222222222099,0.006344965770579414,60.077999999999996,0.003195845400978836,58.678,0.027131122396809815,57.24749999999999,0.05279706537403417,57.18433333333334,0.05396000069949225,1877623.0,-0.27244606611657396,1759112.5,-0.22343113359719746,2309375.95,-0.40846703630043435,2146890.7,-0.36369746256761004
2016-07-19,60.43,60.69,60.15,60.92,1397803.0,0.006968641114982521,-0.003775443204202311,0.008977556109725615,60.312,0.0062674094707519945,59.201,0.025151602168882237,57.428999999999995,0.05678315833463943,57.281,0.059513625809605175,1661578.8,-0.1587500996040634,1755490.8,-0.2037537308654651,2317084.95,-0.39674071941125855,2084552.9,-0.3294470963053996
2016-07-20,60.65,59.95,59.72,60.65,1379456.0,-0.012193112539133244,-0.01154163231657046,0.0038513060951106404,60.298,-0.005771335699359836,59.60100000000001,0.005855606449556072,57.584,0.041087802167268705,57.35333333333333,0.04527490410321988,1593085.8,-0.13409811323407694,1755234.0,-0.21408997318876,2300138.9,-0.40027274005061175,2089161.4666666666,-0.33970828870351877
2016-07-21,60.05,60.4,59.66,60.435,823680.0,0.007506255212677226,-0.0005791346074295323,0.012403620516258762,60.348,0.0008616689865446059,59.867000000000004,0.008903068468438358,57.6985,0.0468209745487318,57.448,0.05138560089124078,1360755.2,-0.39468906677703675,1608893.5,-0.48804566616746226,2260879.9,-0.6356816653551567,2081526.6333333333,-0.6042904343333008
2016-07-24,60.49,60.53,60.2,60.59,1195634.0,0.0021523178807947296,-0.0009902624195412546,0.005481727574750739,60.36800000000001,0.0026835409488470408,60.095000000000006,0.007238538979948306,57.973,0.044106739344177415,57.567,0.05147046050688764,1232529.0,-0.029934386939374225,1549602.8,-0.22842550361937908,1896164.1,-0.369445925065241,2075909.4666666666,-0.424043283583144
2016-07-25,61.15,62.8725,61.08,64.22,5045954.0,0.03869981827193136,-0.020982559950171287,0.02934675834970535,60.8885,0.03258414971628465,60.48325000000001,0.039502672227434754,58.489125,0.07494341896891088,57.76708333333333,0.08837933944504162,1968505.4,1.5633427269236853,1923064.2,1.623913439811318,1967922.25,1.5641023165422312,2207380.6,1.2859465195988404
2016-07-26,66.78,63.33,62.95,66.91,14962962.0,0.007276631277585599,-0.053504707816469876,0.006036536934074688,61.4165,0.0311561225403596,60.86424999999999,0.040512287590827256,58.940125,0.07448024584270896,57.97575,0.09235326839238822,4681537.2,2.1961642855257026,3171558.0,3.717858541448714,2553861.65,4.858955593776977,2632730.6,4.683438328251284
2016-07-27,63.46,64.22,62.75,64.39,4724066.0,0.014053371230064782,-0.002640161515763295,0.02342629482071712,62.270500000000006,0.03130695915401338,61.28425,0.047903825207944895,59.370124999999994,0.08168881234459269,58.220749999999995,0.10304315901117733,5350459.2,-0.11707279255582403,3471772.5,0.3607072468026058,2665824.7,0.7720842634551326,2710495.566666667,0.7428790727776753
2016-07-28,64.2,63.83,63.5,64.435,3241859.0,-0.006072874493927127,-0.009389307053619955,0.005196850393700769,62.956500000000005,0.013874659487105978,61.65225,0.03532312283817696,59.72962500000001,0.06864893258579774,58.45175,0.09201178749994665,5834095.0,-0.44432529809679133,3597425.1,-0.09883905574573326,2699252.65,0.20102095667109943,2782288.3,0.16517723918114458
2016-07-31,64.19,63.98,63.542,64.32,2669902.0,0.002349992166692738,-0.005286069651741276,0.006893078593686042,63.6465,0.005239879647741752,62.00725,0.03181482810477809,60.09712499999999,0.06460999590246641,58.71808333333333,0.08961322250243753,6128948.6,-0.564378464521631,3680738.8,-0.27462877833113286,2737203.2,-0.02458757902957298,2782649.966666667,-0.0405181995641829
2016-08-01,63.78,62.84,62.49,63.84,2740483.0,-0.017818068146295607,-0.01566416040100249,0.005600896143382883,63.64,-0.012570710245128791,62.264250000000004,0.00924687922844969,60.47112500000001,0.039173655194937984,58.91975,0.06653541469541202,5667854.4,-0.5164866973294162,3818179.9,-0.28225409179907945,2788646.2,-0.01727117624315344,2812310.6,-0.025540422171007715
2016-08-02,62.65,62.87,62.24,63.575,1899912.0,0.0004774029280711911,-0.011089264648053598,0.010122107969151584,63.548,-0.010669100522439745,62.48225,0.006205762436531925,60.841625,0.03333860658718435,59.113416666666666,0.06354874316462289,3055244.4,-0.3781472932247253,3868390.8,-0.5088624448181398,2811940.8,-0.3243413943849742,2834186.9,-0.32964477395615654
2016-08-03,63.07,63.34,62.7,63.39,1783760.0,0.007475743597900486,-0.0007887679444706919,0.01020733652312611,63.372,-0.0005049548696585138,62.82125,0.008257556161330726,61.211125,0.034779217013247266,59.329750000000004,0.06759256528133006,2467183.2,-0.27700545302027024,3908821.2,-0.5436578168374651,2832027.6,-0.3701473813320181,2836366.3333333335,-0.37111085439245683
2016-08-04,63.5,63.69,63.07,63.73,1843420.0,0.005525734133249083,-0.0006276478895339554,0.009830347233232839,63.34400000000001,0.005462237938873349,63.15024999999999,0.008547076219017402,61.508624999999995,0.0354645385098431,59.51575,0.07013689653579092,2187495.4,-0.15729194219105558,4010795.2,-0.540385407861264,2809844.35,-0.3439423076940187,2844185.0,-0.35186353911577484
2016-08-07,63.83,63.44,63.29,63.94,1839219.0,-0.003925262992620526,-0.00781983109164841,0.0023700426607677905,63.236000000000004,0.0032260105003478756,63.441250000000004,-1.9703268772430782e-05,61.768125,0.027066954031711443,59.79575,0.06094496682456518,2021358.8,-0.09010760484482028,4075153.7,-0.5486749370950107,2812378.25,-0.3460271569089257,2622493.966666667,-0.29867560292703055
2016-08-08,63.88,63.82,63.625,64.15,1933754.0,0.005989911727616759,-0.005144193296960364,0.0030648330058939965,63.431999999999995,0.006116786480010239,63.53599999999999,0.004469906824477565,62.00962499999999,0.02919506447587783,60.171416666666666,0.06063648714713654,1860013.0,0.03964542183307329,3763933.7,-0.4862412162042068,2843498.95,-0.31993855668559334,2566592.7333333334,-0.24656764788367547
2016-08-09,64.0,63.79,63.16,64.0,2054856.0,-0.0004700720777186529,-0.0032812500000000133,0.009974667511083002,63.616,0.0027351609657948472,63.58200000000001,0.003271366109905083,62.223125,0.025181554285484742,60.487416666666675,0.05459951036648092,1891001.8,0.08664941514069424,2473123.1,-0.16912506296188823,2822340.55,-0.27193194315264324,2526948.8,-0.18682325498640884
2016-08-10,63.99,64.14,62.871,64.14,1325096.0,0.0054867534096254555,0.0,0.020184186667939086,63.775999999999996,0.005707476166583181,63.574,0.008903010664737199,62.429125,0.027405077357723684,60.77141666666667,0.05543039010938533,1799269.0,-0.26353646953290477,2133226.1,-0.378830026503051,2802499.3,-0.527173476903277,2488291.8333333335,-0.46746760880338867
2016-08-11,64.06,64.24,63.77,64.36,1357770.0,0.001559089491736776,-0.0018645121193288094,0.007370236788458495,63.886,0.005541120120214016,63.614999999999995,0.009824726872592837,62.633624999999995,0.02564716635832598,61.024750000000004,0.05268763903170415,1702139.0,-0.20231543957338383,1944817.2,-0.3018521226570805,2771121.15,-0.5100286394912759,2447774.1666666665,-0.44530422026269445
2016-08-14,64.24,65.27,64.24,65.49,2534051.0,0.016033623910336248,-0.0033592914948846753,0.016033623910336248,64.252,0.01584386478241928,63.74400000000001,0.023939508032128298,62.875625,0.03808113239431021,61.31275,0.06454204060330015,1841105.4,0.37637475833811584,1931232.1,0.31214212936912134,2805985.45,-0.09691228085306003,2468546.1666666665,0.026535794314021643
2016-08-15,65.15,64.88,64.59,65.15,2476438.0,-0.005975180021449367,-0.0041442824251728405,0.004489859111317385,64.464,0.006453214197071233,63.948,0.014574341652592748,63.106125,0.028109395086451494,61.63008333333334,0.05273263463054412,1949642.2,0.2702012707767609,1904827.6,0.30008511006455385,2861503.75,-0.1345676202591033,2494040.0,-0.007057625378903309
2016-08-16,64.26,64.2,63.16,64.84,3247680.0,-0.01048088779284817,-0.009870450339296788,0.016466117796073654,64.546,-0.00536051808012894,64.08099999999999,0.0018570247031104437,63.281625000000005,0.014512506592553542,61.921416666666666,0.03679798454223571,2188207.0,0.48417402923946407,2039604.4,0.592308783016942,2953997.6,0.09941863189056077,2554495.3333333335,0.27135875240066976
2016-08-17,64.3,64.13,63.75,64.85,2130647.0,-0.001090342679127887,-0.011102544333076336,0.005960784313725487,64.54400000000001,-0.006414229053049336,64.16,-0.00046758104738153783,63.490625,0.010070384407146582,62.19408333333333,0.031127023068914683,2349317.2,-0.0930781931022342,2074293.1,0.027167761393025902,2991557.15,-0.2877799443009136,2579449.433333333,-0.17399156096398494
2016-08-18,63.92,64.14,63.83,64.58,1965377.0,0.0001559332605645114,-0.006813254877671038,0.004856650477831792,64.524,-0.005951273944578728,64.20500000000001,-0.0010123822132234173,63.677625,0.007261184756812256,62.40741666666667,0.02776245878895267,2470838.6,-0.20457086917777634,2086488.8,-0.05804574651922412,3048642.0,-0.3553270603763905,2568725.8333333335,-0.23488253417469296
2016-08-21,64.4,63.84,63.75,64.41,1942015.0,-0.004677268475210439,-0.008849557522123797,0.0014117647058824456,64.238,-0.006195709704536201,64.24499999999999,-0.006303992528601254,63.843125,-4.8948105218826754e-05,62.59375,0.019910134797803458,2352431.4,-0.17446476866445493,2096768.4,-0.07380567162305574,3085961.05,-0.37069361261056744,2573841.6333333333,-0.24547999579720325
2016-08-22,64.38,63.8,63.79,64.74,1935956.0,-0.0006265664160401974,-0.014519616929255408,0.00015676438313216856,64.022,-0.00346755802692833,64.24300000000001,-0.006895692915959928,63.8895,-0.0014008561657236074,62.754083333333334,0.016666910121386547,2244335.0,-0.13740328426905968,2096988.6,-0.07679231064966219,2930461.15,-0.33936814006218785,2594662.1666666665,-0.25386972343798386
2016-08-23,63.59,62.7,62.7,63.837,2613121.0,-0.01724137931034475,-0.017810987358428454,0.0,63.722,-0.016038416873293326,64.13399999999999,-0.022359434933108546,63.858000000000004,-0.018133984778727852,62.860083333333336,-0.002546661169449016,2117423.2,0.23410426408853913,2152815.1,0.21381580796232802,2312969.1,0.1297690920298069,2599165.4,0.00536926199463883
2016-08-24,62.82,62.72,62.56,63.04,2336706.0,0.00031897926634760765,-0.005076142131979711,0.002557544757033181,63.44,-0.011349306431273631,63.992,-0.0198774846855857,63.783,-0.016665882758728823,62.95008333333333,-0.0036550123709129245,2158635.0,0.08249240839697314,2253976.1,0.036703982797333,2193601.1,0.06523743081638678,2619658.2333333334,-0.10801112516623834
2016-08-25,63.0,62.96,62.57,63.53,2144860.0,0.003826530612244916,-0.008972139146859792,0.006233019018698993,63.20400000000001,-0.003860515157268596,63.864,-0.014155079544031057,63.7395,-0.012229465245256033,63.04375,-0.0013284425498166774,2194531.6,-0.022634260541064877,2332685.1,-0.08051884071279058,2138751.15,0.002856269650632459,2624975.8,-0.1829029433338013
2016-08-28,63.09,62.89,62.81,63.45,1512936.0,-0.0011118170266836147,-0.008825847123719477,0.0012736825346282288,63.013999999999996,-0.001967816675659262,63.626,-0.011567598151698943,63.685,-0.012483316322524973,63.125750000000004,-0.0037346090937533383,2108715.8,-0.28253205102366086,2230573.6,-0.3217278282142315,2080902.85,-0.27294251146803905,2614181.5,-0.42125824086812635
2016-08-29,63.06,62.9,62.65,63.3458,1432509.0,0.00015900779138178223,-0.007037562079885262,0.003990422984836428,62.834,0.0010503867332971595,63.428,-0.008324399318912712,63.688,-0.012372817485240661,63.213416666666674,-0.004958071928296004,2008026.4,-0.28660848283667983,2126180.7,-0.32625246762892735,2015504.15,-0.2892552466339501,2616396.066666667,-0.45248771076733774
2016-08-30,62.9,62.56,62.36,62.965,1860575.0,-0.00540540540540535,-0.006432144842372756,0.003207184092366866,62.806000000000004,-0.003916823233449107,63.263999999999996,-0.011127971674253834,63.6725,-0.017472221131571652,63.27575,-0.011311600415641054,1857517.2,0.001646175873903033,1987470.2,-0.06384759882185909,2013537.3,-0.07596695626150063,2631821.8,-0.293046740474602
2016-08-31,62.1,63.06,61.6,63.07,1813998.0,0.007992327365728968,-0.00015855398763275907,0.02370129870129878,62.874,0.0029582975474760076,63.157,-0.0015358550912804025,63.65849999999999,-0.009401729541223647,63.379416666666664,-0.005039753968493876,1752975.6,0.03481075264253519,1955805.3,-0.07250583685400591,2015049.2,-0.09977483428196188,2646306.533333333,-0.31451705342878133
2016-09-01,63.29,63.15,62.91,63.53,1989268.0,0.0014272121788772019,-0.005981426097906528,0.003814973772055419,62.912,0.00378306205493395,63.05799999999999,0.0014589742776491832,63.6315,-0.007567006906956553,63.47108333333333,-0.005058734095447659,1721857.2,0.15530370346623412,1958194.4,0.0158684959981501,2022341.6,-0.016354111491352463,2685159.466666667,-0.2591620629260206
2016-09-05,63.24,62.73,62.51,63.43,1779421.0,-0.0066508313539193065,-0.01103578748226397,0.0035194368900974826,62.879999999999995,-0.0023854961832060484,62.947,-0.0034473445914817713,63.596000000000004,-0.013617208629473687,63.54441666666666,-0.012816494499254483,1775154.2,0.002403622175470854,1941935.0,-0.0836866321478319,2019351.7,-0.11881570704102706,2704619.033333333,-0.3420807226195788
2016-09-06,62.54,61.65,61.44,62.86,2215593.0,-0.017216642754662836,-0.019249125039770942,0.00341796875,62.63000000000001,-0.015647453297142122,62.73199999999999,-0.017247975514888658,63.4875,-0.028942705256940315,63.50366666666666,-0.029189915542934486,1931771.0,0.14692321191279922,1969898.7,0.12472433227150215,2033443.65,0.08957678763313659,2610273.6666666665,-0.1512027921465705
2016-09-07,61.66,61.41,61.12,61.8,2025771.0,-0.00389294403892948,-0.006310679611650549,0.004744764397905721,62.4,-0.01586538461538467,62.60300000000001,-0.019056594731882037,63.3685,-0.0309065229569897,63.43966666666667,-0.03199365276194188,1964810.2,0.031026304729077747,1911163.7,0.05996728590020828,2031989.4,-0.003060252184386325,2179033.966666667,-0.07033528114346821
2016-09-08,60.83,59.62,59.37,61.12,3609639.0,-0.02914834717472725,-0.0245418848167539,0.00421088091628774,61.712,-0.03389940368161792,62.293000000000006,-0.04291011831184899,63.1425,-0.0557865146296076,63.28633333333334,-0.057932465671893474,2323938.4,0.5532421169166963,2038457.0,0.7707702443563931,2146216.55,0.6818615064728675,2141886.4,0.6852616459957914
2016-09-11,59.13,60.62,59.01,60.67,2520706.0,0.016772895001677224,-0.0008241305422779233,0.027283511269276417,61.205999999999996,-0.00957422474920755,62.05899999999999,-0.02318761178878148,62.9615,-0.03718939351826123,63.17933333333333,-0.04050902721354033,2430226.0,0.037231105255231434,2076041.6,0.21418857888011478,2204363.35,0.143507489361951,2117847.966666667,0.1902204689260114
2016-09-12,60.39,60.45,59.94,60.87,3161657.0,-0.0028043549983503002,-0.00689995071463767,0.008508508508508594,60.75,-0.004938271604938205,61.815,-0.022082018927444658,62.7205,-0.036200285393133025,63.061666666666675,-0.04141448846367324,2706673.2,0.16809705730266944,2240913.7,0.41087851799022856,2235743.65,0.41414110691983863,2134239.8,0.48139726379388126
2016-09-13,60.51,60.92,60.12,61.18,1908652.0,0.007775020678246536,-0.004249754821837204,0.01330671989354637,60.604,0.0052141772820275545,61.617,-0.011311813298278017,62.522499999999994,-0.02563077292174809,62.99766666666666,-0.03298005746244559,2645285.0,-0.2784701837420165,2288528.0,-0.16599141456866595,2207354.35,-0.13532143128718777,2106512.1,-0.0939278250526071
2016-09-14,60.88,62.65,60.87,62.72,3235543.0,0.028397898883781858,-0.0011160714285713969,0.02924264826679801,60.852,0.029547097876815975,61.626,0.016616363223314945,62.44500000000001,0.0032828889422691354,62.99033333333333,-0.005402945425488581,2887239.4,0.12063551086203672,2426024.8,0.3336809252733115,2206747.5,0.46620444794884786,2151033.1333333333,0.5041809211864923
2016-09-15,62.77,62.05,61.46,62.85,2947780.0,-0.009577015163607316,-0.012728719172633296,0.009599739668076701,61.338,0.011607812449052624,61.525,0.008533116619260372,62.340999999999994,-0.004667875074188643,62.947333333333326,-0.014255303375308337,2754867.6,0.07002601504333628,2539403.0,0.160816144582014,2247604.15,0.31152098113006255,2189833.8,0.3461204224722443
2016-09-18,62.42,62.46,62.21,63.05,2167214.0,0.0066075745366640515,-0.009357652656621696,0.004018646519852176,61.705999999999996,0.012219233137782393,61.456,0.016336891434522327,62.25699999999999,0.0032606775141752475,62.906333333333336,-0.007095205040298036,2684169.2,-0.1925941181353248,2557197.6,-0.15250428828808538,2257696.0,-0.040077140589344196,2200626.933333333,-0.015183370169300714
2016-09-19,62.69,62.34,62.25,62.91,2304243.0,-0.0019212295869356355,-0.009060562708631315,0.0014457831325300763,62.084,0.004123445654274915,61.416999999999994,0.015028412328834229,62.181999999999995,0.002540928242900087,62.86966666666667,-0.008424836566653715,2512686.4,-0.0829563928073157,2609679.8,-0.11703995256429534,2275807.4,0.012494730441600765,2216127.7333333334,0.039760915104893435
2016-09-20,62.6,63.3,62.515,63.4,2042296.0,0.015399422521655382,-0.001577287066246047,0.012556986323282393,62.56,0.01182864450127874,61.58200000000001,0.027897762333149112,62.157000000000004,0.018388918384091735,62.85233333333334,0.007122514677259328,2539415.2,-0.19576129181238267,2592350.1,-0.21218357042129454,2281124.4,-0.10469766576518136,2219745.8,-0.07994149600373157
2016-09-21,63.89,63.68,63.37,64.02,2323994.0,0.006003159557661952,-0.005310840362386715,0.004891904686760373,62.766000000000005,0.014562024025746245,61.80899999999999,0.030270672555776867,62.205999999999996,0.023695463460116528,62.84866666666666,0.013227541289658973,2357105.4,-0.014047483833349084,2622172.4,-0.11371426226589831,2266668.05,0.025290844859263917,2228717.066666667,0.0427496763758497
2016-09-22,63.7,63.23,63.23,63.82,3185537.0,-0.007066582914572961,-0.009244750861798878,0.0,63.001999999999995,0.003618932732294189,62.17,0.017050024127392538,62.2315,0.016044929015048615,62.818333333333335,0.006553288583481365,2404656.8,0.32473665264831153,2579762.2,0.23481807741814342,2309109.6,0.37955210094834824,2290731.7666666666,0.3906198212964058
2016-09-25,62.79,62.28,62.22,62.975,3196399.0,-0.015024513680215068,-0.011036125446605816,0.0009643201542912649,62.965999999999994,-0.010894768605278937,62.336,-0.0008983572895276959,62.19749999999999,0.0013264198721816278,62.753,-0.007537488247573831,2610493.8,0.22444228750897643,2647331.5,0.20740413506959743,2361686.55,0.353439134418579,2352019.4,0.3590019708170775
2016-09-26,62.28,63.81,61.81,63.93,2551061.0,0.024566473988439252,-0.0018770530267480101,0.032357223750202335,63.260000000000005,0.00869427758457153,62.672000000000004,0.01815802910390607,62.243500000000004,0.025167286543976486,62.70433333333334,0.01763301845167531,2659857.4,-0.0409030950305832,2586271.9,-0.013614539136430293,2413592.8,0.056955837786722086,2352586.4,0.08436442546807221
2016-09-27,64.02,63.93,63.27,64.13,2313234.0,0.0018805829807240215,-0.003118665211289451,0.0104314841156945,63.386,0.008582336793613754,62.973,0.01519698918584167,62.294999999999995,0.026246087165904264,62.672666666666665,0.02006190896616289,2714045.0,-0.14768030743779115,2626730.1,-0.1193484248724298,2457629.05,-0.05875380175865019,2347146.2666666666,-0.014448297129274201
2016-09-28,63.99,63.74,62.93,64.27,1820057.0,-0.002972000625684257,-0.00824646024583775,0.012871444462100756,63.398,0.005394491939808788,63.081999999999994,0.010430867759424478,62.354,0.022227924431472035,62.657333333333334,0.01727916923797168,2613257.6,-0.3035294339142073,2485181.5,-0.26763618673324263,2455603.15,-0.25881468265749696,2299558.8333333335,-0.2085190543432498
2016-09-29,64.14,64.45,63.41,64.975,3104694.0,0.011139002196423053,-0.008080030781069558,0.016401198549124807,63.64200000000001,0.012696018352660099,63.322,0.017813714033037442,62.423500000000004,0.03246373561238958,62.668,0.02843556520074042,2597089.0,0.1954515228396101,2500872.9,0.2414441373649976,2520137.95,0.2319539888679505,2332027.066666667,0.33132845856620396
2016-10-02,64.29,64.25,64.06,64.74,1921072.0,-0.003103180760279378,-0.007568736484399041,0.002965969403684099,64.036,0.0033418701980136856,63.501,0.011795089841105,62.4785,0.028353753691269912,62.67166666666666,0.02518416083823105,2342023.6,-0.179738410834118,2476258.7,-0.22420383621468953,2516728.15,-0.2366787807415751,2330550.2333333334,-0.17570023914381194
2016-10-03,64.21,64.24,63.98,64.93,1572049.0,-0.00015564202334639177,-0.010626828892653761,0.004063769928102534,64.122,0.0018402420386138818,63.69100000000001,0.008619742192774282,62.553999999999995,0.026952712856092242,62.684999999999995,0.02480657254526597,2146221.2,-0.267527037753611,2403039.3,-0.34580803568214635,2506359.55,-0.3727759450953475,2318218.033333333,-0.3218718095555607
2016-10-04,64.48,64.68,63.8,65.18,2089080.0,0.0068493150684934,-0.0076710647437864266,0.013793103448276112,64.272,0.006348020911127739,63.82899999999999,0.013332497767472695,62.70550000000001,0.03148846592404175,62.714333333333336,0.031343180453166086,2101390.4,-0.0058582165408197495,2407717.7,-0.13234014103895986,2500033.9,-0.16437933101627134,2323322.1666666665,-0.1008220771218914
2016-10-05,64.6,64.74,64.04,64.83,1355332.0,0.0009276437847864916,-0.0013882461823230274,0.01093066833229206,64.47200000000001,0.004156843280803901,63.935,0.012590912645655594,62.872,0.029711159180557223,62.782333333333334,0.03118180804578774,2008445.4,-0.3251835474342494,2310851.5,-0.4134923858153585,2466511.95,-0.4505066152223589,2281395.8666666667,-0.4059198494208429
2016-10-06,64.62,64.42,63.74,64.62,1852115.0,-0.004942848316342174,-0.003095017022593627,0.010668340131785303,64.466,-0.0007135544317933284,64.054,0.005713928872513874,63.112,0.020725060210419644,62.83899999999999,0.025159534683874885,1757929.6,0.05357745839196282,2177509.3,-0.1494341723362559,2378635.75,-0.22135408920848854,2265242.8333333335,-0.18237684157040712
2016-10-09,64.78,63.35,63.34,64.88,2117272.0,-0.016609748525302725,-0.02358199753390866,0.000157878118092869,64.286,-0.01455993528917654,64.161,-0.012640077305528297,63.2485,0.0016047811410546675,62.852,0.00792337554890854,1797169.6,0.17811474220351808,2069596.6,0.023036083457036893,2358464.05,-0.10226657896269387,2264323.2333333334,-0.06494268625988431
2016-10-10,63.31,62.1,61.64,63.65,3533134.0,-0.019731649565903675,-0.02435192458758828,0.00746268656716409,63.85799999999999,-0.02752983181433788,63.989999999999995,-0.029535864978902815,63.330999999999996,-0.019437558225829266,62.82566666666666,-0.011550480960541565,2189386.6,0.613755195176585,2167803.9,0.6298217749308415,2377037.9,0.4863599776848322,2331663.1666666665,0.5152849050023594
2016-10-11,62.15,61.19,60.7,62.16,3305068.0,-0.014653784219001653,-0.015604890604890564,0.008072487644151582,63.15999999999999,-0.031190626979100577,63.71600000000001,-0.039644673237491546,63.344500000000004,-0.0340124241252201,62.76866666666667,-0.025150552823595684,2432584.2,0.3586654061142056,2266987.3,0.45791200506504826,2446858.7,0.35073921514143813,2394081.8,0.3805159038425505
2016-10-12,60.8,60.71,59.54,60.855,3570863.0,-0.007844419022716043,-0.00238271300632642,0.01965065502183405,62.354,-0.026365590018282647,63.413,-0.04262532919117523,63.2475,-0.0401201628522867,62.707,-0.031846524311480384,2875690.4,0.24174111371655305,2442067.9,0.46222920337309215,2463624.7,0.4494346480614517,2451091.4,0.4568461216909334
2016-10-13,61.11,62.06,60.97,62.71,3834677.0,0.022236863778619664,-0.010365173018657248,0.017877644743316434,61.88199999999999,0.0028764422610776386,63.174,-0.017633836704973538,63.248000000000005,-0.018783202630913265,62.67366666666667,-0.009791459464634222,3272202.8,0.17189466374150175,2515066.2,0.5246823324173335,2507969.55,0.5289966339503605,2518447.3666666667,0.5226353549232403
2016-10-16,61.65,61.7,61.33,62.29,2475889.0,-0.005800837898807587,-0.009471825333119188,0.006032936572639924,61.552,0.0024044710163764194,62.919,-0.019374115926826474,63.21,-0.02388862521752888,62.62533333333333,-0.014775703123336537,3343926.2,-0.25958623129900416,2570547.9,-0.0368244061898243,2523403.3,-0.018829451479277948,2534668.066666667,-0.023190045055472286
2016-10-17,62.33,62.14,62.02,62.84,2759160.0,0.007131280388978922,-0.011139401654996828,0.001934859722670046,61.56,0.009421702404158516,62.70899999999999,-0.009073657688688841,63.2,-0.016772151898734267,62.605666666666664,-0.007438091333585306,3189131.4,-0.13482398373425442,2689259.0,0.025992661919138405,2546149.15,0.08366000475659496,2567326.033333333,0.07472131087986345
2016-10-18,61.84,61.91,61.27,62.07,1380441.0,-0.003701319600901254,-0.0025777348155309188,0.010445568793863158,61.70399999999999,0.0033385193828601167,62.432,-0.008361096873398366,63.1305,-0.0193329690086409,62.614333333333335,-0.011248755609738037,2804206.0,-0.5077248247810611,2618395.1,-0.4727911765493298,2513056.4,-0.45069239194154176,2539487.6333333333,-0.45640963874746965
2016-10-19,62.28,63.47,61.67,63.68,4556524.0,0.025197867872718493,-0.003297738693467389,0.029187611480460562,62.25599999999999,0.01950012850167071,62.30499999999999,0.018698338817109583,63.120000000000005,0.005544993662864206,62.683,0.012555238262367707,3001338.2,0.5181641309200009,2938514.3,0.5506216866121769,2624682.9,0.7360283788948372,2623846.066666667,0.7365820571130557
2016-10-20,63.13,62.91,62.22,63.33,1827129.0,-0.008823066015440362,-0.006631927996210374,0.011089681774349103,62.426,0.007753179764841578,62.15400000000001,0.012163336229365607,63.104000000000006,-0.003074290060852136,62.79266666666667,0.0018685833802247753,2599828.6,-0.2972117469590111,2936015.7,-0.37768418608933196,2556762.5,-0.2853739837000895,2564429.066666667,-0.2875104155737226
2016-10-23,63.53,64.02,63.44,64.05,1316285.0,0.01764425369575573,-0.0004683840749414303,0.00914249684741475,62.89,0.017967880426140725,62.221000000000004,0.028913067935262937,63.19100000000001,0.013118956813469973,62.906,0.017708962579086274,2367907.8,-0.44411475818441914,2855917.0,-0.5391025019284523,2462756.8,-0.46552375776609367,2524281.7,-0.47855067047390154
2016-10-24,64.02,64.06,63.74,64.26,3077982.0,0.0006248047485162278,-0.00311235605353255,0.0050203953561342995,63.274,0.012422163921990137,62.416999999999994,0.026322956886745796,63.2035,0.013551464713188466,63.02633333333333,0.016400552150159564,2431672.2,0.26578820944698056,2810401.8,0.0952106563552586,2489102.85,0.2365828917033299,2521492.533333333,0.2206984392418585
2016-10-25,63.57,63.44,63.1,63.75,2576590.0,-0.00967842647517958,-0.0048627450980393006,0.005388272583201292,63.58,-0.002201950298836075,62.64200000000001,0.012739056862807407,63.17900000000001,0.004131119517561066,63.11033333333334,0.005223655925336912,2670902.0,-0.03531091743538328,2737554.0,-0.05879847484287071,2502270.65,0.029700763984103817,2543757.1333333333,0.012907233256046924
2016-10-26,63.87,63.27,63.06,64.16,2067995.0,-0.0026796973518283806,-0.013871571072319067,0.003330161750713545,63.54,-0.004249291784702458,62.898,0.0059143374988075426,63.1555,0.0018129854090300768,63.131,0.0022017709207837743,2173196.2,-0.04840851461087603,2587267.2,-0.20070296566199275,2514667.55,-0.17762687954517087,2504838.8666666667,-0.17439998735247986
2016-10-27,63.45,63.53,63.35,64.29,2412153.0,0.004109372530425093,-0.01182143412661385,0.0028413575374901523,63.664,-0.0021048002010555233,63.044999999999995,0.007692917757157636,63.109500000000004,0.006663022207433089,63.18033333333334,0.005534422631515046,2290201.0,0.053249474609433856,2445014.8,-0.013440327641370486,2480040.5,-0.027373544907835168,2486984.6333333333,-0.03008930265605847
2016-10-30,64.04,64.1,63.74,64.44,2175818.0,0.00897213914685957,-0.00527622594661703,0.005647944775651004,63.67999999999999,0.006595477386934778,63.285000000000004,0.012878249190171331,63.102,0.015815663528889745,63.235,0.013679133391317988,2462107.6,-0.11627826501165106,2415007.7,-0.09904303824786986,2492777.8,-0.12715124468775352,2487271.433333333,-0.1252189162627646
2016-10-31,64.4,63.6,62.84,64.4,3643421.0,-0.007800312012480437,-0.012422360248447228,0.012094207511139432,63.588,0.00018871485185889547,63.431000000000004,0.0026643124024530174,63.07000000000001,0.008403361344537785,63.27700000000001,0.005104540354315068,2575195.4,0.414813415712066,2503433.8,0.455369420992878,2596346.4,0.40328771230217986,2531910.7,0.43900059350434417
2016-11-01,63.79,63.66,63.4,64.18,2359632.0,0.0009433962264149276,-0.008102212527267172,0.004100946372239678,63.632000000000005,0.0004400301734974743,63.605999999999995,0.0008489765116499459,63.01899999999999,0.010171535568638035,63.288999999999994,0.0058619981355370054,2531803.8,-0.06800361070632721,2601352.9,-0.09292122572066253,2609874.0,-0.09588278974387265,2542488.566666667,-0.07192031030700019
2016-11-02,63.75,63.85,63.34,64.03,2329504.0,0.0029846057178763985,-0.002811182258316447,0.00805178402273432,63.748000000000005,0.0016000501976531911,63.644000000000005,0.0032367544466092024,62.9745,0.013902452580012659,63.29466666666667,0.008773777674790928,2584105.6,-0.09852600451003246,2378650.9,-0.02066167002480268,2658582.6,-0.12377971630446993,2542672.2333333334,-0.08383630046326462
2016-11-03,62.89,63.43,62.89,64.02,2136527.0,-0.006577916992952293,-0.009215870040612306,0.008586420734616018,63.727999999999994,-0.004676123524981035,63.69599999999999,-0.004176086410449531,62.925,0.008025427095748938,63.30133333333333,0.0020326059482687064,2528980.4,-0.15518246009340364,2409590.7,-0.11332368605174326,2672803.2,-0.2006418579564706,2507705.2333333334,-0.14801509698966886
2016-11-06,64.53,64.36,63.96,64.55,2982679.0,0.014661831940722125,-0.0029434546862896482,0.0062539086929329635,63.779999999999994,0.009093759799310153,63.73,0.009885454260160076,62.9755,0.021984740097339417,63.37066666666667,0.01561184985692643,2690352.6,0.10865728157714338,2576230.1,0.15776886544412316,2716073.55,0.09815840590914782,2500581.2333333334,0.19279428328109893
2016-11-07,64.08,64.85,63.71,65.4,2224478.0,0.007613424487258991,-0.008409785932721903,0.01789358028566923,64.03,0.012806496954552493,63.809000000000005,0.016314313027942617,63.113,0.027522063600209146,63.40533333333333,0.022784623796105352,2406564.0,-0.07566223046634124,2490879.7,-0.10695084953319911,2650640.75,-0.16077725734805826,2489695.1333333333,-0.10652594760798961
2016-11-08,63.08,64.97,62.5,65.29,2448840.0,0.0018504240555128337,-0.00490120998621546,0.03952,64.292,0.010545635537858589,63.962,0.01575935711828902,63.302,0.026349878360873324,63.440000000000005,0.024117276166456314,2424405.6,0.010078511615383201,2478104.7,-0.011809307330719387,2607829.35,-0.06096616329592275,2494215.3333333335,-0.018192227722653276
2016-11-09,65.21,64.25,63.45,65.97,2189018.0,-0.01108203786362938,-0.02607245717750495,0.012608353033884967,64.372,-0.0018952339526502326,64.06,0.002965969403684099,63.479,0.012145748987854255,63.457,0.012496651275667015,2396308.4,-0.08650405765802094,2490207.0,-0.12094938292278512,2538737.1,-0.13775317656956287,2506514.033333333,-0.12666836455374053
2016-11-10,64.29,65.32,64.105,65.44,2172195.0,0.01665369649805437,-0.0018337408312959491,0.018953279775368426,64.75,0.008803088803088777,64.239,0.016827783745076763,63.641999999999996,0.02636623613337097,63.486,0.02888825882871804,2403442.0,-0.096214928423486,2466211.2,-0.11921777015691115,2455613.0,-0.1154163950101258,2475430.7333333334,-0.12249816940949354
2016-11-13,65.42,66.46,65.33,66.825,4326318.0,0.01745254133496643,-0.0054620276842500814,0.017296800857186545,65.16999999999999,0.01979438391898114,64.475,0.030787126793330843,63.879999999999995,0.04038822792736374,63.559666666666665,0.04563166368609006,2672169.8,0.6190281021812312,2681261.2,0.6135384348231345,2548134.45,0.6978374119937036,2555605.6,0.6928738925912512
2016-11-14,66.73,68.21,66.47,68.49,3345093.0,0.026331628046945443,-0.004088188056650677,0.02617722280728141,65.84200000000001,0.03596488563530853,64.93599999999999,0.05041887396821498,64.18350000000001,0.06273419180942108,63.692,0.0709351252904602,2896292.8,0.15495677785063733,2651428.4,0.2616192087253799,2577431.1,0.2978399306192898,2614707.066666667,0.2793375757631076
2016-11-15,68.14,67.88,67.68,68.5,3532334.0,-0.00483800029321213,-0.009051094890511036,0.002955082742316595,66.424,0.021919788028423204,65.35799999999999,0.03858747207686908,64.482,0.05269687664774669,63.79866666666667,0.06397207883132339,3112991.6,0.13470720576309936,2768698.6,0.27581023084275036,2685025.75,0.31556801643336185,2662815.533333333,0.32654100735930314
2016-11-16,67.89,68.21,67.38,68.32,1611350.0,0.004861520329993985,-0.0016100702576112846,0.012318195310180968,67.216,0.014788145679600184,65.794,0.036720673617655075,64.719,0.05394088289374066,63.914333333333325,0.06720975472377089,2997458.0,-0.4624278305150564,2696883.2,-0.40251398354960277,2537767.05,-0.3650520444735067,2671349.466666667,-0.3968029941022069
2016-11-17,67.92,68.47,67.62,68.58,1580079.0,0.0038117578067733415,-0.0016039661708953101,0.012570245489500032,67.84599999999999,0.009197299767119693,66.298,0.032761169266041223,64.99699999999999,0.05343323538009459,64.04933333333334,0.06901971397048112,2879034.8,-0.4511775265793939,2641238.4,-0.40176585347237115,2525414.55,-0.37432886018653844,2662281.6,-0.4064944144150642
2016-11-20,68.75,69.82,68.71,69.91,3583465.0,0.019716664232510617,-0.0012873694750393794,0.01615485373308112,68.518,0.01900230596339636,66.844,0.04452157261683909,65.28699999999999,0.0694318930261768,64.265,0.08643896366607007,2730464.2,0.3124013858156425,2701317.0,0.32656219170130707,2638773.55,0.3580039863594966,2711154.7,0.32174862614811306
2016-11-21,73.05,72.89,72.52,74.87,7844320.0,0.04397020910913785,-0.02644583945505552,0.005102040816326703,69.454,0.04947159270884338,67.648,0.07748935666982026,65.7285,0.10895578021710528,64.62466666666667,0.12789750043842907,3630309.6,1.1607854051896842,3263301.2,1.4037989505841506,2877090.45,1.7264766736826087,2854860.9,1.7477065520074904
2016-11-22,73.67,73.59,72.61,74.11,5923012.0,0.00960351214158317,-0.007016596950478959,0.013496763531194,70.596,0.04241033486316503,68.50999999999999,0.07414975915924704,66.23599999999999,0.11102723594419972,65.038,0.1314923583136014,4108445.2,0.4416675193817845,3610718.4,0.6403971021390094,3044411.55,0.9455359115294384,2942125.7,1.0131743521359402
2016-11-24,73.45,74.2,72.911,74.32,1998287.0,0.008289169724147394,-0.0016146393972011897,0.01767908820342612,71.794,0.03351254979524754,69.505,0.06754909718725277,66.7825,0.11106951671470822,65.48766666666667,0.13303777301578412,4185832.6,-0.5226070435783792,3591645.3,-0.4436290799651068,3040926.15,-0.3428689480012528,2889706.5,-0.3084809824111895
2016-11-27,74.01,74.16,73.53,74.46,3126685.0,-0.0005390835579515141,-0.0040290088638195165,0.008567931456548328,72.932,0.016837602149947895,70.389,0.05357371180156001,67.314,0.10170246902575997,65.891,0.12549513590626926,4495153.8,-0.30443203077945846,3687094.3,-0.1519921256150134,3076652.75,0.016261909960426868,2866106.7666666666,0.09091714110719984
2016-11-28,74.17,74.53,73.454,74.86,2917965.0,0.004989212513484498,-0.004408228693561278,0.014648623628393365,73.874,0.008879984839050392,71.196,0.046828473509747726,67.8355,0.09868726551731766,66.31866666666666,0.12381632119664676,4362053.8,-0.33105708141426404,3546259.0,-0.1771709285757188,3113760.1,-0.06288059892603803,2880842.6333333333,0.012885940466561774
2016-11-29,74.36,74.24,73.62,74.75,3803292.0,-0.0038910505836576847,-0.006822742474916432,0.008421624558543783,74.144,0.0012947777298228935,71.799,0.03399768799008318,68.36749999999999,0.08589607635206797,66.72200000000001,0.11267647852282581,3553848.2,0.07018977344051991,3592078.9,0.058799682824338895,3121753.65,0.21831906883491592,2915647.033333333,0.3044418465330698
2016-11-30,73.56,69.01,68.665,74.18,5518525.0,-0.07044719827586199,-0.06969533566999198,0.005024393795965976,73.228,-0.0576009176817609,71.91199999999999,-0.040354878184447496,68.635,0.005463684708967742,66.95866666666667,0.03063581512973168,3472950.8,0.5890017791210864,3790698.0,0.45580708355031185,3279698.3,0.6826319055017958,3053583.1666666665,0.8072293102218329
2016-12-01,68.66,70.11,68.415,70.26,3248119.0,0.015939718881321507,-0.002134927412468013,0.024775268581451293,72.41,-0.03176356856787732,72.102,-0.027627527669135454,68.948,0.016853280733306386,67.17999999999999,0.04361417088419173,3722917.2,-0.12753391345904774,3954374.9,-0.17860114881874245,3325629.05,-0.023306883851041627,3009969.6666666665,0.07912017718008024
2016-12-04,70.84,70.6,70.15,71.23,2445010.0,0.006989017258593577,-0.008844587954513705,0.006414825374198019,71.69800000000001,-0.01531423470668658,72.315,-0.02371568830809656,69.3065,0.01866347312301153,67.43633333333334,0.046913384970515226,3586582.2,-0.31828970767768827,4040868.0,-0.39492950524491277,3341053.2,-0.26819183842987004,3030565.7,-0.1932166327890532
2016-12-05,71.02,71.0,70.26,71.5,2196847.0,0.0056657223796034994,-0.006993006993006978,0.01053230856817522,70.992,0.00011268875366221565,72.433,-0.01978380020156567,69.6385,0.019550966778434375,67.669,0.04922490357475362,3442358.6,-0.3618192480004844,3902206.2,-0.4370243684201004,3301761.6,-0.3346439670265715,3059917.7666666666,-0.2820568500462861
2016-12-06,70.98,72.94,70.52,72.96,2648413.0,0.027323943661971883,-0.00027412280701744063,0.034316505955757304,70.732,0.03121642255273427,72.43800000000002,0.00693006433087584,70.043,0.0413603072398383,67.96499999999999,0.0731994408886929,3211382.8,-0.17530448254253583,3382615.5,-0.2170517163419845,3322958.35,-0.20299542725234576,3045598.8,-0.13041304061454184
2016-12-07,72.99,73.88,72.75,74.25,2153639.0,0.012887304633945718,-0.004983164983165089,0.01553264604811,71.70599999999999,0.03031824394053495,72.46700000000001,0.019498530365545497,70.4885,0.04811423139944804,68.313,0.08149254168313491,2538405.6,-0.1515780614414025,3005678.2,-0.28347652120576317,3308198.3,-0.3489994236439816,3031500.433333333,-0.2895798475502994
2016-12-08,74.54,73.14,72.49,74.82,2106681.0,-0.01001624255549538,-0.02245388933440251,0.008966754035039326,72.312,0.011450381679389388,72.361,0.010765467586130617,70.933,0.03111386801629701,68.642,0.06552839369482255,2310118.0,-0.08806346688783862,3016517.6,-0.30161819708925286,3304081.45,-0.3624004032951428,3032789.966666667,-0.30536534901708057
2016-12-11,72.85,72.9,72.2,73.257,2194622.0,-0.003281378178835004,-0.004873254433023444,0.00969529085872578,72.772,0.0017589182652668622,72.235,0.009206063542604115,71.312,0.022268341934036373,68.95433333333334,0.05722144607783908,2260040.4,-0.028945677254265,2923311.3,-0.249268457998298,3305202.8,-0.336009881148594,3025538.933333333,-0.2746343549504039
2016-12-12,73.11,73.1,72.79,73.73,2171902.0,0.00274348422496562,-0.008544690085447004,0.004258826761917689,73.19200000000001,-0.0012569679746422535,72.09200000000001,0.01398213393996528,71.644,0.020322706716542793,69.25433333333334,0.05552961788191335,2255051.4,-0.036872507651045106,2848705.0,-0.23758269108243923,3197482.0,-0.3207461371166437,3025408.4,-0.282112788475103
2016-12-13,73.23,72.54,72.29,73.43,2482166.0,-0.007660738714090121,-0.012120386762903501,0.0034582929865818457,73.112,-0.00782361308677082,71.922,0.008592642028864672,71.8605,0.00945582065251438,69.55233333333332,0.04295566408028506,2221802.0,0.11718595986501046,2716592.4,-0.0862942854437787,3154335.65,-0.21309388872423896,2986699.9,-0.1689268814720889
2016-12-14,72.81,73.61,72.59,73.94,2165838.0,0.014750482492417838,-0.004463078171490387,0.014051522248243575,73.05799999999999,0.007555640723808654,72.382,0.016965543919758908,72.14699999999999,0.020278043439089677,69.884,0.05331692519031539,2224241.8,-0.026257846606425495,2381323.7,-0.09048988174098305,3086010.85,-0.29817550706278306,2980240.1,-0.27326727802904205
2016-12-15,73.77,72.09,71.97,74.0,5131290.0,-0.020649368292351533,-0.025810810810810714,0.0016673614005835447,72.848,-0.010405227322644373,72.58000000000001,-0.006751171121521238,72.34100000000001,-0.0034696783290251165,70.15866666666666,0.02752807921093159,2829163.6,0.8137127170729892,2569640.8,0.9968899933407036,3262007.85,0.5730464903694208,3073632.966666667,0.6694543739114198
2016-12-18,72.41,72.81,72.15,73.0,1947706.0,0.009987515605493158,-0.0026027397260273144,0.009147609147609037,72.83000000000001,-0.0002746121103942567,72.801,0.00012362467548521217,72.558,0.0034730836020837597,70.47133333333333,0.03318607093191561,2779780.4,-0.2993309831237029,2519910.4,-0.2270733118129914,3280389.2,-0.4062576477205815,3067338.933333333,-0.3650176774291479
2016-12-19,72.92,73.4,72.85,73.59,1729600.0,0.00810328251613801,-0.0025818725370294615,0.007549759780370868,72.89,0.006996844560296367,73.041,0.0049150477129285,72.737,0.009115030864621954,70.77266666666667,0.037123559943104345,2691320.0,-0.35734137895159257,2473185.7,-0.3006590649460734,3187695.95,-0.4574137473807689,3025569.6333333333,-0.4283390535968383
2016-12-20,73.69,73.6,73.27,74.29,1868309.0,0.0027247956403269047,-0.009287925696594534,0.004503889722942578,73.102,0.006812399113567125,73.107,0.006743540290259364,72.77250000000001,0.011371053626026084,71.06433333333332,0.03568128409469362,2568548.6,-0.27262073219093463,2395175.3,-0.21996982851317803,2888895.4,-0.35327911145554103,3013697.3333333335,-0.38006083778375443
2016-12-21,73.89,73.45,73.01,73.95,1680836.0,-0.0020380434782607537,-0.006761325219743042,0.0060265717025065335,73.07000000000001,0.005200492678253621,73.06400000000001,0.005283039526990052,72.7655,0.009406930482165343,71.347,0.02947566120509637,2471548.2,-0.3199258667097814,2347895.0,-0.2841093830857002,2676786.6,-0.37206948062277356,2988097.2,-0.43748951673995085
2016-12-22,73.37,73.84,73.34,73.87,1229062.0,0.005309734513274433,-0.0004061188574523422,0.00681756203981454,73.42,0.005720512122037613,73.13399999999999,0.009653512730057434,72.7475,0.015017698202687502,71.66666666666667,0.03032558139534891,1691102.6,-0.27321854983843086,2260133.1,-0.4561992831307148,2638325.35,-0.5341507066215317,2956098.6666666665,-0.5842283568342779
2016-12-26,73.81,74.31,73.81,74.62,897044.0,0.006365113759480012,-0.004154382203162776,0.006774149844194444,73.72,0.008003255561584321,73.275,0.014124872057318383,72.755,0.02137310150505134,71.96633333333334,0.03256615361812698,1480970.2,-0.3942862591023101,2130375.3,-0.5789267740759104,2526843.3,-0.6449942107609126,2913593.6333333333,-0.6921176688000497
2016-12-27,74.54,73.56,73.53,74.6,1851038.0,-0.010092854259184492,-0.013941018766755908,0.000407996736026206,73.752,-0.002603319232020729,73.321,0.0032596391211250353,72.7065,0.011738977945575657,72.203,0.018794232926609755,1505257.8,0.22971493653778108,2098288.9,-0.11783453651210751,2473496.95,-0.2516513917674328,2831084.3,-0.3461734784796058
2016-12-28,73.38,73.58,73.23,73.88,1330996.0,0.00027188689505153185,-0.0040606388738494426,0.0047794619691381435,73.748,-0.002278027878722222,73.425,0.0021109976166155953,72.6735,0.012473597666274427,72.382,0.016551076234422757,1397795.2,-0.04778897509449165,1983171.9,-0.3288549520089509,2349882.15,-0.4335903185612946,2763947.7333333334,-0.5184438605881982
2016-12-29,73.8,72.62,72.393,74.02,1759059.0,-0.01304702364773025,-0.018913807079167677,0.003135662287790275,73.58200000000001,-0.013073849582778463,73.326,-0.009628235550827702,72.854,-0.003211903258571902,72.53999999999999,0.0011028398125174643,1413439.8,0.24452346679356274,1942494.0,-0.09443272411652237,2161908.85,-0.18633988662380474,2704838.566666667,-0.34966211230572886
2017-01-02,72.6,72.505,72.09,74.1292,2687647.0,-0.0015835857890389438,-0.02191039428457342,0.005756693022610504,73.31500000000001,-0.011048216599604643,73.36749999999999,-0.011755886461989218,72.97375000000001,-0.006423542712276853,72.68316666666666,-0.0024512782647977405,1705156.8,0.5761875975276878,1698129.7,0.5827100839235071,2133885.25,0.2595086825779409,2740715.1333333333,-0.01936287820937832
2017-01-03,72.77,72.36,72.25,73.0261,1970972.0,-0.0019998620784772436,-0.009121396322684605,0.0015224913494809034,72.925,-0.0077476859787452,73.3225,-0.013126939206928423,73.06174999999999,-0.009604889015113804,72.81283333333334,-0.006219141772169423,1919942.4,0.026578714028087536,1700456.3,0.15908418228683674,2110183.35,-0.0659712105111625,2753744.9,-0.28425759408578477
2017-01-04,72.41,71.32,71.28,72.61,2067347.0,-0.014372581536760687,-0.01776614791351061,0.0005611672278338364,72.477,-0.01596368503111345,73.11449999999999,-0.024543695163066093,73.07775,-0.02405314887226273,72.86283333333333,-0.021174489966306553,1963204.2,0.0530473600250041,1734231.0,0.19208283094927947,2103708.35,-0.0172844063674511,2703207.6333333333,-0.23522448867505297
2017-01-05,71.58,71.6,71.0005,71.95,2069899.0,0.003925967470555181,-0.004864489228631141,0.00844360250984133,72.08099999999999,-0.006673048376132362,72.9145,-0.018027964259509588,73.01075,-0.019322497029547137,72.81983333333332,-0.016751388701338188,2110984.8,-0.019462859230440555,1754390.0,0.17983971636865226,2074782.65,-0.0023538128198632435,2510726.933333333,-0.17557780875360818
2017-01-08,71.64,71.94,71.52,72.5101,2399482.0,0.004748603351955261,-0.007862352968758812,0.005872483221476488,71.945,-6.949753283747029e-05,72.7635,-0.011317487476550703,72.91375000000001,-0.013354819907082094,72.76483333333333,-0.01133560396620159,2239069.4,0.07164253149098454,1826254.6,0.31388142704746635,2087074.8,0.14968663317673125,2393275.933333333,0.0025931262585434656
2017-01-09,71.87,72.35,71.85,72.51,2403211.0,0.005699193772588318,-0.00220659219418029,0.00695894224077942,71.91399999999999,0.006062797230024897,72.61449999999999,-0.0036425231875175657,72.87424999999999,-0.007193899079578792,72.70316666666668,-0.00485765177582842,2182182.2,0.1012879676133367,1943669.5,0.23642985600175348,2101901.3,0.1433510222387704,2406773.4,-0.0014801559631661965
2017-01-10,72.27,72.62,72.07,72.66,1581704.0,0.003731859018659467,-0.0005505092210293938,0.007631469404745461,71.96599999999998,0.009087624711669795,72.4455,0.0024087072350940097,72.86025,-0.003297408394837942,72.65183333333334,-0.000438162835991851,2104328.6,-0.24835693436852024,2012135.5,-0.213917750568985,2071255.4,-0.2363549178918254,2355274.033333333,-0.32844162606358285
2017-01-11,72.42,72.22,71.0,72.42,2099204.0,-0.005508124483613375,-0.002761668047500776,0.017183098591549317,72.146,0.0010256978903888658,72.3115,-0.0012653588986536457,72.81625,-0.00818841948054172,72.57483333333333,-0.00488920631348333,2110700.0,-0.0054465343251054454,2036952.1,0.030561297931355424,2067620.5,0.015275288671204423,2327982.0,-0.09827309661328998
2017-01-12,72.36,72.67,72.115,72.8837,1509448.0,0.0062309609526447485,-0.0029320684871926295,0.0076960410455524375,72.36,0.004284134881149759,72.2205,0.00622399457217826,72.82275,-0.0020975587985896382,72.52250000000001,0.0020338515633078202,1998609.8,-0.24475102643847735,2054797.3,-0.2654029669982533,2018984.6,-0.252372702595156,2251520.533333333,-0.32958728217091093
2017-01-16,72.23,72.28,71.85,73.41,2374615.0,-0.00536672629695889,-0.015392998229123989,0.0059846903270703855,72.428,-0.002043408626497989,72.1865,0.0012952560381789269,72.75625,-0.006545829396099934,72.6315,-0.004839498013947119,1993636.4,0.19109733349571667,2116352.9,0.12203168006621201,2029423.45,0.17009340756361135,2146723.533333333,0.10615780892512383
2017-01-17,72.64,73.01,72.22,73.63,2107097.0,0.010099612617598286,-0.008420480782289741,0.010938798116865156,72.55999999999999,0.006201764057332193,72.237,0.010700887356894784,72.80224999999999,0.0028536205955176364,72.72816666666667,0.0038751607011497935,1934413.6,0.08926912010957744,2058297.9,0.023708472908610556,1878213.8,0.12186216499953306,2108689.466666667,-0.0007551925932385295
2017-01-18,72.88,72.44,72.29,73.39,1988799.0,-0.007807149705519878,-0.012944542853249752,0.0020749757919489298,72.524,-0.0011582372731785417,72.245,0.0026991487300158656,72.78375,-0.0047228948769471035,72.7895,-0.004801516702271691,2015832.6,-0.013410637371377043,2060080.6,-0.03460136462621899,1880268.45,0.05772077386077501,2093482.4333333333,-0.05000444793159875
2017-01-19,72.09,72.88,72.09,73.65,1811606.0,0.006073992269464368,-0.010454854039375516,0.010958524067138153,72.65599999999999,0.0030830213609338575,72.401,0.006615930719188867,72.75775000000002,0.0016802333772001354,72.85216666666666,0.00038205223820853007,1958313.0,-0.07491499060671103,2034506.5,-0.10955998420255719,1884368.75,-0.03861385941578577,2080641.0666666667,-0.12930392991698458
2017-01-22,72.74,72.78,72.41,73.24,2205565.0,-0.0013721185510426892,-0.006280720917531291,0.005109791465267355,72.678,0.001403450837942799,72.519,0.003599056798907707,72.71675,0.0008698133511191308,72.84683333333332,-0.0009174500836227617,2097536.4,0.051502610395700366,2048073.1,0.0768975970633079,1901231.55,0.16007174402297286,2065879.4666666666,0.06761552916672264
2017-01-23,73.01,73.51,72.97,73.68,3312910.0,0.010030228084638715,-0.0023072747014115658,0.007400301493764694,72.924,0.00803576326038069,72.676,0.011475590291155413,72.71975,0.01086706156168038,72.83449999999999,0.009274450981334503,2285195.4,0.44972723120307356,2139415.9,0.5485114418379335,1982835.25,0.6707943839509611,2104521.8333333335,0.5741865670040169
2017-01-24,74.685,74.54,74.51,75.59,3944255.0,0.014011699088559482,-0.013890726286545751,0.0004026305193933766,73.23,0.017888843370203578,72.89500000000001,0.02256670553535911,72.75475,0.024537916768321066,72.88116666666666,0.02276079554160093,2652627.0,0.4869240944919886,2293520.3,0.719738430045725,2118594.9,0.8617315655767888,2165774.3,0.8211754567408065
2017-01-25,74.37,74.2,73.77,74.54,4172570.0,-0.004561309364099819,-0.004561309364099819,0.005828927748407375,73.58200000000001,0.008398793183115316,73.053,0.015700929462171276,72.74925,0.01994178634143995,72.9245,0.017490692428470567,3089381.2,0.35061675134166026,2552606.9,0.6346308552249076,2282371.2,0.8281732612118482,2231705.9,0.869677362057429
2017-01-26,74.55,76.93,74.25,76.94,3820728.0,0.03679245283018884,-0.00012997140629045223,0.03609427609427618,74.392,0.03411657167437365,73.524,0.046325009520700844,72.91775,0.0550243253528806,73.05216666666666,0.053083070773625396,3491205.6,0.09438642055340418,2724759.3,0.40222587734630366,2380855.7,0.6047709233281124,2286666.7666666666,0.6708722301367829
2017-01-29,76.76,76.28,75.23,76.76,2477104.0,-0.008449239568438904,-0.0062532569046378494,0.013957197926359077,75.09200000000001,0.015820593405422523,73.885,0.032415239899844295,73.05275,0.04417698170157869,73.17683333333333,0.042406408221181024,3545513.4,-0.30134123876107755,2821524.9,-0.12206906272562046,2438161.1,0.015972242359210798,2286498.033333333,0.0833615266175387
2017-01-30,76.14,74.94,74.595,76.19,2610137.0,-0.017566858940744723,-0.01640635253970335,0.004624974864267051,75.37800000000001,-0.0058107140014329595,74.151,0.010640449892786341,73.16875,0.024207738959596714,73.22116666666666,0.023474541742255717,3404958.8,-0.2334306658864712,2845077.1,-0.08257776212813361,2480715.0,0.05217124901490089,2301308.0,0.13419716091892098
2017-01-31,75.76,76.17,75.42,76.73,2589106.0,0.016413130504403517,-0.007298318780138202,0.00994431185361977,75.704,0.006155553207228159,74.46700000000001,0.0228691903796312,73.352,0.038417493728869045,73.35716666666667,0.03834435626603172,3133929.0,-0.17384663149675694,2893278.0,-0.10513058199039294,2475787.95,0.045770499044556656,2216568.533333333,0.16806945558612396
2017-02-01,75.66,75.23,75.14,76.03,2490038.0,-0.012340816594459736,-0.010522162304353544,0.0011977641735427813,75.91,-0.008957976551178914,74.746,0.0064752628903219644,73.4955,0.02360008435890637,73.43783333333334,0.024403860861907933,2797422.6,-0.1098813600776658,2943401.9,-0.1540271819488871,2501741.25,-0.004678041743925387,2234646.2666666666,0.11428732016467702
2017-02-02,75.52,75.52,75.26,75.73,2143141.0,0.0038548451415658658,-0.002773009375412805,0.0034546904065904105,75.628,-0.0014280425239330263,75.00999999999999,0.006799093454206151,73.7055,0.024618244228721053,73.5085,0.02736418237346694,2461905.2,-0.1294786655473168,2976555.4,-0.2799929072376748,2505530.95,-0.1446359902279396,2248430.966666667,-0.04682819629670942
2017-02-05,75.65,75.53,74.94,75.65,1789190.0,0.00013241525423746126,-0.001586252478519512,0.007872965038697721,75.478,0.0006889424733036442,75.285,0.0032543003254301706,73.902,0.022029173770669264,73.57283333333335,0.026601757442171525,2324322.4,-0.23023157200567357,2934917.9,-0.39037817718853396,2491495.5,-0.28188110313665027,2245793.6666666665,-0.20331505669636307
2017-02-06,75.69,76.31,75.39,76.58,2136116.0,0.010327022375215211,-0.003525724732306057,0.012203209974797735,75.752,0.007366142148062194,75.565,0.009859061734930341,74.12049999999999,0.02953973597048054,73.66816666666666,0.03586126074355955,2229518.2,-0.041893445857495215,2817238.5,-0.2417695555417122,2478327.2,-0.1380815253127191,2260969.6666666665,-0.05522129222137573
2017-02-07,77.0,77.48,76.78,77.75,3397804.0,0.015332197614991605,-0.003472668810289292,0.009116957541026371,76.01400000000001,0.019285921014549956,75.85900000000001,0.02136859172939265,74.377,0.04171988652406,73.7895,0.05001389086523145,2391257.8,0.42092751354538205,2762593.4,0.22993271467310405,2528056.85,0.3440378130737052,2333261.066666667,0.45624681632996844
2017-02-08,77.77,76.51,76.48,77.77,2192298.0,-0.012519359834796018,-0.016201620162016095,0.00039225941422604826,76.27000000000001,0.0031467156155762233,76.09,0.005519779208831732,74.5715,0.02599518582836602,73.86283333333333,0.035838953736317736,2331709.8,-0.059789515830829254,2564566.2,-0.14515835075733285,2558586.55,-0.14316050789839407,2376436.2,-0.07748501727081925
2017-02-09,76.78,76.53,75.54,76.78,1668587.0,0.0002614037380734846,-0.0032560562646523072,0.013105639396346236,76.47200000000001,0.000758447536353124,76.05,0.0063116370808677935,74.787,0.02330618957840258,73.96183333333333,0.03472286381940237,2236799.0,-0.2540290835251625,2349352.1,-0.28976716601994235,2537055.7,-0.34231361179811703,2370354.5,-0.29606014627769817
2017-02-12,77.01,77.92,76.81,78.03,2637630.0,0.018162811969162362,-0.0014097142124823714,0.014451243327691765,76.95,0.012605588044184435,76.214,0.0223843388353846,75.0495,0.03824808959420123,74.10650000000001,0.051459723506035004,2406487.0,0.09604996827325474,2365404.7,0.11508614149620988,2593464.8,0.017029419485469877,2413908.966666667,0.09267997941209294
2017-02-13,77.84,77.84,77.07,77.97,2589583.0,-0.0010266940451745254,-0.0016673079389508683,0.009990917347865613,77.256,0.007559283421352481,76.504,0.017463139182265053,75.32750000000001,0.033354352660051045,74.2805,0.047919709748857287,2497180.4,0.03700277320773471,2363349.3,0.0957258836008712,2604213.2,-0.005617896414932599,2441593.1,0.06061202417388878
2017-02-14,80.8,81.6,77.96,81.63,7032662.0,0.048304213771839466,-0.0003675119441381991,0.04669061056952284,78.08,0.04508196721311464,77.047,0.05909379988837982,75.757,0.0771281861742148,74.58366666666666,0.09407332257732937,3224152.0,1.181243936390096,2807704.9,1.5047724922943293,2850491.45,1.4671752655143027,2586426.933333333,1.7190646328974202
2017-02-15,81.0,81.97,80.75,82.57,3465020.0,0.004534313725490291,-0.007266561705219776,0.015108359133126914,79.172,0.035340777042388805,77.721,0.05466990903359448,76.2335,0.07524907029062011,74.904,0.09433408095695839,3478696.4,-0.003931472720643203,2905203.1,0.19269458303965048,2924302.5,0.18490477643814218,2636228.533333333,0.3143852879927356
2017-02-16,81.8,82.48,81.48,82.5,2933246.0,0.006221788459192412,-0.00024242424242415517,0.01227295041728027,80.36200000000001,0.026355740275254336,78.417,0.05181274468546371,76.7135,0.07516929875445655,75.27600000000001,0.09570115308996208,3731628.2,-0.2139500928843876,2984213.6,-0.017079072355946634,2980384.5,-0.015816247870031552,2665091.8333333335,0.10061723326481986
2017-02-20,82.5,82.82,81.99,82.87,2375575.0,0.0041222114451986425,-0.0006033546518644517,0.01012318575436022,81.34200000000001,0.01817019497922323,79.146,0.04642053925656375,77.21549999999999,0.07258257733227147,75.65,0.09477858559153973,3679217.2,-0.35432596912190994,3042852.1,-0.2192933070917249,2988885.0,-0.20519692125993472,2675281.033333333,-0.11202786907209783
2017-02-21,82.31,82.06,81.52,82.39,3680283.0,-0.009176527408838342,-0.004005340453938522,0.006624141315014764,82.18599999999999,-0.0015331078285838462,79.721,0.02933982263142698,77.643,0.056888579781821935,75.98733333333334,0.0799168282433036,3897357.2,-0.0556977943925695,3197268.8,0.15107087649308681,3007253.65,0.22380198956612785,2717974.4,0.35405359226341493
2017-02-22,82.15,81.61,81.03,82.16,2277865.0,-0.005483792347063199,-0.0066942551119766325,0.007157842774281109,82.188,-0.007032656835547768,80.134,0.01841914792722199,77.9965,0.046329001942394976,76.296,0.06964978504770891,2946397.8,-0.2268983502499221,3085274.9,-0.2616978798226375,2923934.15,-0.22095885777728608,2713796.2,-0.16063520171485246
2017-02-23,80.97,81.68,80.823,81.7,2841133.0,0.0008577380223013797,-0.0002447980416155904,0.010603417344072996,82.13,-0.005479118470717026,80.651,0.012758676271838132,78.37049999999999,0.042228899904938944,76.598,0.0663463798010393,2821620.4,0.006915388051489835,3150158.4,-0.09809836864076416,2857362.3,-0.005679818761519906,2755777.1666666665,0.030973416271018017
2017-02-26,81.65,82.28,81.24,82.43,1793205.0,0.007345739471106727,-0.0018197258279752937,0.012801575578532898,82.09,0.002314532829820859,81.22600000000001,0.012976140644620937,78.638,0.04631348711818717,76.93333333333334,0.06949740034662044,2593612.2,-0.3086071233008544,3162620.2,-0.43300020660084326,2755986.15,-0.3493417954948721,2745577.2,-0.34687503960915766
2017-02-27,82.18,81.93,81.58,82.24,2045377.0,-0.004253767622751536,-0.0037694552529181635,0.00429026722235859,81.912,0.00021974802226787382,81.627,0.0037120070564888863,78.92049999999999,0.03813331137030329,77.242,0.06069236943631706,2527572.6,-0.19077418389485634,3103394.9,-0.34092274238125475,2734399.8,-0.251983195727267,2763441.5,-0.25984429198157444
2017-02-28,82.45,83.76,82.15,83.79,2265145.0,0.022336140607835953,-0.0003580379520229382,0.019598295800365095,82.252,0.018333900695423955,82.219,0.01874262640022395,79.3615,0.05542359960434218,77.62466666666666,0.07903844997724119,2244545.0,0.009177806637870933,3070951.1,-0.2623962654436276,2717150.2,-0.16635267347384775,2759792.5,-0.17923358368428066
2017-03-01,83.39,83.65,83.04,84.08,2714886.0,-0.0013132760267430266,-0.005114176974310047,0.007345857418111779,82.66000000000001,0.011976772320348328,82.424,0.014874308453848295,79.7355,0.04909356560126921,77.97933333333334,0.07272012242559978,2331949.2,0.16421318268854224,2639173.5,0.0286879585597537,2723439.2,-0.0031405878273325083,2780052.1333333333,-0.023440615574067625
2017-03-02,83.62,83.18,83.04,83.65,2357205.0,-0.005618649133293463,-0.005618649133293463,0.001685934489402685,82.96000000000001,0.0026518804243007565,82.545,0.00769277363862142,80.13300000000001,0.03802428462680796,78.33733333333333,0.061818119925791004,2235163.6,0.05460065652464996,2528392.0,-0.067705877886024,2716797.55,-0.13235897904869642,2792332.3333333335,-0.1558293503029785
2017-03-05,83.0,83.85,82.35,84.24,3717381.0,0.008054820870401436,-0.00462962962962965,0.01821493624772308,83.274,0.006916924850493444,82.682,0.01412641203647702,80.5495,0.04097480431287592,78.703,0.06539776120351193,2619998.8,0.4188483597778747,2606805.5,0.4260292914066661,2795509.55,0.32976866417787787,2855858.1666666665,0.30166863445424386
2017-03-06,83.7,83.41,83.21,84.167,2892716.0,-0.005247465712581945,-0.008994023786044525,0.002403557264751832,83.57000000000001,-0.0019145626420965511,82.741,0.00808547153164696,80.9435,0.03047187235540827,79.05733333333335,0.055057089369739964,2789466.6,0.03701402985072488,2658519.6,0.08809278667721676,2850685.85,0.01474387295253865,2878763.2,0.0048468036551252425
2017-03-07,83.77,83.48,83.18,83.85,2381960.0,0.0008392279103226485,-0.00441264162194388,0.003606636210627512,83.514,-0.0004071173695426866,82.88300000000001,0.007202924604563066,81.302,0.02678900888047031,79.38966666666667,0.05152223841054049,2812829.6,-0.15318012865052333,2528687.3,-0.058025086771306134,2862978.05,-0.16801318123972342,2847731.533333333,-0.16355879333475554
2017-03-08,83.38,83.17,82.8,83.66,2005287.0,-0.003713464302827041,-0.005857040401625602,0.004468599033816467,83.41799999999999,-0.002972979452875779,83.039,0.0015775719842483493,81.5865,0.019408848277594926,79.67733333333334,0.043835135044680174,2670909.8,-0.24921201007986116,2501429.5,-0.19834358713687517,2793352.2,-0.28212167445265235,2783099.2666666666,-0.27947701182727
2017-03-09,83.87,82.2,82.03,83.87,7495536.0,-0.011662859204039866,-0.019911768212710124,0.0020724125320004116,83.222,-0.012280406623248585,83.09100000000001,-0.010723183016211224,81.87100000000001,0.004018516935178518,79.944,0.028219753827679384,3698576.0,1.0266005078711373,2966869.8,1.5264121802716115,3058514.1,1.450711605351108,2893864.8,1.5901472660367548
2017-03-12,82.15,82.76,82.0501,82.99,4873827.0,0.006812652068126646,-0.0027714182431617385,0.008652030893320006,83.00399999999999,-0.0029396173678375437,83.139,-0.0045586307268549175,82.18249999999999,0.007027043470325456,80.13833333333334,0.03271426491691454,3929865.2,0.24020208123169207,3274932.0,0.48822235087629307,3218776.1,0.5141864014710436,2928968.1,0.6640082218717234
2017-03-13,82.52,83.68,82.4,83.73,4881069.0,0.011116481391976851,-0.0005971575301564336,0.01553398058252431,83.05800000000002,0.007488742806231574,83.31400000000001,0.004393019180449764,82.4705,0.014665850213106513,80.385,0.040990234496485645,4327535.8,0.12790955998561593,3558501.2,0.3716642838282589,3330948.05,0.46536929628788415,3009100.2666666666,0.6221024782956164
2017-03-14,83.45,83.51,82.555,83.67,4499154.0,-0.002031548757170154,-0.0019122744113779788,0.011568045545393923,83.06400000000001,0.005369353751324191,83.28900000000002,0.0026534116149790066,82.75399999999999,0.009135510065978902,80.67066666666668,0.03519660182139717,4750974.6,-0.05300398785546012,3781902.1,0.1896537459285368,3426426.6,0.31307467669087075,3072067.5,0.4645361796249594
2017-03-15,83.29,82.72,82.41,83.5,4107669.0,-0.009459944916776486,-0.009341317365269441,0.0037616794078387805,82.974,-0.003061199893942712,83.196,-0.005721428914851612,82.81,-0.0010868252626494712,80.889,0.02263595791764028,5171451.0,-0.2057028095209642,3921180.4,0.04755930127570762,3280176.95,0.25227055205055327,3122686.2666666666,0.31542801588734704
2017-03-16,83.31,83.26,82.73,83.335,4184005.0,0.0065280464216634915,-0.0008999820003599002,0.006406382207180039,83.186,0.0008895727646478502,83.204,0.0006730445651652595,82.8745,0.004651611774430187,81.15666666666667,0.025916950753686274,4509144.8,-0.07210675514345866,4103860.4,0.019529075599160173,3316126.2,0.2617146476512262,3179151.8333333335,0.31607586530810017
2017-03-19,83.26,82.9,82.88,83.7,2713967.0,-0.004323804948354493,-0.009557945041815952,0.00024131274131278246,83.21400000000001,-0.00377340351383193,83.10900000000001,-0.0025147697601944907,82.8955,5.4285214517113545e-05,81.40266666666666,0.018394155801611856,4077172.8,-0.33435075403230397,4003519.0,-0.3221046284531184,3305162.25,-0.17887026574867848,3198179.3666666667,-0.15140250472297356
2017-03-20,83.25,81.8,81.69,83.46,3316568.0,-0.013268998793727449,-0.01988976755331895,0.0013465540457828773,82.838,-0.012530481180134667,82.94800000000001,-0.01383999614216147,82.84450000000001,-0.012607958283289977,81.61166666666666,0.0023076765985254877,3764272.6,-0.1189352227041156,4045904.2,-0.1802653162178185,3352211.9,-0.010632949545940074,3249091.966666667,0.02076765878762088
2017-03-21,81.84,82.12,81.65,82.26,2604890.0,0.003911980440097995,-0.0017019207391198998,0.005756276791181847,82.56,-0.005329457364341095,82.812,-0.00835627686808671,82.8475,-0.008781194363136957,81.80533333333332,0.0038465299735961356,3385419.8,-0.23055628138052475,4068197.2,-0.35969426457498177,3298442.25,-0.2102666038794525,3264717.7666666666,-0.2021086702818915
2017-03-22,82.24,81.54,81.31,82.33,3394961.0,-0.007062834875791513,-0.009595530183408085,0.0028286803591195397,82.324,-0.00952334677615263,82.649,-0.013418190177739486,82.84400000000001,-0.015740427791994582,81.94066666666666,-0.004889716949662559,3242878.2,0.04689747521198906,4207164.6,-0.19305248955555476,3354297.05,0.012122942420976113,3264623.0,0.03992436492666984
2017-03-23,81.86,81.64,81.4,82.9471,2223544.0,0.001226391954868733,-0.015758236273480386,0.0029484029484028174,82.00000000000001,-0.004390243902439139,82.593,-0.011538508106013867,82.84200000000001,-0.01450954829675788,82.11166666666668,-0.0057442101203646345,2850786.0,-0.22002423191358456,3679965.4,-0.3957704058847944,3323417.6,-0.3309465533311252,3265664.533333333,-0.3191143862745812
2017-03-26,81.0,81.4,80.39,81.54,2450693.0,-0.0029397354238117623,-0.0017169487368162706,0.012563751710411797,81.7,-0.003671970624234966,82.45700000000001,-0.012818802527377882,82.798,-0.01688446580835279,82.27399999999999,-0.01062304008556747,2798131.2,-0.12416794466249481,3437652.0,-0.28710265029735416,3356292.0,-0.26982127895904173,3291734.7333333334,-0.2555010659931468
2017-03-27,81.31,82.2,81.07,82.51,2916355.0,0.009828009828009687,-0.003757120349048626,0.013938571604786176,81.78,0.005135730007336692,82.30900000000001,-0.0013242780254894004,82.8115,-0.007384240111578566,82.41666666666667,-0.0026289180990900496,2718088.6,0.07294331759457728,3241180.6,-0.10021829699955631,3399840.9,-0.14220838981024075,3301025.566666667,-0.11653062325569996
2017-03-28,81.89,81.91,81.47,82.22,2040482.0,-0.0035279805352799176,-0.0037703721722208705,0.0054007610163249176,81.738,0.002104284420954672,82.149,-0.002909347648784588,82.71900000000001,-0.00978009888900988,82.55233333333334,-0.0077809228085619075,2605207.0,-0.2167678038635702,2995313.4,-0.3187751238317833,3388607.75,-0.3978406028257475,3282722.2,-0.3784177046720555
2017-03-29,81.87,82.2,81.63,82.61,1337976.0,0.0035404712489317536,-0.004963079530323156,0.006982726938625561,81.86999999999999,0.004030780505679843,82.09700000000001,0.001254613445071051,82.6465,-0.005402527632749177,82.57233333333333,-0.004509177811777065,2193810.0,-0.3901130909240089,2718344.1,-0.5077974124026462,3319762.25,-0.5969663188982886,3092899.3333333335,-0.5674039612023153
2017-03-30,82.05,81.95,81.77,82.48,2337302.0,-0.0030413625304136493,-0.0064258001939864196,0.002201296318943502,81.93199999999999,0.00021969438070623681,81.96600000000001,-0.00019520288900287674,82.58500000000001,-0.007689047647878033,82.57166666666667,-0.007528813354056085,2216561.6,0.054471935271277694,2533673.8,-0.07750476797762984,3318767.1,-0.29573183969432504,3055308.7333333334,-0.23500300493364223
2017-04-02,82.02,81.24,80.86,82.27,3084353.0,-0.008663819402074502,-0.012519752035979104,0.004699480583724824,81.9,-0.008058608058608141,81.8,-0.0068459657701711585,82.45450000000001,-0.014729335572952529,82.53033333333333,-0.01563465554079113,2343293.6,0.31624692697492107,2570712.4,0.19980477007073993,3287115.7,-0.06168407762464834,3060345.6333333333,0.007844658591885212
2017-04-03,80.81,81.24,80.5,81.39,5040761.0,0.0,-0.0018429782528567307,0.009192546583850936,81.708,-0.005727713320605177,81.744,-0.0061655901350557984,82.346,-0.013431132052558858,82.47766666666668,-0.01500608245464452,2768174.8,0.8209691815704703,2743131.7,0.8375935067208038,3394517.95,0.4849710840386039,3149185.1666666665,0.6006556404987513
2017-04-04,81.59,80.04,80.0,81.65,3514192.0,-0.014771048744460669,-0.019718309859154903,0.000500000000000167,81.334,-0.015909705658150308,81.536,-0.01834772370486648,82.174,-0.025969284688587613,82.41033333333333,-0.028762574272643615,3062916.8,0.14733511533842525,2834061.9,0.23998420782552432,3451129.55,0.018272988332182383,3143648.8,0.11787041860401204
2017-04-05,80.11,80.32,79.59,80.66,3970751.0,0.0034982508745624585,-0.004215224398710693,0.009172006533483934,80.958,-0.00788062946219037,81.414,-0.013437492323187805,82.03150000000001,-0.020863936414670103,82.36733333333335,-0.024856132285453247,3589471.8,0.10622153376438281,2891640.9,0.37318261060700864,3549402.75,0.11870961952683445,3200078.3333333335,0.24082931303244126
2017-04-06,80.3,80.01,79.65,80.59,3272914.0,-0.00385956175298785,-0.007196922695123398,0.004519774011299438,80.57000000000001,-0.0069504778453518545,81.251,-0.01527365817036097,81.922,-0.0233392739435071,82.31166666666667,-0.027962824224998406,3776594.2,-0.1333688962398979,2996577.9,0.0922172255224869,3338271.65,-0.019578289861461706,3214471.033333333,0.01818120806211243
2017-04-09,80.0,79.33,79.19,80.12,2906963.0,-0.008498937632795966,-0.009860209685471855,0.0017678999873722567,80.188,-0.010699855339951214,81.044,-0.02114900547850551,81.7505,-0.029608381600112588,82.21333333333334,-0.03507135906584502,3741116.2,-0.2229690700331629,3042204.9,-0.04445522390684464,3239928.45,-0.10276938368808741,3251596.3,-0.10598895687019938
2017-04-10,78.94,78.08,76.94,78.95,6040225.0,-0.015756964578343635,-0.011019632678910707,0.014816740317130206,79.556,-0.018552968977826878,80.632,-0.031649965274332836,81.4705,-0.0416162905591595,82.085,-0.04879088749467009,3941009.0,0.532659529577324,3354591.9,0.8005841485517211,3297886.25,0.83154437179269,3384757.9,0.7845367906519991
2017-04-11,78.27,76.87,76.63,78.45,2904147.0,-0.015496926229508157,-0.020140216698534052,0.0031319326634478006,78.922,-0.02600035478066942,80.128,-0.040659944089456834,81.1385,-0.05260757839989638,81.85533333333335,-0.06090419683506687,3819000.0,-0.2395530243519246,3440958.4,-0.15600636148347502,3218135.9,-0.09756856445994089,3406057.966666667,-0.14735831614688022
2017-04-12,76.87,76.51,76.47,77.85,2223163.0,-0.0046832314296865185,-0.017212588310854038,0.0005230809467766662,78.16,-0.021110542476970195,79.559,-0.03832375972548663,80.828,-0.053422081456920845,81.61733333333333,-0.0625765768709261,3469482.4,-0.35922343920810784,3529477.1,-0.37011547687899715,3123910.6,-0.2883397495434088,3389667.2,-0.34413531806308306
2017-04-16,76.78,76.39,76.15,77.2,2462244.0,-0.0015684224284407966,-0.010492227979274626,0.0031516743269861536,77.436,-0.013507929128570795,79.003,-0.033074693366074714,80.4845,-0.05087314948841082,81.391,-0.06144414001548093,3307348.4,-0.25552324635650725,3541971.3,-0.30483795845550754,3037822.55,-0.18947076089088877,3393168.5,-0.27435257046621764
2017-04-17,75.83,77.41,75.82,77.53,3342580.0,0.013352533054064697,-0.001547787953050439,0.020970720126615605,77.05199999999999,0.00464621294710077,78.62,-0.015390485881455196,80.21,-0.03490836554045629,81.17633333333333,-0.04639693835231129,3394471.8,-0.015287150124505322,3567794.0,-0.06312416019534761,3069253.2,0.08905319378668386,3380675.1333333333,-0.011268498696522689
2017-04-18,77.69,76.99,76.93,78.2,2625531.0,-0.005425655600051704,-0.015473145780051212,0.0007799298063173588,76.83399999999999,0.0020303511466279733,78.195,-0.015410192467549044,79.9695,-0.037257954595189435,80.96233333333333,-0.049063968018049575,2711533.0,-0.031717113529505236,3326271.0,-0.21066834301835302,3034701.35,-0.13483051635377563,3371768.966666667,-0.22131942432710572
2017-04-19,77.52,78.66,77.2,78.89,2898859.0,0.021691128718015262,-0.00291545189504383,0.01891191709844553,77.192,0.01901751476836977,78.057,0.0077251239478841605,79.79650000000001,-0.01424247930673661,80.80166666666668,-0.026505228852540363,2710475.4,0.06950205118998687,3264737.7,-0.11206986092634641,3049399.8,-0.04936735419212657,3388998.933333333,-0.14462675939860625
2017-04-20,77.2,77.63,76.41,78.18,4476578.0,-0.013094330027968448,-0.007035047326682142,0.015966496531867547,77.416,0.0027642864524128896,77.788,-0.0020311616187587145,79.601,-0.024760995464881086,80.61699999999999,-0.03705173846707266,3161158.4,0.4161194832881516,3315320.4,0.3502700975748829,3103480.65,0.44243786408012564,3471375.3,0.289569007419048
2017-04-23,79.47,79.22,78.99,80.07,2993699.0,0.02048177251062744,-0.010615711252653814,0.0029117609824029778,77.982,0.015875458439126966,77.70899999999999,0.019444337206758755,79.47999999999999,-0.0032712632108705675,80.51766666666667,-0.01611654585122113,3267449.4,-0.08378106788738637,3287398.9,-0.08934112011779283,3141988.4,-0.047196036751758874,3321314.066666667,-0.09864019484175657
2017-04-24,79.4,79.35,78.95,79.73,2570298.0,0.0016409997475383964,-0.004766085538693177,0.005066497783407176,78.37,0.01250478499425789,77.711,0.02109096524301579,79.3775,-0.0003464457812353272,80.404,-0.013108800557186218,3112993.0,-0.17433222625299827,3253732.4,-0.21004628407671144,3147968.65,-0.1835058459047869,3244529.7666666666,-0.20780569609609478
2017-04-25,79.41,77.98,77.58,79.46,2998678.0,-0.017265280403276462,-0.018625723634532965,0.005155968032998226,78.56800000000001,-0.007483962936564614,77.701,0.0035906873785409577,79.1665,-0.014987399973473536,80.214,-0.027850499912733362,3187622.4,-0.05927439837290638,2949577.7,0.016646552487835642,3152084.8,-0.04866836069892533,3181783.4,-0.057548040510865706
2017-04-26,78.65,77.85,77.56,78.88,2375278.0,-0.0016670941266992978,-0.013057809330628833,0.0037390407426507455,78.40599999999999,-0.007091294033619855,77.799,0.0006555354181929651,78.9635,-0.014101451936654352,80.02533333333332,-0.02718305869807891,3082906.2,-0.2295328349594289,2896690.8,-0.18000291919317035,3168824.6,-0.25042301173753834,3110987.533333333,-0.2364874579053815
2017-04-27,77.86,76.2,75.96,77.98,4316369.0,-0.02119460500963377,-0.02282636573480379,0.003159557661927437,78.11999999999999,-0.02457757296466956,77.768,-0.02016253471865037,78.6635,-0.03131693860557938,79.80799999999999,-0.04520850040096214,3050864.4,0.414801982021882,3106011.4,0.3896822786935039,3317744.25,0.30099509629170473,3117944.2,0.38436377405342914
2017-04-30,75.05,76.22,74.65,76.415,4571778.0,0.0002624671916009458,-0.002551855002290271,0.02103148024112511,77.52000000000001,-0.016769865841073428,77.751,-0.019691065066687274,78.377,-0.027520828814575626,79.57333333333332,-0.04214142091152806,3366480.2,0.3580290773728596,3316964.8,0.37830163286628804,3429468.05,0.33308662840582537,3130869.966666667,0.46022608689412303
2017-05-01,76.48,75.51,75.3,76.49,5528417.0,-0.009315140383101439,-0.012812132304876322,0.002788844621514075,76.752,-0.01618198874296428,77.56099999999999,-0.02644370237619409,78.09049999999999,-0.033044992668762374,79.327,-0.048117286674146165,3958104.0,0.3967336381257289,3535548.5,0.5636660054302749,3551671.25,0.5565677707361008,3224684.966666667,0.7144053007183162
2017-05-02,75.31,75.6,75.16,75.86,3131976.0,0.0011918951132299238,-0.0034273662008964534,0.0058541777541245565,76.276,-0.008862551785620676,77.422,-0.023533362610110853,77.8085,-0.02838378840358058,79.12033333333333,-0.04449340877397723,3984763.6,-0.21401209346521843,3586193.0,-0.12665715425801116,3456232.0,-0.09381777612151032,3218531.9,-0.026892975645200212
2017-05-03,75.74,75.66,75.21,76.17,2300623.0,0.0007936507936507908,-0.006695549428909042,0.005983246908655815,75.838,-0.0023471083098182133,77.12199999999999,-0.01895697725681378,77.5895,-0.024868055600306804,78.905,-0.04112540396679554,3969832.6,-0.4204735484312361,3526369.4,-0.3475944409000373,3395553.55,-0.3224601037436149,3208389.6666666665,-0.2829352918374731
2017-05-04,75.78,75.79,75.27,75.87,3283420.0,0.00171821305841946,-0.001054435218136307,0.006908462867012188,75.756,0.0004488093352341682,76.938,-0.01492110530557067,77.363,-0.020332717190388094,78.71333333333334,-0.037138985347675124,3763242.8,-0.12750248269922948,3407053.6,-0.036287541822059954,3361187.0,-0.023136766862420943,3204671.6333333333,0.024572990832373298
2017-05-07,75.66,76.38,75.36,76.59,5040178.0,0.007784668162026609,-0.0027418723070897766,0.013535031847133672,75.788,0.007811262996780366,76.65400000000001,-0.003574503613640756,77.1815,-0.01038461289298609,78.538,-0.027477144821615007,3856922.8,0.3067873694542189,3611701.5,0.395513444286578,3449550.2,0.46111165449918645,3298559.433333333,0.5279936899323012
2017-05-08,76.83,78.5,76.77,79.19,5266014.0,0.027755957056821323,-0.008713221366334123,0.022534844340237115,76.386,0.02767522844500303,76.569,0.02521908344107926,77.14000000000001,0.01763028260305921,78.44133333333335,0.0007479050160628109,3804442.2,0.3841750572528082,3881273.1,0.35677492006424383,3567502.75,0.47610650054859804,3392403.466666667,0.5522959022248375
2017-05-09,79.51,79.03,78.62,80.01,3944381.0,0.006751592356687874,-0.012248468941382429,0.005214958025947514,77.072,0.025404816275690134,76.674,0.03072749563085253,77.1875,0.02387044534412963,78.33566666666665,0.008863565766126236,3966923.2,-0.005682540060266361,3975843.4,-0.007913390150125155,3462710.55,0.13910214066260895,3426671.0,0.15108249376727434
2017-05-10,78.73,78.44,77.81,79.25,2288815.0,-0.007465519423003997,-0.010220820189274504,0.008096645675363057,77.628,0.01046014324728195,76.73299999999999,0.022245969791354625,77.26599999999999,0.01519426397121637,78.22,0.0028125799028382303,3964561.6,-0.4226814384722891,3967197.1,-0.42306496443042874,3431943.95,-0.33308497069131915,3434948.7666666666,-0.3336683731032456
2017-05-11,78.62,78.63,78.455,79.04,1975314.0,0.002422233554308928,-0.005187246963562875,0.0022305780383660156,78.196,0.005550156018210517,76.976,0.021487216794845,77.372,0.016259111823398564,78.10100000000001,0.0067732807518468,3702940.4,-0.46655528131103596,3733091.6,-0.47086377414366154,3419551.5,-0.4223470534074425,3456193.3666666667,-0.4284712137199962
2017-05-14,79.17,80.21,78.81,80.37,4034159.0,0.020094111662215308,-0.001990792584297796,0.017764243116355605,78.96199999999999,0.015805070793546427,77.375,0.036639741518578184,77.563,0.034127096682696534,78.04299999999999,0.02776674397447554,3501736.6,0.1520452452077634,3679329.7,0.09643857140609047,3498147.25,0.15322732626535385,3512755.2666666666,0.1484315569265675
2017-05-15,80.45,81.05,80.08,81.31,3011941.0,0.010472509662136975,-0.00319763866683076,0.01211288711288705,79.472,0.019856049929535047,77.929,0.04004927562268201,77.74499999999999,0.0425107723969389,78.03666666666666,0.03861432659860742,3050922.0,-0.012776793375904094,3427682.1,-0.12128928175690512,3481615.3,-0.1349012626409356,3510341.533333333,-0.14198063880697798
2017-05-16,80.02,78.42,78.37,80.27,3591971.0,-0.032449105490438,-0.0230472156471907,0.0006379992344007768,79.35,-0.011720226843100146,78.211,0.0026722583779774656,77.8165,0.007755424620742302,77.94266666666665,0.006124159638708937,2980440.0,0.20518144971883356,3473681.6,0.03405303468228049,3529937.3,0.017573598261929613,3462048.533333333,0.03752762718828051
2017-05-17,79.52,80.48,79.03,81.32,5026568.0,0.026268808977301772,-0.010329562223315158,0.018347462988738572,79.75800000000001,0.009052383459966284,78.69300000000001,0.02270850012072212,77.9075,0.03301992747809912,77.95733333333332,0.03235958130943439,3527990.6,0.4247679684860839,3746276.1,0.34175054529483284,3636322.75,0.382321742480092,3512461.066666667,0.43106725016890324
2017-05-18,80.65,81.24,80.65,82.27,4024419.0,0.009443339960238495,-0.012519752035979104,0.007315561066335796,80.28,0.01195814648729443,79.23799999999999,0.025265655367374462,78.088,0.04036471672984332,77.988,0.04169872288044307,3937811.6,0.021993789647021256,3820376.0,0.05340914088037407,3613714.8,0.11365152557141478,3514250.0,0.14517151597069078
2017-05-21,81.57,82.09,81.425,82.36,2009527.0,0.010462826193993191,-0.0032782904322485873,0.008167024869511819,80.65599999999999,0.01777921047411235,79.809,0.028580736508413862,78.23150000000001,0.049321564842806254,78.05733333333333,0.05166288027603638,3532885.2,-0.4311938015987613,3517310.9,-0.4286751847839211,3564506.2,-0.43623972375191833,3472137.1,-0.421242035632752
2017-05-22,82.09,81.96,80.9,82.32,2146525.0,-0.0015836277256671139,-0.004373177842565634,0.013102595797280348,80.838,0.01387961107399982,80.155,0.02251886968997563,78.362,0.045915111916490225,78.145,0.04881950220743492,3359802.0,-0.3611156252660127,3205362.0,-0.33033304818613307,3543317.55,-0.39420473335786677,3446789.1666666665,-0.37723925189312657
2017-05-23,82.46,82.12,81.67,82.58,1751235.0,0.0019521717911177294,-0.005570356018406275,0.005509979184523006,81.578,0.006643948123268517,80.464,0.02058063233247176,78.56899999999999,0.04519594242003855,78.27966666666667,0.04905914264666422,2991654.8,-0.4146266474327185,2986047.4,-0.413527394106336,3480945.4,-0.49690822498968235,3303822.8333333335,-0.469936770721715
2017-05-24,82.32,82.34,81.74,82.95,4015012.0,0.002679006332196865,-0.007353827606992103,0.007340347443112405,81.95,0.0047589993898717875,80.85400000000001,0.018378806243352086,78.79350000000001,0.045010057936251124,78.46199999999999,0.0494251994596111,2789343.6,0.4394110499688888,3158667.1,0.2711095765679137,3562932.1,0.12688423110841773,3340851.6666666665,0.20179295598776958
2017-05-25,82.5,82.81,81.94,82.89,1910621.0,0.005708039834831258,-0.0009651345156230784,0.01061752501830604,82.264,0.006637168141593097,81.272,0.0189241067034156,79.124,0.04658510692078277,78.672,0.05259812894041094,2366584.0,-0.19266715231743303,3152197.8,-0.39387655178237857,3442644.7,-0.4450135966688633,3330433.6,-0.4263146396313081
2017-05-29,83.0,84.8,83.0,85.17,6744931.0,0.02403091414080416,-0.004344252671128368,0.02168674698795181,82.806,0.024080380648745292,81.731,0.03755001162349658,79.553,0.06595602931379085,78.95233333333334,0.07406578652942475,3313664.8,1.0354898298705408,3423275.0,0.9703152682738021,3551302.35,0.8992837937327414,3473189.8333333335,0.9419989472693664
2017-05-30,88.99,85.76,85.76,90.49,14864313.0,0.01132075471698113,-0.05227096916786378,0.0,83.566,0.02625469688629356,82.20200000000001,0.04328361840344508,80.0655,0.0711230180289888,79.23066666666666,0.08240916816720811,5857222.4,1.5377750723619439,4608512.2,2.2254038515944474,4018097.15,2.699341366099125,3857247.6,2.8536061309623992
2017-05-31,86.28,82.21,81.9,86.32,11366033.0,-0.04139458955223896,-0.047613531047265956,0.0037851037851035496,83.584,-0.016438552833078268,82.58099999999999,-0.004492558821036274,80.396,0.022563311607542547,79.40466666666666,0.035329577606689755,7780182.0,0.4608955163259676,5385918.4,1.1103240257037683,4429800.0,1.5658117747979592,4148597.6666666665,1.739728918840286
2017-06-01,81.61,80.91,79.92,82.14,8927592.0,-0.015813161415886068,-0.014974433893352845,0.012387387387387427,83.298,-0.028668155297846387,82.624,-0.02074457784663053,80.6585,0.0031180842688618426,79.47966666666666,0.017996217061806208,8762698.0,0.018817720295735363,5776020.8,0.5456301680908076,4761148.45,0.8750921324454817,4349555.433333334,1.0525297669693643
2017-06-04,81.01,78.75,78.26,81.3,8580171.0,-0.026696329254727424,-0.03136531365313655,0.006261180679785205,82.48599999999999,-0.045292534490701364,82.375,-0.04400606980273136,80.8065,-0.025449685359469787,79.51700000000001,-0.009645736131896454,10096608.0,-0.15019271818812818,6231596.0,0.3768817811680989,5025986.0,0.7071617390100171,4486341.866666666,0.91250940186933
2017-06-05,78.61,80.1,78.61,80.445,5486320.0,0.017142857142857126,-0.00428864441543908,0.018954331509986044,81.546,-0.017732322860716798,82.176,-0.02526285046728982,80.99249999999999,-0.011019538846189447,79.54633333333332,0.006960304057593403,9844885.8,-0.44272385566930605,6579275.3,-0.16612092520281063,5048293.1,0.08676732735664672,4569429.233333333,0.20065761386084713
2017-06-06,80.15,80.83,80.13,81.1,3913710.0,0.009113607990012484,-0.0033292231812576123,0.008735804317983265,80.55999999999999,0.0033515392254221954,82.063,-0.015025041736227096,81.109,-0.003439815556843251,79.59566666666666,0.015507544380556793,7654765.2,-0.4887223973897985,6755993.8,-0.4207055074562087,4980677.9,-0.21422142154585022,4614209.633333334,-0.15181356916965394
2017-06-07,81.3,82.44,80.34,82.51,3754715.0,0.019918347148335958,-0.0008483820143013743,0.026138909634055185,80.606,0.02275264868620197,82.095,0.0042024483829710135,81.2795,0.014277892949636772,79.74433333333333,0.03380386485142095,6132501.6,-0.38773517808784586,6956341.8,-0.4602457573318206,4971194.6,-0.24470568905107837,4639410.866666666,-0.19069142442697784
2017-06-08,82.93,78.6,77.575,82.98,4941869.0,-0.046579330422125254,-0.052783803326102774,0.013213019658395053,80.144,-0.019265322419644737,81.72099999999999,-0.03819091787912521,81.2875,-0.033061663847455014,79.76933333333334,-0.014658933257559403,5335357.0,-0.07375101609882895,7049027.5,-0.29892896573321637,5103847.3,-0.03173650982857579,4724963.9,0.04590619200286361
2017-06-11,78.01,79.74,77.93,80.47,5528632.0,0.01450381679389312,-0.009071703740524462,0.023225972026177155,80.34200000000001,-0.007492967563665576,81.414,-0.020561574176431674,81.34299999999999,-0.019706674206754093,79.88733333333334,-0.0018442640051408166,4725049.2,0.17006866298873669,7410828.6,-0.2539792378952065,5281513.2,0.04678939361545087,4765372.666666667,0.16016781618618414
2017-06-12,80.15,81.23,80.15,81.73,4063417.0,0.018685728618008657,-0.006117704637220167,0.013474734872114702,80.568,0.008216661701916372,81.05699999999999,0.0021343005539313786,81.39399999999999,-0.0020148905324715027,80.05433333333333,0.01468585918730203,4440468.6,-0.08491256981301465,7142677.2,-0.4311072884548107,5282976.1,-0.23084698414592486,4748427.3,-0.14426045861542403
2017-06-13,81.69,80.94,79.98,81.86,3173898.0,-0.0035701095654315784,-0.011238700219887598,0.012003000750187454,80.59,0.0043429705918847095,80.57499999999999,0.004529941048712516,81.3885,-0.005510606535321316,80.23533333333333,0.008782498151271634,4292506.2,-0.2605955933156253,5973635.7,-0.4686823637403935,5291073.95,-0.4001410620995006,4669943.333333333,-0.3203562070346321
2017-06-14,79.78,79.75,79.54,80.75,2986144.0,-0.014702248579194444,-0.012383900928792602,0.002640181040985512,80.05199999999999,-0.0037725478439013527,80.329,-0.0072078576852692144,81.455,-0.020931802835921665,80.37366666666665,-0.0077595895836528594,4138792.0,-0.27849865371345073,5135646.8,-0.41854568347651944,5260782.6,-0.43237646809430974,4665082.266666667,-0.3598946750978339
2017-06-15,80.18,80.04,78.97,80.23,5700640.0,0.0036363636363636598,-0.0023681914495824463,0.013549449157908233,80.34,-0.0037341299477221535,80.24199999999999,-0.0025173849106451263,81.43299999999999,-0.01710608721280049,80.51966666666667,-0.005957136765759041,4290546.2,0.3286513497978416,4812951.6,0.1844374250511891,5294486.2,0.07671259960975996,4778416.166666667,0.19299780537463285
2017-06-18,81.0,80.37,79.84,81.25,3118028.0,0.004122938530734643,-0.0108307692307692,0.006638276553106337,80.46600000000001,-0.001193050480948532,80.40400000000001,-0.0004228645341028958,81.38950000000001,-0.012526185810209034,80.67233333333334,-0.0037476706181797104,3808425.4,-0.1812815868731471,4266737.3,-0.26922428526359,5249166.65,-0.40599561646609184,4772903.1,-0.3467229619641764
2017-06-19,80.28,79.2,79.18,81.65,3918127.0,-0.014557670772676445,-0.030006123698714027,0.0002525890376356976,80.06,-0.010741943542343257,80.314,-0.0138705580596159,81.24499999999999,-0.025170779740291582,80.76633333333332,-0.019393394112233064,3779367.4,0.03671503331483472,4109918.0,-0.04666540792298046,5344596.65,-0.26689940203438933,4735501.4,-0.1726056717035287
2017-06-20,79.5,79.98,79.0,80.205,3499072.0,0.009848484848484773,-0.0028053113895641912,0.012405063291139218,79.86800000000001,0.0014023138177992056,80.229,-0.0031036158994877105,81.14599999999999,-0.014369161757818993,80.81566666666666,-0.010340404294546746,3844402.2,-0.08982676162239223,4068454.2,-0.1399505001186938,5412224.0,-0.3534872170848804,4676603.333333333,-0.25179200573635707
2017-06-21,80.8,81.32,80.0,81.67,4364478.0,0.016754188547136728,-0.004285539365740276,0.01649999999999996,80.182,0.014192711581152873,80.117,0.015015539773081787,81.10600000000001,0.0026385224274403374,80.89200000000001,0.005291005291005124,4120069.0,0.05932157932306481,4129430.5,0.05692007650933939,5542886.15,-0.21259829592567048,4690606.566666666,-0.06952801562686306
2017-06-22,81.16,81.55,80.9,82.139,10736858.0,0.0028283325135267656,-0.007170771497096329,0.00803461063040789,80.48400000000001,0.013244868545300825,80.412,0.014152116599512432,81.06649999999999,0.005964239235689339,80.99566666666666,0.006843987538428076,5127312.6,1.0940517650513448,4708929.4,1.2801059620898116,5878978.45,0.8263135494228593,4972208.0,1.1593742659196882
2017-06-25,81.95,80.57,79.91,82.1,2536535.0,-0.012017167381974336,-0.018635809987819774,0.008259291703166083,80.524,0.0005712582584074255,80.495,0.0009317348903656875,80.9545,-0.004749581555071103,81.06033333333333,-0.00604899231436673,5011014.0,-0.49380803965025843,4409719.7,-0.42478543477491326,5910274.15,-0.5708261688673105,4990915.366666666,-0.491769582601818
2017-06-26,80.14,78.14,77.82,80.55,4009798.0,-0.030160109221794573,-0.029919304779639888,0.004112053456694964,80.312,-0.027044526347245745,80.186,-0.025515676053176395,80.6215,-0.03077963074366019,80.99133333333333,-0.035205412924839696,5029348.2,-0.20272014572385344,4404357.8,-0.08958395705271716,5773517.5,-0.3054843949117674,4990103.333333333,-0.19644990651496186
2017-06-27,78.55,79.2,77.86,79.39,2721682.0,0.013565395444074868,-0.002393248519964697,0.017210377600822113,80.15599999999999,-0.011926742851439576,80.012,-0.01014847772834071,80.2935,-0.013618786078574141,80.92966666666668,-0.021372467451161392,4873870.2,-0.44157683969507433,4359136.2,-0.3756373108965946,5166385.95,-0.47319421616188007,4980428.033333333,-0.45352447986716216
2017-06-28,78.94,77.74,76.18,79.12,3580578.0,-0.01843434343434358,-0.01744186046511642,0.020477815699658564,79.44,-0.02139979859013097,79.811,-0.02594880404956723,80.07,-0.029099537904333728,80.907,-0.03914370820818969,4717090.2,-0.24093501540419981,4418579.6,-0.18965406892296333,4777113.2,-0.25047244013392866,4980048.266666667,-0.2810154022068113
2017-06-29,78.3,77.8,77.22,78.33,2193607.0,0.000771803447388697,-0.006766245372143542,0.007511007511007417,78.69,-0.011310204600330387,79.587,-0.022453415758855177,79.9145,-0.026459528621214035,80.81766666666667,-0.037339195637917544,3008440.0,-0.2708490114477935,4067876.3,-0.460748843321514,4440413.95,-0.5059904268609912,4885616.233333333,-0.551007100182456
2017-07-02,78.27,76.11,76.07,78.55,1368338.0,-0.0217223650385604,-0.031063017186505393,0.0005258314710137046,77.798,-0.02169721586673179,79.16099999999999,-0.038541706143176424,79.7825,-0.04603139786293986,80.64666666666666,-0.05625361659915673,2774800.6,-0.5068697909320043,3892907.3,-0.6485048590805129,4079822.3,-0.6646084315976213,4797080.2,-0.7147560718288596
2017-07-04,76.49,77.74,76.38,78.11,2767425.0,0.02141637104191285,-0.004736909486621532,0.01780570830060224,77.71799999999999,0.00028307470598831763,79.015,-0.01613617667531486,79.6645,-0.024157560770481368,80.50166666666668,-0.034305707956357234,2526326.0,0.09543463511834971,3777837.1,-0.26745782659607,3943877.55,-0.2982984474251742,4822343.466666667,-0.426124451912398
2017-07-05,76.91,77.33,76.51,77.73,2897961.0,-0.005273990223822911,-0.005146018268364916,0.010717553261011536,77.34400000000001,-0.00018100951592892045,78.75,-0.018031746031746065,79.48949999999999,-0.027167110121462557,80.34733333333334,-0.037553621360592815,2561581.8,0.1313169854657774,3717726.0,-0.22050172605512075,3893090.1,-0.25561419706160926,4847391.333333333,-0.4021607085708092
2017-07-06,77.64,78.47,77.5,78.85,2803698.0,0.014742014742014753,-0.004819277108433662,0.012516129032257961,77.49,0.012646793134598155,78.465,6.372267890131234e-05,79.291,-0.010354264670643598,80.22566666666667,-0.021884101929141586,2406205.8,0.1651945980680456,3561648.0,-0.21280878963895367,3845539.25,-0.2709220169837039,4882473.433333334,-0.4257627740770161
2017-07-09,78.51,78.73,77.76,78.86,2167822.0,0.003313368166178332,-0.0016484909967029449,0.012474279835390956,77.676,0.01356918481899183,78.183,0.0069964058682834285,79.2975,-0.0071565938396543904,80.10533333333335,-0.017169060736696773,2401048.8,-0.09713538517001397,2704744.4,-0.19851132698527818,3706836.9,-0.4151827937182777,4820900.433333334,-0.550328402343482
2017-07-10,78.95,79.86,78.27,80.36,2763005.0,0.01435285151784571,-0.006222000995520172,0.020314296665389087,78.426,0.01828475250554651,78.112,0.02237812371978709,79.30350000000001,0.007017344757797472,80.007,-0.0018373392328171478,2679982.2,0.03097886247154924,2727391.4,0.01305775181369273,3568555.55,-0.2257357462181021,4849313.233333333,-0.4302275668629558
2017-07-11,80.4,80.37,80.03,81.17,2591449.0,0.006386175807663541,-0.009855858075643709,0.004248406847432218,78.952,0.01796027966359315,78.335,0.025978170677219747,79.26050000000001,0.01399814535613575,79.85933333333332,0.006394577131456414,2644787.0,-0.020167219515219936,2585556.5,0.002279006473074663,3494957.15,-0.2585176616543067,4710863.833333333,-0.44989940450765875
2017-07-12,80.32,80.27,79.8643,80.75,1709260.0,-0.0012442453651860808,-0.00594427244582052,0.00507986672393046,79.53999999999999,0.009177772190093192,78.44200000000001,0.023303842329364333,79.227,0.013164703951935586,79.67633333333333,0.007450978751532222,2407046.8,-0.28989332488259056,2484314.3,-0.31197916463307396,3421725.25,-0.5004683675289242,4272362.066666666,-0.599926229722946
2017-07-13,80.72,81.55,80.5101,81.69,2153637.0,0.015946181636975254,-0.001713796058269046,0.012916391856425458,80.15599999999999,0.017391087379609926,78.82300000000001,0.03459650102127543,79.317,0.028152854999558885,79.65433333333334,0.023798663391403574,2277034.6,-0.05419223757074232,2341620.2,-0.08027911614360017,3380099.9,-0.36284812173746694,3965282.2,-0.45687673881067026
2017-07-16,81.61,81.09,80.94,81.85,1483272.0,-0.005640711220110339,-0.00928527794746481,0.0018532246108229344,80.628,0.005730019348117343,79.152,0.024484536082474362,79.3695,0.02167709258594308,79.66033333333333,0.017947033446173766,2140124.6,-0.3069225969366457,2270586.7,-0.3467450505193218,3169231.5,-0.531977389471233,3717138.2,-0.6009639889095326
2017-07-17,80.96,81.14,80.15,81.19,1686020.0,0.0006165988407942358,-0.0006158393890872693,0.012351840299438477,80.88399999999999,0.003165026457643272,79.655,0.018642897495449118,79.40799999999999,0.02181140439250462,79.74,0.017557060446451,1924727.6,-0.12402149789923522,2302354.9,-0.2676976082184376,3097631.1,-0.455706652738604,3487333.1666666665,-0.5165302770278282
2017-07-18,81.35,80.37,80.12,81.38,2810323.0,-0.0094897707665762,-0.012410911771933986,0.003120319520719006,80.88399999999999,-0.006354779684486167,79.918,0.005655797192121836,79.46650000000001,0.011369570825441988,79.749,0.007786931497573812,1968502.4,0.4276451987053713,2306644.7,0.21835972397482784,3042240.9,-0.07623258894455065,3398133.2666666666,-0.17298034554226527
2017-07-19,80.35,80.85,79.99,80.89,1804783.0,0.005972377752892832,-0.0004944987019409597,0.01075134391798982,81.0,-0.0018518518518518823,80.27000000000001,0.007225613554254107,79.51,0.016853226009306832,79.74966666666667,0.0137973408457297,1987607.0,-0.09198196625389221,2197326.9,-0.1786461085967681,2957526.45,-0.38976606616654275,3327835.7,-0.45767064161250515
2017-07-20,80.07,78.96,78.43,80.22,3122467.0,-0.023376623376623384,-0.015706806282722585,0.006757618258319331,80.482,-0.01891106085832861,80.31899999999999,-0.016920031374892508,79.392,-0.0054413542926239344,79.63366666666666,-0.008459571119417642,2181373.0,0.43142277822270647,2229203.8,0.40070952687232997,2895425.9,0.07841371454196078,3306760.7666666666,-0.05573241600191159
2017-07-23,78.96,78.75,78.42,79.455,1924655.0,-0.0026595744680850686,-0.00887294695110441,0.004208110175975444,80.014,-0.015797235483790306,80.321,-0.019559019434518987,79.252,-0.006334225003785332,79.63866666666667,-0.011158733613487626,2269649.6,-0.15200346344211024,2204887.1,-0.1270958952955007,2454815.75,-0.21596763423079712,3206186.966666667,-0.3997059372987908
2017-07-24,78.79,79.52,78.45,80.1,1865748.0,0.009777777777777663,-0.007240948813982517,0.013639260675589515,79.69,-0.0021332664073284713,80.28699999999999,-0.009553227795284336,79.1995,0.004046742719335361,79.63133333333332,-0.0013981096218405042,2305595.2,-0.19077381840489616,2115161.4,-0.11791695896114596,2421276.4,-0.22943617672067507,3084090.8333333335,-0.3950411642112789
2017-07-25,80.14,80.72,79.8,81.3,2298126.0,0.015090543259557387,-0.0071340713407134215,0.011528822055137944,79.76,0.012036108324974926,80.322,0.0049550559000024474,79.32849999999999,0.017540984639820678,79.61433333333333,0.013887784025489625,2203155.8,0.04310643850062723,2085829.1,0.1017805821195994,2335692.8,-0.016083793211161934,3025247.8,-0.24035115404430663
2017-07-26,80.83,79.55,78.96,81.28,2683369.0,-0.014494549058473805,-0.021284448818897683,0.007472137791286748,79.5,0.0006289308176099517,80.25,-0.008722741433021874,79.346,0.002571018072744513,79.568,-0.00022622159662177843,2378873.0,0.12800010761398362,2183240.0,0.2290765101408916,2333777.15,0.14979658619075953,3008896.8333333335,-0.10818843295890124
2017-07-27,79.24,79.24,78.49,79.37,1677677.0,-0.0038969201759899708,-0.0016378984502961602,0.009555357370365725,79.556,-0.003972044848911449,80.01899999999999,-0.009735187892875419,79.421,-0.002278994220672237,79.551,-0.003909441741775765,2089915.0,-0.19725108437424488,2135644.0,-0.21443976617825822,2238632.1,-0.25057940516443056,2965281.2666666666,-0.4342266890972164
2017-07-30,79.46,79.01,78.94,79.93,2199726.0,-0.0029025744573446532,-0.01151007131239834,0.0008867494299469314,79.60799999999999,-0.00751180785850647,79.81099999999999,-0.0100362105474181,79.4815,-0.005932198058667626,79.51666666666667,-0.006371829805072227,2144929.2,0.025547136940464066,2207289.4,-0.003426555665967501,2238938.05,-0.017513682435295497,2848584.1333333333,-0.22778268183852368
2017-07-31,79.23,78.95,78.635,79.475,1728057.0,-0.0007593975446146262,-0.006605850896508225,0.004005849812424467,79.494,-0.006843283769844222,79.592,-0.008066137300231091,79.6235,-0.008458558089006418,79.46933333333332,-0.006535015603503114,2117391.0,-0.1838744001462177,2211493.1,-0.2186016768490031,2256924.0,-0.234330885754239,2802251.7666666666,-0.3833327110163418
2017-08-01,79.49,78.82,78.36,79.65,2250910.0,-0.0016466117796074542,-0.010420590081607228,0.005870342011230045,79.114,-0.0037161564324900143,79.437,-0.007767161398340883,79.6775,-0.01076213485613886,79.45666666666668,-0.008012753282712004,2107947.8,0.06782055988293467,2155551.8,0.04423841728136635,2231098.25,0.008879819613502038,2746677.8666666667,-0.18049727370043733
2017-08-02,78.67,77.94,77.73,78.9888,2162931.0,-0.01116467901547824,-0.01327783179387454,0.0027016595908915253,78.792,-0.010813280536095093,79.14599999999999,-0.01523766204230148,79.708,-0.022180960505846392,79.38866666666667,-0.018247776760746737,2003860.2,0.07938218444580114,2191366.6,-0.012976194854845469,2194346.75,-0.014316675338571727,2702139.8333333335,-0.1995488267045642
2017-08-03,78.09,77.78,77.525,78.4,2382264.0,-0.002052861175262932,-0.00790816326530619,0.0032892615285391447,78.5,-0.009171974522293014,79.02799999999999,-0.01579187123551129,79.6735,-0.023765743942465223,79.27066666666666,-0.018804770154575712,2144777.6,0.11072775097986853,2117346.3,0.12511779485481433,2173275.05,0.09616313866944748,2636066.033333333,-0.09628060531260585
2017-08-06,79.65,78.87,77.76,79.65,2047867.0,0.014013885317562425,-0.009792843691148745,0.014274691358024727,78.47200000000001,0.005071872769905061,79.03999999999999,-0.002150809716598978,79.6805,-0.010171873921473784,79.18133333333334,-0.003931903142154747,2114405.8,-0.03146926668475836,2129667.5,-0.0384099865354568,2167277.3,-0.055096918147022445,2346433.0,-0.1272424995727558
2017-08-07,78.66,78.97,78.41,79.88,1894162.0,0.0012679092176999252,-0.011392088132198275,0.007141946180334147,78.476,0.006294918191549037,78.985,-0.0001899094764828968,79.636,-0.008363051886081663,79.128,-0.0019967647356182727,2147626.8,-0.11802087774281822,2132508.9,-0.11176830258480985,2123835.15,-0.10814076130155392,2325020.566666667,-0.1853138732808629
2017-08-08,78.52,77.98,77.42,78.65,1978962.0,-0.012536406230213903,-0.008518753973299487,0.00723327305605781,78.30799999999999,-0.004188588649946201,78.711,-0.009287139027581826,79.5165,-0.01932303358422449,79.12266666666667,-0.01444171076134948,2093237.2,-0.05459257077984281,2100592.5,-0.05790294881087121,2093210.8,-0.054580647109216174,2257326.033333333,-0.12331582997883583
2017-08-09,77.47,76.83,76.6496,77.95,2355433.0,-0.014747371120800268,-0.014368184733803746,0.0023535674028303255,78.086,-0.016084829546909818,78.439,-0.020512755134563077,79.34450000000001,-0.03169091745489616,79.04366666666667,-0.028005617148327278,2131737.6,0.1049357106615747,2067798.9,0.13910158284734564,2125519.45,0.10816817037359971,2245117.7333333334,0.049135626621629847
2017-08-10,76.76,78.04,76.41,78.29,1919352.0,0.01574905635819346,-0.0031932558436581493,0.02133228634995432,78.138,-0.0012541913025672091,78.319,-0.0035623539626399303,79.16900000000001,-0.014260632318205402,79.05366666666667,-0.0128225129764169,2039155.2,-0.058751388810424965,2091966.4,-0.08251298873633917,2113805.2,-0.09199201515825595,2189743.533333333,-0.12348091418803286
2017-08-13,78.66,79.9,78.57,80.16,2230171.0,0.023833931317273294,-0.0032435129740517876,0.016927580501463924,78.34400000000001,0.019861125293576976,78.408,0.019028670543822068,79.1095,0.00999247877941345,79.12366666666667,0.009811645061949426,2075616.0,0.07446223193500145,2095010.9,0.06451522519524833,2151150.15,0.036734232615050155,2190962.3333333335,0.017895637031337897
2017-08-14,79.93,79.96,79.28,80.37,1784198.0,0.000750938673341528,-0.005101405997262831,0.008577194752774853,78.542,0.01805403478393708,78.509,0.018481957482581635,79.0505,0.011505303571767378,79.25200000000001,0.008933528491394283,2053623.2,-0.1311950507765981,2100625.0,-0.15063469205593571,2156059.05,-0.1724725721218071,2204824.3333333335,-0.19077544046215023
2017-08-15,80.01,80.06,79.79,80.9,2147190.0,0.001250625312656517,-0.010383189122373349,0.0033838826920666865,78.958,0.013956787152663575,78.633,0.0181475970648457,79.035,0.012968937812361636,79.32933333333334,0.00921054843101321,2087268.8,0.02870794600101334,2090253.0,0.027239286344763025,2122902.4,0.011440752057183534,2184149.8333333335,-0.01692183968758565
2017-08-16,79.8,77.56,77.55,79.89,2064511.0,-0.03122658006495127,-0.029165102015271005,0.00012894906511928816,79.104,-0.01951860841423947,78.595,-0.013168776639735258,78.8705,-0.016615844961043846,79.337,-0.022398124456432744,2029084.4,0.0174594018858949,2080411.0,-0.007642720597035857,2135888.8,-0.03341831278856833,2156368.1666666665,-0.042598090663089394
2017-08-17,77.6,77.74,77.03,78.07,1884655.0,0.0023207839092314053,-0.004226975790956766,0.009217188108529006,79.04400000000001,-0.01649714083295395,78.59100000000001,-0.010828211881767746,78.8095,-0.013570698963957462,79.31266666666666,-0.0198286948700922,2022145.0,-0.06799215684335203,2030650.1,-0.07189574412647459,2073998.2,-0.0912938111518129,2125733.4,-0.11340951786334064
2017-08-20,77.81,77.7,76.95,77.99,1461306.0,-0.0005145356315924277,-0.00371842543915879,0.00974658869395717,78.604,-0.01150068698793949,78.474,-0.009863139383744945,78.75699999999999,-0.013421029241845073,79.27833333333334,-0.019908760274980564,1868372.0,-0.2178720297670913,1971994.0,-0.258970361978789,2050830.75,-0.28745655876283305,2102182.8666666667,-0.3048625677759781
2017-08-21,78.12,79.17,78.09,79.3,1735941.0,0.018918918918918948,-0.0016393442622950616,0.013830195927775568,78.446,0.009229278739515179,78.494,0.008612123219609247,78.73949999999999,0.0054673956527537815,79.25533333333334,-0.001076688845335405,1858720.6,-0.06605597420074871,1956171.9,-0.11258259051773511,2044340.4,-0.15085520982709133,2067947.4,-0.16054876444149402
2017-08-22,78.5,79.07,78.12,79.3,1597943.0,-0.0012631047113806915,-0.002900378310214391,0.012160778289810326,78.248,0.010505060832225688,78.603,0.005941249061740539,78.657,0.005250645206402504,79.21199999999999,-0.0017926576781295278,1748871.2,-0.08630035190699004,1918070.0,-0.16690058235622263,2009331.25,-0.20473889011580348,2034830.5333333334,-0.21470462831007908
2017-08-23,79.35,79.27,78.83,79.44,1316891.0,0.0025294043252814813,-0.0021399798590131525,0.005581631358619887,78.59,0.008652500318106604,78.847,0.005364820475097343,78.643,0.007972737560876242,79.17866666666666,0.0011535093627914605,1599347.2,-0.1766071807297377,1814215.8,-0.27412659508312076,1941007.35,-0.3215424969926054,2021751.5666666667,-0.3486385658297252
2017-08-24,79.57,78.97,78.81,79.84,1006589.0,-0.0037845338715780663,-0.010896793587174436,0.002030199213297834,78.836,0.0016997310873205773,78.94,0.0003800354699772246,78.6295,0.004330435777920583,79.09266666666667,-0.0015509233894420715,1423734.0,-0.29299363504699616,1722939.5,-0.4157722891604726,1907452.95,-0.4722863282158546,1983516.6333333333,-0.49252303556012533
2017-08-27,79.21,79.44,79.2,79.71,1888471.0,0.005951627200202703,-0.0033872788859615754,0.003030303030302939,79.184,0.003232976358860329,78.894,0.006920678378583789,78.651,0.01003165884731283,79.03766666666667,0.005090399935895551,1509167.0,0.2513333514448699,1688769.5,0.11825266858502603,1891890.2,-0.0018072930448077562,1997023.2666666666,-0.054357036534610215
2017-08-28,78.69,79.55,78.54,79.82,2737165.0,0.0013846928499496869,-0.003382610874467451,0.01285968933027748,79.25999999999999,0.0036588443098664047,78.853,0.008839232495910121,78.681,0.011044597806331824,78.98466666666667,0.007157507364298432,1709411.8,0.6012320729270735,1784066.2,0.5342283823324494,1942345.6,0.40920596211096516,2032061.4333333333,0.34698929623896047
2017-08-29,82.13,83.72,81.24,83.89,6868364.0,0.05241986172218738,-0.002026463225652697,0.030526834071885833,80.19,0.04402045142785882,79.21900000000001,0.05681717769726946,78.926,0.06074044041253823,79.09633333333335,0.05845614419547451,2763496.0,1.485389521099361,2256183.6,2.0442398393464076,2173218.3,2.1604574653176813,2167329.466666667,2.1690447186894395
2017-08-30,84.34,83.67,83.4,85.0,5136798.0,-0.0005972288580984308,-0.015647058823529347,0.003237410071942337,81.07000000000001,0.032071049710127086,79.83,0.048102217211574594,79.2125,0.05627268423544263,79.19033333333331,0.05656835219786949,3527477.4,0.4562242128043117,2563412.3,1.0038906733809463,2321911.65,1.2123141507128405,2278396.6333333333,1.254567060382624
2017-08-31,83.97,84.38,83.6,85.18,2648027.0,0.008485717700490003,-0.009391876027236568,0.009330143540669855,82.152,0.027120459635797012,80.494,0.048276890202996414,79.54249999999999,0.060816544614514356,79.37100000000001,0.06310869209156977,3855765.0,-0.3132291516728847,2639749.5,0.003135714203184703,2335199.8,0.13396164216869155,2262581.966666667,0.17035627394360753
2017-09-04,83.74,83.0,82.01,84.1,2890580.0,-0.0163545863948803,-0.013079667063020106,0.012071698573344669,82.864,0.0016412434832979717,81.024,0.024387835703001626,79.749,0.04076540144704022,79.51266666666668,0.04385884010094809,4056186.8,-0.2873651676988841,2782676.9,0.03877672610858984,2377335.45,0.2158906728959935,2294779.466666667,0.25963302443122194
2017-09-05,83.21,82.51,82.22,83.56,3021651.0,-0.005903614457831274,-0.012565820966969787,0.003527122354658241,83.45599999999999,-0.011335314417177722,81.35799999999999,0.014159640109147498,79.926,0.032329905162275185,79.61233333333334,0.03639720813776748,4113084.0,-0.2653563603369151,2911247.9,0.03792294706335375,2433709.9,0.24158224445732013,2333309.566666667,0.2950064762802511
2017-09-06,82.65,81.1,80.8,82.68,3993124.0,-0.017088837716640493,-0.019109820996613625,0.003712871287128605,82.93199999999999,-0.022090387305262027,81.561,-0.005652211228405868,80.08200000000001,0.012711970230513625,79.625,0.01852433281004706,3538036.0,0.12862729491729308,3150766.0,0.26735022531028974,2534418.0,0.5755585700543477,2389809.5,0.6708963622414255
2017-09-07,81.21,80.44,80.1,81.59,2695414.0,-0.008138101109741003,-0.014094864566736143,0.0042446941323346365,82.28599999999999,-0.02243394988211833,81.678,-0.015157080241925636,80.2625,0.002211493536832254,79.65466666666666,0.009859225657421256,3049759.2,-0.11618792723045157,3288618.3,-0.18038101290137554,2551417.05,0.05643802921204122,2390211.0,0.1276887270621716
2017-09-10,80.81,82.22,80.81,82.69,4104953.0,0.022128294380905134,-0.005683879550126947,0.017448335602029408,81.854,0.004471375864343763,82.003,0.0026462446495860714,80.47149999999999,0.021728189483233296,79.75399999999999,0.030920079243674348,3341144.4,0.22860688092379378,3598454.7,0.1407543910445781,2660697.1,0.5428110926268157,2471120.2,0.661170913499068
2017-09-11,82.63,82.15,81.49,82.8,2657200.0,-0.0008513743614690927,-0.007850241545893644,0.008099153270340054,81.684,0.005704911610596941,82.274,-0.0015071590052749828,80.584,0.019433138091929036,79.85866666666666,0.028692356496477167,3294468.4,-0.19343588179507198,3675327.6,-0.27701682973784436,2682048.55,-0.009264765173620626,2486369.3333333335,0.06870687487029281
2017-09-12,81.83,82.06,81.7,82.39,1964237.0,-0.0010955569080950411,-0.004005340453938522,0.004406364749081959,81.59400000000001,0.0057112042552147635,82.525,-0.005634656164798635,80.689,0.016991163603465198,79.96233333333333,0.026233184791172537,3082985.6,-0.3628783086109776,3598034.8,-0.4540805997763001,2691050.5,-0.2700854183152639,2494242.0,-0.21249141021600948
2017-09-13,81.75,82.34,81.71,83.14,2226102.0,0.003412137460394815,-0.009622323791195542,0.0077101945906254965,81.842,0.00608489528603906,82.387,-0.0005704783521671697,80.80300000000001,0.019021570981275326,80.07966666666667,0.028226058217025507,2729581.2,-0.18445291167743982,3133808.6,-0.2896496614375237,2694996.1,-0.17398693081596672,2493415.066666667,-0.1072076086489786
2017-09-14,82.37,83.84,82.19,84.06,2923791.0,0.018217148409035655,-0.002617178206043236,0.020075434967757655,82.522,0.015971498509488313,82.404,0.017426338527255947,81.11699999999999,0.03356879569017601,80.27633333333333,0.044392494259412496,2775256.6,0.053520960908623794,2912507.9,0.0038740152430145613,2737960.1,0.06787202633084388,2518777.066666667,0.16079784856439305
2017-09-17,85.0,85.17,84.07,85.54,3348469.0,0.015863549618320594,-0.004325461772270334,0.013084334483168814,83.112,0.024761767253826283,82.483,0.03257640968441988,81.4885,0.04517815397264635,80.52266666666667,0.05771459795999467,2623959.8,0.2761129191079834,2982552.1,0.12268583673693412,2811150.8,0.1911381630611919,2550983.9,0.3126186331477827
2017-09-18,85.21,85.24,84.33,85.71,1790930.0,0.0008218856404835773,-0.005483607513709021,0.01079094035337369,83.72999999999999,0.018034157410725005,82.70700000000001,0.0306261864171109,81.86550000000001,0.041220049959995064,80.735,0.055799838979377014,2450705.8,-0.269218687938797,2872587.1,-0.37654457892677995,2827632.0,-0.36663257453586606,2542419.3333333335,-0.2955804038620432
2017-09-19,85.21,83.69,82.91,85.29,2171787.0,-0.018183951196621306,-0.01875952632196043,0.009407791581232727,84.05600000000001,-0.004354240030456036,82.825,0.0104437066103229,82.0915,0.01947217434204518,80.89233333333333,0.03458506574582687,2492215.8,-0.12857185160289886,2787600.7,-0.22091173244432039,2849424.3,-0.2378155124177188,2551673.5,-0.1488773936007095
2017-09-20,83.52,84.24,83.09,84.38,2885267.0,0.006571872386187172,-0.0016591609386110706,0.013840414008905899,84.436,-0.002321284760055109,83.139,0.01324288240176097,82.35,0.022950819672131084,81.10099999999998,0.03870482484802906,2624048.8,0.09954776755676198,2676815.0,0.07787314401630296,2913790.5,-0.009789138924023555,2581883.6666666665,0.11750464873772404
2017-09-21,83.81,84.92,83.81,85.24,2097691.0,0.008072174738841476,-0.003754106053495909,0.0132442429304378,84.652,0.003165902754807881,83.58700000000002,0.01594745594410596,82.63250000000001,0.0276828124527273,81.37066666666666,0.04361932227829857,2458828.8,-0.14687391005018313,2617042.7,-0.19844983805575667,2952830.5,-0.28959992793355394,2573292.2666666666,-0.1848220945702138
2017-09-24,84.47,83.88,83.62,85.0,1923931.0,-0.01224682053697601,-0.013176470588235345,0.0031093039942595713,84.394,-0.006090480365902873,83.753,0.0015163635929458241,82.878,0.012090060088322474,81.56533333333333,0.028378069114329607,2173921.2,-0.11499506053853292,2398940.5,-0.1980080372981322,2998697.6,-0.3584111315525781,2573444.9,-0.2523908322264836
2017-09-25,84.58,83.91,83.6048,84.66,1281367.0,0.0003576537911302857,-0.008858965272856123,0.003650508104797723,84.128,-0.0025912894636744843,83.929,-0.0002263818227311587,83.1015,0.009729066262341712,81.699,0.027062754746079998,2072008.6,-0.3815821999966603,2261357.2,-0.433363733955874,2968342.4,-0.5683223741304237,2541818.1,-0.4958856418561187
2017-09-26,84.57,84.92,83.81,85.23,1513019.0,0.012036705994517893,-0.0036372169423911638,0.0132442429304378,84.374,0.006471187806670331,84.215,0.0083714302677671,83.37,0.01859181959937617,81.86433333333333,0.03732598241806562,1940255.0,-0.22019579900580077,2216235.4,-0.3173022143766858,2907135.1,-0.47954981521154627,2532778.8,-0.40262489562846937
2017-09-27,84.59,85.64,84.45,85.7799,1570130.0,0.008478568064060221,-0.0016309181987854693,0.01409117821195971,84.654,0.011647411817516051,84.54499999999999,0.012951682535927711,83.466,0.026046533918002712,82.05033333333333,0.04374956835438426,1677227.6,-0.06385394564220148,2150638.2,-0.26992369055845844,2642223.4,-0.4057542598404056,2513543.466666667,-0.3753320677273879
2017-09-28,85.68,86.17,85.58,86.41,1712509.0,0.006188696870621291,-0.002777456312926696,0.006894134143491604,84.90400000000001,0.014910958258739226,84.77799999999999,0.016419354077708892,83.591,0.03085260374920762,82.33733333333333,0.04654834582935252,1600191.2,0.07019023726664675,2029510.0,-0.15619583052066754,2471008.95,-0.3069596125906384,2501810.066666667,-0.3154920020440668
2017-10-01,86.59,85.82,85.68,86.77,1688513.0,-0.004061738424045558,-0.010948484499250899,0.0016339869281043473,85.292,0.00619049852272191,84.84299999999999,0.011515387244675601,83.663,0.025782006382749856,82.60666666666667,0.03889920103300781,1553107.6,0.08718352804403251,1863514.4,-0.0939093360373281,2423033.25,-0.30314080502196983,2495272.0,-0.323315053429045
2017-10-02,85.96,85.9,85.84,86.53,2215128.0,0.0009321836401772199,-0.007280711891829328,0.0006989748369059523,85.69,0.002450694363403061,84.90899999999999,0.011671318705908762,83.808,0.024961817487590743,82.87999999999998,0.03643822393822416,1739859.8,0.27316465384164856,1905934.2,0.16222690164224973,2389260.65,-0.07288139533876303,2520399.4,-0.1211202478464326
2017-10-03,85.75,87.0,85.58,87.0786,2533887.0,0.012805587892898762,-0.0009026327938207457,0.016592661836877687,86.106,0.010382551738554957,85.24,0.02064758329422811,84.0325,0.03531371790676219,83.14099999999999,0.04641512611106435,1944033.4,0.3034174207089242,1942144.2,0.3046853060653272,2364872.45,0.0714687804832772,2546997.6,-0.005147472459337998
2017-10-04,87.1,87.89,86.7,88.345,2683537.0,0.010229885057471355,-0.0051502631727884385,0.013725490196078383,86.556,0.015411987614954548,85.60499999999999,0.026692366100111053,84.372,0.0416962973498316,83.435,0.05339485827290713,2166714.8,0.23852802408512663,1921971.2,0.39624204566644905,2299393.1,0.1670631698425118,2583184.066666667,0.03884854146798311
2017-10-05,87.49,87.87,87.4001,87.99,1118469.0,-0.0002275571737399007,-0.0013637913399249246,0.005376424054434725,86.896,0.011208801325722773,85.9,0.022933643771827716,84.7435,0.036893685061391235,83.72166666666666,0.0495491011884619,2047906.8,-0.45384770439748534,1824049.0,-0.3868207487847092,2220545.85,-0.4963089818658777,2576570.0,-0.5659077766177515
2017-10-08,87.96,87.71,87.28,88.27,1748816.0,-0.0018208717423467968,-0.006344171292624878,0.004926672777268548,87.274,0.004995760478492928,86.283,0.016538599724163383,85.018,0.031663882942435606,84.01299999999999,0.0440050944496686,2059967.4,-0.1510467592836663,1806537.5,-0.03195145409381206,2102739.0,-0.16831523075379307,2601310.9,-0.3277174212432662
2017-10-09,88.08,87.99,87.37,88.14,1294094.0,0.0031923383878691425,-0.0017018379850238796,0.00709625729655472,87.69200000000001,0.003398257537745586,86.691,0.014984254420874032,85.31,0.03141483999531114,84.29799999999999,0.043797005860162885,1875760.6,-0.310096395030368,1807810.2,-0.28416489739907425,2034583.7,-0.36395145601530177,2581498.3333333335,-0.4987043054453518
2017-10-10,87.71,88.57,87.69,88.59,1761852.0,0.006591658142970802,-0.00022575911502442647,0.01003535180750359,88.006,0.006408653955412014,87.056,0.017391104576364613,85.63550000000001,0.03426733072148802,84.59866666666667,0.046943214235054764,1721353.6,0.023527066141436626,1832693.5,-0.03865430853549712,2024464.45,-0.1297194672892379,2548987.9,-0.3088033097371705
2017-10-11,88.48,88.83,88.3,89.06,2309617.0,0.002935531218245524,-0.00258252863238273,0.006002265005662588,88.194,0.007211374923464131,87.375,0.016652360515021503,85.96,0.03338762214983726,84.76899999999999,0.047906663992733245,1646569.6,0.40268410154056045,1906642.2,0.21135313169927739,2028640.2,0.13850499462644983,2397029.6666666665,-0.03646707751774447
2017-10-12,88.95,89.06,88.51,89.67,2230901.0,0.002589215355172758,-0.006802721088435382,0.006213987120099462,88.432,0.007101501718834724,87.664,0.015924438766198312,86.221,0.032927013140650274,84.94866666666667,0.04839785596006996,1869056.0,0.19359773061909324,1958481.4,0.13909736390654515,1993995.7,0.11880933344038813,2300166.433333333,-0.03011322673418715
2017-10-15,89.48,88.83,88.21,89.625,2007721.0,-0.00258252863238273,-0.00887029288702934,0.007028681555379279,88.65599999999999,0.001962642122360636,87.965,0.009833456488375969,86.404,0.028077403823897118,85.097,0.04386758640140087,1920837.0,0.045232364849281836,1990402.2,0.00870115597742016,1926958.3,0.04191201231495256,2278822.9,-0.11896576078816823
2017-10-16,88.67,88.94,88.37,89.06,1247273.0,0.0012383203872565751,-0.001347406242982352,0.006450152766775963,88.84599999999999,0.0010580104900614895,88.269,0.007601762793279621,86.589,0.027151254778320588,85.295,0.04273404068233777,1911472.8,-0.3474806442445846,1893616.7,-0.34132762982075515,1899775.45,-0.34346293400096306,2224046.0,-0.43918740889352104
2017-10-17,89.21,89.0,88.2801,89.26,1129505.0,0.0006746120980436476,-0.002912838897602521,0.008154725696957632,88.93199999999999,0.0007646291548599748,88.46900000000001,0.0060021024313601234,86.8545,0.024702231893569015,85.51133333333333,0.040797711024659566,1785003.4,-0.36722529492100686,1753178.5,-0.35573873396234323,1847661.35,-0.3886839706854289,2160974.466666667,-0.47731682283952337
2017-10-18,88.32,88.8,87.38,88.83,1577542.0,-0.0022471910112359383,-0.00033772374197904576,0.01625085831998163,88.926,-0.0014169084407260613,88.55999999999999,0.0027100271002711285,87.08250000000001,0.019722676772026437,85.768,0.03535117992724546,1638588.4,-0.03725548160843806,1642579.0,-0.03959444264172374,1782275.1,-0.11487177260121073,2080455.0666666667,-0.24173224152946537
2017-10-19,89.61,88.93,88.76,89.93,1778531.0,0.0014639639639639768,-0.011119759813188024,0.0019152771518702316,88.9,0.0003374578177728349,88.66600000000001,0.002977465995984918,87.283,0.0188696538844908,86.05099999999999,0.03345690346422492,1548114.4,0.14883693349793803,1708585.2,0.040937847290261065,1766317.1,0.006914896538113169,2049892.3,-0.13237832055859722
2017-10-22,89.43,88.77,88.56,89.67,2031182.0,-0.0017991678848533477,-0.010036801605888268,0.002371273712737043,88.888,-0.0013275132751328078,88.772,-2.2529626458878127e-05,87.5275,0.01419553854502853,86.26933333333334,0.02898673920435213,1552806.6,0.30807146234437677,1736821.8,0.16948209655129842,1771679.65,0.14647250139154688,1980766.6,0.025452468756288482
2017-10-23,88.77,90.29,88.38,90.79,2671585.0,0.017122901881266417,-0.00550721445093072,0.021611224258882178,89.158,0.012696561161084974,89.002,0.014471584908204438,87.8465,0.027815564649701363,86.54066666666667,0.043324525656531554,1837669.0,0.45379010039348766,1874570.9,0.4251714885790663,1841190.55,0.45100951121001565,1981246.1,0.34843672373664214
2017-10-24,89.66,89.86,89.23,90.45,2039688.0,-0.004762432163030295,-0.006522940851299119,0.007060405693152472,89.33,0.0059330572036269125,89.131,0.00817897252358879,88.09349999999999,0.020052557793707848,86.80066666666667,0.03524550502684298,2019705.6,0.009893719163822645,1902354.5,0.07219132921860782,1867524.0,0.09218837348275044,1983761.1333333333,0.028192339151585477
2017-10-25,90.26,90.56,89.86,90.96,1239705.0,0.007789895392833257,-0.004397537379067673,0.007789895392833257,89.68199999999999,0.009790147409736827,89.304,0.014064319627340227,88.3395,0.025135981073019398,87.07466666666666,0.040026950050531473,1952138.2,-0.3649501864161051,1795363.3,-0.30949630083226054,1851002.75,-0.3302522105923398,1950881.2333333334,-0.36454101930038896
2017-10-26,90.77,91.21,89.96,91.38,1625012.0,0.007177561837455659,-0.0018603633180127588,0.013895064473099072,90.138,0.01189287536887873,89.51899999999999,0.01888984461399268,88.5915,0.02955701167719238,87.32033333333332,0.044544798653234796,1921434.4,-0.1542714130651559,1734774.4,-0.06327185828889326,1846627.9,-0.12001112947551584,1907588.6,-0.14813288357877585
2017-10-29,91.35,91.32,90.89,91.96,1248271.0,0.0012060081131455291,-0.006959547629404095,0.004730993508636816,90.648,0.00741329097167065,89.768,0.01728901167453878,88.8665,0.027608828973797683,87.52533333333334,0.04335506672353895,1764852.2,-0.29270507751300645,1658829.4,-0.24749886878059912,1824615.8,-0.3158718673816153,1837582.0,-0.3206991579151298
2017-10-30,91.47,91.3,90.75,91.74,1530506.0,-0.00021901007446334386,-0.004796163069544335,0.0060606060606061,90.85,0.004953219592735314,90.00399999999999,0.014399360028443331,89.1365,0.024271762970276,87.72733333333332,0.040724669620263,1536636.4,-0.003989492895000946,1687152.7,-0.09284678262969315,1790384.7,-0.14515243567485803,1828901.2,-0.16315545093414563
2017-10-31,91.85,90.99,90.59,92.1104,2373950.0,-0.0033953997809419434,-0.012163664472198632,0.004415498399381823,91.076,-0.0009442663270236018,90.203,0.008724765251709954,89.336,0.018514372705292326,87.97066666666666,0.03432204674285377,1603488.8,0.4804905403767086,1811597.2,0.3104182320440769,1782387.85,0.3318930557117521,1835639.9666666666,0.2932546921555914
2017-11-01,90.85,90.79,90.26,91.47,1448167.0,-0.0021980437410703546,-0.007434131409205125,0.005871925548415646,91.12199999999999,-0.003643467000285061,90.402,0.00429194044379555,89.481,0.014628803880153418,88.18900000000001,0.02949347424281945,1645181.2,-0.11975228017436623,1798659.7,-0.19486326401820198,1720619.35,-0.15834551087665039,1787736.6333333333,-0.189943880436229
2017-11-02,90.97,91.81,90.191,91.83,1367407.0,0.01123471747989857,-0.00021779374931940598,0.017950793316406255,91.24199999999999,0.006225203305495475,90.69,0.012349762928658192,89.678,0.023773946787394973,88.41866666666667,0.038355400066351075,1593660.2,-0.14197079151502934,1757547.3,-0.22197997174812878,1733066.25,-0.21098977029874078,1763393.8333333333,-0.22455949762782235
2017-11-05,92.42,92.28,91.65,92.96,1531256.0,0.005119268053588977,-0.0073149741824439785,0.006873977086742977,91.434,0.009252575628322157,91.041,0.013609252973934893,89.9065,0.0263996485237441,88.69866666666667,0.04037640550778665,1650257.2,-0.07211069886560706,1707554.7,-0.10324629717572154,1722188.25,-0.11086607401949233,1750304.6666666667,-0.12514887884280723
2017-11-06,92.08,91.9,91.7,92.57,1416911.0,-0.004117902037277799,-0.007237766014907554,0.0021810250817884125,91.554,0.0037791904231383455,91.202,0.007653340935505959,90.102,0.01995516192759328,88.96499999999999,0.03299050188276298,1627538.2,-0.12941459684325685,1582087.3,-0.10440403636385931,1728329.1,-0.18018449148371107,1754822.8,-0.1925617788873042
2017-11-07,91.9,92.0,91.04,92.4462,1617599.0,0.0010881392818280489,-0.004826591033487593,0.010544815465729274,91.756,0.0026592266445790713,91.416,0.006388378402030215,90.2735,0.01912521393321409,89.201,0.03137857198910332,1476268.0,0.09573532718991395,1539878.4,0.050471907392168225,1721116.45,-0.06014552356407954,1758308.8,-0.08002564737206574
2017-11-08,91.67,89.7,87.98,91.69,3143629.0,-0.025000000000000022,-0.02170356636492521,0.0195498977040236,91.538,-0.020079092835762147,91.33,-0.017847366692214983,90.31700000000001,-0.0068314935172780755,89.33633333333334,0.004070758817800835,1815360.4,0.7316831412649523,1730270.8,0.8168421960308179,1762817.05,0.7832984994103613,1810758.7666666666,0.7360838218041303
2017-11-09,89.54,89.59,88.88,90.03,2736363.0,-0.0012263099219620432,-0.004887259802288102,0.007988298829883167,91.09400000000001,-0.01651041781017415,91.168,-0.017308704808704833,90.34349999999999,-0.008340389734734499,89.45033333333335,0.0015613878837790196,2089151.6,0.30979628285472427,1841405.9,0.4860183732440524,1788090.15,0.530327204140127,1844887.2333333334,0.4832142315039778
2017-11-12,89.36,90.03,89.0,90.21,2428812.0,0.004911262417680584,-0.0019953441968738606,0.011573033707865221,90.644,-0.006773752261594823,91.039,-0.011083162161271587,90.4035,-0.004131477210506107,89.59066666666666,0.004903784620421847,2268662.8,0.07059189228121521,1959460.0,0.23953129943964147,1809144.7,0.3425194789559951,1869563.8666666667,0.2991329385983712
2017-11-13,89.79,90.44,89.3963,90.49,2172550.0,0.004554037543041067,-0.000552547242789192,0.011674979836973076,90.352,0.0009739684788383496,90.953,-0.0056402757468143605,90.4785,-0.00042551545394764467,89.742,0.007777852064807966,2419790.6,-0.10217437822925668,2023664.4,0.07357227809116962,1855408.55,0.17092809559382482,1868144.6,0.1629453094797908
2017-11-14,89.58,89.16,88.67,89.95,2250494.0,-0.014153029632905767,-0.008782657031684349,0.0055261080410511365,89.784,-0.006950013365410457,90.77000000000001,-0.017737137820866056,90.4865,-0.014659645361462914,89.81400000000001,-0.007281715545460754,2546369.6,-0.11619507238854876,2011318.8,0.11891461462996311,1911458.0,0.17737036335613965,1858698.1666666667,0.21079045557782417
2017-11-15,89.79,90.48,89.41,90.75,2297938.0,0.014804845222072816,-0.002975206611570247,0.011967341460686898,89.94000000000001,0.006004002668445585,90.739,-0.0028543404710212883,90.5705,-0.000999221600852307,89.90033333333332,0.006447881172112924,2377231.4,-0.03335535615085683,2096295.9,0.09618971253056419,1947477.8,0.1799559409611755,1845844.8666666667,0.24492477211790242
2017-11-16,91.0,90.42,90.24,91.05,2342924.0,-0.0006631299734748408,-0.006919275123558388,0.0019946808510638014,90.106,0.0034847845870420446,90.6,-0.001986754966887383,90.645,-0.002482210822439157,89.98533333333333,0.00483041680866525,2298543.6,0.01930805228145327,2193847.6,0.06795203094326152,1975697.45,0.185871855025171,1886660.0333333334,0.24183687500950746
2017-11-19,90.97,93.07,90.73,93.99,6529634.0,0.029307675293076763,-0.009788275348441289,0.025790807891546308,90.714,0.025971735344048286,90.679,0.026367736741693237,90.85999999999999,0.02432313449262602,90.164,0.03223015837806664,3118708.0,1.093698416138991,2693685.4,1.42405219258344,2200620.05,1.9671791820673454,2046020.6333333333,2.191382283062346
2017-11-20,92.62,90.19,88.88,92.83,6028669.0,-0.030944450413667113,-0.028439082193256526,0.014738973897389762,90.664,-0.0052280949439690305,90.50800000000001,-0.0035135015689221616,90.85499999999999,-0.007319355016234597,90.23733333333334,-0.0005245426874317394,3889931.8,0.5498135468596135,3154861.2,0.910914179045341,2368474.25,1.545380850140127,2203839.8,1.7355295970242484
2017-11-21,89.61,88.65,88.43,90.74,4028510.0,-0.01707506375429635,-0.023032841084416944,0.002487843492027686,90.562,-0.02111260793710379,90.173,-0.01688975635722445,90.7945,-0.0236192720924725,90.24,-0.01761968085106369,4245535.0,-0.05111841028280295,3395952.3,0.18626813456714353,2467915.35,0.6323533949411999,2279395.066666667,0.7673592695325069
2017-11-23,88.67,89.15,88.01,89.25,1623905.0,0.005640157924421851,-0.0011204481792715937,0.01295307351437347,90.296,-0.01269159209710291,90.118,-0.010741472291883825,90.72399999999999,-0.017349323222079938,90.25066666666666,-0.012195662451246814,4110728.4,-0.6049593059955019,3243979.9,-0.4994096603372912,2487125.35,-0.3470755303909391,2256538.0,-0.2803555712334559
2017-11-26,88.49,87.45,87.4,88.83,2890664.0,-0.019068984856982607,-0.015535292131036771,0.0005720823798627261,89.702,-0.025105348821653828,89.904,-0.027295782167645388,90.536,-0.03408588848634797,90.19700000000002,-0.03045555838886005,4220276.4,-0.3150533931853374,3259410.0,-0.1131327448832764,2550407.95,0.13341240172969182,2278530.1,0.2686529793922845
2017-11-27,87.08,87.07,86.389,87.44,3843143.0,-0.004345340194396918,-0.004231473010064102,0.007882948060516926,88.502,-0.01618042530112318,89.60799999999999,-0.028323363985358396,90.3235,-0.03602052621964391,90.13833333333334,-0.03404027143464683,3682978.2,0.04348784904564451,3400843.1,0.13005595583048213,2680151.55,0.43392749562986466,2339710.8333333335,0.6425717850460864
2017-11-28,87.08,85.66,83.8953,87.29,6130300.0,-0.01619386700356029,-0.018673387558712395,0.02103455139918431,87.596,-0.022101465820357213,89.13000000000001,-0.03893189722876711,90.0415,-0.048660895253855196,90.02900000000001,-0.04852880738428744,3703304.4,0.6553594676149226,3796618.1,0.614673859348666,2910141.25,1.106530052450203,2502478.4,1.4496914738604736
2017-11-29,85.82,86.11,84.99,86.27,3866597.0,0.005253327107167971,-0.001854642401761919,0.013178020943640512,87.088,-0.011230020209443303,88.825,-0.03056571911061079,89.7975,-0.041064617611848875,89.93266666666666,-0.04250587476556533,3670921.8,0.05330410470743341,3958228.4,-0.023149598946841987,2984773.6,0.2954406324151353,2593714.8,0.4907564239522404
2017-11-30,85.51,85.4,83.5901,85.77,3545012.0,-0.008245267680873192,-0.004313862655940248,0.02165208559386822,86.338,-0.01086427760661568,88.317,-0.03302874871202588,89.52799999999999,-0.046108480028594245,89.81933333333333,-0.04920247311269277,4055143.2,-0.1257985661270853,4082935.8,-0.13174926727968628,3089615.85,0.1473957191150479,2659297.1333333333,0.33306352102010317
2017-12-03,85.56,84.79,83.85,85.6386,3723596.0,-0.0071428571428571175,-0.009909083053669665,0.011210494931425341,85.80600000000001,-0.011840663823042719,87.75399999999999,-0.033776238120199475,89.17699999999999,-0.04919429897843597,89.68133333333334,-0.05454126462586051,4221729.6,-0.11799277717833934,4221003.0,-0.1178409491772453,3207425.3,0.16092992095560277,2724132.6333333333,0.36689232911677006
2017-12-04,84.53,84.83,84.16,85.7,2340774.0,0.0004717537445453335,-0.01015169194865817,0.007961026615969535,85.358,-0.006185711942641614,86.93,-0.02415736799723922,88.8045,-0.04475561486185953,89.55,-0.05270798436627577,3921255.8,-0.4030550111012905,3802117.0,-0.38434982405854423,3247901.2,-0.27929642687406875,2734452.3666666667,-0.1439697291734381
2017-12-05,84.26,85.41,84.03,85.48,2805087.0,0.006837203819403559,-0.0008189050070193105,0.016422706176365542,85.308,0.0011956674637780829,86.452,-0.012052931106278697,88.47999999999999,-0.034697106690777524,89.38733333333334,-0.04449549153123877,3256213.2,-0.13854320104101292,3479758.8,-0.19388464510816095,3317310.0,-0.1544091447588558,2738902.433333333,0.024164631007362436
2017-12-06,85.61,86.11,85.17,86.51,3914204.0,0.008195761620419129,-0.0046237429198937585,0.011036750029353115,85.30799999999999,0.009401228489708036,86.19800000000001,-0.001020905357432933,88.1855,-0.02353561526554826,89.26233333333333,-0.03531538125450451,3265734.6,0.1985676974485311,3468328.2,0.12855640362985254,3432140.25,0.14045572584045773,2801386.3,0.3972382173783031
2017-12-07,86.45,85.52,84.91,86.92,3411413.0,-0.0068517013122750825,-0.016106764841233412,0.007184077258273414,85.33200000000001,0.002203159424365886,85.83500000000001,-0.0036698316537544518,87.9765,-0.02792222923166987,89.09433333333332,-0.04011852605665156,3239014.8,0.05322550548395144,3647079.0,-0.06461773929218428,3445529.45,-0.00990165676859911,2873776.566666667,0.1870835887415372
2017-12-10,85.49,85.8,85.29,86.36,2322676.0,0.003274087932647385,-0.006484483557202436,0.005979599015124792,85.53399999999999,0.003109874435896831,85.67,0.0015174506828528056,87.787,-0.02263433082347055,88.914,-0.03502260611377295,2958830.8,-0.2150020879869169,3590280.2,-0.353065535107817,3424845.1,-0.321815751608737,2897032.033333333,-0.1982567078046692
2017-12-11,85.75,85.48,84.91,85.98,2248856.0,-0.0037296037296036255,-0.0058153058850896056,0.006712990224944093,85.664,-0.0021479267837131166,85.511,-0.0003625264585841448,87.5595,-0.023749564581798666,88.71933333333332,-0.03651214692025029,2940447.2,-0.23519932614331596,3430851.5,-0.3445195748052634,3415847.3,-0.34164035962614603,2930384.8666666667,-0.23257315938909773
2017-12-12,85.82,85.18,85.13,85.925,2067998.0,-0.003509592887225077,-0.008670352051207364,0.0005873370139788392,85.618,-0.005115746688780232,85.463,-0.0033113745129469407,87.29650000000001,-0.024244958274386774,88.51533333333333,-0.0376808537880442,2793029.4,-0.25958602512383144,3024621.3,-0.3162787023949081,3410619.7,-0.3936591640516238,2948301.2666666666,-0.2985798217500115
2017-12-13,85.17,85.44,84.82,85.97,2288059.0,0.0030523597088516485,-0.006164941258578582,0.007309596793209305,85.48400000000001,-0.0005147162042020703,85.39599999999999,0.0005152466157667401,87.11049999999999,-0.019176792694336364,88.33033333333333,-0.032721866025638535,2467800.4,-0.07283465875116968,2866767.5,-0.20186795755149312,3412497.95,-0.3295061173589863,2945438.2333333334,-0.22318554362940468
2017-12-14,86.07,86.69,85.29,87.205,3765981.0,0.014630149812734139,-0.0059056246774841226,0.016414585531715264,85.71799999999999,0.01133950862129307,85.525,0.013621748026892533,86.921,-0.002657585623727421,88.19366666666666,-0.01704959917756743,2538714.0,0.48342073979187883,2888864.4,0.30361985837756866,3485900.1,0.08034679479196782,3022698.7,0.24590022816366042
2017-12-17,87.21,88.09,87.2,88.35,2743112.0,0.01614949821201983,-0.0029428409734011396,0.010206422018348649,86.176,0.022210360193093193,85.855,0.026032263700425107,86.8045,0.014809140079143246,88.06966666666668,0.00023087782778019594,2622801.2,0.04587110910274084,2790816.0,-0.017093208581289487,3505909.5,-0.21757478337646763,3068555.533333333,-0.10605756676002143
2017-12-18,87.78,87.95,87.41,88.47,2098577.0,-0.0015892836871381766,-0.005877698654911279,0.006177782862372805,86.67,0.014768662743740668,86.167,0.020692376431812765,86.5485,0.016193232696118276,87.92533333333333,0.0002805410651463003,2592745.4,-0.1905965776662838,2766596.3,-0.24145890023781202,3284356.65,-0.3610386375060699,3087466.2333333334,-0.32029151368748576
2017-12-19,88.12,88.65,87.8404,88.93,2027655.0,0.007959067652075102,-0.003148543798493164,0.00921671577087535,87.364,0.01472002197701583,86.49100000000001,0.024962134788590662,86.4715,0.025193271771624115,87.81700000000001,0.009485634899848439,2584676.8,-0.21550926599410802,2688853.1,-0.24590339278854623,3084305.95,-0.34258953785048474,3107824.3666666667,-0.3475644821670586
2017-12-20,89.0,88.65,88.42,89.14,1917206.0,0.0,-0.00549697105676461,0.002601221443112367,88.006,0.0073176828852579145,86.745,0.021960919937748624,86.4715,0.025193271771624115,87.70533333333334,0.01077091472962488,2510506.2,-0.23632692084170126,2489153.3,-0.2297758438582308,2978740.75,-0.35637030513649093,3117811.2666666666,-0.38507952020786207
2017-12-21,88.5,88.85,88.26,88.87,1680412.0,0.002256063169768563,-0.0002250478226624164,0.0066847949240878,88.43800000000002,0.004658630905266747,87.078,0.020349571648407005,86.4565,0.027684442465285786,87.67699999999999,0.013378651185601775,2093392.4,-0.19727806406481652,2316053.2,-0.27445017238809544,2981566.1,-0.4363995485459806,3069037.3666666667,-0.45246284119859903
2017-12-25,88.28,88.63,87.68,88.85,1379370.0,-0.00247608328643778,-0.00247608328643778,0.010834854014598383,88.546,0.0009486594538430371,87.36100000000002,0.014525932624397386,86.5155,0.024440707156520913,87.645,0.01123851902561479,1820644.0,-0.24237247918868265,2221722.6,-0.3791439129259432,2906001.4,-0.5253374619847051,3023804.2666666666,-0.5438296006108332
2017-12-26,88.89,89.1,88.57,89.58,1827388.0,0.005302944826808043,-0.0053583389149364224,0.005983967483346619,88.776,0.0036496350364962904,87.723,0.01569713758079394,86.61699999999999,0.028666428068393035,87.614,0.01696075969593891,1766406.2,0.03452308987593011,2179575.8,-0.16158547915608157,2805213.65,-0.3485743946811324,3003756.8,-0.3916325050017364
2017-12-27,89.3,89.38,88.7,89.86,1973056.0,0.003142536475869928,-0.005341642555085735,0.007666290868094672,88.922,0.005150581408425392,88.143,0.014034012910838056,86.803,0.0296879140121884,87.57866666666668,0.020568174897996228,1755486.4,0.12393693280677098,2170081.6,-0.09079179326712883,2597351.45,-0.24035848132912474,2997107.0,-0.3416798265794314
2017-12-28,89.36,89.03,88.77,89.68,3414815.0,-0.003915864846721795,-0.007247992863514741,0.002928917427058808,88.998,0.000359558641767288,88.502,0.005965966870805195,86.949,0.02393357025382703,87.57433333333333,0.016622069632274306,2055008.2,0.6617038316440782,2282757.2,0.4959168675494703,2574762.35,0.32626415016515975,3035917.7,0.12480486542833491
2018-01-01,89.24,90.28,88.93,90.65,2343204.0,0.01404021116477594,-0.004081632653061273,0.015180479028449323,89.28399999999999,0.011155414183952495,88.861,0.015968760198512344,87.19300000000001,0.03540421822852746,87.56766666666667,0.030974141901691343,2187566.6,0.07114635961254834,2140479.5,0.09470985356318518,2514671.95,-0.06818700546606093,3037426.566666667,-0.22855616471035245
2018-01-02,90.28,91.4,90.05,91.61,2009600.0,0.012405848471422232,-0.0022923261652657567,0.014991671293725695,89.838,0.017386851888955723,89.192,0.024755583460400077,87.5235,0.04429096185595882,87.60033333333334,0.04337502520918868,2313612.6,-0.13140168755996573,2067128.3,-0.027830057766612737,2428972.15,-0.17265416155553692,3026315.7666666666,-0.3359582558651927
2018-01-03,91.87,91.3,91.25,92.28,1879594.0,-0.001094091903720007,-0.010619852622453463,0.0005479452054795164,90.27799999999999,0.011320587518553804,89.527,0.01980408145028867,87.847,0.03930697690302454,87.54133333333333,0.04293590837090289,2324053.8,-0.19124333524464876,2045230.0,-0.08098649051695894,2405913.15,-0.21876066058327992,2871314.433333333,-0.3453890043599428
2018-01-04,91.52,91.67,90.83,92.2699,1799107.0,0.0040525739320920184,-0.006501578521272977,0.009248045799845839,90.736,0.010293599012519916,89.829,0.020494495096238463,88.16,0.0398139745916517,87.59066666666666,0.04657269419877319,2289264.0,-0.21411117284856618,2022375.2,-0.11039900014596693,2355614.15,-0.23624715872928503,2730329.033333333,-0.3410658649431886
2018-01-07,91.81,91.83,91.36,92.21,1907387.0,0.0017453910766880298,-0.004121028088059808,0.005144483362521823,91.29599999999999,0.005849106203995813,90.14699999999999,0.018669506472761332,88.446,0.03826063360694665,87.69666666666667,0.04713216009730492,1987778.4,-0.04044283809503102,2021393.3,-0.05639986043290046,2255273.3,-0.15425460852128203,2659624.933333333,-0.2828360961372648
2018-01-08,91.8,91.64,91.42,92.33,2780187.0,-0.0020690406185341903,-0.007473193978121961,0.0024064756070880655,91.56800000000001,0.0007863008911408453,90.426,0.01342534226881642,88.752,0.03254011177212912,87.77966666666667,0.04397753466064658,2075175.0,0.3397361668293035,2131370.8,0.3044126343478104,2223712.0,0.25024598509159457,2698167.6666666665,0.030398160331770896
2018-01-09,91.08,90.11,89.79,91.15,2654440.0,-0.01669576604103018,-0.011409764125068667,0.0035638712551508966,91.31,-0.01314204358777793,90.574,-0.005122882946540952,88.9675,0.012841768061370606,87.86833333333333,0.025511655696971003,2204143.0,0.2042957285439284,2258877.8,0.17511447498399435,2240300.2,0.18485906486996684,2690293.533333333,-0.013326996808749714
2018-01-10,90.4,91.19,89.94,91.26,1924204.0,0.01198535123737643,-0.0007670392285777927,0.01389815432510555,91.288,-0.0010735255455261994,90.783,0.004483218223676255,89.253,0.021702351741678116,88.00566666666667,0.03618327607691918,2213065.0,-0.1305253121801664,2268559.4,-0.15179474692176886,2224067.6,-0.1348266572472887,2626328.9,-0.267340811731539
2018-01-11,91.06,92.02,90.565,92.59,3175716.0,0.009101875205614673,-0.006156172372826507,0.016065809087395744,91.35799999999999,0.00724621817465354,91.047,0.010686788142387993,89.595,0.027066242535855656,88.21766666666666,0.04310172187732619,2488386.8,0.27621477496987223,2388825.4,0.3294048196239039,2279453.5,0.39319183304243754,2527842.7666666666,0.25629490958713763
2018-01-15,92.38,93.1,92.35,93.7,3373675.0,0.011736579004564263,-0.006403415154749292,0.008121277747698885,91.612,0.016242413657599375,91.45400000000001,0.01799811927307693,89.97800000000001,0.03469737046833665,88.45066666666666,0.0525641412161959,2781644.4,0.2128347534285835,2384711.4,0.41470997287135036,2333734.3,0.44561229613842523,2511412.033333333,0.34333791318273144
2018-01-16,94.0,95.57,93.61,95.955,4011289.0,0.026530612244898055,-0.0040122974310875525,0.020937933981412193,92.398,0.034329747397129795,91.98299999999999,0.03899633627953003,90.422,0.05693304726725801,88.78966666666666,0.07636399130529448,3027864.8,0.32479131829135843,2551519.9,0.5721174661424353,2345999.7,0.7098420771324052,2526954.6,0.5874005017739534
2018-01-17,95.58,97.24,95.33,98.38,5285179.0,0.017474102751909637,-0.011587721081520619,0.020035665582712747,93.824,0.03640859481582526,92.567,0.05048235332245832,90.8795,0.06998828118552591,89.20466666666667,0.09007749968237833,3554012.6,0.487101930927313,2879077.8,0.8357194098749261,2473103.05,1.1370637992622266,2579007.3666666667,1.0493074460779943
2018-01-18,97.64,96.14,96.14,97.9399,2762390.0,-0.011312217194570096,-0.01837759687318441,0.0,94.814,0.013985276435969363,93.051,0.033196849039773824,91.289,0.05313893240149414,89.58166666666668,0.07321066438445345,3721649.8,-0.257751226351281,2967357.4,-0.06907405221898777,2506293.7,0.10218128066953991,2593061.2333333334,0.06530072043420176
2018-01-21,96.39,96.65,95.77,97.0,4442387.0,0.005304763885999542,-0.0036082474226803996,0.009188681215412053,95.73999999999998,0.009504909128891015,93.549,0.03314840351045967,91.689,0.05410681761170921,89.95633333333332,0.07441017678947959,3974984.0,0.11758613368003501,3231685.4,0.37463473393790125,2627030.3,0.6910299816488605,2647637.9,0.6778680347490116
2018-01-22,96.69,96.47,95.89,97.12,3247107.0,-0.0018623900672530835,-0.006692751235584882,0.006048597351131502,96.414,0.0005808285103823252,94.013,0.026134683501217948,92.08,0.04767593397046044,90.30166666666668,0.06830807847769504,3949670.4,-0.17787899466244073,3365657.4,-0.03522354949140094,2693525.35,0.20552308891393944,2625401.3333333335,0.2368040492602781
2018-01-23,94.38,95.34,93.21,96.6353,6258394.0,-0.011713486057841727,-0.01340400454078372,0.022851625362085626,96.36800000000001,-0.010667441474348394,94.38300000000001,0.010139537840500923,92.4045,0.03176793337986794,90.629,0.05198115393527458,4399091.4,0.4226560512018458,3713478.1,0.685318677387649,2922424.45,1.1415075417946219,2720300.7,1.3006258094923107
2018-01-24,96.19,91.98,91.93,96.99,3655853.0,-0.03524229074889862,-0.05165480977420345,0.0005438920918090506,95.316,-0.03499937051491875,94.57000000000001,-0.02738712065136939,92.572,-0.0063950222529490786,90.83500000000001,0.01260527329773753,4073226.2,-0.10246747406269752,3813619.4,-0.041369204278748906,3036248.6,0.20406906074818765,2764739.933333333,0.3223135224846587
2018-01-25,93.09,93.84,92.58,94.17,4752279.0,0.02022178734507496,-0.003504300732717458,0.013609850939727774,94.85600000000001,-0.010710972421354548,94.83500000000001,-0.010491906996362155,92.809,0.0111088364275016,91.11366666666666,0.0299223314468009,4471204.0,0.06286338087011911,4096426.9,0.16010345503785262,3182493.15,0.49325663120437513,2848187.3666666667,0.6685275188063762
2018-01-28,93.2,93.78,92.41,94.44,3078148.0,-0.0006393861892582953,-0.006988564167725531,0.014825235364138045,94.282,-0.005324452175388683,95.011,-0.012956394522739445,93.02900000000001,0.008072751507594234,91.40033333333334,0.026035645384225425,4198356.2,-0.26682066662185555,4086670.1,-0.2467833407937675,3237747.75,-0.04929344789136214,2881859.033333333,0.06811192511370945
2018-01-29,92.77,91.55,91.365,93.39,3684942.0,-0.023779057368308876,-0.019702323589249393,0.002024845400317332,93.298,-0.018735664215738912,94.856,-0.03485282955216329,93.155,-0.01722934893457151,91.604,-0.0005894939085629991,4285923.2,-0.1402221113061476,4117796.8,-0.10511805730676171,3251254.1,0.13339095827668457,2928421.8,0.2583371698708159
2018-01-30,91.89,91.88,91.42,92.55,3462002.0,0.003604587657018099,-0.0072393300918423,0.005031721723911531,92.606,-0.00783966481653453,94.487,-0.027591097187972924,93.23499999999999,-0.014533168874349633,91.777,0.0011222855399499743,3726644.8,-0.07101369038444438,4062868.1,-0.14789210114893958,3307194.0,0.04680947050581241,2918289.1666666665,0.1863121857640908
2018-01-31,91.25,91.65,91.25,92.58,2312175.0,-0.0025032651284282448,-0.010045366169799008,0.004383561643835687,92.54,-0.009617462718824243,93.928,-0.024252619027339994,93.2475,-0.017131826590525145,91.89566666666666,-0.0026733215566927537,3457909.2,-0.33133727166693683,3765567.7,-0.3859690797751426,3322322.75,-0.3040486509024447,2903924.6,-0.20377581428939306
2018-02-01,90.74,89.11,89.06,91.29,2922619.0,-0.027714129841789448,-0.023879943038668028,0.0005614192679093133,91.594,-0.027119680328405726,93.225,-0.04414052024671489,93.138,-0.043247654018767956,91.93433333333334,-0.030721203177630496,3091977.2,-0.054773431058935396,3781590.6,-0.2271455826021992,3374474.0,-0.13390383212316936,2931392.6666666665,-0.002993002870762873
2018-02-04,88.75,85.4,85.33,89.61,3817435.0,-0.04163393558523165,-0.046981363687088384,0.0008203445447088065,89.918,-0.050245779487977926,92.1,-0.07274701411509221,92.8245,-0.07998427139386688,91.82600000000001,-0.06998017990547345,3239834.6,0.17828082952135893,3719095.4,0.026441806252133215,3475390.4,0.09841904380008648,2991052.0,0.2762850662576244
2018-02-05,84.2,88.54,82.76,88.71,5440793.0,0.036768149882904,-0.0019163566677937727,0.06984050265828912,89.316,-0.008688252944601182,91.307,-0.030304357825796435,92.66,-0.04446363047701263,91.82233333333333,-0.03574656855449099,3591004.8,0.5151171616367654,3938464.0,0.3814504842496973,3652060.7,0.48978712210341957,3108504.9,0.7502925602594355
2018-02-06,86.75,85.35,85.29,87.95,4555784.0,-0.03602891348543047,-0.02956225127913592,0.0007034822370732829,88.01,-0.03022383820020469,90.308,-0.054901005448022455,92.3455,-0.07575355593937994,91.70566666666667,-0.06930505930204256,3809761.2,0.19581878255256524,3768203.0,0.2090070519024585,3740840.55,0.21785035718777168,3204350.6333333333,0.4217495278476546
2018-02-07,85.54,82.68,82.57,85.6011,5279077.0,-0.031282952548330245,-0.03412456148343879,0.0013322029792903756,86.216,-0.04101326899879354,89.378,-0.07494014186936371,91.974,-0.10105029682301514,91.50733333333332,-0.09646585701692378,4403141.6,0.19893418826230813,3930525.4,0.34309703226952815,3872072.4,0.3633724927250843,3334340.8666666667,0.5832445485027695
2018-02-08,83.91,83.93,80.95,84.58,5649666.0,0.015118529269472658,-0.007685031922440189,0.03681284743668933,85.18,-0.014674806292556908,88.387,-0.05042596761967255,91.611,-0.08384364323061633,91.33500000000001,-0.08107516286199157,4948551.0,0.1416808677934207,4020264.1,0.4052972291049237,4058345.5,0.39211065198859973,3461750.1333333333,0.6320259355518285
2018-02-11,84.3,85.05,84.03,85.9,3287666.0,0.013344453711426008,-0.009895227008149154,0.012138521956444048,85.11,-0.0007049700387733449,87.514,-0.028155495120780638,91.2625,-0.06807286673058488,91.19066666666666,-0.06733876273887673,4842597.2,-0.3210944738496937,4041215.9,-0.18646613263102318,4063943.0,-0.19101572044686654,3505570.466666667,-0.062159488373903726
2018-02-12,86.01,84.34,83.77,86.43,2688995.0,-0.008348030570252685,-0.024181418488950612,0.006804345230989606,84.27,0.0008306633440133826,86.793,-0.0282626479093937,90.8245,-0.07139593391650922,91.03433333333334,-0.07353635807735537,4292237.6,-0.37352140058602523,3941621.2,-0.3177946678387056,4029709.0,-0.33270739897099266,3481376.466666667,-0.22760579737742437
2018-02-13,83.52,85.13,83.41,85.45,2819560.0,0.00936684847047653,-0.003744880046811061,0.020621028653638573,84.226,0.010733027806140605,86.11800000000001,-0.011472630576650822,90.3025,-0.05727969879017747,90.86266666666667,-0.06309155208593198,3944992.8,-0.28528133181890725,3877377.0,-0.2728176806124346,3970122.55,-0.2898052983276297,3497255.0,-0.19377912105351192
2018-02-14,85.94,85.4,84.21,85.94,2214365.0,0.0031716198754847547,-0.0062834535722596785,0.01413133832086455,84.77000000000001,0.007431874483897483,85.493,-0.0010878083585789122,89.7105,-0.0480490020677623,90.66266666666665,-0.05804667852993495,3332050.4,-0.3354347221158479,3867596.0,-0.42745700429931155,3816581.85,-0.4198041370447748,3504080.5,-0.3680610362690012
2018-02-15,85.28,86.09,85.1701,86.79,2570580.0,0.008079625292739978,-0.008065445327802734,0.010800738756911121,85.202,0.010422290556559854,85.191,0.010552757920437639,89.208,-0.03495202224015781,90.489,-0.04861364364729415,2716233.2,-0.05362323087723109,3832392.1,-0.3292492174795998,3806991.35,-0.32477387950986547,3527113.3666666667,-0.2711943924758642
2018-02-19,87.28,88.41,86.92,89.49,3960959.0,0.026948542223254712,-0.012068387529332814,0.017142199723883866,85.874,0.029531639378624464,85.49199999999999,0.03413184859402052,88.796,-0.004347042659579414,90.38033333333333,-0.021800465440490302,2850891.8,0.38937542280629533,3846744.5,0.029691210320831107,3782919.95,0.04706392214299959,3599175.1,0.10051856048904084
2018-02-20,88.71,88.41,87.85,90.04,2604385.0,0.0,-0.018103065304309274,0.0063745019920318224,86.688,0.019864341085271242,85.479,0.03428912364440384,88.393,0.0001923229214981781,90.26633333333334,-0.02056506855638318,2833969.8,-0.08101173131767314,3563103.7,-0.26906842481177295,3750783.85,-0.30564247257276633,3622408.3666666667,-0.2810349534399541
2018-02-21,88.46,88.56,88.07,89.36,2430033.0,0.0016966406515099841,-0.008952551477171,0.005563756103099893,87.374,0.01357383203241258,85.8,0.032167832167832255,88.054,0.005746473754741466,90.16366666666667,-0.017786174031668378,2756064.4,-0.11829600208180913,3350528.6,-0.27473145580670466,3559365.8,-0.31728483765282,3610736.566666667,-0.326997980845958
2018-02-22,89.35,90.37,89.17,90.43,2114897.0,0.020438121047877233,-0.0006634966272255349,0.013457440843333002,88.368,0.022655259822560225,86.569,0.04390717231341479,87.9735,0.027241157848670428,90.17233333333334,0.002192098832975331,2736170.8,-0.22705958268394644,3034110.6,-0.30295981959260154,3482318.0,-0.39267551096712017,3592751.8,-0.41134341648649364
2018-02-25,90.57,92.36,90.57,92.42,2683639.0,0.022020582051565762,-0.000649210127678046,0.01976371867064164,89.622,0.030550534466983637,87.412,0.056605500388962504,87.8995,0.050745453614639446,90.21133333333334,0.023818145539732605,2758782.6,-0.027237956336247815,2737507.9,-0.01967808019841688,3378886.0,-0.20576219499562876,3618066.3,-0.2582670472345959
2018-02-26,92.21,92.26,91.6303,93.65,3256317.0,-0.0010827197921177145,-0.014842498665242898,0.00687218092705133,90.392,0.02066554562350653,88.13300000000001,0.04682695471616749,87.8235,0.050516091934391216,90.21933333333332,0.02261895085310628,2617854.2,0.24388783760379007,2734373.0,0.19088251675978363,3387794.45,-0.03880915797592155,3620753.0,-0.10065199145039716
2018-02-27,94.5,90.15,89.6001,94.92,4248509.0,-0.022870149577281618,-0.050252844500632055,0.006137269936082657,90.74000000000001,-0.006502093894644068,88.714,0.016186847622697842,87.7535,0.027309452044647742,90.12100000000001,0.0003217895939902071,2946679.0,0.44179566216747745,2890324.4,0.46990732251369427,3415972.8,0.24371862679937029,3649914.1333333333,0.16400245178370598
2018-02-28,89.89,88.31,86.79,90.53,4136105.0,-0.020410427066001158,-0.024522257815088877,0.01751353842608583,90.69000000000001,-0.026243246223398464,89.03200000000001,-0.00810944379548939,87.57500000000002,0.00839280616614313,89.87899999999999,-0.017456803035191593,3287893.4,0.2579802617688274,3021978.9,0.368674347792435,3449677.95,0.1989829369434326,3654074.6666666665,0.1319158411650776
2018-03-01,87.44,89.53,86.98,89.67,2298681.0,0.013814969992073323,-0.0015612802498048417,0.029317084387215475,90.522,-0.01095866198272244,89.44500000000001,0.0009503046564927065,87.46900000000001,0.02356263361876776,89.62200000000001,-0.0010265336636094968,3324650.2,-0.3085946304967663,3030410.5,-0.24146217154408622,3449003.25,-0.3335230983038361,3554524.7333333334,-0.3533084807531044
2018-03-04,88.83,91.14,88.765,91.7,2972161.0,0.01798279906176692,-0.006106870229007688,0.026756041232467664,90.27799999999999,0.009548284188839018,89.95,0.01322957198443575,87.57050000000001,0.04076144363684109,89.45533333333333,0.018832489957744336,3382354.6,-0.12127457008794995,3070568.6,-0.032048657046776285,3451480.35,-0.1388735560960097,3561517.1,-0.16547894715990552
2018-03-05,91.73,91.93,91.18,92.57,1958754.0,0.008667983322361295,-0.0069136869396131395,0.008225488045624063,90.21200000000002,0.019044029619119218,90.30199999999999,0.018028393612544713,87.897,0.045883249712731944,89.29800000000002,0.029474344330220115,3122842.0,-0.372765576996851,2870348.1,-0.3175900860247578,3358546.3,-0.41678517279931493,3478729.3333333335,-0.4369340605976052
2018-03-06,91.33,92.74,90.55,92.8,2981069.0,0.008811051887305466,-0.000646551724137967,0.024185532854776426,90.72999999999999,0.022153642676072005,90.735,0.0220973163608309,88.107,0.05258379016423209,89.17366666666666,0.03999312203527938,2869354.0,0.03893385061585297,2908016.5,0.025121074794451914,3235560.1,-0.07865441906024251,3469861.4,-0.1408679897127879
2018-03-07,92.9,92.72,92.07,93.3,2175599.0,-0.00021565667457401627,-0.006216505894962476,0.007059845769523232,91.612,0.012094485438588931,91.151,0.01721319568627888,88.4755,0.047973732841295025,89.08633333333333,0.04078814932331554,2477252.8,-0.12176948594023174,2882573.1,-0.24525799536532134,3116550.85,-0.3019209040019354,3333768.2333333334,-0.3474054440117198
2018-03-08,93.3,94.73,93.3,94.85,2769075.0,0.021678170836928468,-0.0012651555086978794,0.015326902465166103,92.652,0.022428010188662917,91.587,0.03431709740465361,89.078,0.0634500101035047,89.17799999999998,0.06225750745699643,2571331.6,0.07690311121288285,2947990.9,-0.0606907911418586,2991050.75,-0.07421330112837432,3304208.966666667,-0.1619552431656638
2018-03-11,94.74,95.53,94.665,95.73,2766087.0,0.008445054365037397,-0.0020892092343048896,0.009137484814873531,93.53,0.021383513311237,91.904,0.039454213091921986,89.658,0.06549331905686051,89.23433333333334,0.07055206702950656,2530116.8,0.09326454810307583,2956235.7,-0.0643212244544642,2846871.8,-0.02837669051342595,3238002.566666667,-0.14574280191274713
2018-03-12,96.0,94.66,94.22,96.85,3521766.0,-0.009107086779022389,-0.02261228704181717,0.004669921460411786,94.076,0.006207746928015734,92.144,0.027305087688834773,90.1385,0.050161695612862545,89.26366666666667,0.06045386140684328,2842719.2,0.2388722741240148,2982780.6,0.1806989759823434,2858576.8,0.23199978394843201,3252789.8333333335,0.08269091470660128
2018-03-13,94.94,94.09,93.27,95.329,1549718.0,-0.006021550813437471,-0.012997094273515808,0.00879168006861808,94.346,-0.0027134165730396953,92.538,0.016771488469601747,90.626,0.03822302650453513,89.34833333333334,0.05306944729429741,2556449.0,-0.39380054129771414,2712901.5,-0.4287599457628668,2801612.95,-0.44684793093921127,3181615.7,-0.5129147747165065
2018-03-14,93.92,93.94,93.16,94.36,1273980.0,-0.0015942183016262046,-0.004451038575667643,0.00837269214255043,94.59,-0.006871762342742449,93.101,0.00901171845630011,91.0665,0.03155386448364639,89.417,0.05058322242973934,2376125.2,-0.463841383442253,2426689.0,-0.4750130733686929,2724333.95,-0.5323701046268575,3108681.6333333333,-0.5901864036704348
2018-03-15,94.1,94.15,93.76,95.01,4067799.0,0.0022354694485842153,-0.009051678770655713,0.004159556313993118,94.474,-0.003429514998835592,93.563,0.006273847567948909,91.50399999999999,0.02891676866585091,89.50033333333334,0.051951389380300084,2635870.0,0.5432472011138638,2603600.8,0.562374308688183,2817005.65,0.4440152081342117,3167202.433333333,0.2843508066261591
2018-03-18,93.73,93.5,91.84,93.82,2900298.0,-0.0069038767923527145,-0.0034107866126624753,0.018074912891985928,94.06800000000001,-0.006038185142662855,93.799,-0.0031876672459195676,91.8745,0.017692613293133652,89.64666666666668,0.04298356510745882,2662712.2,0.08922699193701811,2596414.5,0.11703967143920968,2833491.55,0.023577430467368155,3166458.4,-0.08405618087387468
2018-03-19,93.51,92.71,92.37,93.63,1764046.0,-0.008449197860962654,-0.009825910498771795,0.0036808487604198525,93.67800000000001,-0.010333269284143798,93.877,-0.012431159922025592,92.0895,0.006738010305192166,89.89033333333333,0.03136785193810221,2311168.2,-0.23672971962836808,2576943.7,-0.31545031426181336,2723645.9,-0.3523218271508789,3098012.1,-0.43058776303681967
2018-03-20,92.5,92.8,92.3228,93.89,1612749.0,0.0009707690648257383,-0.011609330067099854,0.005168820703011612,93.42,-0.006636694497966222,93.88300000000001,-0.011535634779459625,92.309,0.005319091312873114,90.03233333333333,0.03074080793196532,2323774.4,-0.30597866987432165,2440111.7,-0.3390675517026537,2674064.1,-0.39689216874045763,2970410.6333333333,-0.45706193551084673
2018-03-21,91.53,90.54,90.48,92.43,2842437.0,-0.024353448275861944,-0.020447906523855863,0.0006631299734747298,92.74,-0.02372223420314845,93.66499999999999,-0.03336358298190345,92.40799999999999,-0.020214700025971588,90.20533333333333,0.0037100540987968778,2637465.8,0.07771520677159116,2506795.5,0.1338926529906408,2694684.3,0.054831172616399027,2913299.066666667,-0.024323649939498204
2018-03-22,90.36,87.7,87.65,90.85,2613285.0,-0.0313673514468743,-0.034672537149146865,0.0005704506560182399,91.45,-0.041006014215418274,92.962,-0.05660377358490565,92.2745,-0.04957490964459299,90.37266666666667,-0.029573838697541377,2346563.0,0.11366496446078789,2491216.5,0.048999555036665754,2719603.7,-0.03909345321158375,2824439.3333333335,-0.07475973402626934
2018-03-25,89.33,93.11,88.94,93.19,3669351.0,0.061687571265678365,-0.0008584612082841447,0.046885540814031845,91.37199999999999,0.019021144333056128,92.72,0.004206212251941288,92.312,0.008644596585492659,90.67866666666666,0.026812627740446127,2500373.6,0.4675210936477652,2581542.9,0.4213790520389957,2768889.3,0.32520682571166715,2758428.8333333335,0.33023225238183596
2018-03-26,93.78,91.05,90.27,94.32,4507475.0,-0.02212436902588344,-0.034669211195928695,0.008640744433366487,91.03999999999999,0.00010984182776807572,92.359,-0.014172955532216647,92.2515,-0.013024178468642789,90.87866666666667,0.0018852976129344334,3049059.4,0.47831655887058155,2680113.8,0.6818222420256932,2831447.2,0.591933270025307,2799089.1333333333,0.610336357753714
2018-03-27,90.71,89.91,89.41,91.6206,2601968.0,-0.01252059308072484,-0.01867047367076835,0.005592215635835007,90.46199999999999,-0.006102009683623955,91.941,-0.022090253532156545,92.23949999999999,-0.02525490706259248,91.06433333333332,-0.012676020249420716,3246903.2,-0.19863086771419614,2785338.8,-0.06583428917157219,2749120.15,-0.05352699844712128,2796188.2333333334,-0.06945892662662545
2018-03-28,90.7,91.13,89.85,92.015,2663466.0,0.013569124680235856,-0.009617997065695882,0.014245965498052238,90.58,0.006071980569662072,91.66,-0.00578223870826966,92.3805,-0.01353640649271226,91.26433333333333,-0.0014719149138217036,3211109.0,-0.17054637509969295,2924287.4,-0.08919143857064116,2675488.2,-0.004493460296330243,2790985.1,-0.045689638400434385
2018-04-01,90.47,88.75,87.92,90.88,3308596.0,-0.02611653681553816,-0.0234375,0.009440400363967205,90.78999999999999,-0.022469434959797252,91.12,-0.02600965759438112,92.3415,-0.03889367185934811,91.376,-0.028738399579758434,3350171.2,-0.01240987326259635,2848367.1,0.16157639933420098,2725983.95,0.21372541463422778,2827459.466666667,0.17016566957210966
2018-04-02,89.61,89.52,87.9,89.92,2721620.0,0.008676056338028149,-0.004448398576512469,0.018430034129692796,90.072,-0.006128430588862366,90.72200000000001,-0.013249266991468556,92.26050000000001,-0.02970393613735034,91.49033333333334,-0.021535972835017292,3160625.0,-0.13889816096499896,2830499.3,-0.03846646420297639,2713456.9,0.0030083765104211846,2832494.1333333333,-0.039143640944757974
2018-04-03,87.81,91.24,87.54,91.525,2069939.0,0.01921358355674707,-0.003113903305107968,0.042266392506282724,90.10999999999999,0.012540228609477344,90.575,0.007341981783052676,92.226,-0.010691128315225673,91.58466666666666,-0.003763366502398502,2673117.8,-0.22564617242083373,2861088.6,-0.2765204824485338,2719016.15,-0.23871765160350367,2769460.1333333333,-0.25258393320556194
2018-04-04,92.1,90.94,90.26,92.45,1769446.0,-0.0032880315651030445,-0.016333153055705818,0.0075337912696653575,90.316,0.0069090748040214756,90.389,0.006095874498003084,92.136,-0.012980810975080304,91.669,-0.007952524844822118,2506613.4,-0.29408898875271305,2876758.3,-0.3849166959907615,2658435.0,-0.33440313567945046,2741628.8333333335,-0.3546004555807548
2018-04-05,89.85,88.31,88.13,90.48,2294318.0,-0.02892016714317125,-0.023983200707338614,0.002042437308521494,89.752,-0.01606649433995888,90.16600000000001,-0.020584255706142085,91.9155,-0.03922624584536871,91.66066666666666,-0.03655511997148897,2432783.8,-0.05691660722173497,2821946.4,-0.1869732182014513,2664370.95,-0.13888942528817172,2737105.0,-0.1617720182455551
2018-04-08,89.12,87.99,87.9,90.44,2513876.0,-0.0036235986864455727,-0.027089783281733726,0.0010238907849828838,89.6,-0.017968749999999978,90.195,-0.024447031431897526,91.57849999999999,-0.03918496153573159,91.58133333333333,-0.03921468712692544,2273839.8,0.10556425303137029,2812005.5,-0.10602024071432292,2651611.0,-0.0519438937310186,2750404.3,-0.0859976476912866
2018-04-09,89.5,90.03,88.76,90.81,2242970.0,0.02318445277872483,-0.008589362405021506,0.014308246958089077,89.702,0.0036565516933848574,89.887,0.0015908863350651004,91.3035,-0.013947986659876066,91.50366666666667,-0.01610500125678027,2178109.8,0.029778204937143338,2669367.4,-0.1597372471095586,2625455.15,-0.14568336846279772,2735715.3333333335,-0.18011571866761
2018-04-10,89.25,90.8,89.18,91.15,1785178.0,0.00855270465400415,-0.0038398244651673963,0.01816550796142624,89.61399999999999,0.013234539246099963,89.862,0.010438227504395714,91.11049999999999,-0.003407949687467271,91.455,-0.007161992236619064,2121157.6,-0.15839445404716745,2397137.7,-0.25528767079171133,2538625.75,-0.2967935506050863,2686677.3666666667,-0.3355443336261651
2018-04-11,91.69,93.02,91.2,93.24,2984233.0,0.024449339207048393,-0.00235950235950233,0.019956140350877227,90.03,0.033211151838276054,90.173,0.03157264369600643,91.05699999999999,0.02155792525560929,91.55066666666667,0.01604940069615357,2364115.0,0.2623044987236238,2435364.2,0.2253744224375145,2610351.5,0.14323032740992936,2644534.8333333335,0.1284528993095131
2018-04-12,93.5,92.78,92.195,93.6,1869665.0,-0.0025800903031605316,-0.00876068376068373,0.0063452464884212745,90.924,0.020412652325018543,90.338,0.027031813854634823,90.999,0.019571643644435754,91.69966666666667,0.01178121330866344,2279184.4,-0.17967804623443362,2355984.1,-0.2064186681056125,2640135.75,-0.29182997503064,2568986.8333333335,-0.2722169784054298
2018-04-15,93.18,93.14,92.48,93.58,2125310.0,0.003880146583315369,-0.004701859371660566,0.0071366782006920815,91.954,0.012897753224438313,90.777,0.02603082278550728,90.9485,0.024096054360434715,91.82,0.014375952951426685,2201471.2,-0.034595592256669194,2237655.5,-0.0502067900979396,2543011.3,-0.16425459847543733,2563207.8,-0.1708397579002373
2018-04-16,93.65,95.17,93.65,95.54,1920040.0,0.021795147090401645,-0.003872723466610939,0.016230646022423967,92.982,0.023531436191951194,91.342,0.04190843204659411,91.03200000000001,0.045456542754196194,91.95433333333334,0.034970256975382696,2136885.2,-0.10147723424730548,2157497.5,-0.11006154120688438,2493998.4,-0.23013583328682163,2528137.1,-0.2405316942661061
2018-04-17,94.78,94.57,94.025,95.45,1909797.0,-0.006304507723022046,-0.009219486642221164,0.005796330763094826,93.736,0.008897328667747617,91.675,0.03157894736842093,91.125,0.03780521262002745,92.04233333333332,0.02746200118061637,2161809.0,-0.11657459100225787,2141483.3,-0.10818963659441094,2501285.95,-0.23647394253343967,2526505.2,-0.24409536145027533
2018-04-18,92.98,89.85,89.76,92.98,3774177.0,-0.04991011948820978,-0.033663153366315424,0.00100267379679142,93.102,-0.03492943223561262,91.566,-0.018740580564838516,90.97749999999999,-0.012393174136462237,91.946,-0.022795988950035984,2319797.8,0.6269422274648249,2341956.4,0.6115487888672906,2609357.35,0.4464009691888311,2552942.1333333333,0.4783637085702843
2018-04-19,89.39,89.76,88.66,90.0,4413807.0,-0.0010016694490816436,-0.002666666666666595,0.012406947890818865,92.498,-0.02960064001383811,91.71099999999998,-0.0212733477990642,90.9385,-0.012959307663970687,91.84733333333334,-0.02272611797838442,2828626.2,0.5604066030357775,2553905.3,0.7282578958585506,2687925.85,0.6420865925300729,2627549.066666667,0.6798190587547797
2018-04-22,90.17,88.0,87.52,90.19,2790338.0,-0.019607843137254943,-0.02428207118305792,0.005484460694698434,91.47,-0.037935935279326594,91.712,-0.0404745289602233,90.95349999999999,-0.0324726371167684,91.623,-0.039542472959846364,2961631.8,-0.05783764207285991,2581551.5,0.08087636446532254,2696778.5,0.03469306062770827,2628257.8333333335,0.06166829015443498
2018-04-23,89.27,87.65,87.32,89.47,3137035.0,-0.003977272727272663,-0.02034201408293279,0.0037792029317453846,89.96600000000001,-0.02574305848876246,91.474,-0.04180422852395216,90.6805,-0.03341953341677639,91.36033333333333,-0.0406120818298239,3205030.8,-0.021215334342496783,2670958.0,0.17449806399052314,2670162.7,0.17484788473751056,2640622.7666666666,0.1879905905529886
2018-04-24,88.06,87.77,87.33,88.92,2652389.0,0.001369081574443598,-0.012932973459289343,0.005038360242757278,88.60600000000001,-0.009435026973342753,91.171,-0.03730352853429286,90.5165,-0.030342534234089946,91.13066666666667,-0.03687745069350978,3353549.2,-0.20908003973819744,2757679.1,-0.038180693322874326,2577408.4,0.029091470331205516,2611643.533333333,0.015601465570097117
2018-04-25,88.45,88.7,87.72,89.03,1981386.0,0.010595875583912617,-0.003706615747500863,0.011171910624715009,88.376,0.0036661537068887196,90.739,-0.02247104332205563,90.456,-0.019412753161758167,90.951,-0.024749590438807645,2994991.0,-0.3384334043073919,2657394.4,-0.2543876814070203,2546379.3,-0.22188104498021954,2626032.466666667,-0.24548305279901717
2018-04-26,89.27,87.68,87.21,89.382,2738572.0,-0.011499436302142008,-0.019041865252511725,0.0053892902190118,87.96000000000001,-0.003183265120509371,90.22900000000001,-0.028250340799521267,90.2835,-0.028836941412328954,90.74233333333333,-0.03374757096099945,2659944.0,0.029560020812468224,2744285.1,-0.0020818172281007463,2550134.6,0.07389311921025654,2674852.2,0.023821802191537733
2018-04-29,87.77,87.35,86.03,88.205,3756174.0,-0.0037636861313870007,-0.009693328042628013,0.015343484830872889,87.83,-0.005465103039963615,89.65,-0.025655326268823275,90.2135,-0.031741369085558135,90.51566666666666,-0.034973687796219455,2853111.2,0.3165186130845512,2907371.5,0.2919484145730946,2572513.5,0.4601182850935477,2664464.7,0.4097293163613689
2018-04-30,87.14,88.86,86.74,89.0,2094342.0,0.017286777332570225,-0.0015730337078652123,0.02444085773576221,88.072,0.008947224997729153,89.01899999999999,-0.0017861355440972337,90.1805,-0.014642855162701474,90.361,-0.016611148614999904,2644572.6,-0.20806031190068297,2924801.7,-0.2839370956328424,2541149.6,-0.17582892404288208,2637599.5,-0.20596663746713628
2018-05-01,89.01,88.3,87.48,89.205,1586748.0,-0.0063020481656538285,-0.010145171234796302,0.009373571101966016,88.178,0.0013835650615798833,88.39200000000001,-0.0010408181735904742,90.0335,-0.019253944365153042,90.21399999999998,-0.0212162192120956,2431444.4,-0.34740518845505985,2892496.8,-0.45142618653890987,2516990.05,-0.3695851121858824,2631689.566666667,-0.39706110473744205
2018-05-02,87.52,87.91,86.23,88.27,2261117.0,-0.004416761041902584,-0.004078395830973136,0.019482778615331098,88.02000000000001,-0.00124971597364254,88.19800000000001,-0.0032653801673508953,89.88199999999999,-0.021939876727264607,90.051,-0.023775416153068885,2487390.6,-0.0909682620815565,2741190.8,-0.175133303380414,2541573.6,-0.11034762085976979,2653301.8333333335,-0.14781010905217407
2018-05-03,87.55,90.27,87.12,90.315,2404772.0,0.02684563758389258,-0.0004982561036372957,0.036157024793388226,88.538,0.019562221870835117,88.249,0.022901109361012528,89.97999999999999,0.0032229384307624898,90.042,0.0025321516625573803,2420630.6,-0.006551433333115808,2540287.3,-0.05334644628581964,2547096.3,-0.055877078538412506,2638713.0,-0.08865723555384764
2018-05-06,89.86,90.5,89.86,91.17,1867006.0,0.0025479118200952833,-0.0073489086322254815,0.0071221900734474985,89.168,0.014938094383635248,88.499,0.022610424976553523,90.10549999999999,0.0043782011087003525,90.13533333333334,0.0040457682152021945,2042797.0,-0.08605407194155856,2447954.1,-0.23731985007398626,2514752.8,-0.2575787170810586,2613837.033333333,-0.28572211037232353
2018-05-07,90.93,91.42,90.11,91.45,1575027.0,0.010165745856353547,-0.00032804811372333376,0.014537787149040193,89.67999999999999,0.019402319357716413,88.876,0.028624150501822765,90.175,0.013806487385639166,90.079,0.014886932581400947,1938934.0,-0.18768405732221938,2291753.3,-0.3127414717805794,2481355.65,-0.3652554401058953,2544026.2333333334,-0.3808919973532243
2018-05-08,91.86,92.62,91.42,92.74,1939391.0,0.013126230584117327,-0.0012939400474443197,0.013126230584117327,90.54400000000001,0.022928079165930315,89.36099999999999,0.03647004845514279,90.266,0.02607847916158912,90.13133333333333,0.0276115594280939,2009462.6,-0.03487081570963302,2220453.5,-0.1265788722889266,2489066.3,-0.22083594157375397,2458423.433333333,-0.21112409941097343
2018-05-09,93.08,93.34,92.39,93.4,1914403.0,0.007773698985100497,-0.0006423982869379063,0.010282498105855575,91.63000000000001,0.018662010258648776,89.825,0.039131644865015414,90.28200000000001,0.0338716466183735,90.24566666666666,0.034287888245788434,1940119.8,-0.013255263927516303,2213755.2,-0.13522371398608124,2435574.8,-0.21398308111908526,2435504.6,-0.213960425285175
2018-05-10,93.08,92.6,92.42,93.64,1359030.0,-0.007928005142489924,-0.011106364801366952,0.0019476303830339159,92.096,0.005472550382209729,90.317,0.025277633225195606,90.273,0.025777364217429266,90.29466666666667,0.025531223697228267,1730971.4,-0.2148743763184071,2075801.0,-0.3452985136821882,2410043.05,-0.4360972099647763,2392023.4,-0.4318492034818723
2018-05-13,93.19,93.87,93.19,94.92,2173465.0,0.013714902807775431,-0.011061946902654829,0.007296920270415397,92.77000000000001,0.011857281448744095,90.969,0.03188998450021452,90.3095,0.03942553109030622,90.46533333333333,0.037635042520892004,1792263.2,0.21269297946864052,1917530.1,0.13347112517295034,2412450.8,-0.09906349178188412,2354185.7,-0.07676569439700542
2018-05-14,93.07,93.56,92.79,93.85,2074877.0,-0.003302439544050295,-0.0030900372935535048,0.008298308007328226,93.19800000000001,0.003884203523680796,91.43900000000001,0.023195791730005633,90.229,0.03691717740416056,90.6,0.03267108167770427,1892233.2,0.09652288100642137,1915583.6,0.08315658998124631,2420192.65,-0.1426810588818208,2332627.6,-0.11049796375555188
2018-05-15,93.95,94.77,93.58,94.8,1472840.0,0.01293287729799042,-0.00031645569620253333,0.012716392391536546,93.62800000000001,0.012197205964027624,92.086,0.029146667245835367,90.239,0.05021110606278878,90.71766666666667,0.0446697262201774,1798923.0,-0.18126567952046868,1904192.8,-0.2265279020065616,2398344.8,-0.3858931376339215,2312724.3,-0.3631579864491413
2018-05-16,94.21,95.04,94.16,95.18,3344110.0,0.002849002849002913,-0.001470897247320857,0.009345794392523477,93.968,0.01140813894091619,92.799,0.024148967122490594,90.4985,0.050183152206942694,90.85433333333334,0.046070082879921204,2084864.4,0.6039940055573878,2012492.1,0.6616760880701096,2376841.45,0.4069554365942245,2365213.1,0.4138726020078274
2018-05-17,94.7,94.88,94.08,95.57,3222037.0,-0.0016835016835018424,-0.007219838861567407,0.008503401360544283,94.424,0.004829280691349469,93.26,0.017370791336049685,90.75450000000001,0.045457800990584385,91.07333333333332,0.041797818607715476,2457465.8,0.31112180686298885,2094218.6,0.5385390044764189,2317252.95,0.39045545286715444,2396137.066666667,0.3446797534342496
2018-05-20,95.57,95.3,94.5,96.07,1694232.0,0.004426644182124795,-0.00801498907046938,0.00846560846560851,94.71,0.006229542814908617,93.74,0.016641775122679725,91.1195,0.04587931233160836,91.317,0.04361728922325536,2361619.2,-0.2825972959569435,2076941.2,-0.1842657847030046,2262447.65,-0.25115084983292313,2368815.6,-0.2847767466576968
2018-05-21,95.78,95.71,95.34,96.37,1336131.0,0.004302203567680962,-0.006848604337449493,0.0038808474931821824,95.14000000000001,0.005991170906032961,94.16900000000001,0.016364196285401533,91.52250000000001,0.04575377639378275,91.50633333333332,0.045938532487733275,2213870.0,-0.39647269261519424,2053051.6,-0.3491975554827751,2172402.45,-0.3849523600012512,2338587.6333333333,-0.4286589987241445
2018-05-22,94.61,94.39,94.045,95.07,3026109.0,-0.013791662313237807,-0.007152624382034234,0.0036684565899303134,95.064,-0.007089960447698274,94.34599999999999,0.000466368473491352,91.8535,0.027614625463373788,91.626,0.030166110056097484,2524523.8,0.19868507478519315,2161723.4,0.39985948248513203,2191088.45,0.38109851293314967,2379952.0,0.27150001344564934
2018-05-23,94.51,95.04,93.99,95.27,1920669.0,0.006886322703676395,-0.002414191245932451,0.011171401212895171,95.064,-0.0002524614996212149,94.516,0.005544034872402515,92.17049999999999,0.03113252070890371,91.69333333333334,0.03649847317144106,2239835.6,-0.14249554744107118,2162350.0,-0.1117677526764862,2188052.6,-0.1222016326298555,2344499.8666666667,-0.18077666486253874
2018-05-24,94.93,95.45,94.54,95.5,1467930.0,0.0043139730639729645,-0.0005235602094240122,0.009625555320499135,95.178,0.0028578032738659775,94.801,0.006845919346842422,92.559,0.031234131742996496,91.78233333333333,0.039960486222838876,1889014.2,-0.22291214115807068,2173240.0,-0.32454307853711506,2124520.5,-0.30905350171956447,2331108.7,-0.37028676526324156
2018-05-28,94.68,94.39,93.88,95.32,3474601.0,-0.011105290728129935,-0.009756609315988207,0.005432466979122363,94.99600000000001,-0.006379215966988205,94.853,-0.004881237282953532,92.911,0.015918459601123702,91.824,0.027944763896149194,2245088.0,0.547645793839707,2303353.6,0.5084965677870736,2110441.85,0.6463855661315661,2376085.066666667,0.46232180351792107
2018-05-29,93.07,94.98,93.0,96.98,3232438.0,0.006250662146413788,-0.0206228088265622,0.021290322580645116,94.85,0.001370585134422786,94.995,-0.000157903047528829,93.21700000000001,0.018912859242412816,91.81766666666665,0.034441447361255983,2624349.4,0.2317102288285242,2419109.7,0.3362097634514052,2167346.65,0.49142639457329085,2419831.6666666665,0.3358110998079069
2018-05-30,95.91,97.18,95.55,98.39,5076775.0,0.023162771109707325,-0.012297997764000312,0.017059131344845824,95.408,0.018572866007043443,95.236,0.020412449073879735,93.661,0.0375716680368563,91.90466666666667,0.05740005948192706,3034482.6,0.6730282124537474,2779503.2,0.8265044630997365,2341848.0,1.1678499202339347,2525397.6,1.0102874097924222
2018-05-31,97.68,98.4,96.4568,98.43,2301728.0,0.012554023461617714,-0.0003047851264857959,0.02014580620547224,96.08,0.024146544546211457,95.572,0.02959025656049885,94.1855,0.04474680285181898,92.18966666666667,0.06736474442182616,3110694.4,-0.2600597474313131,2675265.0,-0.13962616787495818,2343878.55,-0.017983248321462697,2476315.966666667,-0.07050310583010011
2018-06-03,98.5,99.98,97.43,100.285,2619657.0,0.016056910569105742,-0.0030413322032207812,0.026172636764856705,96.986,0.030870434908131017,96.08200000000001,0.04056951354051752,94.671,0.05607841894561161,92.53033333333335,0.08051053528392482,3341039.8,-0.2159156559583636,2615027.0,0.001770536212436724,2354622.8,0.11255909014386511,2416510.966666667,0.08406584374560189
2018-06-04,100.01,100.64,99.65,100.92,1869421.0,0.00660132026405269,-0.0027744748315498002,0.009934771700953249,98.236,0.02447168044301473,96.61600000000001,0.041649416245756354,95.17800000000001,0.0573872113303493,92.95166666666667,0.0827132380627924,3020003.8,-0.38098720273133424,2632545.9,-0.2898809475648648,2354743.55,-0.2061042061246966,2385813.7333333334,-0.21644302156474582
2018-06-05,100.86,102.1,100.11,102.15,2183527.0,0.01450715421303661,-0.0004894762604015224,0.01987813405254224,99.66,0.024483243026289347,97.25500000000001,0.04981749010333636,95.712,0.06674189234369776,93.43333333333334,0.09275775954334642,2810221.6,-0.22300540284794623,2717285.5,-0.1964307762287032,2385168.55,-0.08453974877372916,2354030.1333333333,-0.07243031043612813
2018-06-06,102.31,101.96,101.55,103.59,3660582.0,-0.0013712047012732764,-0.015735109566560546,0.004037419990152502,100.616,0.013357716466565916,98.012,0.0402807819450679,96.179,0.06010667609353382,93.90633333333334,0.08576276360486856,2526983.0,0.44859779428670477,2780732.8,0.31640911345383493,2471228.1,0.48128050178775483,2387636.566666667,0.5331403661280274
2018-06-07,101.2,101.06,100.0,101.31,2304778.0,-0.008826990976853577,-0.0024676734774454756,0.010599999999999943,101.148,-0.0008700122592636417,98.614,0.024803780396292607,96.565,0.0465489566613162,94.31833333333334,0.07147779682281619,2527593.0,-0.08815303729674828,2819143.7,-0.18245458718546348,2490746.85,-0.07466389047124566,2398416.3,-0.03904172098897085
2018-06-10,100.86,101.39,100.7,101.85,1635477.0,0.0032653868988719026,-0.00451644575355914,0.006852035749751684,101.42999999999999,-0.000394360642807734,99.208,0.021994194016611512,97.00450000000001,0.045209242870176025,94.77533333333332,0.06979312479337119,2330757.0,-0.2983065158658753,2835898.4,-0.4232949248111286,2504569.2,-0.34700267015980235,2361646.466666667,-0.30748440840580804
2018-06-11,101.58,102.02,100.95,102.07,1998432.0,0.006213630535555792,-0.0004898599000685566,0.010599306587419477,101.70599999999999,0.0030873301476805892,99.971,0.020495943823708895,97.412,0.047304233564653186,95.26433333333333,0.07091496292771349,2356559.2,-0.15197038122360773,2688281.5,-0.2566135652088518,2495817.55,-0.19928762420955004,2303055.066666667,-0.13226911986414802
2018-06-12,102.14,101.05,100.73,102.2183,2064256.0,-0.009507939619682437,-0.011429460282552206,0.0031768092921671265,101.496,-0.004394261842831204,100.578,0.004692875181451228,97.7865,0.03337372745726652,95.67066666666666,0.05622761417641087,2332705.0,-0.11508056097963526,2571463.3,-0.19724461943516747,2495286.5,-0.17273787999895007,2302052.2,-0.10329748387113036
2018-06-13,101.73,101.7,101.31,102.98,1855704.0,0.00643245917862445,-0.012429597980190388,0.0038495706248149464,101.444,0.0025235597965380663,101.03,0.0066316935563695,98.13300000000001,0.03634862890159263,96.11733333333333,0.05808178892464766,1971729.4,-0.05884448444091761,2249356.2,-0.1750066085575953,2514429.7,-0.2619781734203983,2311017.4,-0.19701859449435555
2018-06-14,101.96,101.5,100.1,101.96,3118232.0,-0.001966568338249819,-0.004511573165947413,0.013986013986013957,101.532,-0.0003151715715241643,101.34,0.001578843497138216,98.456,0.030917364101730627,96.57033333333332,0.05104742312166266,2134420.2,0.4609269533712246,2331006.6,0.3377190781012802,2503135.8,0.24573025562576367,2339587.9,0.33281250086820857
2018-06-17,100.45,101.09,99.83,101.26,1861445.0,-0.004039408866995053,-0.0016788465336756708,0.012621456476009207,101.47200000000001,-0.0037645853043204447,101.451,-0.0035583680791710925,98.7665,0.023525183133957572,96.931,0.0429068099988652,2179613.8,-0.1459748511410599,2255185.4,-0.17459336159235506,2435106.2,-0.23557954063769382,2321477.0,-0.19816349677382117
2018-06-18,99.5,100.06,98.9,100.13,1759024.0,-0.010188940548026548,-0.000699091181464051,0.011729019211324632,101.08000000000001,-0.010091017016224835,101.393,-0.013146864181945439,99.0045,0.010661131564726922,97.24966666666666,0.028898128185529393,2131732.2,-0.1748381902754953,2244145.7,-0.21617210504647721,2438345.8,-0.27859945049631596,2317877.6,-0.24110574259831496
2018-06-19,100.35,101.0,99.78,101.07,1419235.0,0.00939436338197086,-0.0006925892945482959,0.012226899178191974,101.07000000000001,-0.0006925892945484069,101.28299999999999,-0.0027941510421293225,99.26899999999999,0.017437467890278002,97.56899999999999,0.035164857690455076,2002728.0,-0.29134909982783486,2167716.5,-0.34528569580016577,2442501.0,-0.41894189603197707,2312684.533333333,-0.386325726858034
2018-06-20,101.34,99.16,98.98,101.34,1691489.0,-0.018217821782178234,-0.02151174264851008,0.0018185492018589766,100.56199999999998,-0.013941647938584989,101.003,-0.018246982762888275,99.50750000000001,-0.003492199080471381,97.78699999999999,0.014040721159254366,1969885.0,-0.14132601649334864,1970807.2,-0.14172781589188432,2375770.0,-0.2880249350736813,2304421.1333333333,-0.2659809548121659
2018-06-21,99.83,99.09,98.68,99.88,6226473.0,-0.0007059298104074019,-0.007909491389667567,0.0041548439400080905,100.08,-0.00989208633093519,100.806,-0.017022796262127216,99.71000000000001,-0.0062180322936515875,97.97866666666667,0.011342605192967259,2591533.2,1.402621351715656,2362976.7,1.635012440029561,2591060.2,1.403059952061322,2448156.8,1.5433309663825456
2018-06-24,98.14,98.15,96.885,98.5,4653476.0,-0.009486325562619857,-0.0035532994923856975,0.013056716726015383,99.492,-0.013488521690186106,100.482,-0.02320813678071687,99.845,-0.01697631328559257,98.16366666666666,-0.00013922326998094814,3149939.4,0.47732238912278757,2664776.6,0.7462912275648172,2750337.5,0.6919654406050166,2557971.6666666665,0.8192054511940776
2018-06-25,98.45,98.71,98.05,99.41,2365558.0,0.005705552725420171,-0.007041545116185488,0.006731259561448155,99.22200000000001,-0.0051601459353773915,100.151,-0.014388273706702925,100.061,-0.013501763924006482,98.325,0.003915586066615795,3271246.2,-0.27686335562269826,2701489.2,-0.12435037682179151,2694885.35,-0.12220458655133515,2564374.7666666666,-0.07753030845998421
2018-06-26,98.68,96.5,96.44,99.35,4415221.0,-0.022388815722824362,-0.028686462003019608,0.0006221484861053117,98.322,-0.0185309493297533,99.696,-0.032057454662173024,100.137,-0.03632024126946087,98.423,-0.01953811609075118,3870443.4,0.14075327906874957,2936585.7,0.5035219302470892,2754024.5,0.6031887152783135,2642386.2333333334,0.6709218903363194
2018-06-27,96.19,95.95,95.05,96.69,2349472.0,-0.0056994818652849055,-0.007653325059468363,0.00946870068385075,97.68,-0.017710892710892767,99.12100000000001,-0.031991202671482366,100.0755,-0.04122387597363997,98.46233333333333,-0.025515679430712868,4002040.0,-0.4129314049834585,2985962.5,-0.21316091545021076,2617659.35,-0.10245311331285334,2671607.3,-0.1205773393417513
2018-06-28,96.43,95.92,95.75,97.83,3116694.0,-0.0003126628452319036,-0.019523663497904464,0.0017754569190600034,97.046,-0.0116027450899574,98.563,-0.02681533638383571,99.9515,-0.04033456226269738,98.49166666666666,-0.02611050004230464,3380084.2,-0.07792415348706405,2985808.7,0.04383579564223239,2658407.65,0.17239129973162703,2664026.7666666666,0.16991842536917456
2018-07-01,95.04,96.31,94.62,96.37,2058459.0,0.004065888240200266,-0.0006226003943136105,0.01786091735362505,96.67800000000001,-0.003806450278243334,98.08500000000001,-0.01809654891165835,99.768,-0.034660412156202414,98.53933333333333,-0.022623791514725045,2861080.8,-0.28053097976121466,3005510.1,-0.3151049467443148,2630347.75,-0.217419445774803,2625240.8333333335,-0.21589708118842432
2018-07-02,96.74,94.51,94.37,96.84,876025.0,-0.01868964801162909,-0.02406030565881867,0.0014835223058176084,95.838,-0.013856716542498648,97.53,-0.03096483133394845,99.4615,-0.049783081896009995,98.513,-0.04063423101519592,2563174.2,-0.6582265068055071,2917210.2,-0.6997045327758693,2580677.95,-0.6605446254926928,2597967.2666666666,-0.662803680693026
2018-07-04,95.33,96.4,94.93,96.54,1977695.0,0.019997883821817775,-0.001450176092811284,0.015485094279995781,95.81800000000001,0.006074015320712167,97.07000000000001,-0.006902235500154563,99.1765,-0.027995543299067838,98.53600000000002,-0.021677356499147593,2075669.0,-0.04720116743083791,2973056.2,-0.3347939403230925,2570386.35,-0.23058453839050308,2619352.7333333334,-0.24496805075839223
2018-07-05,96.39,97.2,95.92,97.41,1551048.0,0.008298755186721962,-0.0021558361564520956,0.01334445371142623,96.06800000000001,0.011783320148228249,96.874,0.003365196027830031,98.9385,-0.017571521702876014,98.62966666666667,-0.014495300602590744,1915984.2,-0.19046931597870165,2959012.1,-0.47582235300761355,2464909.65,-0.3707485383896322,2570184.033333333,-0.396522591423771
2018-07-08,97.42,97.18,96.17,97.86,1861303.0,-0.00020576131687233268,-0.006948702227672077,0.010502235624415102,96.32000000000001,0.008928571428571397,96.683,0.005140510741288518,98.7445,-0.015843920420884117,98.701,-0.015410178215012893,1664906.0,0.11796281591873647,2522495.1,-0.2621182891495013,2442735.9,-0.2380252814068029,2568205.1666666665,-0.27525143856951717
2018-07-09,97.41,98.54,97.015,98.67,2229347.0,0.013994649104754009,-0.0013175230566534468,0.015719218677524127,96.766,0.018332885517640563,96.72200000000001,0.018796137383428668,98.602,-0.0006287904910650122,98.804,-0.002671956600947323,1699083.6,0.312087880784677,2280082.2,-0.022251478477398834,2472429.4,-0.09831722596406589,2593585.7333333334,-0.14043828536379466
2018-07-10,97.4,96.22,95.97,97.91,1509676.0,-0.023543738583316487,-0.01726074966806246,0.002604980723142747,97.108,-0.009144457717180976,96.473,-0.002622495413224457,98.312,-0.021279192774025568,98.86500000000001,-0.026753653972588998,1825813.8,-0.1731489815664664,2194494.0,-0.3120619149562496,2447991.6,-0.38330017145483675,2528088.2333333334,-0.4028388803465681
2018-07-11,96.18,98.4,95.9,98.58,2328902.0,0.02265641238827687,-0.0018259281801581428,0.026068821689259725,97.508,0.009147967346269104,96.66300000000001,0.017969647124546073,98.1795,0.0022458863612058177,98.97900000000001,-0.005849725699390906,1896055.2,0.228288079376592,1985862.1,0.17274104783005817,2461223.9,-0.05376264223665306,2497970.3666666667,-0.06768229476327792
2018-07-12,98.62,98.12,97.89,98.74,1130229.0,-0.0028455284552845184,-0.006279116872594637,0.0023495760547553868,97.69200000000001,0.0043811161609956795,96.88,0.01279933938893496,98.0005,0.0012193815337677716,99.01033333333334,-0.008992327400170308,1811891.4,-0.3762159255240132,1863937.8,-0.3936337360613643,2424950.15,-0.5339166044299921,2366418.8333333335,-0.5223884360284772
2018-07-15,98.35,97.64,97.32,98.39,1380079.0,-0.00489196901752964,-0.007622725886777149,0.0032881216605014085,97.784,-0.0014726335596826345,97.052,0.006058607756666445,97.8075,-0.0017125476062674894,98.98499999999999,-0.013587917361216229,1715646.6,-0.19559249556406322,1690276.3,-0.18351869454715775,2338042.5,-0.40972886506554096,2335697.2,-0.4091361671367334
2018-07-16,96.97,98.26,96.455,98.34,1928858.0,0.00634985661614107,-0.0008135041692088896,0.01871338966357383,97.728,0.005443680419122465,97.247,0.01041677378222472,97.66600000000001,0.006081952777834632,98.92766666666667,-0.006749038860042522,1655548.8,0.1650867676023806,1677316.2,0.1499668339219522,2341413.15,-0.1761992111473364,2312670.566666667,-0.16596076077530986
2018-07-17,98.53,99.09,98.47,99.396,1635235.0,0.008446977406879608,-0.003078594712060845,0.0062963339088046855,98.30199999999999,0.008016113609082387,97.705,0.014175323678419893,97.6175,0.015084385484160023,98.87599999999999,0.00216432703588354,1680660.6,-0.027028419658317704,1753237.2,-0.06730532525775745,2335223.7,-0.29975231066728214,2304864.3666666667,-0.29052875143151957
2018-07-18,98.79,98.26,97.4,98.96,1389518.0,-0.008376223635079172,-0.007073565076798571,0.008829568788500941,98.27400000000002,-0.0001424588395710913,97.891,0.003769498728177334,97.4805,0.00799647108908963,98.748,-0.004941872240450396,1492783.8,-0.06917666175101844,1694419.5,-0.17994451787175492,2333737.85,-0.4045955075888237,2278397.4,-0.39013360882522075
2018-07-19,98.02,97.81,97.3,98.6925,1393001.0,-0.004579686545898687,-0.008941915545760737,0.005241521068859223,98.212,-0.00409318616869625,97.952,-0.001449689643907126,97.413,0.0040754314105919676,98.60966666666667,-0.008109414560438677,1545338.2,-0.09857855063700616,1678614.8,-0.17014850577988472,2318813.45,-0.3992612902948274,2202811.3666666667,-0.3676258343863942
2018-07-22,97.39,97.79,96.33,97.955,1403708.0,-0.00020447806972700988,-0.0016844469399213136,0.015156233779715533,98.242,-0.004600883532501321,98.013,-0.002275208390723704,97.348,0.004540411718782167,98.50066666666666,-0.00721484118550797,1550064.0,-0.09441932720197355,1632855.3,-0.14033533773629547,2077675.2,-0.32438525521217176,2172775.7,-0.35395632416176237
2018-07-23,98.04,97.45,97.305,99.1767,2964645.0,-0.0034768381225074307,-0.017410339323651547,0.0014901598067931232,98.08000000000001,-0.006423327895595521,97.90400000000001,-0.004637195620199486,97.313,0.0014078283477028108,98.36933333333334,-0.009345731054393736,1757221.4,0.6871209285295525,1706385.1,0.7373833140010422,1993233.65,0.4873544804945471,2217081.3,0.33718371085444643
2018-07-24,97.48,96.55,95.09,98.15,2613589.0,-0.009235505387378162,-0.016301579215486584,0.015353875276054252,97.572,-0.010474316402246608,97.93700000000001,-0.014162165473723065,97.205,-0.00673833650532385,98.187,-0.016672268222880815,1952892.2,0.33831708683152106,1816776.4,0.43858594816621355,2005635.2,0.30312282113915834,2237586.533333333,0.1680392963871371
2018-07-25,97.57,97.7,96.73,98.56,2546220.0,0.011910926980839065,-0.008725649350649345,0.010027912746821022,97.46000000000001,0.002462548737943715,97.86699999999999,-0.0017063974577742336,97.265,0.004472317894412159,98.07533333333335,-0.003826990136833741,2184232.6,0.16572749623826688,1838508.2,0.38493807098603106,1912185.15,0.331576076720395,2253652.0,0.12981951073191422
2018-07-26,98.09,96.98,96.71,99.09,2147637.0,-0.007369498464687818,-0.021293773337370037,0.0027918519284459986,97.29400000000001,-0.0032273315929040036,97.753,-0.007907685697625566,97.31649999999999,-0.0034577897889873643,97.91800000000002,-0.00957944402459221,2335159.8,-0.08030405456620138,1940249.0,0.10688731188625789,1902093.4,0.12909124231228608,2263383.1,-0.05113853682127434
2018-07-29,97.57,95.31,95.01,97.57,2545043.0,-0.017220045370179404,-0.023162857435687134,0.003157562361856714,96.798,-0.015372218434265172,97.52000000000001,-0.022662018047580057,97.28600000000002,-0.020311247250375364,97.71166666666667,-0.024579118836031255,2563426.8,-0.00717157205347152,2056745.4,0.2374127590123698,1873510.85,0.35843515397842496,2244276.8,0.13401475254745776
2018-07-30,95.68,96.14,95.58,96.86,2501285.0,0.008708425139019926,-0.007433409043981043,0.005858966310943625,96.536,-0.004102096627164986,97.308,-0.012003124100793405,97.2775,-0.011693351494436066,97.54666666666667,-0.014420448332422064,2470754.8,0.012356628832614236,2113988.1,0.1832067550427554,1895652.15,0.31948522306690075,2265604.8,0.10402529161308283
2018-07-31,95.43,96.04,95.43,96.74,1717680.0,-0.0010401497815685223,-0.007235890014471669,0.006392119878444902,96.434,-0.004085695916377974,97.003,-0.009927528014597398,97.354,-0.013497134170141867,97.41266666666667,-0.014091254388546304,2291573.0,-0.2504362723770964,2122232.6,-0.1906259474102886,1937734.9,-0.11356295435459196,2264226.6666666665,-0.2413833715116861
2018-08-01,95.0,96.19,94.7508,96.55,1711780.0,0.0015618492294875441,-0.003728638011393004,0.015189317662753332,96.13199999999999,0.0006033370781841629,96.796,-0.006260589280548845,97.3435,-0.01184978966238126,97.25233333333334,-0.010923473986913845,2124685.0,-0.19433704290283027,2154458.8,-0.2054709980993834,1924439.15,-0.1105044812666589,2273978.1666666665,-0.24723111897365768
2018-08-02,96.08,96.56,95.8686,96.7,1017822.0,0.0038465536958103286,-0.0014477766287487315,0.007211954696323852,96.048,0.0053306679993336825,96.671,-0.0011482243899412214,97.3115,-0.00772262271160129,97.16566666666667,-0.006233340308819613,1898722.0,-0.4639436420918913,2116940.9,-0.5192015043972177,1897777.85,-0.4636769524947296,2251522.6,-0.5479405802988608
2018-08-05,96.19,97.38,96.06,97.42,1322202.0,0.008492129246064462,-0.00041059330732917676,0.013741411617738786,96.46200000000002,0.00951670087702916,96.63000000000001,0.007761564731449733,97.3215,0.0006011004762564998,97.10866666666668,0.002794120675806422,1654153.8,-0.20067771207248086,2108790.3,-0.3730045135355563,1870822.8,-0.29325107647822124,2088046.9,-0.36677571753776217
2018-08-06,97.71,98.59,97.45,98.69,1128804.0,0.0124255493941261,-0.0010132738879318204,0.011698306824012406,96.952,0.016894958329895182,96.744,0.01908128669478204,97.324,0.013008096666803803,97.12333333333335,0.015101074235507994,1379657.6,-0.1818230842203168,1925206.2,-0.41367111741069607,1815795.65,-0.3783419406253121,1970557.8333333333,-0.4271652519375435
2018-08-07,98.5,98.49,97.94,98.71,1256580.0,-0.0010143016533117333,-0.002228750886435038,0.0056156830712681405,97.44200000000001,0.010755115863795739,96.93800000000002,0.016010233345024494,97.4375,0.010801796023091725,97.116,0.014148029161003217,1287437.6,-0.023968229605846547,1789505.3,-0.29780593552866264,1803140.85,-0.30311600449848386,1933591.9,-0.3501317418634201
2018-08-08,98.54,97.74,97.74,98.67,1451129.0,-0.007614986293024706,-0.009425357251444222,0.0,97.752,-0.00012275963663144207,96.94200000000001,0.00823172618679191,97.4045,0.0034443993860653332,97.15733333333334,0.0059971455234120175,1235307.4,0.17471084525195923,1679996.2,-0.13623078433153601,1759252.2,-0.17514441647422696,1834788.8333333333,-0.20910299123432274
2018-08-09,95.33,94.94,94.08,96.71,2817351.0,-0.02864743196234909,-0.01830214041981182,0.009141156462584954,97.428,-0.02553680666748781,96.738,-0.018586284603775205,97.2455,-0.023708037904067614,97.12366666666667,-0.022483363134972234,1595213.2,0.7661281890094691,1746967.6,0.6127093599217295,1843608.3,0.5281722261719042,1850384.8,0.5225757366792032
2018-08-12,95.19,95.13,94.84,96.13,1939325.0,0.0020012639561828305,-0.010402579839800308,0.003057781526781822,96.978,-0.019055868341273263,96.72,-0.01643920595533499,97.11999999999999,-0.020490115321252,97.09733333333334,-0.020261455858726074,1718637.8,0.12840820794235985,1686395.8,0.14998210977517856,1871570.6,0.036201893746353964,1811139.1666666667,0.07077635760550338
2018-08-13,95.58,94.85,94.815,96.2399,1761598.0,-0.0029433406916851146,-0.01444203495639551,0.000369139904023541,96.22999999999999,-0.014340642211368548,96.591,-0.01802445362404359,96.9495,-0.021655604206313628,97.04866666666666,-0.022655300089989283,1845196.6,-0.04530606657306879,1612427.1,0.09251326773160784,1863207.6,-0.054534771111925506,1801243.8,-0.022010235371802578
2018-08-14,93.94,93.76,92.81,94.52,2022306.0,-0.011491829204006265,-0.008040626322471378,0.01023596595194487,95.28399999999999,-0.015994290751857432,96.363,-0.027012442534997794,96.683,-0.030232822729952535,97.02366666666667,-0.03363784093915234,1998341.8,0.011992042602521735,1642889.7,0.23094447545687347,1882561.15,0.07423124077536603,1839453.1666666667,0.09940608255043903
2018-08-15,94.39,94.26,93.96,95.07,1828687.0,0.005332764505119547,-0.008520037866834862,0.0031928480204344023,94.588,-0.0034676703175877677,96.17,-0.019860663408547308,96.483,-0.023040328347999073,96.95233333333333,-0.027769660004744456,2073853.4,-0.11821780652383618,1654580.4,0.10522704124864535,1904519.6,-0.03981718014348612,1834486.2333333334,-0.003161230227820222
2018-08-16,93.46,94.58,92.6681,94.83,2869440.0,0.003394865266284741,-0.002636296530633797,0.0206316952651453,94.516,0.0006771340302169637,95.97200000000001,-0.014504230400533613,96.3215,-0.018080075580218402,96.86500000000001,-0.023589531822639898,2084271.2,0.37671143755188874,1839742.2,0.5596967879521382,1978341.55,0.4504270003326776,1878432.6333333333,0.5275714172980988
2018-08-19,94.79,93.74,93.24,94.91,2161016.0,-0.008881370268555733,-0.012327468127699914,0.0053625053625052654,94.23800000000001,-0.005284492455273071,95.60799999999999,-0.01953811396535854,96.119,-0.02475056960642541,96.75033333333334,-0.0311144492180907,2128609.4,0.015224305595944454,1923623.6,0.1234089662863358,2016206.95,0.07182251306097331,1888423.0666666667,0.14434950416831027
2018-08-20,94.06,95.92,93.42,96.46,4051255.0,0.023255813953488413,-0.005598175409496031,0.026760864911153925,94.452,0.015542286028882524,95.341,0.006072938190285537,96.0425,-0.0012754770023687412,96.66300000000001,-0.007686498453389756,2586540.8,0.5662830449069276,2215868.7,0.8282919922105492,2070537.45,0.9566200070421329,1949153.3333333333,1.0784691130849975
2018-08-21,92.55,97.92,92.05,98.12,7540753.0,0.020850708924103456,-0.0020383204239706743,0.06376969038565994,95.284,0.027664665631165652,95.28399999999999,0.027664665631165875,96.111,0.01882198707744176,96.71966666666667,0.01241043703624567,3690230.2,1.0434370191864994,2844286.0,1.6511936563341378,2316895.65,2.254679596813089,2150189.2333333334,2.50701830476099
2018-08-22,98.29,97.39,97.24,98.98,2666119.0,-0.0054125816993464415,-0.016063851283087516,0.0015425750719868514,95.91,0.015431133354186333,95.249,0.022477926277441274,96.0955,0.01347097418713683,96.68599999999999,0.007281302360217623,3857716.6,-0.30888676477686305,2965785.0,-0.10104103972472722,2322890.6,0.14775917557202223,2161429.8,0.23349784480624836
2018-08-23,98.06,98.78,97.44,98.885,2674789.0,0.014272512578293428,-0.001061839510542617,0.01375205254515599,96.75,0.020981912144702797,95.63300000000001,0.032907050913387526,96.1855,0.026973920185474842,96.70800000000001,0.021425321586631796,3818786.4,-0.2995709317494165,2951528.8,-0.09376151098373153,2349248.2,0.1385723313526428,2212915.1333333333,0.20871738807757256
2018-08-26,99.29,100.07,99.0,100.72,2907259.0,0.01305932374974672,-0.00645353455123121,0.010808080808080822,98.01599999999999,0.020955762324518457,96.127,0.041018652407752265,96.4235,0.03781754447826513,96.789,0.03389848019919617,3968035.0,-0.2673303032861353,3048322.2,-0.04627568568703144,2367359.0,0.22806004496994325,2263821.1333333333,0.28422645994087237
2018-08-27,100.61,100.42,99.46,100.87,3673414.0,0.0034975517138005063,-0.0044611876672945305,0.009652121455861806,98.91600000000001,0.015204820251526474,96.684,0.0386413470688014,96.6375,0.039141120165567145,96.861,0.03674337452638321,3892466.8,-0.05627608692770347,3239503.8,0.133943414420443,2425965.45,0.5142070551746727,2321973.0,0.5820227022450304
2018-08-28,100.42,100.17,99.75,100.42,2370112.0,-0.0024895439155546706,-0.0024895439155546706,0.004210526315789442,99.366,0.008091298834611349,97.325,0.029231954790649883,96.84400000000001,0.034343893271653325,96.89699999999999,0.033778135545992294,2858338.6,-0.1708078252170684,3274284.4,-0.2761435139843075,2458587.05,-0.03598613683416241,2346468.9,0.010076033822566277
2018-08-29,99.48,98.57,98.28,100.17,1891693.0,-0.0159728461615255,-0.0159728461615255,0.0029507529507528663,99.602,-0.010361237726150163,97.756,0.008326854617619395,96.963,0.01657333209574796,96.90733333333333,0.017157284278451534,2703453.4,-0.3002679461758061,3280585.0,-0.42336717384247013,2467582.7,-0.23338212737510278,2363208.066666667,-0.19952329772288924
2018-08-30,98.21,98.85,98.2025,99.24,1710018.0,0.0028406208785634046,-0.003929866989117348,0.006593518494946604,99.616,-0.007689527786700956,98.18299999999999,0.0067934367456687905,97.0775,0.018258607813344874,96.94200000000001,0.019681871634585457,2510499.2,-0.3188533977624849,3164642.8,-0.4596489689136479,2502192.5,-0.3165921486856027,2373775.3,-0.2796209481158557
2018-09-03,97.49,98.11,97.11,98.89,4053178.0,-0.0074860900354071225,-0.007887551825260353,0.010297600659046502,99.224,-0.011227122470370166,98.61999999999999,-0.005171364834719028,97.114,0.010255987808142963,96.95266666666666,0.011937096452564466,2739683.0,0.4794332044984766,3353859.0,0.2085117472141793,2638741.3,0.5360270444093933,2462090.966666667,0.6462340566918396
2018-09-04,98.12,97.87,97.49,98.84,2689002.0,-0.0024462338191825195,-0.009813840550384478,0.0038978356754539867,98.71400000000001,-0.00854995238770595,98.815,-0.009563325406061751,97.078,0.008158388100290459,96.96666666666667,0.009315916122378809,2542800.6,0.057496211067434855,3217633.7,-0.16429206966597854,2716751.2,-0.010214111619790689,2452902.8666666667,0.0962529485132757
2018-09-05,97.45,97.09,96.11,98.09,2809812.0,-0.007969755798508227,-0.010194719135487862,0.010196649672250535,98.098,-0.010275438846867324,98.732,-0.016630879552728572,97.00800000000001,0.0008452911100114147,96.98466666666667,0.0010860823360394622,2630740.6,0.0680688168191117,2744539.6,0.02378264099377536,2794412.8,0.005510710514924799,2459443.6333333333,0.14245838445657144
2018-09-06,94.86,93.96,93.59,95.92,5451386.0,-0.03223812957050165,-0.0204336947456214,0.003953413826263352,97.176,-0.03309459125710057,98.389,-0.045015194788035284,96.81899999999999,-0.029529327921172466,96.85999999999999,-0.029940119760478945,3342679.2,0.6308433067702099,3023066.3,0.8032637921305266,2994425.65,0.8205113892208344,2556282.5,1.1325444273080145
2018-09-09,94.56,94.59,93.05,95.18,3120064.0,0.006704980842912045,-0.006198781256566588,0.016550241805481036,96.324,-0.018001744113616436,97.97,-0.034500357252220004,96.8015,-0.022845720365903377,96.78033333333333,-0.022632008569234086,3624688.4,-0.13921869808174403,3067593.8,0.01710467663613091,3009561.3,0.03671721190726385,2588696.7333333334,0.20526439417353148
2018-09-10,94.12,93.25,93.1,94.39,3229948.0,-0.01416640236811506,-0.012077550587985986,0.0016111707841031109,95.352,-0.022044634616998127,97.288,-0.04150563276046371,96.70750000000001,-0.035752139182586795,96.71166666666666,-0.0357936822513657,3460042.4,-0.06650045675740845,3099862.7,0.04196485863712596,3074092.45,0.050699695124653665,2611526.9,0.23680441507227057
2018-09-11,92.1,91.02,89.35,92.56,5793632.0,-0.023914209115281526,-0.016637856525497097,0.01869054280917748,93.982,-0.03151667340554576,96.348,-0.055299539170506895,96.51599999999999,-0.05694392639562351,96.541,-0.05718813768243547,4080968.4,0.4196708800783657,3311884.5,0.7493460294282606,3275694.15,0.7686730612502393,2721271.8,1.129016293043569
2018-09-12,92.19,92.4,90.88,93.07,3516824.0,0.01516150296638119,-0.007198882561512687,0.01672535211267623,93.04400000000001,-0.006921456515197155,95.571,-0.033179520984398914,96.44800000000001,-0.041970802919708006,96.41966666666667,-0.04168928192381216,4222370.8,-0.16709730940731204,3426555.7,0.026343742201534903,3350420.05,0.04966659329775691,2781243.2666666666,0.26447910621458526
2018-09-13,92.55,92.53,92.09,93.43,2843302.0,0.001406926406926301,-0.009632880231189134,0.004777934629167202,92.75800000000001,-0.002458009012699769,94.96700000000001,-0.025661545589520718,96.3615,-0.03976173056666832,96.29766666666666,-0.03912521244889966,3700754.0,-0.23169656778051173,3521716.6,-0.19263747684864818,3401150.8,-0.16401766131628148,2818960.6666666665,0.008634860933379507
2018-09-16,92.11,91.31,91.155,92.82,1976252.0,-0.013184913001188736,-0.016268045679810328,0.0017004004168723608,92.102,-0.00859916179887521,94.213,-0.03081315741988888,96.19800000000001,-0.05081186719058617,96.12266666666666,-0.05006796870665253,3471991.6,-0.4308016182988461,3548340.0,-0.44304886228489937,3356491.4,-0.411214937121543,2850908.3333333335,-0.30679917803974766
2018-09-17,91.67,91.86,91.35,92.47,2354912.0,0.006023436644398084,-0.006596734075916544,0.005582922824302283,91.824,0.0003920543648718855,93.588,-0.018463905628926747,96.104,-0.04416049279946721,95.93866666666666,-0.04251327236845759,3296984.4,-0.2857375970599072,3378513.4,-0.3029739056236983,3366186.2,-0.30042134924087094,2885332.0,-0.18383326424827373
2018-09-18,92.02,92.58,91.8,92.805,1843220.0,0.007838014369693003,-0.002424438338451629,0.00849673202614376,92.136,0.004818963271685295,93.059,-0.005147272160672234,95.937,-0.034991713311860906,95.73833333333332,-0.032989224100412384,2506902.0,-0.2647419005609314,3293935.2,-0.44042007869493005,3255784.45,-0.43386301264507854,2909145.8666666667,-0.3664050946637534
2018-09-19,93.55,95.1,93.45,95.66,3494871.0,0.02721970187945555,-0.005854066485469378,0.017656500802568198,92.676,0.02615563900038831,92.85999999999999,0.024122334697394,95.796,-0.0072654390579983685,95.62533333333334,-0.005493662767188767,2502511.4,0.39654548626631647,3362441.1,0.03938504677449961,3053490.35,0.14454954802788222,2983755.566666667,0.17129936481503782
2018-09-20,95.56,94.56,94.19,95.7,4416466.0,-0.005678233438485725,-0.011912225705329127,0.003928230173054548,93.082,0.015878472744461858,92.92,0.01764959104606123,95.6545,-0.011442221745971093,95.51933333333335,-0.010043342011041512,2817144.2,0.5677103074808878,3258949.1,0.3551810305966423,3141007.7,0.40606659448813187,3082600.1333333333,0.43270804157927123
2018-09-23,94.14,95.0,93.33,95.37,2558793.0,0.004653130287648022,-0.003879626716997042,0.017893496196292658,93.82000000000001,0.012577275634193086,92.961,0.021933929282172082,95.46549999999999,-0.0048761070753308156,95.52133333333335,-0.005457768596195067,2933652.4,-0.12777907839388192,3202822.0,-0.20108173354622894,3135207.9,-0.1838522096094488,3073981.533333333,-0.16759649586270553
2018-09-24,92.4,92.56,90.5481,93.49,6037188.0,-0.025684210526315754,-0.009947587977323646,0.022219129943090943,93.96,-0.01489995742869299,92.89200000000001,-0.0035740429746372593,95.09,-0.026606372909874887,95.43566666666668,-0.03013199118428822,3670107.6,0.6449621259060634,3483546.0,0.7330582113742721,3291704.35,0.8340614338587242,3210576.966666667,0.8804059403279216
2018-09-25,92.4,92.32,92.19,93.75,3802521.0,-0.002592912705272399,-0.015253333333333452,0.001410131250677793,93.90799999999999,-0.01691016739787876,93.022,-0.007546601879125481,94.685,-0.024977557163225472,95.35133333333333,-0.03179120026288751,4061967.8,-0.06387219514640163,3284434.9,0.15773979870936095,3298159.7,0.1529220370984461,3278607.7333333334,0.15979748395640136
2018-09-26,92.31,92.18,91.61,92.54,1963719.0,-0.0015164644714036335,-0.0038902096390749374,0.006222028162864435,93.324,-0.0122583686940122,93.0,-0.008817204301075243,94.2855,-0.022331111358586342,95.29866666666666,-0.03272518678120706,3755737.4,-0.47714155947111747,3129124.4,-0.3724381811090668,3277840.05,-0.40091066981746104,3276654.8333333335,-0.40069396995279083
2018-09-27,91.96,92.46,91.6,92.52,1650247.0,0.0030375352571054837,-0.0006485084306095956,0.009388646288209568,92.90400000000001,-0.004779126840609882,92.993,-0.005731614207520996,93.97999999999999,-0.016173653968929558,95.23866666666667,-0.029175824945050444,3202493.6,-0.4846993605233122,3009818.9,-0.45171219437820664,3265767.75,-0.4946832946096672,3270706.8333333335,-0.49544637165839944
2018-09-30,92.81,92.39,92.25,93.39,1728836.0,-0.000757084144494824,-0.010707784559374711,0.0015176151761517875,92.38199999999999,8.659695611701324e-05,93.101,-0.007636867487996857,93.65700000000001,-0.013528086528503014,95.16566666666667,-0.029166681261099114,3036502.2,-0.4306488564375155,2985077.3,-0.4208404586373693,3266708.65,-0.4707712914648816,3232686.7,-0.46520149942151834
2018-10-01,92.2,92.29,92.11,93.92,1737331.0,-0.0010823682216689612,-0.01735519591141388,0.001954185213332016,92.328,-0.000411576119920265,93.144,-0.00916859915829249,93.366,-0.011524537840327254,95.11733333333333,-0.029724690908071394,2176530.8,-0.20178892023949302,2923319.2,-0.4056991792069782,3150916.3,-0.44862673756202276,3218563.8666666667,-0.4602154650424005
2018-10-02,91.71,91.83,90.86,93.04,2914954.0,-0.0049842886553257415,-0.013005159071367234,0.01067576491305311,92.23,-0.004336983627886815,93.06899999999999,-0.01331270347806457,93.064,-0.013259692254792399,94.981,-0.0331750560638443,1999017.4,0.4581934104225407,3030492.6,-0.038125352954169967,3162213.9,-0.07819202236762035,3180687.1666666665,-0.08354583545704453
2018-10-03,91.14,89.99,89.57,91.6,4047390.0,-0.02003702493738435,-0.017576419213973793,0.004689070001116402,91.792,-0.01963134042182335,92.55799999999999,-0.02774476544436999,92.70899999999999,-0.02932832842550337,94.71666666666667,-0.04990322013021298,2415751.6,0.6754164625204016,3085744.5,0.31164132351204055,3224092.8,0.25535778622749317,3064241.7333333334,0.32084553120330406
2018-10-04,89.0,87.15,86.26,89.48,5816033.0,-0.03155906211801296,-0.026039338399642342,0.010317644331091946,90.72999999999999,-0.0394577317315109,91.817,-0.05082936711066566,92.36850000000001,-0.056496532908946295,94.37533333333333,-0.07655955299054118,3248908.8,0.790149665019837,3225701.2,0.8030290592321445,3242325.15,0.7937846239757911,3169238.8666666667,0.8351513548479137
2018-10-07,86.79,86.48,85.52,87.23,2879353.0,-0.007687894434882381,-0.008597959417631529,0.01122544434050532,89.548,-0.03426095501853754,90.965,-0.04930467762326174,91.963,-0.05962180442134324,93.96533333333332,-0.07966058404517962,3479012.2,-0.17236478791307486,3257757.2,-0.11615481964094809,3230289.6,-0.10863936162256171,3176057.6666666665,-0.09341916860661525
2018-10-08,86.62,86.76,85.59,86.95,3950203.0,0.003237742830712209,-0.002185163887291508,0.013669821240799074,88.442,-0.019018113565952732,90.38499999999999,-0.04010621231399003,91.6385,-0.05323635808093752,93.52166666666668,-0.07230053641758594,3921586.6,0.0072971485571682315,3049058.7,0.2955483605481257,3266302.35,0.20938069312536234,3210822.466666667,0.2302776129821109
2018-10-09,85.46,83.9,83.18,86.04,8524035.0,-0.032964499769479016,-0.024872152487215304,0.008655926905506206,86.85600000000001,-0.03403334254398083,89.543,-0.06302000156349463,91.2825,-0.08087530468600213,92.971,-0.09756805885706288,5043402.8,0.6901356758575778,3521210.1,1.4207686442794198,3402822.5,1.5049896078916842,3372509.8333333335,1.5275048617352684
2018-10-10,85.56,83.67,83.25,86.59,4849880.0,-0.0027413587604291356,-0.03372213881510566,0.0050450450450449935,85.59200000000001,-0.02245536966071604,88.692,-0.056622919767284396,90.84599999999999,-0.07899081962882226,92.421,-0.09468627260038309,5203900.8,-0.06802989019314121,3809826.2,0.2729924530415586,3469475.3,0.39787131500835304,3455168.7666666666,0.4036593658719787
2018-10-11,85.23,84.17,83.07,85.77,3600599.0,0.005975857535556406,-0.018654541214876974,0.013241844227759758,84.99600000000001,-0.009718104381382764,87.863,-0.042031344251846625,90.428,-0.06920422877869681,91.941,-0.08452159537094439,4760814.0,-0.24370097214467945,4004861.4,-0.10094291902336494,3507340.15,0.02658962233816986,3512132.3,0.025188885965372165
2018-10-14,83.71,83.9,83.1,84.67,3153747.0,-0.003207793750742538,-0.009094130152356161,0.00962695547533099,84.48,-0.006865530303030276,87.01400000000001,-0.03578734456524246,90.0575,-0.06837298392693558,91.44266666666665,-0.08248520019830252,4815692.8,-0.3451104273096489,4147352.5,-0.23957584989460146,3566214.9,-0.11565985549552826,3560256.6,-0.11417985995728508
2018-10-15,84.79,85.76,84.14,85.84,3397746.0,0.02216924910607876,-0.0009319664492077884,0.0192536249108628,84.28,0.017560512577123877,86.361,-0.00695915980593087,89.75250000000001,-0.04448344057268605,91.031,-0.05790335160549709,4705201.4,-0.2778744816321784,4313394.0,-0.21228016731140253,3618356.6,-0.060969833653211514,3538408.8666666667,-0.03975314102103111
2018-10-16,86.35,85.25,84.6,86.42,3529395.0,-0.005946828358209033,-0.013538532747049303,0.0076832151300236795,84.55,0.008279124778237668,85.703,-0.005285695949966751,89.386,-0.046271228156534505,90.61033333333333,-0.05915807983636889,3706273.4,-0.047724056190781794,4374838.1,-0.19325128854482632,3702665.35,-0.04679611404795203,3566421.966666667,-0.01038210481337798
2018-10-17,83.0,83.17,81.55,84.29,4923299.0,-0.024398826979472155,-0.013287459959663073,0.019865113427345316,84.45000000000002,-0.01515689757252825,85.021,-0.021771091847896384,88.7895,-0.06329014128922905,90.14633333333335,-0.0773889860560053,3720957.2,0.3231270168869451,4462429.0,0.10327783366413223,3774086.75,0.3045007510757405,3636871.533333333,0.35371814892994213
2018-10-18,82.93,82.335,81.87,84.22,2564385.0,-0.01003967776842618,-0.022381857041082975,0.005679736167093941,84.083,-0.020788982315093518,84.5395,-0.026076567758266944,88.17825,-0.06626634118957919,89.75883333333334,-0.08270866562808132,3513714.4,-0.2701783047592029,4137264.2,-0.3801737389649905,3681482.7,-0.3034369005726959,3540638.1666666665,-0.27572802435945043
2018-10-21,83.01,82.55,82.36,83.39,2337021.0,0.002611283172405443,-0.010073150257824737,0.002306945118989878,83.813,-0.01506926133177433,84.1465,-0.0189728628047513,87.55575,-0.05717214460500886,89.3575,-0.07618274906974798,3350369.2,-0.30245866634638363,4083031.0,-0.4276259474885201,3670394.1,-0.3632779106744968,3514536.7333333334,-0.3350415211670098
2018-10-22,80.74,82.65,79.7,83.01,4656395.0,0.0012113870381587066,-0.004336826888326706,0.037013801756587306,83.191,-0.006503107307280764,83.7355,-0.012963438446059294,87.06025,-0.0506574469979123,89.00416666666666,-0.0713917887739337,3602099.0,0.2926893458508497,4153650.2,0.12103686535760749,3601354.45,0.29295659859306533,3562084.966666667,0.30721053640597695
2018-10-23,80.32,77.82,77.76,80.74,7790890.0,-0.05843920145190573,-0.03616546940797627,0.0007716049382715529,81.705,-0.047549109601615624,83.1275,-0.06384770382845639,86.33525,-0.09863004971897349,88.56416666666668,-0.12131505405685161,4454398.0,0.7490332026909137,4080335.7,0.9093747605129645,3800772.9,1.0498172884783514,3628660.2333333334,1.147043123087661
2018-10-24,78.94,79.08,78.76,79.9,4192534.0,0.016191210485736462,-0.010262828535669732,0.00406297613001505,80.88699999999999,-0.02233980738561192,82.6685,-0.04340831150922053,85.68025,-0.07703350538776443,88.12016666666666,-0.1025890781716633,4308245.0,-0.026858036160896104,4014601.1,0.04432143955722023,3912213.65,0.07165261794943123,3651183.9,0.14826700457350284
2018-10-25,77.56,79.03,76.62,80.1,4536644.0,-0.0006322711178553542,-0.01335830212234701,0.03145392847820405,80.226,-0.014907885224241468,82.15450000000001,-0.0380320006816427,85.00875,-0.07033099533871523,87.67016666666667,-0.09855309959108105,4702696.8,-0.035310122481211126,4108205.6,0.10428845138617215,4056533.5,0.11835487122194355,3707628.6333333333,0.22359719611975892
2018-10-28,81.32,80.41,78.98,81.95,5055470.0,0.017461723396178686,-0.01879194630872494,0.01810584958217265,79.798,0.007669365146996121,81.8055,-0.017058755218169908,84.40975,-0.04738492887373802,87.30683333333334,-0.07899534400705577,5246386.6,-0.0363901127682813,4298377.9,0.1761343738529828,4222865.2,0.19716584843863827,3810269.2333333334,0.32680125482296396
2018-10-29,80.62,82.8,80.415,82.86,4698768.0,0.02972267130953865,-0.0007241129616220032,0.029658645775041848,79.828,0.037230044595881084,81.50949999999999,0.015832510320882953,83.93525,-0.013525306709636253,87.00483333333334,-0.04832873269492699,5254861.2,-0.10582452682099386,4428480.1,0.061034010291702634,4370937.05,0.07500244141013201,3888397.7666666666,0.20840723659504223
2018-10-30,83.93,83.71,82.88,84.3,3499104.0,0.010990338164251101,-0.006998813760379585,0.010014478764478696,81.006,0.03338024343875756,81.35549999999999,0.028940882915107213,83.52925,0.002163912641379939,86.70916666666668,-0.03458880741175019,4396504.0,-0.20411672547096515,4425451.0,-0.20932262045156524,4400144.55,-0.20477521585057923,3943593.9,-0.11271188445645985
2018-10-31,84.16,88.0,83.72,88.5,3669670.0,0.05124835742444156,-0.005649717514124242,0.05112279025322497,82.78999999999999,0.06293030559246304,81.8385,0.07528852557170529,83.42975,0.0547796199796835,86.47250000000001,0.01766457544305977,4291931.2,-0.14498396432822602,4300088.1,-0.1466058567497721,4381258.55,-0.1624164704911103,3949420.533333333,-0.07083331110785063
2018-11-01,88.32,87.18,86.25,89.01,3754858.0,-0.009318181818181781,-0.020559487698011414,0.010782608695652174,84.42,0.03269367448471927,82.32300000000001,0.05899930760540806,83.43125,0.04493220465952508,86.2265,0.011058085391381978,4135574.0,-0.09205880489624896,4419135.4,-0.1503184084379945,4278199.8,-0.12232757338729239,3927366.933333333,-0.0439248321487794
2018-11-04,87.09,86.38,85.59,87.42,2143887.0,-0.00917641660931423,-0.011896591169068937,0.009230050239513954,85.614,0.00894713481439946,82.70599999999999,0.04442241191691054,83.42625000000001,0.03540552284203091,85.93916666666665,0.005129597486594362,3553257.4,-0.39664179690444035,4399822.0,-0.5127332423902604,4241426.5,-0.49453633111407214,3913536.7333333334,-0.4521868207497426
2018-11-05,86.56,87.96,86.37,88.0,1751269.0,0.01829127112757578,-0.00045454545454548523,0.01840916985064256,86.646,0.015165154767675215,83.237,0.05674159328183381,83.48625,0.05358666846336968,85.78583333333333,0.025344122475544628,2963757.6,-0.40910518458054734,4109309.4,-0.5738288774264599,4131479.8,-0.5761158023815098,3770672.7666666666,-0.5355552952031557
2018-11-06,89.01,88.31,87.39,89.02,2253960.0,0.0039790814006368525,-0.007975735789710114,0.010527520311248484,87.566,0.008496448393211953,84.286,0.0477422110433523,83.70675,0.05499257825683124,85.65216666666667,0.031030544080418165,2714728.8,-0.1697292193606963,3555616.4,-0.36608459787731884,3817976.05,-0.409645327659926,3719054.066666667,-0.3939426640225774
2018-11-07,87.59,89.93,87.59,90.08,2551090.0,0.018344468350130372,-0.001665186500887983,0.02671537846786176,87.95200000000001,0.022489539748953957,85.371,0.05340220918110372,84.01975,0.07034357993209928,85.57716666666667,0.0508644245057579,2491012.8,0.024117579805290612,3391472.0,-0.2477926988635023,3703036.55,-0.3110816040959682,3738633.1,-0.317640984882951
2018-11-08,89.46,87.59,87.01,89.73,3043165.0,-0.026020237962860016,-0.02384932575504295,0.006665900471210184,88.034,-0.005043505918168045,86.227,0.01580711378106625,84.19075000000001,0.040375575701606214,85.41483333333332,0.02546591243909635,2348674.2,0.29569482221076027,3242124.1,-0.061366898324465735,3675164.85,-0.17196503443920352,3785063.7,-0.19600692585437862
2018-11-11,86.4,84.2,84.1,86.615,3334328.0,-0.03870304829318416,-0.027882006580846164,0.0011890606420927874,87.598,-0.03879083997351529,86.606,-0.027780985151144133,84.20575,-6.828512304668521e-05,85.14183333333334,-0.011061933910279098,2586762.4,0.2889966237332042,3070009.9,0.0860968233359769,3684193.9,-0.0949640299876725,3838580.1,-0.13136422501643252
2018-11-12,84.84,85.3,84.63,86.81,3042486.0,0.013064133016627011,-0.017394309411358222,0.007916814368427394,87.066,-0.02028346311993212,86.85600000000001,-0.01791470940407125,84.18275,0.013271721344337184,84.90883333333333,0.004606901912443284,2845005.8,0.06941293406150528,2904381.7,0.04755032714880403,3666430.9,-0.17017773333734443,3882085.2666666666,-0.21627532859101373
2018-11-13,86.32,86.13,85.47,87.11,2395787.0,0.009730363423212207,-0.011250143496728371,0.007722007722007707,86.63,-0.005771672630728419,87.098,-0.011113917655973804,84.22675,0.02259674034674264,84.71883333333334,0.01665705972501197,2873371.2,-0.1662104081783795,2794050.0,-0.14253968253968252,3609750.5,-0.33630122081844716,3864779.7,-0.3800973959783529
2018-11-14,86.03,89.82,86.03,89.87,4772932.0,0.0428422152560084,-0.0005563591854902405,0.0440543996280367,86.60799999999999,0.03708664326621092,87.28,0.02910174152153977,84.55924999999999,0.062213773182709264,84.71316666666667,0.06028382050015835,3317739.6,0.4386095882871579,2904376.2,0.6433587356899564,3602232.15,0.32499289364234896,3888964.433333333,0.227301530219703
2018-11-15,88.1,89.48,87.64,89.96,3167913.0,-0.0037853484747271127,-0.005335704757669979,0.02099497946143325,86.986,0.028671280435932145,87.50999999999999,0.022511712947091977,84.9165,0.05374102795098712,84.79083333333334,0.055302754818229216,3342689.2,-0.052286105450665366,2845681.7,0.11323518719609438,3632408.55,-0.12787535972516084,3800693.7666666666,-0.1664908581207889
2018-11-18,89.62,85.52,85.45,89.97,6808356.0,-0.0442556995976755,-0.04946093142158503,0.0008191925102398745,87.25,-0.01982808022922644,87.424,-0.021778916544656024,85.065,0.005348850878739819,84.75883333333334,0.008980381592478937,4037494.8,0.6862822956453096,3312128.6,1.0555832282599171,3855975.3,0.7656637997655225,3931660.533333333,0.7316744266900765
2018-11-19,84.76,89.02,83.84,89.87,6660128.0,0.040926099158091755,-0.009458106153332646,0.061784351145038,87.994,0.011659885901311506,87.53,0.01702273506226426,85.3835,0.04259019599805591,84.83416666666668,0.04934136206913475,4761023.2,0.3988858529401831,3803014.5,0.7512759943460641,3956161.95,0.6834821435962701,4021991.3666666667,0.6559279702083896
2018-11-20,89.55,89.68,88.21,90.83,3561144.0,0.007414064255223618,-0.012661015083122229,0.016664777236141237,88.704,0.011002886002886125,87.667,0.02296188987874581,85.9765,0.0430757241804447,85.02683333333333,0.0547258610517074,4994094.6,-0.28692900611053695,3933732.9,-0.09471636978707931,3744674.65,-0.04901110701299505,3856561.6666666665,-0.07660130764147854
2018-11-22,88.65,88.64,87.87,89.401,1163007.0,-0.011596788581623607,-0.008512209035693052,0.008762945260043287,88.468,0.0019442058145318075,87.538,0.012588818570220983,86.4545,0.02527919310157367,85.19249999999998,0.04046717727499516,4272109.6,-0.7277675179494458,3794924.6,-0.6935362035915023,3593198.3,-0.6763309723262421,3733665.9,-0.6885080156743537
2018-11-25,90.31,90.07,89.02,90.63,2474599.0,0.01613267148014441,-0.006178969436169024,0.011795102224219312,88.586,0.016752082721874784,87.786,0.026017816052673393,87.00649999999999,0.035210013045002375,85.38916666666667,0.054817648608820324,4133446.8,-0.40132312819412597,3738068.0,-0.3380005393160317,3490096.05,-0.29096535896196896,3696132.566666667,-0.3304896522605787
2018-11-26,89.46,89.58,88.36,90.14,2614661.0,-0.00544021316753629,-0.00621255824273359,0.01380715255771836,89.398,0.0020358397279580664,88.324,0.014220370454236742,87.465,0.02418110101183335,85.5785,0.04675823951109215,3294707.8,-0.20640580023515287,3666101.3,-0.2868006675101967,3368055.6,-0.22368829065648443,3678163.033333333,-0.28913944914767276
2018-11-27,89.43,90.72,88.0,90.79,3864592.0,0.012726054922973962,-0.0007710100231304029,0.030909090909090997,89.73800000000001,0.010942967304820472,88.866,0.02086287218958871,87.861,0.03254003482773915,85.74383333333334,0.05803527172993972,2735600.6,0.4127033017904733,3748311.9,0.031021991526372306,3326346.8,0.1618127129738849,3693724.566666667,0.04625884530625113
2018-11-28,89.98,89.52,89.35,90.59,2831694.0,-0.013227513227513255,-0.011811458218346504,0.0019026301063234108,89.70599999999999,-0.002073439903685248,89.205,0.0035311921977467797,88.1515,0.015524409681060503,85.88616666666667,0.04230987916175866,2589710.6,0.09344032495368393,3791902.6,-0.2532260717878144,3292976.3,-0.1400806619835071,3670467.8666666667,-0.2285196048939665
2018-11-29,89.7,91.92,88.79,91.97,3335829.0,0.02680965147453085,-0.0005436555398499188,0.03525171753575851,90.362,0.017241760917199755,89.415,0.02801543365207171,88.3475,0.040436911061433545,86.17783333333334,0.06663159706575739,3024275.0,0.10301774805531894,3648192.3,-0.0856213911750211,3276284.25,0.018174476161523456,3617552.2,-0.07787674770802211
2018-12-02,93.34,93.51,92.81,94.62,3563789.0,0.017297650130548403,-0.011731135066582077,0.007542290701433085,91.05,0.027018121911037918,89.81800000000001,0.04110534636709784,88.664,0.054655779121176584,86.55033333333333,0.08041178350940315,3242113.0,0.09921800998299557,3687779.9,-0.03362209875920197,3266730.8,0.09093439838997464,3650865.6666666665,-0.02385096429641298
2018-12-03,93.14,90.44,90.34,93.38,3858005.0,-0.032830713292696045,-0.03148425787106446,0.0011069293779055744,91.22200000000001,-0.008572493477450704,90.31,0.001439486214151131,88.867,0.017700608774910753,86.81333333333333,0.04177545691906004,3490781.8,0.10519798172432315,3392744.8,0.13713386282398843,3352436.7,0.15080621805625727,3701565.1333333333,0.04226316734450908
2018-12-05,87.33,89.53,86.17,89.55,2957421.0,-0.010061919504643968,-0.0002233389168062594,0.038992688870836734,90.984,-0.01598083179460119,90.36099999999999,-0.009196445369130335,88.94550000000001,0.006571439814268221,87.04266666666666,0.028576024018871937,3309347.6,-0.10634319586132324,3022474.1,-0.021523129015398323,3412744.3,-0.13341852186230296,3644932.6666666665,-0.18862122555899064
2018-12-06,89.07,86.42,86.19,89.98,2961144.0,-0.034736959678320134,-0.03956434763280736,0.002668523030514125,90.364,-0.043645699614890954,90.035,-0.04015105236852334,88.851,-0.027360412375775134,87.32933333333332,-0.010412690657587209,3335237.6,-0.11216400294839568,2962474.1,-0.0004489828282381314,3448103.5,-0.14122531414732764,3483941.1333333333,-0.15005911791429616
2018-12-09,86.36,88.48,86.0,88.635,2600581.0,0.023837074751215104,-0.0017487448524848848,0.028837209302325695,89.676,-0.013336901735135354,90.019,-0.017096390761950242,88.77850000000001,-0.0033623005570042608,87.64266666666666,0.00955394632751183,3188188.0,-0.1843075126059065,3106231.5,-0.16278583872451236,3450578.05,-0.2463346829671046,3430876.033333333,-0.24200671352343917
2018-12-10,89.91,88.64,88.28,91.04,2094321.0,0.001808318264014508,-0.026362038664323406,0.004077933846850845,88.702,-0.0006989695835494247,89.876,-0.013752280920379278,88.83099999999999,-0.0021501502853732424,87.96300000000001,0.007696417812034451,2894294.4,-0.2763966927483258,3068203.7,-0.3174113570099665,3403135.85,-0.3845908325992923,3349465.2666666666,-0.37472974541866677
2018-12-11,90.52,89.08,89.0,90.52,2300987.0,0.00496389891696758,-0.01590808661069376,0.0008988764044943753,88.42999999999999,0.007350446680990608,89.826,-0.00830494511611335,89.075,5.613247263536181e-05,88.252,0.009382223632325548,2582890.8,-0.10914274811772906,3036836.3,-0.24230785834587132,3351468.8,-0.3134392299877593,3257649.1666666665,-0.2936664194706867
2018-12-12,89.67,88.46,88.08,89.99,1668358.0,-0.006960035922766061,-0.017001889098788747,0.004314259763851025,88.21600000000001,0.002765938151809033,89.6,-0.012723214285714324,89.23299999999999,-0.008662714466621035,88.44066666666667,0.0002186023021082395,2325078.2,-0.2824508010096177,2817212.9,-0.4077983953573405,3282762.4,-0.49178228677165303,3156635.5,-0.4714758799360902
2018-12-13,87.48,87.27,86.97,88.39,2947820.0,-0.013452407867962868,-0.012671116642154145,0.0034494653328733804,88.386,-0.012626434050641455,89.375,-0.023552447552447564,89.28999999999999,-0.02262291410012318,88.55933333333334,-0.014558977408743012,2322413.4,0.26929167735597814,2828825.5,0.04206498421341287,3310364.05,-0.10951787915894018,3138259.3666666667,-0.06068311902114831
2018-12-16,87.25,87.31,86.75,88.96,2933798.0,0.0004583476566977218,-0.018547661870503496,0.00645533141210386,88.152,-0.009551683455849003,88.914,-0.018039903727197104,89.1645,-0.020798636228543943,88.53633333333333,-0.013851187271515575,2389056.8,0.22801517318466447,2788622.4,0.05205997054316147,3218407.35,-0.08843173627477585,3113730.3,-0.0577867325246505
2018-12-17,88.23,88.05,87.5,89.36,2873878.0,0.008475546901844044,-0.014659803043867492,0.006285714285714228,88.03399999999999,0.0001817479610151107,88.368,-0.0035985877240629627,89.093,-0.01170686810411603,88.56533333333331,-0.005818679995182263,2544968.2,0.12923925729209507,2719631.3,0.05671603352998633,3203705.6,-0.10295190669205068,3084364.3,-0.06824300877817835
2018-12-18,86.73,83.69,83.2429,87.92,4216233.0,-0.04951731970471318,-0.04811191992720665,0.005371028640280384,86.95599999999999,-0.037559225355352055,87.69300000000001,-0.045647885235993946,89.00150000000001,-0.059678769458941794,88.47566666666667,-0.05409020182573743,2928017.4,0.4399617297356224,2755454.1,0.5301408940181582,3074099.45,0.37153435293057924,3153442.5,0.33702548881103755
2018-12-19,83.24,82.74,81.53,84.55,3555429.0,-0.011351415939777731,-0.021407451212300477,0.014841162762173399,85.81199999999998,-0.03579918892462575,87.014,-0.04911853264991839,88.6875,-0.06706131078224109,88.30166666666668,-0.0629848436231858,3305431.6,0.0756323016939755,2815254.9,0.26291548236005213,2918864.5,0.21808634830428075,3213581.1666666665,0.10637597608524696
2018-12-20,83.41,82.32,81.94,85.11,5189039.0,-0.005076142131979711,-0.03278110680296098,0.004637539663168155,84.82199999999999,-0.029497064440829,86.604,-0.04946653734238615,88.3195,-0.0679295059414966,88.102,-0.06562847608453848,3753675.4,0.38238884481060875,3038044.4,0.7080194746330897,3000259.25,0.7295302064313276,3311417.1333333333,0.5670146016236313
2018-12-23,82.11,80.42,80.36,82.91,1353267.0,-0.023080660835762767,-0.03003256543239652,0.0007466401194624606,83.44399999999999,-0.03623987344806079,85.79799999999999,-0.06268211380218636,87.90849999999999,-0.08518516411951049,87.785,-0.08389816027795172,3437569.2,-0.606330252202632,2913313.0,-0.5354886344172425,3009772.25,-0.5503756139687979,3271489.7,-0.5863453276346858
2018-12-25,81.19,84.34,80.08,84.43,2519007.0,0.04874409350907727,-0.0010659718109676808,0.05319680319680331,82.702,0.019806050639646022,85.368,-0.012041982944428709,87.622,-0.03745634657962604,87.67666666666668,-0.03805649545679202,3366595.0,-0.25176417121750616,2955781.6,-0.14776957810414681,3011992.65,-0.16367425398597835,3254017.7666666666,-0.22587792058049916
2018-12-26,83.26,85.36,81.8573,85.43,2070255.0,0.012093905620109036,-0.0008193842912326277,0.042790319250695985,83.036,0.027987860686931043,84.99600000000001,0.004282554473151512,87.411,-0.02346386610380846,87.71533333333333,-0.02685201371101975,2937399.4,-0.2952082035558392,2932708.4,-0.29408085713533605,2984772.35,-0.30639433858330944,3211882.0,-0.3554386493650763
2018-12-27,85.49,85.46,84.43,86.9,2070730.0,0.0011715089034676218,-0.016570771001150897,0.012199455169963125,83.58,0.022493419478344157,84.696,0.009020496835741909,87.148,-0.019369348694175503,87.72066666666666,-0.02577119796931171,2640459.6,-0.21576910322733212,2972945.6,-0.30347531417998364,2895079.25,-0.28474151441622886,3179490.1333333333,-0.34872262118672614
2018-12-30,86.09,85.83,84.97,86.54,1748374.0,0.00432951088228406,-0.008204298590247405,0.01012121925385423,84.28200000000001,0.018366911084217064,84.55199999999999,0.015114958841896176,86.9635,-0.013034204005128558,87.71066666666667,-0.021441709864250647,1952326.6,-0.10446643507290232,2853001.0,-0.38718072654022906,2840913.25,-0.38457325298475764,3157909.7,-0.44635085670752395
2019-01-01,84.03,85.92,83.96,86.43,2524098.0,0.0010485844110450504,-0.00590072891357174,0.023344449737970452,85.38199999999999,0.0063010939073810945,84.41299999999998,0.017852700413443667,86.6635,-0.008579159623140042,87.58066666666667,-0.018961566860266066,2186492.8,0.1544048990236786,2812031.0,-0.10239325242147046,2800326.7,-0.09864159778214454,3082948.566666667,-0.1812714531500942
2019-01-02,82.99,80.73,80.55,84.35,4376622.0,-0.060405027932960875,-0.042916419679905005,0.0022346368715084886,84.66,-0.04642097802976608,83.681,-0.03526487494174302,86.0245,-0.06154641991525667,87.28899999999999,-0.07514119763085825,2558015.8,0.7109440840826708,2962305.4,0.4774378090793745,2840968.35,0.5405388095928629,3123238.8666666667,0.40130876530459836
2019-01-03,81.46,82.69,80.46,83.01,3470021.0,0.024278459061067625,-0.003854957234068257,0.02771563509818553,84.126,-0.017069633644770987,83.58099999999999,-0.010660317536282049,85.637,-0.03441269544706149,87.19466666666666,-0.05166218117316046,2837969.0,0.22271279214114048,2887684.2,0.2016622177729821,2821569.15,0.22981958460950702,3011961.033333333,0.15208030967111563
2019-01-06,82.54,83.21,82.08,84.19,2656324.0,0.0062885475873744046,-0.011640337332224804,0.013767056530214372,83.676,-0.005569099861370108,83.628,-0.004998325919548519,85.321,-0.024741857221551644,87.00099999999999,-0.043574211790669004,2955087.8,-0.10110149688276604,2797773.7,-0.05055794898636734,2806514.3,-0.053514888557667395,2878500.9,-0.07718493331025189
2019-01-07,84.27,85.24,82.67,85.28,3993489.0,0.024396106237231097,-0.00046904315197005,0.031087456150961534,83.55799999999999,0.020129730247253397,83.91999999999999,0.01572926596758828,85.26199999999999,-0.00025802819544451516,86.85300000000001,-0.018571609501111253,3404110.8,0.17313719635682845,2678218.7,0.49109891585776766,2858131.55,0.39723764639174863,2892912.4,0.38043896524485166
2019-01-08,85.82,87.4,85.82,88.5,3321565.0,0.025340215861098248,-0.012429378531073398,0.01841062689349826,83.85400000000001,0.04228778591361171,84.61800000000001,0.032877165614880965,85.208,0.025725284010891025,86.81166666666668,0.006777122890548437,3563604.2,-0.06791977627594004,2875048.5,0.15530746698707865,2894180.75,0.14767019993481756,2964864.3333333335,0.12030927103690958
2019-01-09,86.89,88.61,86.57,88.66,2042362.0,0.013844393592677307,-0.0005639521768553424,0.023564745292826705,85.42999999999999,0.03722345780170899,85.045,0.04191898406725847,85.2065,0.03994413571734534,86.76299999999999,0.02128787616841299,3096752.2,-0.34048258688570565,2827384.0,-0.27764958703876097,2891582.8,-0.2936871805988056,2950456.433333333,-0.30778100061874036
2019-01-10,88.07,90.06,88.07,91.11,3029782.0,0.016363841552872183,-0.011524530786960807,0.02259566254116052,86.904,0.036315934824634244,85.515,0.053148570426241104,85.25550000000001,0.05635413551031876,86.779,0.03780868643335378,3008704.4,0.007005540324931836,2923336.7,0.03641226137242404,2928022.55,0.03475364286385019,2964293.8,0.022092344557749444
2019-01-13,88.68,87.5,87.36,88.99,2239285.0,-0.028425494115034478,-0.016743454320710116,0.0016025641025640969,87.76199999999999,-0.002985346733210159,85.71900000000001,0.02077719058785088,85.20750000000001,0.026904908605462907,86.67166666666665,0.009557140934177033,2925296.6,-0.23451010061680588,2940192.2,-0.23838822509630497,2956568.9,-0.24260686094614603,2910116.9,-0.23051716582244508
2019-01-14,87.66,87.61,87.0067,88.54,1960489.0,0.0012571428571428456,-0.010503727128981288,0.006933948764865194,88.236,-0.007094609909787497,85.897,0.019942489260393215,85.2245,0.027990777299954805,86.60799999999999,0.011569370035100723,2518696.6,-0.22162558205700522,2961403.7,-0.33798657710868674,2907202.35,-0.32564411968090223,2881076.7333333334,-0.31952905755072913
2019-01-15,87.6,87.0,86.89,88.52,1667126.0,-0.006962675493665138,-0.017171260732037896,0.0012659684658764547,88.15599999999999,-0.013113117655065953,86.005,0.011569094820068626,85.20899999999999,0.021018906453543762,86.44399999999999,0.0064319096756282335,2187808.8,-0.2379928264298049,2875706.5,-0.42027254867629915,2843868.75,-0.4137823695274263,2825453.3,-0.40996158032412
2019-01-16,86.51,88.81,85.44,88.85,2562998.0,0.020804597701149508,-0.00045019696117043484,0.039442883895131065,88.196,0.0069617669735588805,86.813,0.023003467222650897,85.24699999999999,0.041796192241369434,86.28733333333334,0.029235654518623866,2291936.0,0.11826770031972966,2694344.1,-0.048748821651993235,2828324.75,-0.09381056754532868,2792093.6,-0.08205154726904573
2019-01-17,89.61,91.36,88.43,91.53,3471566.0,0.02871298277221035,-0.001857314541680366,0.03313355196200374,88.45599999999999,0.032829881523017246,87.67999999999999,0.04197080291970812,85.63050000000001,0.06690957077209614,86.318,0.05841191871915474,2380292.8,0.45846174890752955,2694498.6,0.28839035210484054,2791091.4,0.2438023348142595,2779212.3,0.24911868013825367
2019-01-21,90.57,89.13,88.21,90.75,2749466.0,-0.024408931698774117,-0.017851239669421592,0.010429656501530493,88.782,0.003919713455430074,88.27199999999999,0.00971995649809676,85.95,0.036998254799301744,86.30466666666668,0.03273673883992356,2482329.0,0.10761546918236875,2703812.8,0.016884748825806373,2750793.25,-0.0004824971851301596,2772280.466666667,-0.00822949443282639
2019-01-22,89.4,88.86,87.77,89.71,1590502.0,-0.0030292830696734274,-0.00947497491918392,0.012418821920929801,89.03200000000001,-0.0019318896576513422,88.634,0.0025498115847191194,86.277,0.029938454049167174,86.386,0.0286388998217304,2408331.6,-0.3395834693195904,2463514.1,-0.3543767417446485,2570866.4,-0.381336190787666,2726592.4,-0.41667041982512676
2019-01-23,90.53,94.75,90.53,95.5,6478707.0,0.06628404231375207,-0.007853403141361293,0.046614381972826635,90.58200000000001,0.04601355677728458,89.369,0.06021103514641535,86.99350000000001,0.089161833930121,86.595,0.0941740285235868,3370647.8,0.9220955093557981,2779228.3,1.3311172385514354,2827138.4,1.2916129610067903,2855863.2666666666,1.268563441260925
2019-01-24,95.8,97.67,95.55,98.145,4300164.0,0.030817941952506533,-0.004839777879667828,0.02218733647305071,92.354,0.057561123503042655,90.275,0.08191636665743562,87.66,0.11419119324663485,86.89599999999999,0.12398729515742968,3718081.0,0.15655468506468795,3005008.5,0.4309989472575535,2916196.25,0.474579771508862,2929391.3666666667,0.4679376914028137
2019-01-27,94.95,97.34,94.86,97.7,2260147.0,-0.003378724275622025,-0.0036847492323438535,0.026143790849673332,93.55,0.04051309460181729,91.003,0.06963506697581412,88.259,0.10289035679080882,87.17133333333332,0.11665149858133805,3475797.2,-0.3497471601622788,2928045.0,-0.22810373474451384,2925690.85,-0.22748263029909677,2928030.033333333,-0.22809978918590557
2019-01-28,98.3,97.01,96.5732,98.3,2171811.0,-0.0033901787548797913,-0.01312309257375377,0.0045229939569155775,95.126,0.01980531085087156,91.954,0.05498401374600359,88.8365,0.09200610109583329,87.45633333333332,0.10923927750610796,3360266.2,-0.35367888413126325,2921297.6,-0.2565594823341518,2930744.9,-0.2589559739573376,2944811.8,-0.2624958240115718
2019-01-29,97.57,99.01,97.11,99.44,2653877.0,0.020616431295742643,-0.0043242156074013716,0.019565441252188398,97.15599999999999,0.019082712338919006,93.09400000000001,0.06354867123552532,89.4955,0.10631260789648644,87.84766666666665,0.12706465358594254,3572941.2,-0.25722903024544597,2990636.4,-0.11260459479460627,2976020.05,-0.10824626332742615,2935013.7,-0.09578718491160709
2019-01-30,98.74,98.86,98.03,98.96,2588241.0,-0.001514998485001584,-0.0010105092966854468,0.008466795878812494,97.978,0.009002020861826221,94.28,0.04857870173949941,90.1425,0.0967079901267438,88.23266666666667,0.1204466977461105,2794848.0,-0.07392423487788957,3082747.9,-0.16041107351009787,2979227.2,-0.1312374564786466,2923495.1333333333,-0.11467579662124516
2019-01-31,99.17,100.54,98.84,100.63,3074268.0,0.016993728504956618,-0.0008943654973664339,0.017199514366653235,98.552,0.02017209189057545,95.453,0.0532932437953757,91.13300000000001,0.10322276233636551,88.64900000000002,0.1341357488522148,2549668.8,0.20575190001148402,3133874.9,-0.01902019126545218,2914109.5,0.05495967121345302,2930174.8,0.04917563279842563
2019-02-03,100.47,99.7,98.73,100.79,2541880.0,-0.00835488362840664,-0.010814564936997728,0.009824774637901434,99.024,0.006826627888188774,96.287,0.035446114221026725,91.98349999999999,0.0838900454972904,89.18266666666666,0.11793024055496582,2606015.4,-0.024610522255547607,3040906.3,-0.1641044645144113,2867702.45,-0.1136179417777462,2874363.033333333,-0.11567189999231242
2019-02-04,99.54,100.4,99.05,100.51,2472731.0,0.007021063189568633,-0.001094418465824254,0.013629480060575627,99.70200000000001,0.007000862570459843,97.41400000000002,0.030652678259798227,92.843,0.08139547407989833,89.77133333333333,0.11839711266402797,2666199.4,-0.07256336491561732,3013232.8,-0.17937605086470576,2858522.8,-0.13496194607928258,2838273.1,-0.12879031971940968
2019-02-05,101.05,102.41,101.0,103.48,3279378.0,0.020019920318725015,-0.010340162350212623,0.013960396039603973,100.38199999999999,0.020202825207706665,98.769,0.036863793295467184,93.70150000000001,0.09293874697843663,90.441,0.13234042082683728,2791299.6,0.17485704508394573,3182120.4,0.030563771251395755,2822817.25,0.1617393935083824,2774617.7333333334,0.18192065184426842
2019-02-06,101.32,100.63,99.54,102.1,3472016.0,-0.01738111512547602,-0.01439764936336918,0.010950371709865347,100.736,-0.0010522554002542206,99.357,0.01281238362671977,94.363,0.06641374267456523,91.11466666666666,0.1044325099508312,2968054.6,0.16979519177308933,2881451.3,0.20495390638738198,2830339.8,0.22671348507341782,2845242.7,0.2202881673327901
2019-02-07,99.45,100.73,99.07,100.92,2407748.0,0.000993739441518482,-0.0018826793499802097,0.016755829211668738,100.774,-0.0004366205568896442,99.66300000000001,0.010706079487874165,94.96900000000001,0.0606619001990123,91.661,0.09894066178636507,2834750.6,-0.1506314523753871,2692209.7,-0.10566104861742387,2848609.1,-0.15476363534751048,2841534.066666667,-0.15265911176476954
2019-02-10,102.4,101.75,101.02,102.65,2232265.0,0.010126079618782757,-0.008767657087189518,0.007226291823401398,101.184,0.005593769765970924,100.10400000000001,0.016442899384639942,95.5535,0.06484848801980037,92.20733333333332,0.103491407046439,2772827.6,-0.19494994928642517,2689421.5,-0.1699832101438915,2808733.25,-0.20524136637040913,2846934.4,-0.21590571247444268
2019-02-11,103.13,104.06,102.88,104.88,3693593.0,0.022702702702702693,-0.00781845919145685,0.011469673405909875,101.916,0.02103693237568205,100.809,0.032249104742632095,96.38149999999999,0.07966777856746377,92.82733333333334,0.12100602552409123,3017000.0,0.22426019224395088,2841599.7,0.29982875490872263,2881448.65,0.2818527930386683,2901029.8333333335,0.2732006260535411
2019-02-12,104.43,104.42,103.47,105.09,2417148.0,0.0034595425715933104,-0.006375487677229064,0.009181405238233298,102.31800000000001,0.020543794835708118,101.35,0.03029107054760738,97.22200000000001,0.07403674065540722,93.44699999999999,0.11742485044998774,2844554.0,-0.15025413474309157,2817926.8,-0.14222470221724703,2904281.6,-0.1677294653521202,2923322.3,-0.17315035704410697
2019-02-13,104.23,104.49,103.61,105.035,2971563.0,0.0006703696609844378,-0.005188746608273398,0.008493388669047253,103.09,0.013580366669899924,101.91300000000001,0.025286273586293984,98.0965,0.06517561788646886,94.06599999999999,0.11081581017583408,2744463.4,0.08274827057267364,2856259.0,0.040368888115538626,2969503.45,0.0006935671349361794,2938237.8,0.01134190023693793
2019-02-14,105.37,105.74,104.285,105.83,2289419.0,0.011962867260024934,-0.000850420485684622,0.013952150357194215,104.09200000000001,0.015832148484033137,102.43299999999999,0.03228451768473062,98.94300000000001,0.06869611796691011,94.89966666666668,0.1142294142234428,2720797.6,-0.1585485814894868,2777774.1,-0.17580806876988309,2955824.5,-0.22545502955266794,2868664.3666666667,-0.20192162366479238
2019-02-18,105.44,104.22,104.15,105.7,3722183.0,-0.014374881785511606,-0.014001892147587514,0.0006721075372058127,104.58599999999998,-0.003499512363031254,102.88500000000002,0.012975652427467343,99.586,0.04653264515092492,95.61733333333333,0.08996974049335549,3018781.2,0.23300854000283278,2895804.4,0.2853710008866621,2968355.35,0.25395465202641576,2877069.7666666666,0.2937409593346323
2019-02-19,105.1,106.82,104.71,108.28,4811711.0,0.024947227019765927,-0.013483561137791034,0.020150892942412346,105.13799999999999,0.015998021647739114,103.527,0.0318081273484212,100.4705,0.06319765503306929,96.40433333333334,0.10804147808016906,3242404.8,0.48399453393357916,3129702.4,0.5374340384568195,3071467.6,0.5665836748530246,2948916.0,0.6316880507956144
2019-02-20,106.33,105.28,104.92,106.8,3518525.0,-0.014416775884665722,-0.014232209737827684,0.0034311856652686767,105.30999999999999,-0.00028487323141190846,103.814,0.014121409443813127,101.2915,0.03937645310810889,97.07233333333333,0.08455206941902427,3462680.2,0.016127622758809634,3153617.1,0.11571090859445166,3167868.75,0.1106915335428591,2933083.8666666667,0.19959917954840622
2019-02-21,106.08,105.91,105.19,106.33,2248044.0,0.005984042553191404,-0.0039499670836076195,0.006844757106188704,105.59399999999998,0.0029925942761901414,104.34200000000001,0.015027505702401633,101.8495,0.039867647852959376,97.68933333333332,0.08415111851174473,3317976.4,-0.3224653436353555,3031219.9,-0.25836987280269563,2956335.6,-0.2395843015928233,2897299.8333333335,-0.2240899702073178
2019-02-24,106.8,107.9,106.61,108.22,3987499.0,0.018789538287225183,-0.0029569395675475008,0.012100178219679236,106.026,0.017674909927753557,105.059,0.027041947857870507,102.361,0.054112406092164056,98.33233333333334,0.09729929456909736,3657592.4,0.09019774866111385,3189195.0,0.2503152049341606,2940702.35,0.3559682434368101,2962137.7333333334,0.3461558370929678
2019-02-25,107.36,107.18,106.8,107.8599,2083544.0,-0.00667284522706213,-0.006303547472230053,0.0035580524344569486,106.61800000000001,0.005271154964452407,105.602,0.014942898808734784,102.853,0.04206975003159852,98.903,0.08368805799621848,3329864.6,-0.3742856691530341,3174322.9,-0.3436256910095693,2931872.2,-0.2893469231025828,2930596.466666667,-0.289037564980799
2019-02-26,106.33,105.93,104.97,106.62,2617056.0,-0.01166262362381043,-0.006471581316826125,0.009145470134324096,106.44000000000001,-0.004791431792559253,105.78900000000002,0.0013328417888438526,103.299,0.02546975285336739,99.51733333333333,0.06443768589726417,2890933.6,-0.09473673141437777,3066669.2,-0.14661287888501318,2954134.45,-0.11410396368384657,2943188.8333333335,-0.1108093472086088
2019-02-27,104.95,106.96,104.95,107.215,3212327.0,0.00972340224676671,-0.0023783985449797873,0.01915197713196748,106.776,0.0017232336854724473,106.04299999999998,0.008647435474288923,103.69649999999999,0.03147165044143252,100.16233333333334,0.06786649672032397,2829694.0,0.13522062809618274,3146187.1,0.021022239904295636,2982056.95,0.07721852864010526,2984916.7666666666,0.07618645714777772
2019-02-28,107.84,108.44,106.7501,108.79,2821391.0,0.013836948391922288,-0.003217207463921401,0.015830430135428397,107.282,0.010793982215096642,106.43799999999999,0.01880907194798853,104.17550000000001,0.040935728650210335,100.877,0.07497249125172245,2944363.4,-0.041765360892612624,3131169.9,-0.09893391604205182,2993714.45,-0.057561752424316937,3023392.2666666666,-0.06681278803738422
2019-03-03,109.0,108.66,106.76,109.48,2518086.0,0.002028771670970153,-0.007489952502740316,0.01779692768827279,107.43400000000001,0.011411657389652996,106.72999999999999,0.018083013210905996,104.5815,0.03899829319717152,101.53866666666667,0.07013420174908735,2650480.8,-0.04995123903557419,3154036.6,-0.20163069762728814,2965905.35,-0.15098909005980254,3021895.2,-0.16671961357230392
2019-03-04,108.61,108.23,107.96,109.04,2843095.0,-0.003957297993741893,-0.007428466617754981,0.002500926268988568,107.644,0.00544387053621187,107.131,0.010258468603858928,105.00800000000001,0.030683376504647253,102.10100000000001,0.06002879501669911,2802391.0,0.014524739766863304,3066127.8,-0.07274086879222708,2980966.1,-0.046250475642779065,3000946.1666666665,-0.052600465953043574
2019-03-05,108.32,106.79,106.56,108.6575,2027957.0,-0.013304998614062646,-0.017187032648459555,0.0021584084084085298,107.816,-0.009516212807004543,107.128,-0.0031551041744454222,105.32750000000001,0.013885262633215323,102.68966666666667,0.03992936647309531,2684571.2,-0.24458811150175497,2787752.4,-0.272547662410765,2958727.4,-0.3145847096288762,2976895.8666666667,-0.31876790763568974
2019-03-06,106.76,105.68,105.221,106.76,2507023.0,-0.010394231669631937,-0.010116148370176048,0.0043622470799555835,107.55999999999999,-0.01747861658609129,107.168,-0.013884741713944493,105.49099999999999,0.0017916220341074318,103.25033333333334,0.023531804578516224,2543510.4,-0.014345292238632013,2686602.2,-0.06684249718845614,2920109.65,-0.14146271870304594,3007446.566666667,-0.16639483215201933
2019-03-07,104.75,105.41,104.12,105.68,4791732.0,-0.002554882664648095,-0.002554882664648095,0.01238955051863222,106.954,-0.014436112721356809,107.11800000000001,-0.015945032580892193,105.72999999999999,-0.003026577130426533,103.60566666666666,0.01741539233696998,2937578.6,0.6311842685673159,2940971.0,0.6293027030868377,2986095.45,0.6046814578549389,2951214.066666667,0.6236477231935122
2019-03-10,105.45,107.68,105.43,107.74,2884084.0,0.021534958732568166,-0.0005568962316687687,0.021341174238831417,106.758,0.008636355120927863,107.096,0.005453051467841918,106.07750000000001,0.015106879404209073,103.93933333333334,0.03598894226760474,3010778.2,-0.04208021700170417,2830629.5,0.01888431530866197,3009912.25,-0.041804624038458305,2904011.4,-0.006862025403894689
2019-03-11,107.67,107.91,106.66,108.55,2392048.0,0.0021359583952451633,-0.005895900506678986,0.011719482467654307,106.694,0.011397079498378426,107.16900000000001,0.006914312907650322,106.38550000000001,0.014329960379938944,104.29166666666667,0.03469436675988802,2920568.8,-0.18096502297771577,2861479.9,-0.1640521395939213,3017901.4,-0.20738033389692578,2908408.1,-0.17754045589406797
2019-03-12,108.42,108.08,107.69,109.06,1814147.0,0.0015753868964878404,-0.00898587933247752,0.0036215061751323496,106.952,0.010546787343855168,107.38400000000001,0.00648141250093115,106.5865,0.014012093463994013,104.66066666666667,0.03267066264945129,2877806.8,-0.3696077860403971,2781189.0,-0.34770812051967703,2923929.1,-0.3795516450792189,2896485.966666667,-0.3736731263753519
2019-03-13,108.39,108.25,107.12,108.39,1961349.0,0.0015729089563285559,-0.0012916320693791006,0.010548917102315203,107.46599999999998,0.007295330616195139,107.513,0.00685498497856063,106.77799999999999,0.013785611268238851,104.96866666666666,0.031260122068172747,2768672.0,-0.2915921423700605,2656091.2,-0.26156564202313537,2901139.15,-0.3239383226412976,2873401.7,-0.317412180830825
2019-03-14,108.98,109.39,108.35,110.6473,4574397.0,0.010531177829099292,-0.011363133126610414,0.009598523304107154,108.26199999999999,0.010419168313905214,107.60799999999999,0.016560107055237694,107.023,0.022116741261224204,105.31966666666666,0.03864741944366212,2725205.0,0.6785515218121205,2831391.8,0.6156001440704888,2981280.85,0.5343730531123896,2939606.9,0.5561254125509094
2019-03-17,109.03,109.15,108.43,110.3678,2745885.0,-0.0021939848249382665,-0.011034015355928073,0.006640228718989283,108.556,0.005471830207450568,107.657,0.01386811819017808,107.1935,0.018252039535979314,105.60666666666665,0.03355217473644356,2697565.2,0.01791237520412836,2854171.7,-0.037939798786457146,3004104.15,-0.08595545863481457,2928660.8,-0.06240934422996336
2019-03-18,109.91,109.95,109.29,110.3778,1944912.0,0.007329363261566524,-0.0038757793686773345,0.006038978863573963,108.96400000000001,0.009048860174002415,107.829,0.01967003310797666,107.47999999999999,0.022981019724600094,105.94833333333334,0.037769982224040044,2608138.0,-0.2542909922711145,2764353.4,-0.2964314909953264,2915240.6,-0.3328468326079158,2908761.8666666667,-0.3313608713425561
2019-03-19,109.97,108.61,108.12,110.265,2640754.0,-0.012187357889949957,-0.015009295787421273,0.004532001479837122,109.07000000000001,-0.004217475016044858,108.01100000000001,0.005545731453277858,107.56949999999999,0.009672816179307375,106.222,0.02248121857995522,2773459.4,-0.04784832977904774,2825633.1,-0.0654292660996929,2806692.75,-0.05912252062503098,2914362.6333333333,-0.09388283743550152
2019-03-20,109.0,110.18,108.5,111.12,3724878.0,0.014455390847988303,-0.008459323254139672,0.015483870967742064,109.45599999999999,0.006614530039467992,108.46099999999998,0.01584901485326551,107.8145,0.02194046255373827,106.48100000000001,0.03473859186145889,3126165.2,0.19151668632227103,2947418.6,0.26377637706432333,2817010.4,0.3222805283217982,2929212.6333333333,0.27163113992214005
2019-03-21,109.79,107.4,107.32,109.99,2300198.0,-0.025231439462697458,-0.02354759523593042,0.000745434215430496,109.05799999999999,-0.01520291954739672,108.66,-0.011595803423522844,107.88900000000001,-0.004532436114895955,106.70666666666668,0.006497563413719876,2671325.4,-0.13893006071068692,2698265.2,-0.14752708518050794,2819618.1,-0.18421647243646222,2890152.033333333,-0.20412560534156898
2019-03-24,104.84,105.25,104.0,106.09,2690762.0,-0.02001862197392934,-0.007917805636723618,0.012019230769230838,108.27800000000002,-0.027965052919337485,108.417,-0.029211286052925334,107.7565,-0.023260777772106556,106.85733333333334,-0.01504186267047658,2660300.8,0.011450284118247112,2678933.0,0.004415563957739899,2754781.25,-0.023239322541490415,2899585.8333333335,-0.07201850379206465
2019-03-25,106.03,107.1,105.72,107.14,3310002.0,0.017577197149643675,-0.0003733432891543931,0.013053348467650272,107.708,-0.0056448917443459035,108.33599999999998,-0.011408949933540025,107.75250000000001,-0.006055543954896825,107.03566666666667,0.0006010457573331074,2933318.8,0.12841536351248295,2770728.4,0.1946324295084283,2816104.15,0.1753833749366125,2935510.4,0.1275729086158237
2019-03-26,106.96,104.96,103.78,107.47,2621058.0,-0.019981325863678845,-0.02335535498278596,0.011370206205434608,106.978,-0.01886369160014212,108.024,-0.02836406724431617,107.70400000000002,-0.02547723390031964,107.06566666666667,-0.01966705791149992,2929379.6,-0.10525150103455361,2851419.5,-0.08078835821947628,2816304.25,-0.06932711549187198,2899759.2333333334,-0.09611185305648995
2019-03-27,105.06,104.07,103.3,105.64,2615227.0,-0.008479420731707377,-0.014861794774706616,0.007454017424975756,105.756,-0.01594235788040399,107.606,-0.03286062115495425,107.5595,-0.03244250856502684,107.054,-0.02787378332430368,2707449.4,-0.03406246484237152,2916807.3,-0.1033939746379543,2786449.25,-0.06144818535632757,2906361.8666666667,-0.10017158221270361
2019-03-28,105.17,105.27,104.5964,105.76,2777696.0,0.01153070049005489,-0.004633131618759556,0.006439992198584266,105.33,-0.0005696382796923638,107.194,-0.017948765789130072,107.401,-0.019841528477388515,107.08,-0.01690324990661185,2802949.0,-0.009009439700829347,2737137.2,0.01481796382000855,2784264.5,-0.002359150863720072,2899899.6333333333,-0.04214064236177184
2019-03-31,106.52,108.28,106.26,108.62,3445825.0,0.028593141445806047,-0.003130178604308642,0.019009975531714574,105.93599999999999,0.022126566983839302,107.107,0.01095166515727275,107.38199999999999,0.00836266785867279,107.16466666666666,0.01040765924091902,2953961.6,0.16650974745237046,2807131.2,0.22752545374437783,2830651.45,0.21732578555371052,2938446.5,0.17266895960161266
2019-04-01,108.13,108.11,107.41,108.49,1684171.0,-0.0015700036941264095,-0.003502626970227629,0.006517084070384538,106.13799999999999,0.018579585068495774,106.923,0.011101446835573237,107.376,0.006835791983310857,107.29433333333334,0.007602141150666375,2628795.4,-0.3593373603742611,2781057.1,-0.39441336893082857,2772705.25,-0.3925892411391366,2870512.7666666666,-0.413285661169271
2019-04-02,109.62,109.84,109.16,111.06,2739523.0,0.0160022199611507,-0.010985053124437205,0.006229388054232343,107.11399999999999,0.02544952107100862,107.046,0.026100928572763138,107.52850000000001,0.02149662647577144,107.395,0.022766423017831494,2652488.4,0.03281243378858889,2790934.0,-0.01842071507244525,2808283.55,-0.02448490288667604,2801439.8333333335,-0.022101789442916853
2019-04-03,109.76,110.54,109.14,110.96,2435746.0,0.006372906045156723,-0.0037851478010092476,0.012827560930914528,108.40799999999999,0.01966644528079131,107.082,0.032293009095833325,107.77149999999999,0.02568860969736919,107.57033333333332,0.02760674411470343,2616592.2,-0.06911516437295817,2662020.8,-0.08500113898433848,2804719.7,-0.1315545721021606,2765347.2,-0.11918980734137119
2019-04-04,111.09,111.46,110.55,111.7999,2528968.0,0.008322779084494192,-0.003040253166594953,0.008231569425599217,109.646,0.01654415117742536,107.48799999999999,0.036952962191128425,108.074,0.03133038473638439,107.75533333333333,0.0343803554967117,2566846.6,-0.014756861590404347,2684897.8,-0.05807662399663771,2691581.5,-0.06041559581235045,2774711.3333333335,-0.08856536908223733
2019-04-07,110.75,111.74,110.36,111.825,2237860.0,0.0025121119684192728,-0.0007601162530740391,0.012504530627038823,110.33800000000001,0.012706411209193469,108.13699999999999,0.03331884553852982,108.277,0.031982784894298844,107.88333333333334,0.03574849374324107,2325253.6,-0.037584545616873855,2639607.6,-0.1521997436285606,2659270.3,-0.15846839638678323,2716390.033333333,-0.17616396300280934
2019-04-08,111.5,110.49,110.08,111.73,1856912.0,-0.011186683372113815,-0.011098183120021532,0.0037245639534884134,110.81400000000001,-0.0029238182901079046,108.476,0.018566318817065497,108.40599999999999,0.01922402819032154,107.99366666666667,0.02311555307255664,2359801.8,-0.21310679566394086,2494298.6,-0.2555374083920827,2632513.5,-0.29462394020011673,2708835.6333333333,-0.3144980901942014
2019-04-09,110.4,112.07,109.95,112.12,1966665.0,0.014299936645850275,-0.00044595076703546344,0.01928149158708492,111.25999999999999,0.007280244472406938,109.18699999999998,0.026404242263273092,108.6055,0.031899857742011095,108.19833333333334,0.03578305272724469,2205230.2,-0.108181540412425,2428859.3,-0.19029274359366966,2640139.4,-0.2550904698441302,2687155.933333333,-0.2681239761324854
2019-04-10,112.37,111.82,111.17,112.68,1784942.0,-0.0022307486392433296,-0.007632232871849554,0.0058469011423945005,111.516,0.002726066214713496,109.96199999999999,0.01689674614866954,108.78399999999999,0.027908515958229074,108.36033333333333,0.03192742731811449,2075069.4,-0.13981575748743624,2345830.8,-0.23910027952570145,2631319.05,-0.3216550459739954,2639576.433333333,-0.3237771115625836
2019-04-11,112.82,114.21,112.14,114.29,1984198.0,0.021373636201037494,-0.0006999737509844062,0.018459069020866803,112.06599999999999,0.01913158317420094,110.856,0.030255466551201593,109.025,0.047557899564319994,108.55266666666667,0.052116023558457014,1966115.4,0.009197120372486767,2266481.0,-0.12454681949683233,2501809.1,-0.20689472270286335,2611670.0,-0.2402570003101464
2019-04-14,114.44,112.94,112.62,114.5875,1420540.0,-0.01111986691182909,-0.0143776589942185,0.0028414136032675064,112.306,0.005645290545474024,111.322,0.014534413682830039,109.2145,0.03411177087291528,108.69533333333332,0.0390510478830739,1802651.4,-0.21197187653697214,2063952.5,-0.3117380366069471,2435541.85,-0.41674580545598094,2575085.1333333333,-0.44835221887939136
2019-04-15,113.33,114.6,113.25,114.99,2298586.0,0.014698069771560185,-0.0033915992695017216,0.01192052980132452,113.128,0.013011809631567672,111.971,0.023479293745702012,109.44699999999997,0.04708214935082755,108.90766666666666,0.05226751713224975,1890986.2,0.21554879670724203,2125394.0,0.08148700899692018,2453225.55,-0.06303519462366591,2556934.8333333335,-0.10103848950915129
2019-04-16,115.08,114.4,113.85,115.93,2505875.0,-0.0017452006980801515,-0.013197619252997561,0.004830917874396157,113.59400000000001,0.007095445181963811,112.42699999999999,0.017549165236108832,109.7365,0.0424972547876048,109.16133333333332,0.04799013081555148,1998828.2,0.2536720264402914,2102029.2,0.19212187918226808,2446481.6,0.024277067932985785,2572865.433333333,-0.026037286080112687
2019-04-17,115.09,114.79,113.76,115.09,2052786.0,0.003409090909090917,-0.002606655660787216,0.009054149085794716,114.18800000000002,0.005272007566469172,112.852,0.01717293446283641,109.96699999999998,0.043858612129093366,109.46499999999999,0.04864568583565543,2052397.0,0.0001895344809019761,2063733.2,-0.0053045616555472686,2362877.0,-0.13123450776320567,2557724.2,-0.1974169849900158
2019-04-21,114.41,113.61,113.45,114.6,2295854.0,-0.01027964108371815,-0.00863874345549731,0.0014103129131775027,114.06799999999998,-0.004015148858575457,113.06699999999998,0.0048024622568920705,110.27749999999999,0.030219219695767574,109.73833333333333,0.03528089546345092,2114728.2,0.08564968301836595,2040421.8,0.12518597870303094,2362659.8,-0.028275674728964306,2474528.2666666666,-0.07220538519341757
2019-04-22,113.57,114.11,113.2201,114.4,3437855.0,0.004401021036880559,-0.0025349650349650865,0.00785991180011325,114.30199999999999,-0.0016797606341095728,113.304,0.007113605874461637,110.72049999999999,0.030613120424853646,109.95266666666666,0.03781020924155243,2518191.2,0.3652080906326731,2160421.3,0.5912891619796565,2400014.45,0.43243095890526817,2492987.3,0.3790102340272654
2019-04-23,114.78,117.29,114.15,118.54,5727388.0,0.027867846814477293,-0.010544963725324763,0.027507665352606292,114.84,0.021334029954719558,113.98400000000001,0.02900407074677136,111.22999999999999,0.054481704576103684,110.26533333333333,0.06370693720601217,3203951.6,0.7876012858621209,2547468.9,1.2482661122967977,2520883.75,1.271976246425485,2604165.3,1.1993181462021631
2019-04-24,116.38,115.02,113.51,116.4,2953030.0,-0.019353738596640913,-0.011855670103092852,0.013302792705488509,114.96400000000001,0.0004871090080371676,114.27900000000002,0.006484130942692623,111.73299999999999,0.029418345520124012,110.49666666666667,0.04093637817128726,3293382.6,-0.10334438519229439,2646105.4,0.11599107125513597,2537482.35,0.16376375977551128,2642128.066666667,0.11767103088442266
2019-04-25,113.25,114.44,112.16,114.5899,2244943.0,-0.0050426012867327286,-0.0013081432133198456,0.02032810271041363,114.894,-0.003951468309920547,114.54099999999998,-0.0008817803232029631,112.25150000000001,0.019496398711821072,110.703,0.03375698942214744,3331814.0,-0.32620998651185207,2692105.5,-0.16610140278677787,2518968.15,-0.10878468233113625,2651581.2,-0.15335687249555097
2019-04-28,114.25,113.88,113.4,114.79,1877377.0,-0.00489339391821042,-0.007927519818799689,0.004232804232804144,114.94800000000001,-0.00929115774089162,114.508,-0.005484332972368722,112.68200000000002,0.010631689178395742,110.85266666666668,0.02730952194805103,3248118.6,-0.42201094504369396,2681423.4,-0.2998580530027447,2473952.2,-0.2411425734094621,2561680.533333333,-0.26713070752928647
2019-04-29,114.46,116.24,113.93,116.83,2624811.0,0.020723568668774117,-0.005050072755285462,0.02027560782936888,115.374,0.007506023887531077,114.83800000000001,0.01220850241209348,113.08,0.027944817828086332,111.089,0.04636822727722811,3085509.8,-0.14931043161813973,2801850.5,-0.0631866332625527,2432901.5,0.07888091646949125,2557644.7333333334,0.02626098370555563
2019-04-30,116.56,114.7,114.64,116.96,1601859.0,-0.01324845147969711,-0.01932284541723661,0.0005233775296580312,114.856,-0.0013582224698752698,114.848,-0.0012886597938144284,113.40949999999998,0.01137911726971752,111.24733333333332,0.031035949925391604,2260404.0,-0.29133951275966596,2732177.8,-0.413706165096576,2428785.9,-0.34046924432491144,2546209.6333333333,-0.37088487176016627
2019-05-01,114.83,116.96,114.55,117.42,2223530.0,0.01970357454228422,-0.003917560892522598,0.02103884766477515,115.244,0.01489014612474393,115.104,0.016124548234639935,113.7655,0.028079690240011113,111.52566666666667,0.04872719882119814,2114504.0,0.05156102802359319,2703943.3,-0.17767136611185597,2402986.25,-0.07468051471372339,2532302.1666666665,-0.1219333816995114
2019-05-02,117.58,116.95,115.93,117.96,2476296.0,-8.549931600543292e-05,-0.008562224482875469,0.00879841283533156,115.74600000000001,0.01040208732915171,115.32000000000001,0.01413458203260487,114.08600000000001,0.025103869011096736,111.75133333333333,0.046519952036366385,2160774.6,0.14602235698253763,2746294.3,-0.09831368036557475,2405013.75,0.029639019735334227,2490682.7666666666,-0.005776234074932329
2019-05-05,114.07,114.93,113.4,115.39,2248065.0,-0.017272338606242,-0.003986480630903788,0.013492063492063444,115.95599999999999,-0.00884818379385266,115.452,-0.004521359526036717,114.2595,0.005868221023197284,112.00233333333333,0.026139336382873024,2234912.2,0.0058851528932544195,2741515.4,-0.1799918395497614,2390968.6,-0.059768078928347346,2488945.0,-0.09677996098748665
2019-05-06,113.4,113.68,111.79,114.29,2965415.0,-0.010876185504219982,-0.005337299851255528,0.01690670006261752,115.444,-0.015280135823429464,115.40900000000002,-0.014981500576211726,114.35649999999998,-0.005915710956526099,112.28333333333332,0.012438770966305635,2303033.0,0.2876129000322618,2694271.4,0.10063707761586316,2427346.35,0.22166949928674162,2498100.1,0.1870681242917367
2019-05-07,112.46,110.55,110.47,112.97,3819496.0,-0.027533427163969115,-0.02142161635832518,0.0007241785100027265,114.61399999999999,-0.035458146474252605,114.73500000000001,-0.03647535625571985,114.3595,-0.033311618186508296,112.39833333333333,-0.0164444905766693,2746560.4,0.3906470070710988,2503482.2,0.5256733201458352,2525475.55,0.5123868453210725,2515083.2333333334,0.5186360234042353
2019-05-08,109.14,110.55,107.845,111.09,3408786.0,0.0,-0.004860923575479403,0.025082294033103025,113.332,-0.02454734761585431,114.28799999999998,-0.03270684586308259,114.2835,-0.03266875795718549,112.58466666666666,-0.01807232482812937,2983611.6,0.14250326684612702,2549057.8,0.33727293276755055,2597581.6,0.31229217207266946,2541340.8333333335,0.34133365949536465
2019-05-09,110.21,110.6,107.68,111.15,2422025.0,0.00045228403437347353,-0.00494826810616289,0.027117384843982073,112.06200000000001,-0.013046349342328512,113.904,-0.029006882989183858,114.22250000000001,-0.03171441703692368,112.80233333333334,-0.01952382781680051,2972757.4,-0.1852597860827796,2566766.0,-0.05639041502030184,2629435.75,-0.07888032632096065,2534900.7666666666,-0.04452867273975991
2019-05-12,107.14,104.23,103.66,107.68,4900330.0,-0.05759493670886062,-0.03203937592867756,0.005498745900057944,109.922,-0.051782172813449434,112.939,-0.0771124235206615,113.72350000000002,-0.08347878846500512,112.76766666666667,-0.07571023609013217,3503210.4,0.39881121613477744,2869061.3,0.7079906936808915,2775242.35,0.7657304775563114,2605655.2333333334,0.8806517214217788
2019-05-13,105.17,106.75,104.98,107.21,2271873.0,0.02417730020147757,-0.004290644529428178,0.016860354353210205,108.53600000000002,-0.016455369646937612,111.98999999999998,-0.046789891954638674,113.41400000000002,-0.05875817800271588,112.71666666666667,-0.05293508797870772,3364502.0,-0.3247520732637401,2833767.5,-0.19828532157278256,2817809.0,-0.19374485637599992,2566523.5,-0.11480529985406329
2019-05-14,105.59,107.89,105.53,108.83,2305627.0,0.010679156908665055,-0.00863732426720576,0.022363309011655508,108.00399999999999,-0.0010555164623531343,111.309,-0.030716294279887535,113.0785,-0.04588405399788642,112.70933333333332,-0.04275895518856754,3061728.2,-0.24695242379777538,2904144.3,-0.20609075795579435,2818161.05,-0.18186826121949273,2587238.7,-0.10884643152562623
2019-05-15,105.66,104.7,104.06,106.18,4409779.0,-0.029567151728612462,-0.013938594838952767,0.006150297905054725,106.83399999999999,-0.019974914353108386,110.083,-0.048899466765985666,112.59349999999999,-0.0701061784206014,112.53800000000001,-0.06964758570438434,3261926.8,0.3518939174232849,3122769.2,0.4121373427149211,2913356.25,0.5136422124825963,2642913.9,0.6685291942351963
2019-05-16,103.22,100.83,100.185,103.86,5468061.0,-0.03696275071633237,-0.029173887926054354,0.006438089534361424,104.88,-0.03861556064073224,108.471,-0.07044279116077112,111.89550000000001,-0.09889137632880696,112.21433333333334,-0.10145168620764444,3871134.0,0.41252175719052864,3421945.7,0.5979391490636452,3084120.0,0.7729728415236761,2743991.066666667,0.9927400881237076
2019-05-19,97.88,97.5,96.7179,99.24,4505996.0,-0.03302588515322824,-0.017533252720677073,0.008086403861125913,103.53399999999999,-0.05828037166534661,106.728,-0.08646278389925788,111.09,-0.12233324331623008,111.74900000000001,-0.12750897099750336,3792267.2,0.18820635845491052,3647738.8,0.2352847193993166,3194627.1,0.4104920101629388,2809892.0,0.6036189291261016
2019-05-20,101.42,99.88,99.1,101.75,4636632.0,0.024410256410256403,-0.018378378378378413,0.00787083753784068,102.16,-0.022317932654659423,105.348,-0.05190416524281427,110.37849999999999,-0.0951136317308171,111.35366666666665,-0.10303806789777914,4265219.0,0.08707946766625585,3814860.5,0.21541325036656,3254565.95,0.4246544919453852,2889851.066666667,0.6044536182095288
2019-05-21,98.84,101.44,98.5867,103.1,5187128.0,0.015618742490989268,-0.016100872938894284,0.028942037820517408,100.87,0.005650837711906442,104.43699999999998,-0.028696726256020266,109.58599999999998,-0.0743343127771795,111.05199999999999,-0.08655404675287248,4841519.2,0.07138437042653889,3951623.7,0.3126573767638856,3227552.95,0.607139551343379,3000858.2666666666,0.7285481482475435
2019-05-22,99.48,98.73,97.6,100.56,3387311.0,-0.02671529968454256,-0.01819809069212408,0.011577868852459039,99.676,-0.009490750030097472,103.255,-0.04382354365406027,108.77149999999999,-0.09231738093158581,110.60733333333333,-0.10738287395049151,4637025.6,-0.2695078069010445,3949476.2,-0.142339179053668,3249267.0,0.042484658847672385,3048213.1333333333,0.11124480206403775
2019-05-23,99.57,98.42,98.33,100.42,2283096.0,-0.003139876430669486,-0.019916351324437365,0.0009152852639073839,99.19399999999999,-0.007802891303909432,102.037,-0.03544792575242317,107.97049999999999,-0.08845471679764372,110.16066666666667,-0.10657766534939883,4000032.6,-0.42923065177018804,3935583.3,-0.4198837056758524,3251174.65,-0.2977627332324334,3064818.2666666666,-0.2550631713367061
2019-05-27,98.66,97.11,96.76,99.14,3602466.0,-0.013310302783987038,-0.020476094411942758,0.003617197188920951,99.116,-0.020238911981920182,101.325,-0.041598815692080016,107.13199999999999,-0.09354814621214946,109.59066666666668,-0.11388439404815509,3819326.6,-0.056779799873621695,3805796.9,-0.053426629256017266,3337429.1,0.07941349225965566,3118760.533333333,0.15509541739316623
2019-05-28,96.12,98.11,95.94,98.83,3051160.0,0.010297600659046502,-0.007285237276130729,0.022618303106108018,98.762,-0.006601729410096957,100.461,-0.02340211624411459,106.22550000000001,-0.07639879313347553,109.09633333333335,-0.10070304837620592,3502232.2,-0.1287956292561071,3883725.6,-0.21437292068214087,3358746.55,-0.09157777921647581,3173114.533333333,-0.038433700407662474
2019-05-29,97.82,98.06,97.37,99.57,2099646.0,-0.000509632045663011,-0.015165210404740281,0.007086371572352812,98.086,-0.00026507350692250853,99.478,-0.014254408009811148,105.39349999999999,-0.0695820899770857,108.54500000000002,-0.09659588189230284,2884735.8,-0.2721531032408583,3863127.5,-0.45649062838335,3383635.9,-0.3794704684389949,3166483.2,-0.336915477713572
2019-05-30,96.99,96.62,96.48,98.22,2156827.0,-0.014684886803997488,-0.01628996131134186,0.0014510779436152088,97.66400000000002,-0.010689711664482404,98.66999999999999,-0.020776325124151063,104.3765,-0.07431270448807914,107.95233333333334,-0.10497534405617293,2638639.0,-0.18259868060769202,3637832.3,-0.4071120320747056,3380300.75,-0.3619422768817242,3154848.2666666666,-0.31634525096230726
2019-06-02,97.31,96.07,95.51,98.32,2899954.0,-0.005692403229145215,-0.022884458909682714,0.005863260391581804,97.194,-0.011564499866246969,98.194,-0.021630649530521295,103.33250000000001,-0.07028282486149096,107.32833333333335,-0.1048961908163426,2762010.6,0.04994311028350151,3381021.6,-0.1422846869715355,3401483.65,-0.14744438063078735,3183087.2,-0.0889492439918077
2019-06-03,97.51,100.97,96.91,101.08,3588576.0,0.05100447590298751,-0.001088246933122261,0.04189454132700443,97.966,0.030663699650899323,98.541,0.02464963822165389,102.6345,-0.016217743546273478,106.907,-0.05553424939433338,2759232.6,0.3005703107450963,3289279.6,0.0909914742425666,3468509.2,0.0346162553064584,3226177.933333333,0.11233046476523145
2019-06-04,101.64,99.87,98.43,102.43,1785823.0,-0.010894325047043574,-0.024992677926388818,0.014629686071319759,98.318,0.015785512317174843,98.53999999999999,0.013497057032677118,101.94399999999999,-0.02034450286431755,106.43233333333333,-0.061657328443424086,2506165.2,-0.28742805941124716,3004198.7,-0.405557628395219,3409529.6,-0.4762259873033512,3171110.2,-0.43684612411136015
2019-06-05,99.71,99.97,98.63,100.31,1881136.0,0.0010013016921996964,-0.003389492573023678,0.01358612998073605,98.7,0.012867274569402287,98.393,0.01602756293638774,101.41499999999999,-0.01424838534733519,105.855,-0.05559491757592938,2462463.2,-0.23607548734129313,2673599.5,-0.29640321970437233,3312611.6,-0.4321290186872496,3042901.8,-0.3817953638858802
2019-06-06,100.67,100.69,99.73,100.99,3046367.0,0.0072021606481944556,-0.002970591147638313,0.009625990173468324,99.514,0.011817432723034038,98.58900000000001,0.021310693890798982,100.922,-0.002298805017736494,105.37733333333334,-0.04448141915402437,2640371.2,0.15376466763461138,2639505.1,0.15414325208161173,3294490.65,-0.07531472277816298,3046013.033333333,0.00011620655026534088
2019-06-09,104.29,106.55,103.13,107.53,4179081.0,0.05819843082729159,-0.009113735701664738,0.033162028507708774,101.60999999999999,0.0486172620805041,99.402,0.07191002193114815,100.7195,0.057888492297916594,105.11433333333333,0.013658143672128364,2896196.6,0.442954873988872,2829103.6,0.4771749610017815,3382343.45,0.23555784969146165,3110484.3,0.3435467267910661
2019-06-10,107.67,105.17,104.67,108.56,2325055.0,-0.012951665884561203,-0.03122697126013263,0.004776917932549862,102.45,0.026549536359199655,100.208,0.04951700463036879,100.7665,0.04370003919953569,104.824,0.003300770815843679,2643492.4,-0.12046087214020362,2701362.5,-0.13930285180163715,3253579.7,-0.2853855708529286,3125406.9,-0.25607926443113693
2019-06-11,104.89,104.37,103.6586,104.89,1506627.0,-0.007606731957782609,-0.004957574601963888,0.006862913448570485,103.35,0.009869375907111788,100.83399999999999,0.03506753674355889,100.6475,0.03698551876599043,104.42833333333333,-0.0005585968048261725,2587653.2,-0.4177631685729758,2546909.2,-0.40844887599448,3215317.4,-0.5314219989603515,3088134.1,-0.5121238420313419
2019-06-12,104.78,105.78,104.492,105.8729,1696383.0,0.013509629203794171,-0.0008774672272130468,0.012326302492056795,104.51199999999999,0.01213257807715884,101.60600000000001,0.041080251166269566,100.542,0.052097630840842735,104.13100000000001,0.015835822185516157,2550702.6,-0.33493500967145295,2506582.9,-0.32322884672994456,3184855.2,-0.4673594579747299,3091284.9,-0.45123692740193566
2019-06-13,103.44,104.02,102.78,104.41,2327185.0,-0.016638305917942908,-0.003735274399003896,0.012064604008561908,105.178,-0.011009907014775,102.346,0.016356281632892378,100.50800000000001,0.03494249213992906,103.69966666666667,0.0030890488236863245,2406866.2,-0.03310578710191703,2523618.7,-0.07783810604985619,3080725.5,-0.24459839086604762,3094740.066666667,-0.24801923590739483
2019-06-16,104.2,105.1,103.47,105.78,1859237.0,0.010382618727167836,-0.006428436377387103,0.01575335846138981,104.888,0.0020212035695217345,103.249,0.01792753440711281,100.7215,0.043471354179594135,103.30466666666666,0.017379014823467154,1942897.4,-0.04305960777959761,2419547.0,-0.23157640665794055,2900284.3,-0.35894663843816965,3074171.433333333,-0.39520711830178457
2019-06-17,106.69,109.94,106.05,110.59,3190006.0,0.04605137963843964,-0.00587756578352483,0.03668081093823661,105.84200000000001,0.03871808922733866,104.146,0.05563343767403439,101.3435,0.08482537113875077,103.13833333333334,0.0659470290709887,2115887.6,0.5076443569119644,2379690.0,0.3405132601305212,2834484.8,0.12542709701600807,3105569.466666667,0.027188744041833468
2019-06-18,110.49,111.04,109.5,111.53,2474493.0,0.010005457522284988,-0.0043934367434770305,0.014063926940639293,107.176,0.03605284765245953,105.263,0.05488158232237339,101.9015,0.08967973974867904,103.05033333333334,0.07753169163289142,2309460.8,0.07145919082064522,2448557.0,0.010592361133516581,2726377.85,-0.09238809286834548,3089205.4,-0.1989872217625931
2019-06-19,113.55,112.56,111.51,113.94,2437123.0,0.0136887608069165,-0.012111637704054767,0.0094161958568737,108.532,0.03711347805255594,106.522,0.05668312649030249,102.45750000000001,0.09860185930751775,103.11733333333333,0.09157206030670562,2457608.8,-0.008335663511621516,2504155.7,-0.026768583119651912,2588877.6,-0.058617912256647475,3043126.3,-0.19913839921793575
2019-06-20,112.12,113.67,111.53,114.36,4351314.0,0.009861407249466936,-0.0060335781741867045,0.019187662512328618,110.46199999999999,0.029041661385815987,107.82000000000001,0.05425709515859767,103.20449999999998,0.10140546197113509,103.22133333333333,0.10122584478660746,2862434.6,0.520144425308442,2634650.4,0.6515716848049367,2637077.75,0.6500514632152958,3074543.9,0.4152713838302977
2019-06-23,113.71,112.9,112.66,114.32,2052128.0,-0.006773994897510294,-0.012421273617914563,0.002130303568258496,112.022,0.007837746157004943,108.455,0.04098474021483578,103.92850000000001,0.08632377066925812,103.298,0.09295436504094945,2901012.8,-0.29261670269086704,2421955.1,-0.15269775232414506,2625529.35,-0.21839456869907015,3062214.0,-0.3298548043996925
2019-06-24,113.01,110.28,109.85,113.54,2516155.0,-0.023206377325066474,-0.028712348071164406,0.003914428766499833,112.09,-0.016147738424480362,108.96600000000001,0.012058807334397903,104.58699999999999,0.054433151347681896,103.49966666666666,0.0655106779731982,2766242.6,-0.09040696575202767,2441065.1,0.030761121446535755,2571213.8,-0.021413544062341194,2982741.5,-0.15642874181352961
2019-06-25,111.49,110.87,110.39,112.735,3823426.0,0.005350018135654722,-0.01654322082760451,0.004348219947459153,112.056,-0.01058399371742691,109.61600000000001,0.011439935775799048,105.225,0.05364694701829431,103.637,0.06979167671777464,3036029.2,0.2593508652683576,2672745.0,0.43052404924525156,2609827.1,0.4650112262226107,3034459.933333333,0.26000213678880013
2019-06-26,111.69,112.84,111.28,113.715,2054023.0,0.01776855777036168,-0.007694675284703023,0.014018691588784993,112.11200000000001,0.006493506493506551,110.322,0.022824096735011956,105.96400000000001,0.0648899626288173,103.80199999999999,0.0870696133022486,2959409.2,-0.305934779144432,2708509.0,-0.24164069604346894,2607545.95,-0.2122773521977629,3026073.1333333333,-0.3212249309594787
2019-06-27,113.36,112.87,112.61,114.42,6136774.0,0.0002658631690890534,-0.01354658276525078,0.0023088535654027798,111.952,0.008199942832642693,111.207,0.014954094616346225,106.77649999999998,0.05706780049917359,104.07433333333331,0.08451331260028905,3316501.2,0.850375932322895,3089467.9,0.9863530545178993,2806543.3,1.1865951613858945,3083639.6333333333,0.9901073827379463
2019-06-30,117.17,115.0,114.41,118.14,2589872.0,0.018871267830247174,-0.02657863551718298,0.005156891880080394,112.372,0.023386608763748873,112.197,0.024982842678503037,107.723,0.06755289028341216,104.54666666666665,0.09998724652467805,3424050.0,-0.24362319475474947,3162531.4,-0.1810762732664093,2791039.2,-0.07207609266111348,2987700.0,-0.13315526994008764
2019-07-01,114.49,113.51,112.64,114.5,1357333.0,-0.012956521739130422,-0.00864628820960689,0.007723721590909172,113.018,0.004353288856642434,112.554,0.008493700801393222,108.35000000000002,0.04762344254730033,105.08033333333333,0.08022116412522484,3192285.6,-0.5748084068668543,2979264.1,-0.5444066204134101,2679477.05,-0.4934336160856462,2882744.566666667,-0.5291525250988535
2019-07-02,113.62,113.17,111.86,113.67,1444451.0,-0.0029953308078584095,-0.0043986979853962715,0.011711067405685727,113.478,-0.00271418248471067,112.76700000000001,0.0035737405446627513,109.01499999999999,0.03811402100628358,105.52333333333334,0.07246422592159707,2716490.6,-0.4682657838020864,2876259.9,-0.4978023369863064,2662408.45,-0.45746453741911763,2776338.533333333,-0.4797280725467725
2019-07-04,112.07,112.86,111.31,112.98,1022121.0,-0.0027392418485464587,-0.0010621348911311612,0.013925074117330016,113.482,-0.00548104545214223,112.797,0.0005585254926991912,109.65950000000001,0.029185797856090767,105.90400000000001,0.06568212720954825,2510110.2,-0.592798356024369,2734759.7,-0.6262483318004137,2619457.7,-0.6097967147932948,2637504.966666667,-0.6124667013265277
2019-07-07,112.19,111.83,111.43,112.62,1790613.0,-0.009126351231614427,-0.007014739833066996,0.003589697567979888,113.274,-0.012747850345180778,112.61300000000001,-0.0069530160816247966,110.2165,0.014639368878525572,106.34066666666668,0.0516202644331738,1640878.0,0.09125297554114331,2478689.6,-0.2775969205664155,2556670.0,-0.2996307697121646,2584281.7,-0.30711384908231953
2019-07-08,111.76,113.29,111.4,113.92,1952608.0,0.013055530716265862,-0.005530196629213391,0.016965888689407516,112.93199999999999,0.003170049233166994,112.652,0.005663459148528283,110.55349999999999,0.024752721533013666,106.83633333333334,0.06040704005191744,1513425.2,0.2901912826613433,2468737.6,-0.20906620452493618,2445346.35,-0.20150043367067416,2573265.433333333,-0.24119448592186288
2019-07-09,114.68,114.01,112.94,115.725,1762180.0,0.006355371171330226,-0.014819615467703495,0.00947405702142734,113.032,0.008652417014650693,113.025,0.008714886087148876,110.99550000000002,0.02715875868841522,107.39966666666666,0.06154891852550759,1594394.6,0.105234551095444,2393340.1,-0.2637151736186596,2417202.6,-0.2709837396335748,2511922.566666667,-0.29847359811794627
2019-07-10,114.27,113.92,113.03,114.27,1414223.0,-0.0007894044382071863,-0.0030629211516582933,0.007874015748031482,113.18200000000002,0.006520471453057786,113.33,0.005206035471631454,111.473,0.021951503951629592,107.92666666666666,0.05553153375748976,1588349.0,-0.10962704040484805,2152419.8,-0.3429613498259029,2412582.4,-0.4138135965843073,2457358.0,-0.4244945180962644
2019-07-11,114.22,116.2,114.22,116.26,2139499.0,0.020014044943820197,-0.0005160846378806649,0.017334967606373652,113.85,0.020641194554238185,113.66600000000001,0.022293385884961214,111.994,0.03755558333482156,108.53133333333334,0.07065855021898448,1811824.6,0.18085326802605506,2160967.4,-0.00993462465005257,2434738.2,-0.12126116885996208,2458686.433333333,-0.12982030933509436
2019-07-14,116.9,117.02,116.22,117.6851,1228266.0,0.0070567986230636315,-0.005651522580173762,0.006883496816382673,114.88799999999999,0.018557203537358236,114.08099999999999,0.025762396893435513,112.644,0.03884805227087096,109.21133333333334,0.07150051581948147,1699355.2,-0.27721644068291307,1670116.6,-0.26456272574022677,2379792.25,-0.4838767963884243,2427734.4,-0.4940690381946229
2019-07-15,116.0,115.46,114.16,116.09,2007377.0,-0.013331054520594798,-0.005426824015849818,0.011387526278906712,115.322,0.0011966493817310297,114.127,0.011679970559113961,113.16199999999999,0.020307170251497864,109.85766666666667,0.050996289137762885,1710309.0,0.17369259005244087,1611867.1,0.2453737656162842,2387199.25,-0.1591078959998835,2397981.8333333335,-0.16288898769110782
2019-07-16,115.94,113.94,113.93,116.01,1545006.0,-0.013164732374848387,-0.017843289371605953,8.77731940664983e-05,115.30799999999999,-0.011863877614736174,114.17,-0.002014539721468034,113.36200000000001,0.005098710326211453,110.28999999999999,0.03309456886390438,1666874.2,-0.07311181611665718,1630634.4,-0.05251232281129348,2304949.25,-0.3297006430835733,2329862.8333333335,-0.33686825769499884
2019-07-17,114.0,116.01,113.25,116.25,2244956.0,0.018167456556082318,-0.0020645161290322456,0.02437086092715246,115.726,0.0024540725506800865,114.45400000000002,0.013594981389903227,113.6105,0.021120407004634245,110.828,0.04675713718554886,1833020.8,0.22473023764923994,1710684.9,0.31231414973032146,2293472.4,-0.021154124200491786,2345167.2666666666,-0.04273096767596585
2019-07-18,116.29,115.78,115.52,117.07,1558605.0,-0.0019825877079562293,-0.011019048432561629,0.002250692520775699,115.64199999999998,0.001193338060566429,114.74600000000001,0.009011207362348062,113.77149999999999,0.01765380609379341,111.355,0.03973777558259628,1716842.0,-0.09216747959334637,1764333.3,-0.11660398860011312,2249546.5,-0.3071470182990216,2334416.2333333334,-0.33233629129863684
2019-07-21,116.05,117.71,115.55,118.08,1667118.0,0.016669545690101817,-0.0031334688346883466,0.01869320640415406,115.78,0.016669545690101817,115.33400000000002,0.02060103698822524,113.97350000000002,0.03278393661684498,111.92233333333333,0.05171145466945837,1804612.4,-0.07619054374224621,1751983.8,-0.04843983146419506,2115336.7,-0.211890003137562,2288441.2666666666,-0.27150500898442687
2019-07-22,118.5,119.92,117.69,119.93,2307764.0,0.018774955398861648,-8.338197281754223e-05,0.01894808394935854,116.672,0.027838727372462957,115.997,0.033819840168280324,114.32450000000001,0.048944014625036614,112.368,0.06720774597750245,1864689.8,0.2376128190329565,1787499.4,0.29105721657864625,2128118.5,0.08441517706838231,2226064.033333333,0.03670153483605243
2019-07-23,121.02,124.64,120.51,124.785,4240349.0,0.03935957304869908,-0.0011619986376567581,0.034271014853539006,118.81199999999998,0.04905228428104924,117.06000000000002,0.06475311805911477,115.04249999999999,0.08342569050568271,113.01700000000001,0.10284293513365239,2403758.4,0.7640495816884094,2035316.3,1.083385761711828,2214328.2,0.9149595800658636,2289907.1666666665,0.8517558535669898
2019-07-24,123.19,122.18,120.58,124.1,2675395.0,-0.019736842105263053,-0.015471394037066766,0.013269198872118082,120.046,0.017776519001049707,117.88600000000001,0.036425020782790085,115.60799999999999,0.056847277005051655,113.61066666666667,0.07542718993521724,2489846.2,0.07452219337885202,2161433.5,0.23778732956623472,2156926.65,0.24037365851082604,2328866.1,0.14879726232435608
2019-07-25,122.78,121.8,121.71,123.04,1372889.0,-0.003110165329841319,-0.01007802340702213,0.0007394626571357588,121.25,0.004536082474226877,118.446,0.02831670128159658,116.056,0.04949334803887773,114.14466666666667,0.06706693844653278,2452703.0,-0.440254690437448,2084772.5,-0.34146819377174253,2122869.95,-0.3532863376769736,2318082.966666667,-0.40774811784490494
2019-07-28,122.08,121.21,120.82,122.5,1694744.0,-0.004844006568144543,-0.010530612244898041,0.003227942393643435,121.95,-0.006068060680606835,118.86500000000001,0.01972826315568077,116.473,0.0406703699569857,114.71766666666666,0.056594014871292675,2458228.2,-0.3105831264973692,2131420.3,-0.20487573473894372,1900768.45,-0.10839008296881192,2297001.6,-0.26219293882947237
2019-07-29,120.3,120.96,119.57,121.3808,1162963.0,-0.002062536094381673,-0.003466775635026287,0.011624989545872655,122.15799999999999,-0.009806971299464617,119.41499999999999,0.012938073106393722,116.771,0.03587363300819546,115.24633333333333,0.04957786075623516,2229268.0,-0.4783206864316,2046978.9,-0.43186370900061544,1829423.0,-0.364300656545807,2273792.466666667,-0.48853599567735395
2019-07-30,120.97,117.46,116.06,120.97,2460089.0,-0.02893518518518523,-0.02901545837811037,0.012062726176115701,120.72200000000001,-0.027020758436739123,119.76699999999998,-0.019262401162256637,116.96849999999999,0.004201986004779057,115.497,0.016996112453137258,1873216.0,0.3132970250093956,2138487.2,0.15038752628493635,1884560.8,0.3053911553291355,2249461.9,0.09363443764039747
2019-07-31,117.78,114.46,113.105,120.15,2978621.0,-0.025540609569215,-0.04735746982938005,0.011980018566818407,119.178,-0.03958784339391497,119.612,-0.043072601411229705,117.03300000000002,-0.021985252022933888,115.611,-0.009955800053628172,1933861.2,0.5402454943508872,2211853.7,0.34666275622117304,1961269.3,0.5187210649756258,2266266.1666666665,0.3143297304663464
2019-08-01,114.21,112.68,112.24,114.94,2717727.0,-0.01555128429145547,-0.01966243257351652,0.003920171062010036,117.354,-0.039828212076281955,119.30199999999999,-0.055506194363883155,117.024,-0.03712059064807216,115.61500000000001,-0.025385979327941843,2202828.8,0.23374408397057467,2327765.9,0.1675259097145465,2046049.6,0.32828011598545803,2275619.6333333333,0.1942799931019521
2019-08-04,109.44,107.63,106.14,109.85,3642336.0,-0.044817181398651096,-0.020209376422394176,0.014038062935745277,114.63799999999999,-0.061131561960257486,118.29399999999998,-0.09014827463776687,116.81400000000001,-0.07862071327066966,115.41366666666666,-0.06744146418246244,2592347.2,0.40503401704833353,2525287.7,0.4423449652885094,2138635.75,0.7031119020618635,2251987.033333333,0.617387643040159
2019-08-05,108.86,109.28,108.13,110.39,2868591.0,0.01533029824398402,-0.010055258628498986,0.010635346342365626,112.30199999999999,-0.02690958308845781,117.22999999999999,-0.06781540561289767,116.6135,-0.06288723003768859,115.29299999999999,-0.052154077003807586,2933472.8,-0.022117743856360228,2581370.4,0.11126671321558512,2184434.9,0.3131959208306003,2279202.466666667,0.2585941977306272
2019-08-06,107.85,109.82,107.16,110.255,2048669.0,0.004941434846266413,-0.003945399301618968,0.024822695035460862,110.774,-0.00861212919999288,115.748,-0.051214707813525995,116.404,-0.056561630184529754,115.27766666666666,-0.0473436600902748,2851188.8,-0.28146848781111933,2362202.4,-0.13272926993893497,2198759.35,-0.06826138112840774,2263619.6,-0.09495879961456422
2019-08-07,110.22,112.33,109.4,112.46,1837578.0,0.022855581861227492,-0.0011559665658900098,0.026782449725776925,110.348,0.017961358610939948,114.76299999999999,-0.021200212612078717,116.32449999999999,-0.03433928364188099,115.32633333333334,-0.025981345688611213,2622980.2,-0.29943123474588185,2278420.7,-0.19348608446192583,2219927.1,-0.17223498014867245,2197424.6666666665,-0.16375836319910242
2019-08-08,111.23,110.66,109.78,111.85,1713693.0,-0.014866909997329314,-0.010639248994188666,0.008016032064128265,109.944,0.0065124063159425205,113.649,-0.02630027540937452,116.04749999999999,-0.04642495529847679,115.25366666666667,-0.03985701105677053,2422173.4,-0.29249780383188084,2312501.1,-0.2589439200699192,2198636.8,-0.22056567051001774,2186080.3333333335,-0.2160887347689724
2019-08-11,110.22,108.96,108.28,110.62,1395199.0,-0.015362371227182425,-0.015006327969625866,0.006280014776505194,110.21,-0.011341983486072071,112.424,-0.030811926279086466,115.6445,-0.05780214363847824,115.12333333333332,-0.05353678663462369,1972746.0,-0.29276298114404997,2282546.6,-0.3887533336668789,2206983.45,-0.3678253454959076,2028027.8333333333,-0.3120414931846349
2019-08-12,109.11,113.02,108.14,113.58,3091711.0,0.03726138032305437,-0.00493044550096855,0.045126687627149886,110.958,0.018583608212116243,111.63,0.012451849861148334,115.5225,-0.021662446709515448,115.05733333333333,-0.017707114134402624,2017370.0,0.5325453436900518,2475421.4,0.24896350980887538,2261200.15,0.3672876326317245,2044755.8,0.5120196749166819
2019-08-13,110.58,110.31,109.55,111.71,1840982.0,-0.023978056981065254,-0.012532450093993286,0.006937471474212753,111.056,-0.00671733179657108,110.91499999999999,-0.005454627417391555,115.34099999999998,-0.04361848778838384,114.95066666666666,-0.04037094173732492,1975832.6,-0.06825001267819963,2413510.7,-0.23721821494307038,2275998.95,-0.19113231576842338,2060877.4333333333,-0.10669990838691801
2019-08-14,110.61,108.45,107.81,110.95,2164914.0,-0.016861571933641573,-0.02253267237494372,0.005936369539003783,110.28,-0.016594124047878078,110.31400000000001,-0.016897220661022172,114.96300000000001,-0.056653010098901446,114.79333333333332,-0.055258725826122235,2041299.8,0.060556612017499845,2332140.0,-0.0717049576783555,2271996.85,-0.04713160143685946,2084892.8666666667,0.03838141259568473
2019-08-15,109.81,110.52,109.2,111.25,2832981.0,0.019087136929460513,-0.006561797752809073,0.012087912087912045,110.252,0.0024307949062147838,110.098,0.0038329488274082557,114.7,-0.03644289450741067,114.71533333333332,-0.03657168759770557,2265157.4,0.250677325999509,2343665.4,0.20878219220200966,2335715.65,0.21289635577001853,2145254.8666666667,0.32058015297824904
2019-08-18,113.06,111.17,110.81,113.72,2784622.0,0.0058812884545784705,-0.02242349630671825,0.0032488042595433253,110.694,0.004300142735830237,110.452,0.006500561329808363,114.373,-0.02800486128719193,114.69333333333333,-0.030719600093001564,2543042.0,0.09499646486373403,2257894.0,0.23328287333240616,2391590.85,0.16433879147848374,2178388.5,0.2782944823662079
2019-08-19,110.37,110.29,109.93,111.46,2255070.0,-0.00791580462354946,-0.010497039296608501,0.0032748112435185828,110.148,0.0012891745651306685,110.553,-0.0023789494631533126,113.8915,-0.031622201832445684,114.59333333333332,-0.03755308627610665,2375713.8,-0.050782127039039726,2196541.9,0.026645565012896055,2388956.15,-0.056043787157834535,2188470.566666667,0.030431952957344466
2019-08-20,109.0,108.59,107.78,111.7,3236529.0,-0.015413908785928077,-0.02784243509400175,0.0075153089627018055,109.804,-0.01105606353138322,110.42999999999999,-0.01666213891152757,113.08900000000001,-0.03978282591587168,114.41266666666667,-0.05089180102436208,2654823.2,0.21911282077088967,2315327.9,0.3978706860483996,2338765.15,0.38386233436050654,2237615.533333333,0.44641872197705235
2019-08-21,108.55,108.63,107.22,109.4,2761428.0,0.0003683580440188017,-0.007038391224862939,0.013150531617235561,109.84,-0.011016023306627876,110.05999999999999,-0.012992912956569125,112.4115,-0.03363979664002359,114.23633333333333,-0.049076621857027436,2774126.0,-0.004577297498383315,2407712.9,0.146909168447783,2343066.8,0.1785528265775438,2282522.3666666667,0.20981421270044942
2019-08-22,106.98,104.17,103.72,107.513,4382782.0,-0.04105679830617692,-0.03109391422432639,0.004338603933667695,108.57000000000001,-0.04052684903748738,109.41100000000002,-0.04790194770178513,111.53,-0.06599121312651302,113.83533333333334,-0.08490626811827617,3084086.2,0.4210958176201429,2674621.8,0.6386548558005474,2493561.45,0.7576394598176033,2357298.466666667,0.8592393207625779
2019-08-25,105.57,106.03,105.0,106.0916,2510354.0,0.017855428626283976,-0.0005806303232300802,0.009809523809523713,107.542,-0.014059623216975736,109.11800000000001,-0.028299638923000914,110.771,-0.04280001083316032,113.469,-0.0655597564092395,3029232.6,-0.1712904449793654,2786137.3,-0.0989841024704704,2534341.95,-0.0094651591905347,2400034.7333333334,0.0459656958853456
2019-08-26,107.29,107.05,106.32,107.79,2222670.0,0.009619918890879875,-0.0068652008535114994,0.006866064710308484,106.894,0.0014593896757535418,108.521,-0.013554980142092332,110.07549999999999,-0.027485680283078406,113.18866666666666,-0.05423393390386555,3022752.6,-0.2646867626546744,2699233.2,-0.17655503051755594,2587327.3,-0.14093976436610856,2407211.1666666665,-0.07666181065544242
2019-08-27,106.44,108.03,105.83,108.06,1553284.0,0.009154600653900058,-0.00027762354247640175,0.020788056316734416,106.782,0.011687363038714427,108.293,-0.0024285964928481008,109.604,-0.014360789752198788,112.99166666666666,-0.043911792905081404,2686103.6,-0.42173339851821057,2670463.4,-0.41834664350763984,2541987.05,-0.3889488933470373,2407487.1,-0.35481108081534474
2019-08-28,109.26,109.02,108.84,110.37,1949143.0,0.009164121077478438,-0.012231584669747275,0.001653803748621785,106.85999999999999,0.020213363279056873,108.35,0.006183664051684357,109.332,-0.002853693337723562,112.75866666666666,-0.03315635753053714,2523646.6,-0.22764819765176314,2648886.3,-0.2641650945908852,2490513.15,-0.21737293376668176,2397626.6666666665,-0.18705316924514237
2019-08-29,109.96,109.83,109.17,110.96,1881677.0,0.00742982938910286,-0.010183850036048936,0.006045616927727426,107.992,0.017019779242906763,108.28099999999999,0.014305372133615268,109.1895,0.005865948648908548,112.56033333333333,-0.024256620893683745,2023425.6,-0.07005377415408809,2553755.9,-0.2631727253180306,2448710.65,-0.23156417031142484,2408395.7333333334,-0.21870107393203597
2019-09-02,108.71,106.38,105.83,108.95,2607300.0,-0.031412182463807725,-0.023588802202845427,0.005197014079183493,108.06199999999998,-0.015565138531583589,107.80199999999999,-0.013190849891467682,109.127,-0.025172505429453707,112.18266666666666,-0.05172516253253623,2042814.8,0.27632715408171116,2536023.7,0.02810553387178505,2396958.85,0.08775334211515551,2439735.1333333333,0.06868158120005763
2019-09-03,108.21,109.19,108.14,109.23,1181117.0,0.026414739612709237,-0.00036619976197016513,0.009709635657481064,108.49000000000001,0.006452207576735036,107.69200000000001,0.013910039742970559,109.12250000000002,0.0006185708721848648,111.825,-0.02356360384529399,1834504.2,-0.35616555143346085,2428628.4,-0.5136691146327697,2312585.15,-0.4892655087748877,2402180.2333333334,-0.5083145787270722
2019-09-04,111.27,113.02,111.1,113.9,2294821.0,0.035076472204414344,-0.007726075504828844,0.017281728172817257,109.48800000000001,0.032259243022066286,108.13499999999999,0.04517501271558699,109.2825,0.03420035229794327,111.43766666666666,0.014199268350318484,1982811.6,0.15735705802810518,2334457.6,-0.016978933350513703,2324892.75,-0.012934682685900256,2337329.3,-0.018186697099120686
2019-09-05,113.225,112.67,112.43,113.55,1217073.0,-0.0030967970270747713,-0.0077498899163364054,0.002134661567197327,110.21799999999999,0.022246819938667173,108.53899999999999,0.03806005214715458,109.29950000000001,0.030837286538364594,111.12066666666666,0.013942800919120923,1836397.6,-0.33724973284652526,2180022.1,-0.44171529270276666,2293867.5,-0.46942314671619,2288718.566666667,-0.4682295072335747
2019-09-08,113.19,112.87,112.28,113.77,1208626.0,0.0017750954113784356,-0.007910697020304003,0.005254720342002139,110.826,0.018443325573421543,109.40899999999999,0.03163359504245555,109.41000000000001,0.03162416598117157,110.823,0.018470895030815004,1701787.4,-0.2897902522959095,1862606.5,-0.35111039288223256,2268614.15,-0.46724038550143043,2283243.1333333333,-0.4706538334200472
2019-09-09,112.36,113.98,111.25,113.98,1459727.0,0.009834322672100715,0.0,0.02453932584269669,112.346,0.014544354049098374,110.204,0.0342637290842438,109.66100000000002,0.03938501381530335,110.58200000000001,0.030728328299361563,1472272.8,-0.008521382722006421,1757543.8,-0.16945057073399827,2271840.55,-0.357469431558478,2275409.2333333334,-0.3584771571566533
2019-09-10,114.03,115.04,113.21,116.38,2387327.0,0.009299877171433657,-0.011514005842928277,0.0161646497659218,113.516,0.013425420205081195,111.003,0.03636838644000617,109.76200000000001,0.04808585849383196,110.38466666666666,0.042173731858893504,1713514.8,0.39323395397576943,1774009.5,0.34572390959574917,2236621.35,0.06738094045288445,2316221.3666666667,0.030698979966523376
2019-09-11,118.0,116.21,115.53,118.46,2053699.0,0.01017037552155764,-0.01899375316562557,0.0058859170778151615,114.154,0.018010757397901145,111.821,0.039250230278748965,110.05700000000002,0.05590739344158013,110.343,0.053170568137534735,1665290.4,0.23323775841138583,1824051.0,0.12589998854198714,2247257.2,-0.08613086210158771,2302675.033333333,-0.10812469398815583
2019-09-12,116.03,116.52,115.42,116.99,1646317.0,0.002667584545219981,-0.004017437387810907,0.009530410674059908,114.924,0.013887438655111106,112.571,0.03508008279219332,110.4605,0.05485671348581622,110.41166666666666,0.055323259921203904,1751139.2,-0.05985943321924381,1793768.4,-0.08220202786491271,2221327.35,-0.25885889803679774,2258264.9,-0.2709814512903247
2019-09-15,115.18,115.26,114.57,115.8085,1191992.0,-0.010813594232749635,-0.004736267199730526,0.006022518984027281,115.402,-0.0012304812741547044,113.11399999999999,0.018972010538041317,110.69749999999999,0.041215926285598226,110.49766666666666,0.043098949299080314,1747812.4,-0.3180091867983085,1724799.9,-0.3089099784850404,2139277.9,-0.44280637873181405,2207407.066666667,-0.46000354080591577
2019-09-16,114.98,115.28,114.44,115.87,1447317.0,0.0001735207357278501,-0.00509191335116943,0.007340090877315575,115.66199999999999,-0.0033027269111721713,114.00400000000002,0.011192589733693303,110.90299999999999,0.03946692154405218,110.75266666666667,0.04087787201512083,1745330.4,-0.17074898827179075,1608801.6,-0.10037570822903219,2072412.65,-0.30162701911706624,2134239.7666666666,-0.3218582923040215
2019-09-17,115.21,116.56,114.82,116.62,1359894.0,0.011103400416377474,-0.0005144915108901138,0.015154154328514302,115.96600000000001,0.005122190987013386,114.74100000000001,0.01585309523186984,111.2165,0.048045928436877716,110.99533333333333,0.050134239877952735,1539843.8,-0.11686237266403254,1626679.3,-0.1640060828216109,2027653.85,-0.3293263541999538,2083949.8666666667,-0.3474439948139507
2019-09-18,116.1,115.88,115.07,116.84,1678707.0,-0.005833905284831853,-0.008216364258815556,0.007039193534370325,115.9,-0.00017256255392583686,115.027,0.007415650238639548,111.58099999999999,0.03852806481390214,111.19733333333333,0.0421113216144271,1464845.4,0.14599602115008192,1565067.9,0.07260969316411137,1949762.75,-0.13901986280125622,2071617.8,-0.18966374975152267
2019-09-19,115.76,115.33,114.62,116.62,3281732.0,-0.00474628926475662,-0.011061567484136559,0.006194381434304619,115.66199999999999,-0.0028704328128511536,115.293,0.00032092147832041285,111.91600000000001,0.030505021623360218,111.29733333333333,0.036233273034394387,1791928.4,0.8313968348288916,1771533.8,0.8524806018377973,1975777.95,0.6609821969113483,2119756.2666666666,0.5481647827184157
2019-09-22,114.95,114.29,113.3951,115.14,1730545.0,-0.009017601664787933,-0.0073823171790863285,0.007891875398496007,115.468,-0.010201960716388903,115.43500000000002,-0.00991900203577778,112.422,0.01661596484673833,111.41833333333334,0.02577373562100793,1899639.0,-0.08901375471865969,1823725.7,-0.05109359373506661,1843166.1,-0.061101980988040094,2120318.0,-0.18382761453706475
2019-09-23,115.04,110.96,110.61,115.0599,2928792.0,-0.02913640738472323,-0.035632744335776456,0.0031642708615857718,114.604,-0.0317964468953964,115.13300000000001,-0.03624503834695536,112.6685,-0.015163954432694138,111.48499999999999,-0.004709153697806778,2195934.0,0.33373407397490085,1970632.2,0.4862194984939352,1864088.0,0.5711661681208184,2171437.7666666666,0.34878007786331056
2019-09-24,111.14,112.68,109.76,113.06,2395570.0,0.015501081470800315,-0.0033610472315583895,0.026603498542274062,113.828,-0.01008539199493974,114.89699999999998,-0.019295542964568035,112.95,-0.0023904382470119057,111.47366666666667,0.010821688829349752,2403069.2,-0.003120675842376963,1971456.5,0.2151269885995455,1872733.0,0.27918395201024393,2148233.066666667,0.11513505548870295
2019-09-25,112.85,113.14,111.67,113.44,1043534.0,0.004082357117500823,-0.002644569816643183,0.01316378615563707,113.28,-0.0012358757062146397,114.59,-0.012653809232917368,113.2055,-0.000578593796237814,111.568,0.014090061666427678,2276034.6,-0.5415122423885823,1870440.0,-0.44209170034858103,1847245.5,-0.43508645710599914,2121651.466666667,-0.5081501290881205
2019-09-26,112.96,111.04,110.37,113.859,1517786.0,-0.018561074774615438,-0.024758692769126678,0.006070490169430176,112.422,-0.012292967568625301,114.042,-0.026323635151961566,113.3065,-0.020003265479032528,111.65433333333334,-0.005502100231965956,1923245.4,-0.21082041844478083,1857586.9,-0.1829259777833273,1825677.65,-0.16864513294556682,2100080.533333333,-0.2772724779316399
2019-09-29,112.15,111.73,110.54,112.24,2395544.0,0.006213976945244948,-0.004543834640056921,0.01076533381581335,111.91,-0.0016084353498345694,113.68900000000001,-0.017231218499590972,113.40150000000001,-0.014739663937425984,111.69466666666668,0.0003163385897266835,2056245.2,0.1650089201424032,1977942.1,0.2111294865506932,1851371.0,0.293929741796755,2085499.3,0.14866689238399644
2019-09-30,114.81,109.78,109.56,116.1937,2902230.0,-0.017452787971001582,-0.05519834552131486,0.002008032128514081,111.674,-0.0169600802335369,113.13900000000001,-0.029689143443021537,113.57149999999999,-0.033384255733172385,111.64833333333334,-0.016734090671602808,2050932.8,0.41507805618984683,2123433.4,0.3667629038895217,1866117.5,0.5552236126610464,2089419.5666666667,0.3890125498489716
2019-10-01,109.13,108.97,108.11,109.81,1658503.0,-0.007378393149936269,-0.007649576541298608,0.007954860789936236,110.93199999999999,-0.017686510655176013,112.38,-0.030343477487097315,113.5605,-0.04042338665292955,111.60433333333334,-0.0236042208635866,1903519.4,-0.12871757440454767,2153294.3,-0.2297834067549428,1889986.8,-0.12247905646748436,2069534.0,-0.19861041181251426
2019-10-02,108.87,110.87,108.0,111.3,1880658.0,0.01743599155730946,-0.003863432165318925,0.026574074074074083,110.478,0.003548217744709481,111.87899999999999,-0.009018671958097468,113.453,-0.022767137052347675,111.68033333333332,-0.007255828391152019,2070944.2,-0.09188378904656147,2173489.4,-0.1347286993900223,1869278.65,0.006087562172713001,2024338.3,-0.07097642721080766
2019-10-03,111.85,113.03,111.19,113.22,1437647.0,0.019482276540091936,-0.0016781487369722514,0.01654825074197319,110.876,0.0194271077600201,111.649,0.012369121084828238,113.47099999999998,-0.0038864555701454417,111.827,0.010757688214831918,2054916.4,-0.3003866240008596,1989080.9,-0.27723050379700487,1880307.35,-0.23541914570508915,1980212.2666666666,-0.27399348837484894
2019-10-06,112.92,110.84,110.78,113.29,1764150.0,-0.01937538706538089,-0.021625915791331995,0.0005416140097491695,110.69800000000001,0.0012827693363925974,111.304,-0.004168763027384448,113.36949999999999,-0.02231199749491697,112.04933333333334,-0.010792865047538625,1928637.6,-0.08528694037697915,1992441.4,-0.11457872738440389,1908083.55,-0.07543356788543143,1892924.5333333334,-0.06802940691278836
2019-10-07,109.99,106.13,106.09,110.36,3240867.0,-0.04249368459040059,-0.03832910474809714,0.0003770383636534369,109.968,-0.03490106212716437,110.821,-0.04232952238294185,112.977,-0.06060525593704924,112.05266666666667,-0.052856097430375004,1996365.0,0.6233840004207647,2023648.9,0.6014966825519981,1997140.55,0.6227535913784334,1917274.9666666666,0.6903506572322813
2019-10-08,107.77,108.07,106.78,108.87,1907631.0,0.018279468576274382,-0.007348213465601328,0.012080914028844258,109.78799999999998,-0.015648340437934838,110.35999999999999,-0.020750271837622236,112.6285,-0.04047376996053409,112.08666666666666,-0.03583536549098909,2046190.6,-0.06771588140420548,1974855.0,-0.03403996749128413,1973155.75,-0.03320809824566562,1906773.6666666667,0.00044962511719170983
2019-10-09,107.8,108.44,107.52,109.77,1902677.0,0.0034237068566669304,-0.01211624305365766,0.008556547619047672,109.30199999999999,-0.007886406470146934,109.89000000000001,-0.013195013195013372,112.23999999999998,-0.03385602280826783,112.10033333333334,-0.03265229660334057,2050594.4,-0.0721339139519741,2060769.3,-0.07671518592595494,1965604.65,-0.032014398215836515,1918420.1,-0.008206283910390688
2019-10-10,109.73,111.22,109.73,112.72,2626741.0,0.02563629656953159,-0.013307310149041851,0.013578784288708512,108.94000000000001,0.02092895171654119,109.90799999999999,0.011937256614623193,111.975,-0.006742576467961503,112.17366666666666,-0.008501698259543944,2288413.2,0.14784384218724123,2171664.8,0.20955176876284054,2014625.85,0.3038356476960722,1941006.7,0.3532879613450073
2019-10-13,110.57,110.34,109.99,111.0,1761884.0,-0.007912245998921041,-0.005945945945945885,0.0031821074643150205,108.83999999999999,0.013781697905182133,109.769,0.00520183294008314,111.72900000000001,-0.01243186639099969,112.19066666666666,-0.016495727511498193,2287960.0,-0.22993234147450126,2108298.8,-0.16431010632838183,2043120.45,-0.13765045031975476,1937013.6,-0.09041216850516698
2019-10-14,110.75,113.29,110.5,113.41,2629701.0,0.02673554468007988,-0.0010581077506391923,0.025248868778280587,110.272,0.027368688334300728,110.12,0.028786778060297946,111.62950000000001,0.014875100219923887,112.421,0.007729872532711957,2165726.8,0.2142348702523329,2081045.9,0.2636439205882004,2102239.65,0.25090448179873315,1937760.3,0.35708271038476735
2019-10-15,112.71,110.59,110.39,113.25,1963966.0,-0.02383264189248835,-0.02348785871964676,0.0018117583114412028,110.776,-0.0016790640571964222,110.282,0.0027928401733736674,111.33099999999999,-0.006655828116157947,112.46766666666667,-0.01669516868551857,2176993.8,-0.09785411423771617,2111592.2,-0.06991226809797846,2132443.25,-0.0790066746207666,1963855.2666666666,5.6385689522597815e-05
2019-10-16,111.77,110.0,109.63,112.26,1494105.0,-0.005335021249660898,-0.020131836807411374,0.0033749885980114414,111.08800000000001,-0.009794037159729263,110.19500000000001,-0.0017695902717910217,111.03699999999999,-0.009339229265920346,112.367,-0.02106490339690481,2095279.4,-0.2869184892477824,2072936.9,-0.27923276391095164,2123213.15,-0.29630004411003197,1937164.7333333334,-0.2287155685365736
2019-10-17,110.17,109.48,108.42,110.43,1444772.0,-0.004727272727272691,-0.008602734764104003,0.009776793949455742,110.74000000000001,-0.011378002528445008,109.84,-0.00327749453750914,110.74449999999999,-0.011418174265990455,112.26066666666667,-0.024769732349115947,1858885.6,-0.22277519391187928,2073649.4,-0.30327084221662537,2031365.15,-0.2887679499670456,1944754.7,-0.25709293825077273
2019-10-20,110.19,111.11,109.985,111.48,1388174.0,0.014888564121300574,-0.0033189809831359884,0.010228667545574499,110.894,0.0019478060129491936,109.867,0.011313679266749643,110.5855,0.004742936460928382,112.20200000000001,-0.009732446836954844,1784143.6,-0.22193818928027997,2036051.8,-0.3182030044618708,2014246.6,-0.3108222200797063,1950739.6333333333,-0.2883858120891547
2019-10-21,111.25,110.88,110.73,112.24,1664161.0,-0.0020700207002070092,-0.012116892373485344,0.0013546464372797828,110.412,0.004238669709814014,110.34200000000001,0.004875749941092078,110.5815,0.0026993665305679038,112.09866666666667,-0.010871375217070822,1591035.6,0.045960882333493824,1878381.2,-0.11404511501712222,1951015.05,-0.147028107240895,1957554.1,-0.1498773903617785
2019-10-22,107.5,105.57,104.58,107.75,4596793.0,-0.04788961038961037,-0.020232018561484932,0.009466437177280573,109.40799999999999,-0.03507970166715413,110.09200000000001,-0.04107473749227941,110.226,-0.042240487725219156,111.783,-0.055580902283889344,2117601.0,1.1707550194772294,2147297.4,1.1407342084985528,2061076.2,1.2302877496717493,2031202.9666666666,1.263088955380776
2019-10-23,106.37,105.32,104.92,106.675,3053496.0,-0.002368096997253044,-0.012702132645887043,0.0038124285169651717,108.47200000000001,-0.029058190132015826,109.78,-0.04062670796137735,109.835,-0.04110711521828203,111.42000000000002,-0.054747801112906336,2429479.2,0.25685208582975294,2262379.3,0.34968349471726534,2161574.3,0.4126259735786091,2064529.5333333334,0.4790275221056819
2019-10-24,105.55,106.83,105.12,107.03,1867697.0,0.014337257880744358,-0.001868634962160165,0.016267123287671215,107.94199999999998,-0.010301828759889387,109.34100000000001,-0.022964853074327163,109.62449999999998,-0.02549156438569833,111.09700000000001,-0.038407877800480716,2514064.2,-0.2571005147760348,2186474.9,-0.1457953622060788,2179069.85,-0.14289255114974864,2071908.8666666667,-0.0985621857949801
2019-10-27,107.7,108.83,107.42,109.078,2084956.0,0.018721332958906656,-0.0022736023762812696,0.013126047291007303,107.48599999999999,0.012503954003312057,109.18999999999998,-0.003297005220258109,109.47949999999999,-0.005932617522001693,110.88266666666667,-0.01851206079699863,2653420.6,-0.21423840607855382,2218782.1,-0.060315116117080625,2163540.45,-0.036322154272641516,2101674.3333333335,-0.00795476876135115
2019-10-28,109.24,108.06,107.84,110.12,2766559.0,-0.007075254984838741,-0.01870686523792231,0.002040059347180989,106.92199999999998,0.010643272666055914,108.667,-0.005585872435974082,109.39349999999999,-0.012189938159031244,110.64200000000001,-0.023336526816218117,2873900.2,-0.03735035753851168,2232467.9,0.23923797515744805,2156756.9,0.2827403032766467,2145649.066666667,0.28938093511160057
2019-10-29,110.51,108.25,107.77,110.99,2543748.0,0.0017582824356838778,-0.024686908730516266,0.004453929665027445,107.458,0.007370321427906834,108.43299999999999,-0.0016876781053737355,109.35749999999999,-0.010127334659259635,110.365,-0.019163684138993275,2463291.2,0.03266231779661277,2290446.1,0.11059063996310581,2201019.15,0.15571370653453886,2185110.8666666667,0.1641276599756356
2019-10-30,107.7,106.63,104.95,107.7,3847445.0,-0.014965357967667514,-0.009935004642525613,0.016007622677465472,107.71999999999998,-0.010118826587448893,108.096,-0.013562018946122079,109.1455,-0.02304721678859878,110.05666666666667,-0.031135475664051948,2622081.0,0.46732499873192324,2525780.1,0.5232699790452857,2299358.5,0.6732688704262515,2257402.1333333333,0.7043684610675776
2019-10-31,107.62,109.37,107.56,109.92,1991769.0,0.02569633311450814,-0.005003639010189187,0.016827817032354142,108.228,0.010551798055955963,108.085,0.011888791229125228,108.9625,0.0037398187449810827,109.858,-0.004442097981030013,2646895.4,-0.24750747611711443,2580479.8,-0.22814005364428736,2327064.6,-0.14408521362062754,2214403.3666666667,-0.10053921070477656
2019-11-03,111.07,111.39,110.35,112.26,1696867.0,0.01846941574471983,-0.007749866381614123,0.009424558223833257,108.74000000000001,0.024370057016737112,108.11300000000001,0.03031087843275082,108.99000000000001,0.022020368841177973,109.76133333333333,0.01483825512323711,2569277.6,-0.33955482272526727,2611349.1,-0.3501952687980324,2323700.45,-0.26975656436267426,2213280.7666666666,-0.23332501436065733
2019-11-04,111.47,113.45,111.335,114.43,3043690.0,0.018493581111410418,-0.008564187713012372,0.018996721605964106,109.81800000000001,0.033072902438580076,108.36999999999998,0.04687644181969208,109.356,0.03743736054720381,109.84433333333335,0.0328252405677123,2624703.8,0.1596318030247832,2749302.0,0.10707735999901069,2313841.6,0.3154271234469983,2217110.7,0.3728182359139758
2019-11-05,113.0,112.03,110.65,113.22,1676838.0,-0.01251652710445128,-0.01051051051051044,0.012471757794848548,110.574,0.013167652431855581,109.016,0.02764731782490637,109.554,0.022600726582324704,109.82266666666666,0.020099068801826103,2451321.8,-0.31594538097772384,2457306.5,-0.3176113765214067,2302301.95,-0.27166894854951595,2193152.966666667,-0.23542132013317996
2019-11-06,113.77,112.29,111.53,113.82,1139209.0,0.0023208069267162124,-0.013442277279915538,0.006814310051107331,111.70599999999999,0.005228009238537057,109.71300000000001,0.023488556506521485,109.74650000000001,0.023176137735599678,109.79433333333333,0.022730377706196236,1909674.6,-0.4034538659099305,2265877.8,-0.4972328163504669,2264128.55,-0.4968443819146222,2196342.1333333333,-0.48131532755734596
2019-11-07,111.98,113.02,111.1663,113.04,1123931.0,0.006501024133938715,-0.00017692852087769495,0.016675017518798407,112.436,0.005194065957522476,110.332,0.024362832179240845,109.8365,0.02898398983944306,109.86033333333333,0.028760759873900588,1736107.0,-0.35261421099045165,2191501.2,-0.48714105198755997,2188988.05,-0.4865522449974087,2183213.6333333333,-0.4851942188158743
2019-11-10,112.55,112.55,111.42,112.74,1263530.0,-0.0041585560077862516,-0.0016852935958843185,0.010141805779931845,112.668,-0.0010473248837292726,110.704,0.016675097557450558,109.94699999999997,0.023675043430016585,109.88766666666668,0.024227771997463954,1649439.6,-0.2339640687661434,2109358.6,-0.4009885279819183,2164070.35,-0.4161326594581364,2145479.8333333335,-0.41107346693773794
2019-11-11,113.03,113.26,112.74,114.01,2277128.0,0.006308307418924963,-0.006578370318393145,0.004612382472946708,112.63,0.005593536357986428,111.224,0.01830540171186068,109.9455,0.030146754528380004,110.00366666666666,0.029602043568244696,1496127.2,0.5220149730584405,2060415.5,0.10517902821057201,2146441.7,0.06088509182429691,2124643.1,0.07176965392446388
2019-11-12,112.26,114.17,111.91,114.385,1729378.0,0.00803461063040789,-0.0018796170826594905,0.02019479939236901,113.05799999999999,0.00983565957296273,111.816,0.02105244329970657,110.12450000000001,0.03673569460020243,110.17699999999999,0.03624168383600934,1506635.2,0.14784122925045162,1978978.5,-0.1261259280987641,2134712.3,-0.18987771794822184,2127005.6,-0.18694243212147632
2019-11-13,113.7,113.32,112.54,113.7,1102241.0,-0.007445038101077439,-0.0033421284080915603,0.0069308690243468085,113.26399999999998,0.0004944201158356698,112.48500000000001,0.0074232119838197885,110.2905,0.027468367629124968,110.25866666666667,0.027765013181125564,1499241.6,-0.2648009500270003,1704458.1,-0.35331880554881345,2115119.1,-0.4788752084929875,2101058.3666666667,-0.47538772959044084
2019-11-14,114.7,113.4,112.59,114.95,1767396.0,0.000705965407695075,-0.013484123531970371,0.007194244604316502,113.34,0.000529380624669118,112.888,0.004535468783218866,110.4865,0.02636973747923954,110.271,0.028375547514759125,1627934.6,0.08566769205593383,1682020.8,0.05075751738622958,2131250.3,-0.17072340118849483,2112050.0,-0.16318458369830258
2019-11-17,113.03,111.97,111.7,113.4,1845257.0,-0.012610229276896034,-0.012610229276896034,0.002417188898836242,113.224,-0.01107539037659866,112.946,-0.008641297611247878,110.52950000000001,0.013032719771644441,110.30866666666665,0.015060768872799501,1744280.0,0.05789036163918637,1696859.8,0.08745401358438687,2154104.45,-0.14337626478604604,2114753.566666667,-0.12743639302212162
2019-11-18,112.73,111.71,111.57,113.03,1876162.0,-0.002322050549254273,-0.011678315491462476,0.001254817603298486,112.91399999999999,-0.010662982446817848,112.772,-0.009417231227609846,110.571,0.010301073518372839,110.49466666666667,0.010999022577258488,1664086.8,0.1274423906252966,1580107.0,0.1873638937109956,2164704.5,-0.13329417479383443,2069263.4,-0.09331890758808181
2019-11-19,110.8,108.58,108.22,110.83,2988293.0,-0.02801897771014228,-0.020301362446990878,0.0033265570134910494,111.796,-0.028766682171097457,112.42699999999999,-0.03421775907922464,110.72150000000002,-0.01934132033977165,110.51166666666667,-0.017479300827966893,1915869.8,0.5597578708114717,1711252.5,0.7462607067045921,2084279.5,0.4337294974114556,2105285.466666667,0.41942413383559507
2019-11-20,109.06,108.78,107.85,109.235,2903049.0,0.0018419598452754649,-0.004165331624479296,0.008623087621696834,110.88799999999999,-0.01901017242623182,112.076,-0.02940861558228336,110.8945,-0.019067672427397153,110.523,-0.01577047311419333,2276031.4,0.27548723624814664,1887636.5,0.5379279856052794,2076757.15,0.3978760106832906,2138631.2,0.3574332030693277
2019-11-21,111.08,110.65,109.14,111.08,1783561.0,0.017190660047802897,-0.003871083903492889,0.013835440718343417,110.33800000000001,0.002827674962388338,111.83899999999998,-0.010631353999946191,111.0855,-0.003920403653041915,110.504,0.0013212191413884966,2279264.4,-0.21748393911649733,1953599.5,-0.08703856650249964,2072550.35,-0.13943658835598371,2110525.2,-0.15492077517008573
2019-11-24,111.62,112.93,111.32,113.47,3031509.0,0.020605512878445476,-0.004758967127875158,0.014462809917355601,110.53,0.02171356192888818,111.877,0.009412122241390097,111.2905,0.014731715645091015,110.59033333333333,0.021156158916843193,2516514.8,0.20464580617606543,2130397.4,0.42297817299251306,2119878.0,0.43003937019017124,2152846.033333333,0.408140179586461
2019-11-25,108.62,114.89,107.51,115.45,7432903.0,0.017355884176038172,-0.0048505846686878185,0.06864477723002516,111.16600000000001,0.03349945127107201,112.04,0.025437343805783552,111.63200000000002,0.029185179876737743,110.64366666666666,0.03837845817353602,3627863.0,1.0488378420023028,2645974.9,1.8091358689759303,2353195.2,2.1586427679267746,2312952.7666666666,2.2135991305659033
2019-11-26,116.11,113.7,113.03,116.31,3948863.0,-0.010357733484202214,-0.02244003095176683,0.0059276298327877175,112.19000000000001,0.013459310098939303,111.99300000000001,0.015242024055074799,111.90450000000001,0.01604493116898764,110.74733333333333,0.026661289060383675,3819977.0,0.03373999372247538,2867923.4,0.3769067193356699,2423450.95,0.6294379715009291,2379116.0,0.6598026325744519
2019-11-28,113.03,112.95,112.44,114.39,1036675.0,-0.006596306068601621,-0.012588512981903999,0.00453575240128079,113.024,-0.0006547281993204424,111.95599999999999,0.008878487977419747,112.22050000000002,0.006500594811108318,110.84566666666666,0.018984353620800087,3446702.2,-0.6992269886269837,2861366.8,-0.6376993680083238,2282912.45,-0.5458980479080571,2363868.3333333335,-0.5614497705385453
2019-12-01,113.06,111.26,110.93,113.36,1715849.0,-0.014962372731296969,-0.01852505292872264,0.0029748490038763453,113.146,-0.016668728898944662,111.742,-0.004313507902131697,112.31500000000001,-0.009393224413480006,110.905,0.003200937739506804,3433159.8,-0.5002128942556068,2856212.1,-0.39925714900514564,2269116.45,-0.24382505798677723,2372904.2333333334,-0.27689917869560887
2019-12-02,109.54,110.25,108.67,110.43,2157134.0,-0.009077835700161851,-0.0016299918500407573,0.014539431305788053,112.61000000000001,-0.020957286209040138,111.57000000000001,-0.011831137402527614,112.258,-0.017887366601934795,110.87633333333333,-0.005648936202195198,3258284.8,-0.3379541285034383,2887399.8,-0.252914681229804,2292129.8,-0.058895355751668044,2398536.2333333334,-0.10064564794914432
2019-12-03,111.8,114.39,111.8,114.51,2890447.0,0.03755102040816327,-0.0010479434110558516,0.023166368515205704,112.51000000000002,0.016709625811038853,111.83800000000001,0.02281871993419049,112.30499999999999,0.018565513556831892,110.99333333333334,0.03060243858489997,2349793.6,0.23008548495493386,2988828.3,-0.03291634383949049,2284467.65,0.26526063960678115,2439412.433333333,0.18489475600907346
2019-12-04,113.95,113.43,113.16,115.23,2443405.0,-0.008392341987935925,-0.015620932048945546,0.0023860021208907956,112.45599999999999,0.008661165255744674,112.32300000000001,0.009855505996100522,112.375,0.009388209121245827,111.25533333333333,0.019546628476238004,2048702.0,0.19266003547612098,2934339.5,-0.1673066460101157,2322796.0,0.051924060485724954,2367632.8333333335,0.032003343423814945
2019-12-05,114.74,115.89,114.4,116.1,2150292.0,0.02168738428987038,-0.0018087855297157507,0.013024475524475498,113.04400000000001,0.02517603764905685,113.03399999999999,0.025266733903073435,112.55499999999999,0.029629958686864244,111.60766666666669,0.03836952658568826,2271425.4,-0.05332924427102026,2859063.8,-0.24790345706870898,2373350.15,-0.09398450961818672,2337526.033333333,-0.08009922912658896
2019-12-08,115.78,114.62,114.5101,115.78,1553263.0,-0.010958667702131275,-0.010019001554672613,0.0009597406691637111,113.71600000000001,0.007949628900066896,113.431,0.010482143329425098,112.63499999999999,0.017623296488658236,111.86733333333333,0.02460652797063201,2238908.2,-0.30624087222513197,2836034.0,-0.45231157313346737,2394816.75,-0.3514063236780016,2327044.9,-0.332516961748353
2019-12-09,114.58,114.41,114.03,115.44,2815854.0,-0.0018321409876113082,-0.00892238392238398,0.0033324563711303323,114.548,-0.0012047351328701161,113.579,0.007316493365851162,112.72800000000002,0.014920871478248277,112.05333333333333,0.02103165159447884,2370652.2,0.18779718087705977,2814468.5,0.0004922776716100863,2472432.95,0.13890004580306203,2351408.1666666665,0.1975181680140745
2019-12-10,114.95,115.85,114.79,116.49,2203209.0,0.012586312385280962,-0.005494033822645683,0.009234253854865315,114.84,0.008794845001741436,113.675,0.019133494611832003,112.8575,0.026515738874244077,112.313,0.03149234727947792,2233204.6,-0.013431639895422065,2291499.1,-0.03852940636110225,2468737.0,-0.10755621194157172,2332629.8333333335,-0.05548279949261847
2019-12-11,115.87,117.81,115.6124,118.66,2424054.0,0.016918429003021318,-0.007163323782234943,0.01900834166577292,115.71599999999998,0.018096028206989745,114.08600000000001,0.03264204196833953,113.0395,0.042202062111031946,112.63166666666666,0.04597582089110541,2229334.4,0.08734427639029851,2139018.2,0.13325543466624068,2503470.8,-0.03172267877060908,2328640.033333333,0.0409741159221102
2019-12-12,117.58,118.77,116.9,119.47,1644295.0,0.008148714031066984,-0.005859211517535767,0.015996578272027273,116.292,0.021308430502528175,114.668,0.035772839850699345,113.31200000000001,0.0481678904264331,113.03633333333332,0.05072410345935974,2128135.0,-0.22735399774920295,2199780.2,-0.2525185016212075,2530573.5,-0.3502283178101723,2255201.7,-0.270887832338899
2019-12-15,119.52,118.86,118.49,120.5,2062535.0,0.0007577671129073149,-0.01360995850622404,0.003122626381973248,117.13999999999999,0.014683284958169729,115.428,0.029732820459507314,113.58500000000001,0.046440991328080106,113.35266666666666,0.04858582947614831,2229989.4,-0.07509201613245331,2234448.8,-0.07693790074760265,2545330.45,-0.18967888825594337,2257560.566666667,-0.08638774504935032
2019-12-16,118.91,118.82,118.07,119.41,1467449.0,-0.000336530371866095,-0.004940959718616522,0.006352163970525959,118.022,0.0067614512548506145,116.285,0.021799888205701556,113.92749999999998,0.042943977529569466,113.60033333333334,0.04594763513017841,1960308.4,-0.25141931749106416,2165480.3,-0.3223447934391275,2526440.05,-0.41916334013150236,2249913.3,-0.3477753120531355
2019-12-17,118.89,117.0,116.86,119.53,2708958.0,-0.015317286652078765,-0.021166234418137697,0.001198014718466478,118.252,-0.010587558772790273,116.546,0.0038954575875620456,114.19199999999998,0.024590163934426368,113.71866666666666,0.028854834738360147,2061458.2,0.3140979526046175,2147331.4,0.26154630812924373,2568079.85,0.05485738693055042,2238755.566666667,0.21002848204345415
2019-12-18,117.38,118.7,117.13,118.82,1713995.0,0.014529914529914478,-0.0010099309880490237,0.013403910185264323,118.42999999999999,0.002279827746348051,117.07300000000001,0.013897311933579903,114.69800000000001,0.03489162845036531,113.941,0.04176723040872021,1919446.4,-0.1070367997772691,2074390.4,-0.17373557070067425,2504364.95,-0.3155969540302024,2239994.1333333333,-0.2348216566757675
2019-12-19,120.18,119.82,117.9,120.22,4449011.0,0.009435551811288967,-0.003327233405423402,0.016284987277353613,118.64000000000001,0.009946055293324152,117.46599999999998,0.02003984131578518,115.25,0.03965292841648593,114.19200000000001,0.049285414039512254,2480389.6,0.7936742679456485,2304262.3,0.9307745476719385,2581663.05,0.7233120333034941,2350320.8666666667,0.8929377103773037
2019-12-22,120.0,119.17,119.03,120.545,1565751.0,-0.005424803872475348,-0.011406528682234796,0.0011761740737630255,118.702,0.0039426462907112825,117.921,0.010591836907760221,115.676,0.030205055499844313,114.397,0.04172312210984552,2381032.8,-0.34240679086823156,2305511.1,-0.32086598932444965,2570772.55,-0.3909414506545902,2365048.2,-0.3379623299009298
2019-12-23,119.26,119.72,119.11,119.88,487824.0,0.004615255517328221,-0.001334668001334638,0.005121316430190648,118.88199999999999,0.007049006577951378,118.452,0.010704758045453122,116.01550000000002,0.03193107817489893,114.636,0.044349070100142995,2185107.8,-0.7767506024187913,2072708.1,-0.7646441387477572,2443588.3,-0.8003657162706173,2339191.3333333335,-0.7914561356958972
2019-12-25,119.67,119.73,119.26,120.13,912635.0,8.352823254265118e-05,-0.0033297261300256897,0.00394096931074972,119.428,0.002528720233111237,118.84,0.007489060922248436,116.25750000000001,0.02986904070705121,114.85166666666667,0.04247507654801108,1825843.2,-0.5001569685721096,1943650.7,-0.5304531827658128,2117574.9,-0.5690187865373735,2293708.2333333334,-0.6021137358548379
2019-12-26,119.72,119.45,118.99,120.0,1360930.0,-0.0023385951724713694,-0.004583333333333273,0.0038658710816035224,119.578,-0.001070431015738671,119.00399999999999,0.0037477731840946937,116.545,0.02492599425114772,115.02766666666666,0.038445823178771654,1755230.2,-0.22464301263731667,1837338.3,-0.2592926408816493,1988178.25,-0.3154889406923147,2281426.6333333333,-0.40347413319551706
2019-12-29,119.28,118.86,117.94,119.45,1107348.0,-0.00493930514859775,-0.00493930514859775,0.007800576564354733,119.38600000000001,-0.004405876735965819,119.01299999999999,-0.001285573844874044,116.84049999999999,0.017284246472755616,115.21233333333333,0.031660383581618934,1086897.6,0.018815387944549622,1783643.6,-0.3791652099107692,1991711.9,-0.4440219993664746,2281596.8666666667,-0.514660974435069
2019-12-30,118.82,118.84,118.135,119.1407,963456.0,-0.0001682651859330475,-0.0025239066079013606,0.0059677487620095615,119.32000000000001,-0.004022795843111049,119.01100000000001,-0.0014368419725908632,117.2195,0.013824491658811056,115.39366666666666,0.02986587940990404,966438.6,-0.0030861764006528958,1673735.7,-0.4243678975121341,1954092.25,-0.5069546998101037,2254798.8666666667,-0.5727086729361788
