date,open_price,close_price,lowest_price,highest_price,volume
2014-01-01,47.25,47,46.955,47.65,1648963.0
2014-01-02,47.13,46.83,46.79,47.21,1689633.0
2014-01-05,47.1,46.58,46.47,47.18,2203878.0
2014-01-06,46.62,46.35,46,46.68,2489921.0
2014-01-07,46.36,46.94,46.36,47.59,4079512.0
2014-01-08,47.28,46.13,46.03,47.31,3353311.0
2014-01-09,46.25,46.55,45.9,46.74,2904386.0
2014-01-12,46.51,46.15,46.11,46.81,1506996.0
2014-01-13,46.26,48.03,46.24,48.17,5186197.0
2014-01-14,48.85,49.31,48.59,49.665,8271488.0
2014-01-15,49.32,49.32,49.0521,49.6,3574029.0
2014-01-16,49.23,48.54,48.34,49.27,4055364.0
2014-01-20,48.64,48.32,48.05,48.775,2582812.0
2014-01-21,47.27,47.77,46.8,47.81,4199682.0
2014-01-22,47.32,47.02,46.51,47.53,3882634.0
2014-01-23,46.74,45.38,45.185,46.8,4940609.0
2014-01-26,45.13,44.7,44.48,45.35,3980877.0
2014-01-27,44.75,45.15,44.52,45.31,2181747.0
2014-01-28,44.85,44.68,44.475,45.61,3605446.0
2014-01-29,44.65,44.93,43.58,44.99,5196579.0
2014-01-30,44.17,44.66,44.1,45.02,4101564.0
2014-02-02,44.83,44.65,44.535,45.64,4349533.0
2014-02-03,44.72,45.12,44.69,45.43,3414007.0
2014-02-04,45.06,44.86,44.305,45.13,3462735.0
2014-02-05,45.41,46.21,45.3,46.32,4440251.0
2014-02-06,46.74,46.45,46.14,46.86,4529565.0
2014-02-09,46.41,46.82,46.27,47.16,4078400.0
2014-02-10,47.8,47.96,47.4,48.35,4442012.0
2014-02-11,47.97,47.98,47.8,48.85,4377124.0
2014-02-12,47.85,47.63,47.43,48.22,3254528.0
2014-02-13,47.55,47.78,47.31,47.98,2032155.0
2014-02-17,47.97,47.91,47.515,48.23,2311841.0
2014-02-18,47.85,47.45,47.37,48.33,2932094.0
2014-02-19,47.63,48.37,47.61,48.43,2515112.0
2014-02-20,48.36,48.03,47.98,48.99,4085939.0
2014-02-23,48.07,48,48,48.88,2761854.0
2014-02-24,48.08,48.01,47.835,48.37,2159782.0
2014-02-25,48.07,48.13,47.75,48.37,1762473.0
2014-02-26,48.12,48.38,47.77,48.5261,2726047.0
2014-02-27,48.46,48.86,48.02,49.15,3291608.0
2014-03-02,48.49,48.98,48.15,49.41,3792309.0
2014-03-03,49.1,48.97,48.69,49.24,4223613.0
2014-03-04,48.99,49.85,48.62,50.25,4443043.0
2014-03-05,50.11,50,49.92,50.63,5509634.0
2014-03-06,49.91,49.73,49.48,50.17,3369721.0
2014-03-09,49.71,49.89,49.06,49.94,2512803.0
2014-03-10,49.94,48.81,48.46,49.94,3597755.0
2014-03-11,48.5,48.29,48.17,48.76,2910768.0
2014-03-12,48.5,47.66,47.38,48.68,3087324.0
2014-03-13,47.63,47.9,47.5,48.37,2793828.0
2014-03-16,48.25,48.02,47.93,48.49,2160672.0
2014-03-17,47.97,48.54,47.97,48.72,2246705.0
2014-03-18,48.44,48.93,48.44,49.09,3209297.0
2014-03-19,48.75,49.04,48.49,49.04,2314181.0
2014-03-20,49.75,48.65,48.49,49.75,4408541.0
2014-03-23,48.65,48.43,48.191,48.87,2283699.0
2014-03-24,48.65,48.69,48.64,49.16,2024567.0
2014-03-25,48.95,48.52,48.52,49.46,2670617.0
2014-03-26,48.39,48.7,48.13,48.99,1871829.0
2014-03-27,48.92,49.17,48.8,49.49,1755327.0
2014-03-30,49.37,50,49.05,50.07,3415799.0
2014-03-31,49.96,49.8,49.09,50.41,3574410.0
2014-04-01,49.6,49.52,48.85,49.77,3084530.0
2014-04-02,49.51,49.42,49.13,49.65,1809360.0
2014-04-03,49.72,49.17,49,49.912,2083585.0
2014-04-06,49.1,48.28,47.99,49.16,2732419.0
2014-04-07,48.33,48.29,48.05,48.6,1531902.0
2014-04-08,48.24,48.48,48.11,48.76,1342273.0
2014-04-09,48.55,48.08,47.7601,48.68,2149635.0
2014-04-10,47.85,47.2,47.09,47.86,2195186.0
2014-04-13,47.44,47.44,47.12,47.86,2011755.0
2014-04-14,47.82,48.37,47.6301,48.46,2575305.0
2014-04-15,48.62,48.64,48.4,48.88,1814769.0
2014-04-16,48.6,48.72,48.48,48.95,1916807.0
2014-04-20,48.9,48.89,48.59,49.2008,1518048.0
2014-04-21,49,49.04,48.84,49.3,1322749.0
2014-04-22,49,48.84,48.76,49.19,1461641.0
2014-04-23,49.07,48.79,48.37,49.12,1378678.0
2014-04-24,48.71,49.42,48.57,49.54,2378162.0
2014-04-27,49.6,49.74,49.27,50,3073045.0
2014-04-28,49.86,49.94,49.75,50.13,1880837.0
2014-04-29,49.98,50.04,49.81,50.25,2020301.0
2014-04-30,50.01,49.82,49.62,50.23,1253699.0
2014-05-01,49.86,49.93,49.8,50.2,2039025.0
2014-05-04,49.84,49.71,49.4599,49.88,1719865.0
2014-05-05,48.78,48.66,48.1,49,3730851.0
2014-05-06,48.69,48.75,48.39,48.86,2038467.0
2014-05-07,48.51,48.6,48.43,49.1,1610337.0
2014-05-08,48.6,48.46,48.21,48.6,1506460.0
2014-05-11,48.56,48.72,48.5149,48.95,1660861.0
2014-05-12,48.85,49.26,48.75,49.54,2151067.0
2014-05-13,49.43,50,49.292,50.42,4982930.0
2014-05-14,49.92,49.3,48.9,50,2998633.0
2014-05-15,49.32,49.31,48.795,49.5,1899092.0
2014-05-18,49.22,49.5,49.14,49.72,1319256.0
2014-05-19,49.34,49.68,49.34,49.955,2656088.0
2014-05-20,49.62,50,49.35,50.03,2345213.0
2014-05-21,49.685,49.48,49.39,50.03,2955261.0
2014-05-22,49.56,49.53,49.2,49.65,1736085.0
2014-05-26,49.59,49.57,49.4,49.87,1903488.0
2014-05-27,49.65,49.33,49.13,50.03,2098746.0
2014-05-28,49.33,49.87,49.3,49.97,1569002.0
2014-05-29,49.68,49.99,49.45,50.01,2569833.0
2014-06-01,49.98,49.84,49.68,50.02,1767486.0
2014-06-02,49.41,48.95,48.85,49.41,2308252.0
2014-06-03,48.88,48.87,48.43,49.6343,2461874.0
2014-06-04,48.88,48.83,48.23,48.9901,2469964.0
2014-06-05,48.8,48.74,48.47,48.93,2900188.0
2014-06-08,48.65,49.07,48.65,49.31,2420053.0
2014-06-09,48.99,49.11,48.65,49.28,2126012.0
2014-06-10,49,48.81,48.69,49.165,1682501.0
2014-06-11,48.81,48.6,48.59,49,2198841.0
2014-06-12,48.56,48.58,48.25,48.64,1506705.0
2014-06-15,48.54,49.65,48.445,49.69,5295235.0
2014-06-16,49.6,50.05,49.22,50.45,5439055.0
2014-06-17,50.05,50.06,49.77,50.39,3741201.0
2014-06-18,50.45,50.63,50.15,50.77,4840046.0
2014-06-19,50.83,50.64,50.45,50.95,5915835.0
2014-06-22,50.67,50.79,50.41,51.25,3052165.0
2014-06-23,50.82,50.13,50.1,50.91,2573989.0
2014-06-24,50.24,49.96,49.85,50.58,2159416.0
2014-06-25,49.95,49.96,49.61,50.01,1840145.0
2014-06-26,49.74,49.7,49.64,50.13,5186796.0
2014-06-29,49.87,49.45,49.4,49.89,3088330.0
2014-06-30,49.51,49.35,49.29,49.59,2387706.0
2014-07-01,49.4,49.07,48.91,49.45,4264557.0
2014-07-02,49.13,49.19,48.9001,49.24,1975664.0
2014-07-06,49.16,48.76,48.69,49.25,2852158.0
2014-07-07,48.59,48.19,47.7,48.66,4549245.0
2014-07-08,48.2,48.04,47.5,48.3,3565130.0
2014-07-09,47.41,47.34,46.84,47.575,3205700.0
2014-07-10,47.31,47.27,47.2,47.52,1992738.0
2014-07-13,47.38,47.6,47.2,47.84,2907798.0
2014-07-14,47.78,47.47,47.33,48.29,2212579.0
2014-07-15,47.5,47.81,47.5,47.93,1828755.0
2014-07-16,47.7,47.55,47.33,47.96,2113747.0
2014-07-17,47.58,47.79,47.44,47.86,2238835.0
2014-07-20,47.68,47.23,47.045,47.68,2312669.0
2014-07-21,47.35,47.27,47.19,47.49,2041902.0
2014-07-22,47.38,47.5,47.11,47.6,1992125.0
2014-07-23,47.86,47.34,47.18,48.24,3554800.0
2014-07-24,47.3,47.1,46.935,47.4,2126369.0
2014-07-27,47.15,47.46,46.95,47.48,1764622.0
2014-07-28,47.5,47.2,47.2,47.6498,1349777.0
2014-07-29,47.26,47.18,46.9301,47.422,1933506.0
2014-07-30,46.75,46.11,45.95,47.4,3638794.0
2014-07-31,46.09,46.04,45.65,46.28,2720591.0
2014-08-03,46.17,46.94,45.84,47.03,3688305.0
2014-08-04,46.7,47.11,46.61,47.27,3620271.0
2014-08-05,46.67,47.03,46.66,47.18,2916283.0
2014-08-06,47.15,46.22,46.071,47.25,2669350.0
2014-08-07,46.22,46.28,45.62,46.3,2270921.0
2014-08-10,46.48,46.5,46.41,46.755,1398203.0
2014-08-11,46.5,46.53,46.37,46.66,1507926.0
2014-08-12,46.18,45.72,45.5,46.21,3254775.0
2014-08-13,45.72,45.96,45.59,45.99,1436046.0
2014-08-14,46.01,46.45,45.94,46.49,2346045.0
2014-08-17,46.65,46.99,46.57,47.01,2400059.0
2014-08-18,46.95,47.11,46.76,47.4001,1559656.0
2014-08-19,47.05,47.36,46.92,47.395,1857100.0
2014-08-20,47.29,47.55,47.27,47.65,1753556.0
2014-08-21,47.49,47.47,47.351,47.65,1921130.0
2014-08-24,47.65,47.53,47.46,47.68,1423378.0
2014-08-25,47.6,47.53,47.49,47.7,1794151.0
2014-08-26,47.55,47.95,47.53,48,2479502.0
2014-08-27,47.7,47.97,47.57,48.21,1936014.0
2014-08-28,47.94,47.76,47.68,48.0852,1698297.0
2014-09-01,47.63,47.4,47.12,47.645,2157378.0
2014-09-02,47.64,47.25,47.15,47.648,1610985.0
2014-09-03,47.21,46.9,46.8,47.37,3139559.0
2014-09-04,47,47.26,46.88,47.3,2145771.0
2014-09-07,47.21,47.14,47,47.31,1536289.0
2014-09-08,46.87,46.23,46.05,46.87,3145367.0
2014-09-09,46.12,46.19,45.65,46.28,2966462.0
2014-09-10,45.87,46.16,45.72,46.34,2412951.0
2014-09-11,46.17,46.29,45.83,46.45,2679696.0
2014-09-14,46.21,46.41,46.11,46.54,1861906.0
2014-09-15,46.25,46.78,46.11,46.84,2971659.0
2014-09-16,46.95,46.81,46.73,47.14,2116285.0
2014-09-17,46.92,46.73,46.58,47.1,1558560.0
2014-09-18,46.88,46.44,46.34,46.88,4626424.0
2014-09-21,46.39,46.17,45.885,46.5,2016434.0
2014-09-22,46.2,45.82,45.795,46.6,4292021.0
2014-09-23,45.8,45.98,45.47,46.05,1869959.0
2014-09-24,45.8,45.44,45.42,45.84,2155565.0
2014-09-25,45.39,45.51,45.18,45.52,1444507.0
2014-09-28,45.14,45.42,44.91,45.515,2257342.0
2014-09-29,44.61,44.41,44.09,44.84,5028618.0
2014-09-30,44.09,43.23,42.96,44.14,4745004.0
2014-10-01,43.04,42.93,41.89,43.08,5051128.0
2014-10-02,43.08,42.61,42.35,43.08,3570847.0
2014-10-05,42.78,43.05,42.62,43.22,3317910.0
2014-10-06,42.84,42.49,42.475,43.13,2712820.0
2014-10-07,42.49,43.19,42.03,43.21,2578770.0
2014-10-08,42.97,42.05,41.98,43.13,2545796.0
2014-10-09,41.95,41.62,41.42,42.19,3125583.0
2014-10-12,41.62,41.06,41.04,42.13,2451208.0
2014-10-13,41.39,41.47,41.23,42.19,3277462.0
2014-10-14,41.25,41.4,40.32,41.63,3439047.0
2014-10-15,40.57,40.9,40.57,41.735,4076526.0
2014-10-16,41.17,40.76,40.76,41.49,4998383.0
2014-10-19,40.86,41.8,40.82,42,3640752.0
2014-10-20,42.13,42.63,42.12,42.78,3530148.0
2014-10-21,42.75,42.81,42.73,43.27,3025921.0
2014-10-22,43.16,42.44,42.35,43.24,3343494.0
2014-10-23,42.57,43.36,42.46,43.47,3897331.0
2014-10-26,43.01,42.92,42.38,43.12,2944019.0
2014-10-27,43.25,43.19,42.98,43.57,3149392.0
2014-10-28,43.17,42.72,42.36,43.35,5684581.0
2014-10-29,42.45,43.3,42.39,43.5,2790399.0
2014-10-30,44.14,44.31,43.75,44.39,3826887.0
2014-11-02,44.32,43.8,43.41,44.46,2894674.0
2014-11-03,43.85,43.51,43.46,44.09,2728768.0
2014-11-04,43.45,43.9,43.38,43.98,2240283.0
2014-11-05,43.75,44.19,43.65,44.37,2669535.0
2014-11-06,44.26,44.03,43.98,44.55,2345742.0
2014-11-09,44.09,44.11,43.81,44.5,3338813.0
2014-11-10,44.04,44.81,43.93,44.91,2373843.0
2014-11-11,44.84,45.17,44.67,45.21,2630096.0
2014-11-12,45.22,45.4,45.08,45.5,3863420.0
2014-11-13,45.15,45.15,44.97,45.43,1876036.0
2014-11-16,45.12,45.27,44.97,45.38,1608497.0
2014-11-17,45.5,46.77,45.49,47.24,5767071.0
2014-11-18,48.18,47.6,47.57,48.73,8739586.0
2014-11-19,47.01,47.23,46.9,47.75,4526922.0
2014-11-20,47.69,47.21,46.6,47.74,4898609.0
2014-11-23,46,45.46,45.16,46.06,6548075.0
2014-11-24,45.64,45.53,45.44,46.07,3746237.0
2014-11-25,45.5,45.6,45,45.64,3019870.0
2014-11-27,45.26,45.77,44.89,45.98,2369465.0
2014-11-30,45.67,44.72,44.56,45.67,4019071.0
2014-12-01,44.41,44.85,44.37,45.24,2575703.0
2014-12-02,44.81,45.84,44.69,45.95,2927334.0
2014-12-03,45.51,45.83,45.3556,45.91,3099029.0
2014-12-04,46.16,45.98,45.88,46.335,2985964.0
2014-12-07,45.64,44.98,44.7,45.67,2961107.0
2014-12-08,44.79,45.37,44.62,45.38,1674035.0
2014-12-09,45.82,45.91,44.94,46.075,7024942.0
2014-12-10,46.13,45.66,45.57,46.84,3672178.0
2014-12-11,45.17,44.6,44.58,45.185,2914280.0
2014-12-14,44.59,44.17,44.15,45.16,3646318.0
2014-12-15,43.9,43.79,43.59,44.575,2805497.0
2014-12-16,44.03,44.36,43.9105,44.69,3418179.0
2014-12-17,44.93,45.21,44.17,45.22,3725357.0
2014-12-18,45.58,46.01,45.34,46.17,5374065.0
2014-12-21,46.15,46.1,45.71,46.23,1942347.0
2014-12-22,46.21,46.39,46.07,46.695,1615068.0
2014-12-23,46.36,46.12,46.06,46.57,1188896.0
2014-12-25,46.19,45.98,45.941,46.33,1052354.0
2014-12-28,45.79,46.18,45.79,46.4,1562390.0
2014-12-29,46,46.12,45.93,46.37,1477728.0
2014-12-30,46.16,45.65,45.63,46.2497,1550533.0
2015-01-01,45.86,45.77,45.41,46.04,1577884.0
2015-01-04,45.41,44.95,44.81,45.69,2067307.0
2015-01-05,45.27,45.55,44.87,45.78,3291323.0
2015-01-06,45.79,45.79,45.57,46.145,2434366.0
2015-01-07,46.18,46.33,46.02,46.43,2888851.0
2015-01-08,46.55,45.96,45.72,46.58,2058189.0
2015-01-11,46.13,46.36,45.24,46.5,3485987.0
2015-01-12,46.1,45.45,44.96,46.25,2782507.0
2015-01-13,45.51,45.5,44.78,45.92,3918263.0
2015-01-14,45.94,45.43,45.39,46.18,2229888.0
2015-01-15,45.45,45.99,45.26,46.06,2816781.0
2015-01-19,47.34,47.65,46.58,47.81,6895942.0
2015-01-20,47.83,48.17,47.47,48.38,8476264.0
2015-01-21,48.46,48.66,48,48.69,4436994.0
2015-01-22,48.66,47.94,47.94,48.66,3043906.0
2015-01-25,47.82,48.34,47.79,48.44,4145479.0
2015-01-26,47.95,48.61,47.93,49.06,2959079.0
2015-01-27,48.91,47.7,47.59,48.95,2874670.0
2015-01-28,48.07,48.22,47.53,48.28,3472115.0
2015-01-29,47.72,48.69,47.58,49.5,5135885.0
2015-02-01,48.91,49.09,48.41,49.26,2968974.0
2015-02-02,49.17,50.12,49.0875,50.31,4331234.0
2015-02-03,49.64,49.34,49.25,49.74,2907780.0
2015-02-04,49.7,49.79,49.34,49.83,2375640.0
2015-02-05,49.71,49.7,49.35,49.835,2124932.0
2015-02-08,50.2,50.49,49.91,50.74,4233637.0
2015-02-09,50.715,50.78,50.12,50.82,3162320.0
2015-02-10,51.03,51.19,50.38,52.17,5208519.0
2015-02-11,52.34,52.04,51.72,52.37,4286486.0
2015-02-12,52.07,52.33,51.89,52.61,3465898.0
2015-02-16,52.41,52.01,51.8,52.41,4062819.0
2015-02-17,52.39,52.67,51.84,52.67,3334324.0
2015-02-18,52.48,53.02,52.1,53.14,2661988.0
2015-02-19,52.92,53.08,52.53,53.115,3528747.0
2015-02-22,53.02,52.97,52.77,53.33,3080538.0
2015-02-23,53.27,53.19,52.98,53.43,2486531.0
2015-02-24,53.17,53.56,53.14,53.83,3535065.0
2015-02-25,53.44,53.2,52.7,53.58,3757970.0
2015-02-26,53.08,53.26,52.9,53.41,4316157.0
2015-03-01,53.1,53.53,52.27,53.55,2707279.0
2015-03-02,53.11,52.61,52.52,53.21,2917580.0
2015-03-03,52.58,51.9,51.76,52.62,3304790.0
2015-03-04,51.89,50.43,49.8,51.966,6994059.0
2015-03-05,49.97,49.03,48.78,50,6999005.0
2015-03-08,49.13,49.33,49.06,49.48,2808785.0
2015-03-09,48.86,48.33,48.33,48.88,4595427.0
2015-03-10,48.57,47.85,47.61,48.69,3856807.0
2015-03-11,48.11,47.74,47.55,48.62,4675180.0
2015-03-12,47.43,46.83,46.665,47.43,4361707.0
2015-03-15,46.82,46.9,45.93,47.39,5075661.0
2015-03-16,46.8,47.29,46.56,47.52,5301397.0
2015-03-17,47.08,47.55,46.7,47.98,4334153.0
2015-03-18,46.62,46.33,46.17,46.83,3566016.0
2015-03-19,46.54,46.5,45.92,47.01,5644195.0
2015-03-22,46.63,46.87,46.32,47.09,3733509.0
2015-03-23,46.92,46.92,46.42,47.135,3865649.0
2015-03-24,47.07,46.53,46.49,47.595,3528993.0
2015-03-25,46.59,46.73,46.51,47.29,3871927.0
2015-03-26,46.89,46.05,45.95,46.89,4372380.0
2015-03-29,46.33,47.36,46.26,47.5557,4044060.0
2015-03-30,47.11,46.06,45.95,47.39,5448670.0
2015-03-31,46.26,45.47,45.25,46.26,4668052.0
2015-04-01,45.53,45.87,45.37,46.0999,2453569.0
2015-04-05,45.75,45.89,45.4599,46.03,2917936.0
2015-04-06,45.88,45.84,45.81,46.32,2179451.0
2015-04-07,46,46,45.76,46.5,3456809.0
2015-04-08,46.11,46,45.92,46.26,2308589.0
2015-04-09,46.1,45.85,45.84,46.4,2268118.0
2015-04-12,45.79,45.62,45.53,46.15,2558222.0
2015-04-13,45.81,45.61,45.35,45.85,2274259.0
2015-04-14,45.87,45.95,45.65,46.06,3502820.0
2015-04-15,45.95,46.02,45.73,46.32,3125105.0
2015-04-16,45.91,45.32,45.29,46.08,4482817.0
2015-04-19,45.42,45,44.96,45.7,4200096.0
2015-04-20,44.97,44.69,44.49,45.15,3902424.0
2015-04-21,44.65,44.65,44.55,44.93,3752389.0
2015-04-22,44.81,44.88,44.73,45.47,4649343.0
2015-04-23,44.9,44.99,44.72,45.28,3632922.0
2015-04-26,45.07,44.6,44.59,45.16,3841468.0
2015-04-27,44.5,44.3,44.29,44.88,3763861.0
2015-04-28,44.2,44.03,43.96,44.39,5651687.0
2015-04-29,44.13,44,43.33,44.34,6371353.0
2015-04-30,44.54,44.98,44.44,45.41,7087672.0
2015-05-03,44.97,44.66,44.65,45.19,4405214.0
2015-05-04,44.72,44.11,44.03,45.16,4836337.0
2015-05-05,44.4,44.34,44.085,44.66,5281382.0
2015-05-06,44.22,44.49,44,44.56,9010159.0
2015-05-07,44.95,45.46,44.87,45.67,4713045.0
2015-05-10,45.38,45,44.96,45.57,3003198.0
2015-05-11,44.76,44.84,44.42,44.88,3062292.0
2015-05-12,44.91,45.42,44.69,45.58,5199200.0
2015-05-13,45.54,45.56,45.12,45.63,3187577.0
2015-05-14,45.92,46.62,45.6,46.63,4470587.0
2015-05-17,46.67,46.68,46.52,46.77,4123588.0
2015-05-18,46.77,46.6,46.23,46.81,3565986.0
2015-05-19,46.63,47.28,46.42,47.31,5209495.0
2015-05-20,47.32,47.43,47.1,47.68,4904153.0
2015-05-21,47.46,47.03,47.02,47.56,4464367.0
2015-05-25,46.75,46.47,46.39,46.94,3429324.0
2015-05-26,46.5,46.59,46.309,46.69,3838068.0
2015-05-27,46.47,46.53,46.25,46.64,3390845.0
2015-05-28,46.57,45.85,45.78,46.66,5009817.0
2015-05-31,45.9,45.36,45.13,46,4197843.0
2015-06-01,45.07,45.27,45,45.5001,3322225.0
2015-06-02,45.44,45.41,45.1,45.6299,2539432.0
2015-06-03,45.1,44.58,44.53,45.16,3115594.0
2015-06-04,44.35,44.31,44.22,44.62,2352371.0
2015-06-07,44.25,44.03,44.02,44.3599,2283693.0
2015-06-08,44,43.93,43.81,44.25,2267670.0
2015-06-09,44.22,44.61,44.09,44.74,3157951.0
2015-06-10,44.61,44.85,44.58,44.96,2979349.0
2015-06-11,44.71,44.54,44.41,44.995,2942662.0
2015-06-14,44.25,44.45,44.03,44.76,3040546.0
2015-06-15,44.5,44.6,44.39,44.74,2481041.0
2015-06-16,44.7,44.87,44.32,44.92,3571257.0
2015-06-17,44.94,45.03,44.81,45.2,3290229.0
2015-06-18,44.86,44.84,44.84,45.15,4427716.0
2015-06-21,44.93,44.99,44.73,45.06,2969632.0
2015-06-22,45,45.27,44.93,45.34,3390294.0
2015-06-23,45.39,45.24,45.165,45.56,4475410.0
2015-06-24,45.43,46.21,45.26,46.43,7123936.0
2015-06-25,46.48,46.55,46.36,47.13,9312606.0
2015-06-28,46.07,45.9,45.88,46.485,4944945.0
2015-06-29,46.13,46.85,46.06,47.129,5539636.0
2015-06-30,47.05,46.73,46.54,47.13,4422298.0
2015-07-01,46.65,46.65,46.43,46.8999,2618067.0
2015-07-05,46.26,46.45,46.19,46.94,2859495.0
2015-07-06,46.27,45.94,45.34,46.41,4136808.0
2015-07-07,45.6,45.1,45.005,45.73,3137938.0
2015-07-08,45.56,44.71,44.64,45.7,4591682.0
2015-07-09,45.58,45.04,44.97,45.74,4051210.0
2015-07-12,45.42,45.36,45.21,45.62,2999697.0
2015-07-13,45.41,45.73,45.28,45.98,3895910.0
2015-07-14,45.72,45.45,45.2497,45.8,3007841.0
2015-07-15,45.46,45.27,45.16,45.56,2216508.0
2015-07-16,45,45.26,44.93,45.87,4575323.0
2015-07-19,45.19,44.95,44.87,45.3,3442800.0
2015-07-20,45.03,44.85,44.82,45.25,2499192.0
2015-07-21,44.55,44.2,44.03,44.71,5401892.0
2015-07-22,44.21,43.96,43.82,44.43,3427012.0
2015-07-23,43.78,42.89,42.54,43.78,6088009.0
2015-07-26,42.49,42.29,42.14,42.69,5933449.0
2015-07-27,42.36,42.76,42,42.77,3971555.0
2015-07-28,42.85,42.72,42.55,42.93,5032818.0
2015-07-29,42.82,42.83,42.73,43.27,3984406.0
2015-07-30,43.04,42.94,42.905,43.3,3611063.0
2015-08-02,42.95,42.76,42.52,43.05,4787203.0
2015-08-03,42.89,43.98,42.28,44.12,4848798.0
2015-08-04,44.46,44.58,44.23,44.88,3923043.0
2015-08-05,44.77,44.64,44.17,44.85,3343529.0
2015-08-06,44.58,44.4,44.35,44.95,2891497.0
2015-08-09,44.61,45.28,44.4,45.355,2436876.0
2015-08-10,44.5,43.85,43.81,44.65,3797455.0
2015-08-11,43.53,43.55,43.15,43.88,3531595.0
2015-08-12,43.46,43.34,43.05,43.6,2370284.0
2015-08-13,43.48,43.28,43.06,43.59,2716833.0
2015-08-16,43.34,43.82,43.23,43.85,2819457.0
2015-08-17,43.57,43.59,43.3,43.79,2736382.0
2015-08-18,43.3,42.57,42.41,43.37,3636089.0
2015-08-19,42.26,41.48,41.48,42.49,3563030.0
2015-08-20,41.23,39.94,39.93,41.33,5549387.0
2015-08-23,38,38.24,37.2,39.65,8320281.0
2015-08-24,39.25,37.57,37.5,39.44,5670341.0
2015-08-25,38.32,38.92,37.98,38.99,5583716.0
2015-08-26,39.51,40.55,39.5,40.71,4932757.0
2015-08-27,40.35,41.04,40.11,41.05,3580822.0
2015-08-30,40.83,40.83,40.3,40.96,2816648.0
2015-08-31,39.57,39.21,38.92,40.03,3639967.0
2015-09-01,39.64,39.69,39.08,39.82,2621816.0
2015-09-02,39.8,40.37,39.69,40.63,2697431.0
2015-09-03,39.72,39.67,39.49,39.92,2964282.0
2015-09-07,40.64,40.3,39.6,41.345,4342771.0
2015-09-08,40.39,39.58,39.52,40.81,3099965.0
2015-09-09,39.41,39.45,39.17,39.87,3096187.0
2015-09-10,39,39.14,38.75,39.27,3216428.0
2015-09-13,39.19,38.68,38.61,39.27,2131930.0
2015-09-14,38.81,39.29,38.56,39.37,2818150.0
2015-09-15,39.25,39.41,39.16,39.665,2504704.0
2015-09-16,39.27,38.83,38.73,39.5,3170271.0
2015-09-17,38.38,36.98,36.92,38.38,10296677.0
2015-09-20,37.28,36.44,36.13,37.28,5173250.0
2015-09-21,35.24,33.88,33.35,35.39,9122420.0
2015-09-22,34,31.98,31.85,34,6815348.0
2015-09-23,31.76,32.45,31.12,32.575,8786050.0
2015-09-24,32.65,32.14,31.94,32.8,4812400.0
2015-09-27,31.95,30.96,30.9,31.96,4183907.0
2015-09-28,31.13,31.04,30.8,31.51,3769541.0
2015-09-29,31.37,31.11,30.8,31.6,4275026.0
2015-09-30,31.08,30.14,29.9199,31.25,5355068.0
2015-10-01,29.81,30.99,29.61,30.99,8769750.0
2015-10-04,31.48,32.06,31.17,32.17,5896681.0
2015-10-05,32.06,32.08,31.95,32.48,5879759.0
2015-10-06,32.13,33.49,32.02,33.59,7149533.0
2015-10-07,33.33,33.89,33.28,34.065,4452823.0
2015-10-08,34.05,33.93,33.69,34.26,4566279.0
2015-10-11,33.95,33.08,32.76,33.98,2928907.0
2015-10-12,32.79,33.44,32.76,33.89,5334318.0
2015-10-13,33.44,35.33,33.42,35.55,7785711.0
2015-10-14,35.32,34.93,34.65,35.47,5716103.0
2015-10-15,35.1,34.93,34.72,35.19,5224462.0
2015-10-18,34.6,34.16,33.95,34.8,3186063.0
2015-10-19,34.04,34.76,34,34.88,4201256.0
2015-10-20,34.79,34.41,34.05,34.9,3774196.0
2015-10-21,34.63,35.16,34.47,35.235,3592360.0
2015-10-22,35.44,35.62,34.9,35.7,3720522.0
2015-10-25,35.61,35.39,35.325,36.05,3432308.0
2015-10-26,35.1,34.27,33.76,35.147,4006278.0
2015-10-27,34.3,34.56,34.18,34.92,5443088.0
2015-10-28,34.21,34.66,33.75,34.92,3931500.0
2015-10-29,34.57,33.79,33.51,34.754,4941708.0
2015-11-01,33.86,34.48,33.73,34.68,3900238.0
2015-11-02,33.54,36.51,33.24,36.95,7134815.0
2015-11-03,36.52,33.38,33.19,36.53,8162260.0
2015-11-04,33.45,32.67,32.48,33.89,6327356.0
2015-11-05,32.67,32.5,32.15,32.91,4355109.0
2015-11-08,32.5,32.64,31.7,32.8,4515722.0
2015-11-09,32.61,31.76,31.34,32.74,4424359.0
2015-11-10,31.85,31.85,31.07,31.94,3598746.0
2015-11-11,31.46,31.66,31.26,32.14,3280892.0
2015-11-12,31.69,32.21,31.53,32.51,4389466.0
2015-11-15,32.26,32.68,32.13,32.97,3435646.0
2015-11-16,32.87,31.73,31.505,32.96,4526428.0
2015-11-17,31.71,31.95,31.53,32.13,4567261.0
2015-11-18,32.05,32.31,32,32.95,3625351.0
2015-11-19,32.45,31.26,31.09,32.66,4045193.0
2015-11-22,31.17,30.96,30.94,31.5,4504680.0
2015-11-23,30.91,31.53,30.67,31.78,4340761.0
2015-11-24,31.36,31.46,31.08,31.82,2882140.0
2015-11-26,31.47,31.05,30.82,31.52,1899164.0
2015-11-29,31.08,31.64,30.61,31.815,5514318.0
2015-11-30,31.5,31.82,31.28,32.25,5679254.0
2015-12-01,31.81,30.71,30.425,31.85,4906509.0
2015-12-02,30.94,31.03,30.54,31.15,5467188.0
2015-12-03,31,30.88,30.09,31.05,6470796.0
2015-12-06,30.72,32.05,30.37,32.26,9705298.0
2015-12-07,31.82,30.02,30,31.93,8154356.0
2015-12-08,30.23,30.84,30.19,30.99,5394722.0
2015-12-09,30.82,30.07,30.02,31.45,4687370.0
2015-12-10,29.86,29.37,29.28,29.94,4180314.0
2015-12-13,29.36,28.7,28.27,29.49,5010823.0
2015-12-14,28.84,29.47,28.84,29.62,4211088.0
2015-12-15,29.68,30.09,28.94,30.13,4559076.0
2015-12-16,30.03,28.84,28.82,30.14,4880854.0
2015-12-17,28.73,28.54,28.5,29.38,12515585.0
2015-12-20,28.71,27.24,26.96,28.8,8913615.0
2015-12-21,27.4,28.7,27.37,28.955,6796967.0
2015-12-22,28.96,30.01,28.9,30.5,6161523.0
2015-12-23,30.09,29.75,29.63,30.45,1669102.0
2015-12-27,29.6,28.98,28.62,29.63,3238282.0
2015-12-28,29.17,28.87,28.52,29.35,3261119.0
2015-12-29,28.91,28.35,28.17,29.08,3016158.0
2015-12-30,28.06,27.59,27.53,28.3,4236034.0
2016-01-03,27.31,28.42,27.22,28.43,7316763.0
2016-01-04,28.66,28.3,27.87,28.67,4995899.0
2016-01-05,27.83,26.44,26.265,27.85,5965557.0
2016-01-06,26.17,25.53,25.34,26.34,5552889.0
2016-01-07,25.5,24.91,24.77,25.6,5372443.0
2016-01-10,25,23.8,23.52,25.07,7972866.0
2016-01-11,24.3,24.56,23.65,24.765,8549973.0
2016-01-12,24.75,24.14,24.03,25.1699,6384449.0
2016-01-13,24.08,25.06,23.76,25.38,7342410.0
2016-01-14,24.44,25.47,24.23,25.675,9119303.0
2016-01-18,25.76,24.83,24.2507,25.95,7747356.0
2016-01-19,24.38,23.93,22.689,24.4,8875871.0
2016-01-20,24.11,24.62,23.79,24.97,5979347.0
2016-01-21,25.25,23.85,23.365,26.23,9015927.0
2016-01-24,23.22,22.4,22.16,23.22,7811170.0
2016-01-25,22.43,22.85,22.4,23.09,5043870.0
2016-01-26,22.81,22.57,22.16,23.2,5722079.0
2016-01-27,22.49,23,22.05,23.18,5407451.0
2016-01-28,23.44,24.1,22.79,24.1,7734813.0
2016-01-31,23.95,23.92,23.015,24.07,5736639.0
2016-02-01,23.63,22.1,22.02,23.63,6465666.0
2016-02-02,22.44,23.93,22.43,23.94,5728557.0
2016-02-03,24,24.8,23.96,25.37,8350276.0
2016-02-04,24.7,24.86,24.21,25.46,4654165.0
2016-02-07,24.5,23.58,23.06,24.59,6039064.0
2016-02-08,23.09,23.86,22.58,24.06,6327073.0
2016-02-09,24.19,23.42,23.34,24.5,5091889.0
2016-02-10,23.17,24.75,22.37,25.77,11169730.0
2016-02-11,24.68,22.91,22.51,24.91,12192850.0
2016-02-15,22.86,23.54,22.2,23.62,7381742.0
2016-02-16,23.79,25.3,23.68,25.51,7562805.0
2016-02-17,25.43,25.72,24.755,25.89,6359964.0
2016-02-18,25.59,24.4,24.1,25.6,6529724.0
2016-02-21,24.69,25.16,24.67,25.22,3693541.0
2016-02-22,25.06,24.38,24.12,25.069,5016612.0
2016-02-23,24.08,24.97,23.1077,25.075,6587002.0
2016-02-24,24.97,25.42,24.5,25.675,4698817.0
2016-02-25,25.73,26.82,25.62,27.07,8208313.0
2016-02-28,26.6,26.65,26.33,27.2,7683605.0
2016-02-29,26.56,27.1,26.48,27.35,5778663.0
2016-03-01,26.75,28.15,26.63,28.42,6645344.0
2016-03-02,28.19,28.49,27.89,28.615,4458004.0
2016-03-03,28.55,29.61,28.5,29.82,9121507.0
2016-03-06,29.59,30.37,29.59,31.1,9752318.0
2016-03-07,30.02,29.13,29.095,30.37,5955683.0
2016-03-08,29.35,30.13,29.04,30.16,5591863.0
2016-03-09,30.19,29.46,28.92,30.35,6894725.0
2016-03-10,29.5,28.7,28.5,29.8,7705820.0
2016-03-13,28.6,29.46,28.32,29.905,5219207.0
2016-03-14,29.03,28.54,28.27,29.19,4412643.0
2016-03-15,28.08,29.1,28.04,29.23,4646720.0
2016-03-16,29.51,29.87,29.29,30.25,5492671.0
2016-03-17,30.07,29.72,29.34,30.3,15178560.0
2016-03-20,29.58,29.72,29.505,30.21,3606070.0
2016-03-21,29.51,29.15,28.92,29.7,3961871.0
2016-03-22,28.7,28.02,27.89,28.83,5694772.0
2016-03-23,27.75,27.26,26.8635,27.75,6437336.0
2016-03-27,27.51,27.96,26.82,28.06,4625162.0
2016-03-28,27.64,27.97,26.95,28.055,4093186.0
2016-03-29,27.85,28.12,27.69,28.41,3779106.0
2016-03-30,28.16,27,26.88,28.305,6786018.0
2016-03-31,26.89,26.84,25.79,27.03,7022169.0
2016-04-03,26.38,25.81,25.65,26.65,4496410.0
2016-04-04,25.6,25.37,25.165,25.8016,3912040.0
2016-04-05,25.41,25.4,24.52,25.5,4730612.0
2016-04-06,25.19,24.75,24.52,25.4,4492384.0
2016-04-07,25.11,24.96,24.865,25.67,3948058.0
2016-04-10,24.96,24.87,24.65,25.15,4244102.0
2016-04-11,24.98,25.53,24.57,25.64,6008856.0
2016-04-12,25.89,26.52,25.68,26.555,5014402.0
2016-04-13,26.02,25.47,25.18,26.11,6128625.0
2016-04-14,25.42,26.11,25.11,26.24,4706390.0
2016-04-17,25.96,26.5,25.8,26.72,4539909.0
2016-04-18,26.44,28.22,26.38,28.25,7157691.0
2016-04-19,28.5,28.52,28.06,28.9333,6413903.0
2016-04-20,28.84,28.71,28.59,29.66,5772725.0
2016-04-21,28.8,28.55,28.3799,29.17,3495229.0
2016-04-24,28.28,28.28,28.09,29.16,4030827.0
2016-04-25,28.34,28.55,27.72,28.69,3989987.0
2016-04-26,28.58,28.54,28.24,28.83,5928071.0
2016-04-27,27.98,28.57,27.52,29.255,7435911.0
2016-04-28,28.42,27.99,27.7,28.74,7336259.0
2016-05-01,28.27,28.52,27.43,28.59,5288129.0
2016-05-02,28.19,27.51,27.405,28.39,4966180.0
2016-05-03,27.07,27.11,26.04,27.89,7040928.0
2016-05-04,27.28,26.08,25.96,27.33,6181092.0
2016-05-05,25.92,25.99,25.84,26.45,3613381.0
2016-05-08,25.74,24.93,24.91,25.74,5396695.0
2016-05-09,25.03,26.06,24.81,26.18,5092773.0
2016-05-10,26.05,26.07,25.67,26.67,6846206.0
2016-05-11,26.68,25.44,25.38,26.9,5245550.0
2016-05-12,25.31,24.84,24.75,25.6,4880065.0
2016-05-15,25.03,25.8,25.01,25.89,4577571.0
2016-05-16,25.78,26.2,25.67,26.585,5543747.0
2016-05-17,25.95,25.23,25.1,26.55,4776959.0
2016-05-18,25.22,25.67,25.05,25.82,4506684.0
2016-05-19,25.78,25.94,25.7,26.36,4125069.0
2016-05-22,25.8,26.31,25.65,26.72,4993624.0
2016-05-23,26.51,25.96,25.84,26.59,4217427.0
2016-05-24,26.14,26.49,26.03,26.63,5039289.0
2016-05-25,26.68,26.13,26,26.81,5229189.0
2016-05-26,26.17,25.69,25.61,26.27,3800916.0
2016-05-30,25.47,25.23,24.75,25.47,7570759.0
2016-05-31,25,25.23,24.42,25.305,7696483.0
2016-06-01,25.29,25.65,25.12,26,7305911.0
2016-06-02,25.28,26.7,25.25,26.73,6587653.0
2016-06-05,26.85,28.36,26.75,28.49,7450726.0
2016-06-06,28.52,29.03,28.52,29.39,6580611.0
2016-06-07,29.3,28.02,27.625,29.46,6700475.0
2016-06-08,28.05,27.53,27.105,28.13,5003149.0
2016-06-09,27.21,26.97,26.62,27.46,5135669.0
2016-06-12,27.22,26.91,26.89,28.08,4073298.0
2016-06-13,26.85,26.29,25.95,27.47,5589003.0
2016-06-14,26.4,26.3,26.24,27.04,3910449.0
2016-06-15,26.07,25.9,25.44,26.11,4591516.0
2016-06-16,25.93,26.74,25.93,26.87,6365487.0
2016-06-19,27.07,26.88,26.85,27.73,5225610.0
2016-06-20,26.86,26.97,26.08,27.145,6251317.0
2016-06-21,27.19,26.74,26.69,27.65,4821395.0
2016-06-22,27.57,28,27.55,28.7,9273387.0
2016-06-23,26.93,26.91,26.64,27.825,8695242.0
2016-06-26,26.43,24.69,24.53,26.497,7357496.0
2016-06-27,25.27,25.26,24.84,25.58,4953420.0
2016-06-28,25.58,25.62,25.04,25.73,4469761.0
2016-06-29,25.71,26.18,25.21,26.79,7548944.0
2016-06-30,26.03,26.57,26.02,26.87,3846035.0
2016-07-04,26.24,25.47,25.24,26.56,3895817.0
2016-07-05,25.44,25.23,24.45,25.48,4557880.0
2016-07-06,25.43,24.99,24.84,25.71,4477241.0
2016-07-07,25.39,25.48,24.99,25.6,4398782.0
2016-07-10,25.7,25.69,25.59,26.2,3562220.0
2016-07-11,25.74,26.48,25.74,26.83,6540612.0
2016-07-12,26.15,27.41,25.94,27.42,7548015.0
2016-07-13,27.62,28.18,27.36,28.67,6964857.0
2016-07-14,28.3,28.69,27.9503,28.71,4862178.0
2016-07-17,28.62,29.28,28.26,29.37,5521000.0
2016-07-18,28.8,28.68,28.29,29.24,6292848.0
2016-07-19,28.58,29.01,28.3,29.58,5825814.0
2016-07-20,29.02,28.89,28.66,29.409,4080208.0
2016-07-21,28.74,28.28,28.24,28.97,3892650.0
2016-07-24,28.24,28.63,27.98,28.65,4375121.0
2016-07-25,28.63,29.34,28.5,29.46,3773721.0
2016-07-26,29.43,28.88,28.58,29.69,3799665.0
2016-07-27,28.32,27.65,27.43,28.37,5901669.0
2016-07-28,27.53,27,26.63,27.535,9051457.0
2016-07-31,27.02,26.63,26.41,27.13,6613193.0
2016-08-01,26.42,27.26,26.42,28.06,8098444.0
2016-08-02,27.11,27.3,26.85,27.75,6253326.0
2016-08-03,27.11,26.44,25.98,27.11,6587158.0
2016-08-04,26.65,27.27,26.51,27.685,6205907.0
2016-08-07,27.47,28.32,27.465,28.4,4756016.0
2016-08-08,28.39,28.21,28.12,28.66,4343054.0
2016-08-09,28.31,27.88,27.79,28.695,5130729.0
2016-08-10,27.94,28.11,27.3,28.18,4386240.0
2016-08-11,28.11,27.18,27.13,28.5,5417537.0
2016-08-14,27.26,28.43,27.19,28.5,4629320.0
2016-08-15,28.5,28.07,27.85,28.7,4670092.0
2016-08-16,27.8,27.8,27.365,27.97,4617208.0
2016-08-17,27.86,27.96,27.62,28.03,4277516.0
2016-08-18,27.65,28.07,27.44,28.15,3010387.0
2016-08-21,27.87,28.39,27.72,28.43,3536618.0
2016-08-22,28.72,29.27,28.64,29.47,5266036.0
2016-08-23,29.22,28.44,28.39,29.38,4235718.0
2016-08-24,28.5,28.5,28.33,28.795,2979064.0
2016-08-25,28.67,27.6,27.47,28.9,5416618.0
2016-08-28,27.67,27.95,27.67,28.16,3132073.0
2016-08-29,27.87,30.45,27.69,30.96,21095308.0
2016-08-30,30.3,30.07,29.55,30.39,8702858.0
2016-08-31,30,29.17,29.04,30.03,6231247.0
2016-09-01,29.48,29.49,28.895,29.85,3842843.0
2016-09-05,29.28,28.65,28.62,29.5062,3807930.0
2016-09-06,28.52,28.57,28.18,29.16,4789501.0
2016-09-07,28.63,28.25,28.1,28.95,3952151.0
2016-09-08,28.06,27.01,26.97,28.13,4595682.0
2016-09-11,27.09,27.25,26.75,27.58,5764217.0
2016-09-12,26.8,26.49,26.09,26.92,4866823.0
2016-09-13,26.59,25.83,25.695,26.68,3943918.0
2016-09-14,25.72,25.95,25.71,26.21,4468996.0
2016-09-15,25.75,25.54,25.44,25.98,4650971.0
2016-09-18,25.56,25.28,25.28,25.71,3599957.0
2016-09-19,25.42,25.09,25,25.54,4040898.0
2016-09-20,25.3,25.32,25.02,25.66,4077631.0
2016-09-21,25.46,25.55,25.38,25.9525,5199234.0
2016-09-22,25.42,24.82,24.8,25.53,5474328.0
2016-09-25,24.75,24.14,24.12,24.87,6537368.0
2016-09-26,24.06,23.99,23.725,24.12,6960633.0
2016-09-27,24.07,24.46,23.92,24.48,5133144.0
2016-09-28,24.5,24.25,24.17,24.785,4454096.0
2016-09-29,24.4,24.46,24.15,24.64,5646129.0
2016-10-02,24.5,24.89,24.26,24.94,5817212.0
2016-10-03,24.86,24.64,24.59,24.949,4267072.0
2016-10-04,24.79,25.07,24.61,25.49,4812483.0
2016-10-05,25.05,24.85,24.59,25.2,3759864.0
2016-10-06,24.9,24.58,24.43,24.91,3920217.0
2016-10-09,24.81,24.83,24.67,25.05,2875611.0
2016-10-10,24.83,24.86,24.43,25,4607894.0
2016-10-11,24.8,23.79,23.75,24.87,6488774.0
2016-10-12,23.52,23.24,22.77,23.52,6158359.0
2016-10-13,23.4,23.15,23.14,23.73,4147357.0
2016-10-16,23.16,22.83,22.8,23.28,4035530.0
2016-10-17,23.11,23.39,22.83,23.54,4209289.0
2016-10-18,23.28,23.84,23.22,23.94,5509498.0
2016-10-19,23.7,24.69,23.59,24.85,8721504.0
2016-10-20,24.52,24.31,24.15,24.76,4099852.0
2016-10-23,24.4,24.51,24.17,24.54,3095046.0
2016-10-24,24.58,24.6,24.35,24.83,3516243.0
2016-10-25,24.51,24.82,24.36,24.97,3448003.0
2016-10-26,25,23.93,23.825,25.07,5462420.0
2016-10-27,23.99,23.79,23.53,24.29,3762821.0
2016-10-30,23.72,23.53,23.26,23.9,4857308.0
2016-10-31,23.96,24.32,23.66,24.94,8046606.0
2016-11-01,24.53,24.73,24.21,25.04,7180871.0
2016-11-02,24.58,24.15,24.07,24.65,5482004.0
2016-11-03,24.02,24.5,23.96,24.79,4357790.0
2016-11-06,24.88,25.11,24.76,25.35,5525194.0
2016-11-07,25.06,26.18,24.81,26.28,5437809.0
2016-11-08,25.93,26.77,25.5,26.9572,5781578.0
2016-11-09,26.93,28.23,26.93,28.5,7990080.0
2016-11-10,28.07,27.41,26.8,28.18,7431846.0
2016-11-13,27.45,28.29,27.45,28.3,6924436.0
2016-11-14,28.13,27.95,27.57,28.19,4852334.0
2016-11-15,27.73,27.21,27.15,27.95,3388913.0
2016-11-16,27.24,27.33,27.02,27.44,2786855.0
2016-11-17,27.21,28.26,27.21,28.36,4148755.0
2016-11-20,28.5,29.05,28.47,29.07,5397674.0
2016-11-21,29.05,27.37,27.2,29.12,6784688.0
2016-11-22,27.35,27.45,27.29,27.91,4208084.0
2016-11-24,27.48,27.43,26.95,27.7,2109253.0
2016-11-27,27.42,27.35,26.8,27.64,4622830.0
2016-11-28,26.99,27.06,26.61,27.3,5493125.0
2016-11-29,27.4,28.4,27.29,28.56,6346275.0
2016-11-30,28.6,29.09,28.56,29.5,7389484.0
2016-12-01,29.05,28.82,28.67,29.2501,3778894.0
2016-12-04,28.98,29.17,28.98,29.8,6320574.0
2016-12-05,29.05,29.38,28.47,29.52,5345463.0
2016-12-06,29.45,30.23,29.31,30.29,4664779.0
2016-12-07,30.43,30.18,29.945,30.69,4321241.0
2016-12-08,30.26,31.42,30.19,31.54,5671175.0
2016-12-11,31.43,30.24,30.09,31.45,5559880.0
2016-12-12,30.62,29.52,29.055,30.63,6299146.0
2016-12-13,29.57,29.38,29.32,30.44,4929729.0
2016-12-14,29.22,29.74,29.1,30.38,3966007.0
2016-12-15,29.65,29.56,29.18,29.92,6911919.0
2016-12-18,28.9,27.77,27.62,29.39,9521348.0
2016-12-19,27.94,28.16,27.51,28.22,6696676.0
2016-12-20,28.39,28.78,28.03,28.87,5545890.0
2016-12-21,28.68,29.35,28.54,29.43,5720051.0
2016-12-22,29.34,29.18,28.8,29.5,2698953.0
2016-12-26,29.15,30.04,29.1108,30.31,2729610.0
2016-12-27,30.09,29.06,29,30.38,3401960.0
2016-12-28,29.06,29.33,29.0199,29.455,2083712.0
2016-12-29,29.39,29.33,29.1,29.79,2880114.0
2017-01-02,29.65,29.53,29.28,30.07,3359526.0
2017-01-03,29.7,30.81,29.69,30.9,12151985.0
2017-01-04,30.9,30.87,30.46,31.04,4713100.0
2017-01-05,30.85,30.8,30.56,30.91,2707767.0
2017-01-08,30.87,30.71,30.445,31.12,3086911.0
2017-01-09,30.79,30.72,30.29,31.23,3005520.0
2017-01-10,30.77,31.43,30.51,31.45,3409307.0
2017-01-11,31.43,31.41,30.665,31.61,3511985.0
2017-01-12,31.49,31.25,30.93,31.78,2961228.0
2017-01-16,31.49,30.77,30.59,31.515,3302405.0
2017-01-17,30.84,30.6,30.345,30.92,2898802.0
2017-01-18,30.69,30.25,30.01,30.83,3145805.0
2017-01-19,30.69,31.28,30.65,31.57,5525171.0
2017-01-22,31.33,31.55,31.05,31.63,3545038.0
2017-01-23,31.89,33.45,31.89,33.99,9688378.0
2017-01-24,33.5,33.26,32.93,33.93,7093359.0
2017-01-25,32.01,31.84,31.425,32.34,8222693.0
2017-01-26,31.82,31.42,31.12,31.99,4892732.0
2017-01-29,31.15,30.97,30.705,31.15,3628398.0
2017-01-30,31.04,31.37,30.71,31.39,5095703.0
2017-01-31,31.38,31.68,31.065,31.96,3911186.0
2017-02-01,31.59,31.45,30.76,31.68,2807959.0
2017-02-02,31.53,31.85,31.51,31.95,4943509.0
2017-02-05,31.77,32.03,31.6,32.14,5790705.0
2017-02-06,31.1,32.23,30.66,33.02,7328388.0
2017-02-07,32.23,32.21,31.6,32.59,4806143.0
2017-02-08,32.39,31.83,31.59,32.57,5003793.0
2017-02-09,32.08,32.86,32.08,33.04,4617434.0
2017-02-12,33.13,33.75,33.1,34.36,5985676.0
2017-02-13,33.65,34.02,33.41,34.035,3405308.0
2017-02-14,34.01,33.78,33.365,34.04,4173589.0
2017-02-15,33.68,33.15,32.93,33.805,3699584.0
2017-02-16,33.14,33.59,32.76,33.6,2771635.0
2017-02-20,33.9,33.64,33.45,33.9,3025363.0
2017-02-21,33.37,33.13,33.0931,33.59,2370994.0
2017-02-22,33.31,31.83,31.4707,33.31,6941297.0
2017-02-23,31.47,31.42,31.04,31.56,4386081.0
2017-02-26,31.38,31.54,31.2,31.65,4690239.0
2017-02-27,31.24,31.19,31.075,31.86,8542161.0
2017-02-28,31.6,31.03,30.94,31.9,6734894.0
2017-03-01,31.09,30.42,30.41,31.17,5350310.0
2017-03-02,30.3,30.22,29.93,30.38,6561316.0
2017-03-05,30.01,29.65,29.63,30.14,4018237.0
2017-03-06,29.67,29.18,28.96,29.71,9147473.0
2017-03-07,29.25,28.67,28.64,29.44,8117324.0
2017-03-08,29.21,29,28.78,30.49,11897380.0
2017-03-09,29.03,29.19,28.85,29.43,5810499.0
2017-03-12,29.3,29.12,28.98,29.435,2802537.0
2017-03-13,28.83,28.6,28.46,28.95,3282972.0
2017-03-14,28.78,29.14,28.55,29.265,3678150.0
2017-03-15,29.32,28.99,28.94,29.4,2718027.0
2017-03-16,29.08,29.17,28.93,29.29,4829577.0
2017-03-19,29.22,29.25,29,29.57,3051154.0
2017-03-20,29.25,28.64,28.62,29.59,3534892.0
2017-03-21,28.64,28.75,28.34,28.88,2676234.0
2017-03-22,28.79,29,28.66,29.18,1969471.0
2017-03-23,28.98,28.75,28.58,29.08,2158726.0
2017-03-26,28.46,28.64,28.38,28.9,3073245.0
2017-03-27,28.65,29.17,28.65,29.37,2845756.0
2017-03-28,29.18,29.48,29.04,29.8,2738084.0
2017-03-29,29.37,29.35,29.02,29.56,2997584.0
2017-03-30,29.24,29.18,28.93,29.475,4223556.0
2017-04-02,29.25,28.91,28.41,29.43,3958823.0
2017-04-03,28.89,29.16,28.58,29.17,4588715.0
2017-04-04,29.36,29,28.97,29.51,5330729.0
2017-04-05,29,29.19,28.86,29.33,3258362.0
2017-04-06,29.05,28.85,28.81,29.1349,2480665.0
2017-04-09,28.95,28.94,28.67,29.13,2919385.0
2017-04-10,28.93,28.69,28.27,29.05,3736654.0
2017-04-11,28.56,28.15,28.11,28.66,3797824.0
2017-04-12,28.08,27.46,27.42,28.16,4232023.0
2017-04-16,27.48,27.36,27.2,27.56,4467807.0
2017-04-17,27.16,27.04,26.82,27.185,3875202.0
2017-04-18,27.11,26.83,26.72,27.21,3064362.0
2017-04-19,26.97,27.1,26.89,27.26,3433159.0
2017-04-20,27.04,26.67,26.67,27.13,3539815.0
2017-04-23,27.06,27.09,26.93,27.2457,4856325.0
2017-04-24,27.39,27.54,27.29,27.71,4322943.0
2017-04-25,27.37,27.42,26.85,27.52,5189552.0
2017-04-26,27.56,27.45,27.38,27.89,4215039.0
2017-04-27,27.55,26.93,26.875,27.61,5411870.0
2017-04-30,27.12,26.87,26.8,27.15,4390291.0
2017-05-01,26.04,24.95,24.58,26.11,14087664.0
2017-05-02,24.73,23.63,23.52,24.85,11550969.0
2017-05-03,23.68,23.32,23.205,23.8959,8444407.0
2017-05-04,23.4,23.45,23.4,23.64,7754894.0
2017-05-07,23.48,23.54,23.29,23.665,6837540.0
2017-05-08,24,23.49,23.46,24.12,9227524.0
2017-05-09,23.52,23.46,23.4,23.62,10589507.0
2017-05-10,23.48,23.7,23.21,23.855,6840233.0
2017-05-11,23.65,22.91,22.9,23.8,5801995.0
2017-05-14,23.12,23.45,23.04,23.68,4465484.0
2017-05-15,23.45,23.41,23.24,23.65,3427615.0
2017-05-16,23.07,22.81,22.6,23.28,5155253.0
2017-05-17,22.51,22.85,22.43,22.9443,4722900.0
2017-05-18,22.95,23.65,22.94,23.9,5662507.0
2017-05-21,23.8,23.1,22.89,23.88,4966657.0
2017-05-22,23.21,23.32,23.11,23.49,5129589.0
2017-05-23,23.34,23.14,22.98,23.47,2875979.0
2017-05-24,23.14,22.9,22.68,23.42,3218869.0
2017-05-25,22.84,23.16,22.775,23.21,2490895.0
2017-05-29,23,22.94,22.85,23.06,2214598.0
2017-05-30,22.96,22.63,22.28,22.96,4698145.0
2017-05-31,22.63,22.79,22.45,23.065,3406810.0
2017-06-01,22.73,22.5,22.32,22.75,3616313.0
2017-06-04,22.38,22.6,22.281,22.73,3449779.0
2017-06-05,22.46,22.6,22.26,22.67,3053145.0
2017-06-06,22.6,22.25,22.15,22.61,4029205.0
2017-06-07,22.25,22.55,22.18,22.79,2856676.0
2017-06-08,22.86,23.51,22.68,23.645,4922418.0
2017-06-11,23.51,23.55,23.3,24.45,6525324.0
2017-06-12,23.55,23.7,23.29,23.81,4460821.0
2017-06-13,23.69,22.74,22.64,23.8,4309805.0
2017-06-14,22.52,22.33,22.23,22.76,3993643.0
2017-06-15,22.36,22.71,22.19,22.72,6020535.0
2017-06-18,22.78,22.86,22.69,22.95,3446013.0
2017-06-19,22.72,22.22,22.2,22.72,3478561.0
2017-06-20,22.26,21.87,21.785,22.39,4087512.0
2017-06-21,21.88,22.32,21.81,22.47,5839444.0
2017-06-22,22.4,22.97,22.1099,23.04,4546006.0
2017-06-25,23.03,23.23,22.91,23.3,3467640.0
2017-06-26,23.27,22.63,22.63,23.34,2518388.0
2017-06-27,22.84,22.58,22.57,23.06,2438669.0
2017-06-28,22.65,22.61,22.5,22.995,2963634.0
2017-06-29,22.73,22.83,22.5501,22.96,2562866.0
2017-07-02,23.04,23.77,22.98,23.84,2389826.0
2017-07-04,23.76,22.87,22.831,23.81,4404683.0
2017-07-05,22.73,22.4,22.35,22.885,3217221.0
2017-07-06,22.48,22.6,22.17,22.67,3508799.0
2017-07-09,22.64,23.8,22.53,24.18,6812673.0
2017-07-10,23.79,23.67,23.13,23.96,5675185.0
2017-07-11,23.88,23.57,23.45,24.295,5309185.0
2017-07-12,23.53,23.85,23.3624,23.9,3152824.0
2017-07-13,23.75,23.72,23.52,23.8698,2952876.0
2017-07-16,23.77,23.96,23.69,24.24,2699697.0
2017-07-17,23.9,23.97,23.67,23.99,1966948.0
2017-07-18,24.05,24.54,24.01,24.65,3779002.0
2017-07-19,24.71,24.43,24.11,24.77,3423949.0
2017-07-20,24.44,24.37,24.04,24.62,2922221.0
2017-07-23,24.26,24.16,24.01,24.35,2240093.0
2017-07-24,24.22,24.22,24,24.56,3212197.0
2017-07-25,24.32,23.6,23.48,24.44,3482348.0
2017-07-26,23.64,23.88,23.3411,24.195,3861712.0
2017-07-27,23.88,24.17,23.88,24.29,3015320.0
2017-07-30,24.19,24.14,23.99,24.37,3382625.0
2017-07-31,23.83,22.89,21.97,23.83,10772058.0
2017-08-01,22.8,22.25,22.05,22.87,5717822.0
2017-08-02,22.15,22.32,22.06,22.65,3598752.0
2017-08-03,22.4,22.58,22.195,22.615,3177778.0
2017-08-06,22.61,21.97,21.88,22.62,4366680.0
2017-08-07,21.96,21.54,21.43,22.19,5481683.0
2017-08-08,21.51,21.26,21.14,21.56,4222696.0
2017-08-09,21.19,20.61,20.385,21.37,7105910.0
2017-08-10,20.79,20.34,20.06,20.85,5513573.0
2017-08-13,20.44,20.31,20.27,20.64,4772624.0
2017-08-14,20.18,20.16,19.77,20.25,7894733.0
2017-08-15,20.22,20.57,20.1695,20.755,5607130.0
2017-08-16,20.54,20.1,20.08,20.95,3848282.0
2017-08-17,20.06,19.86,19.59,20.085,4465797.0
2017-08-20,19.87,19.86,19.6844,19.96,2589156.0
2017-08-21,19.99,19.94,19.93,20.32,3806544.0
2017-08-22,19.9,20.17,19.9,20.31,2900197.0
2017-08-23,20.2,20.19,20,20.42,2380361.0
2017-08-24,20.34,20.37,20.21,20.54,2300936.0
2017-08-27,20.4,20.07,19.87,20.45,3441899.0
2017-08-28,19.92,19.94,19.71,19.95,2898731.0
2017-08-29,19.9,19.82,19.67,19.9,2004863.0
2017-08-30,19.94,19.98,19.715,20.13,3492077.0
2017-08-31,20.05,20.11,20,20.26,2554183.0
2017-09-04,20.11,19.46,19.42,20.23,5228468.0
2017-09-05,19.4,19.74,19.241,19.83,5979810.0
2017-09-06,19.78,19.53,19.485,19.9,4919849.0
2017-09-07,19.51,19.39,19.23,19.55,3871466.0
2017-09-10,19.5,20.01,19.47,20.215,6104955.0
2017-09-11,20.09,20.26,20.05,20.56,4859442.0
2017-09-12,20.31,20.13,20,20.37,3027189.0
2017-09-13,20.12,20.44,20.085,20.46,3810989.0
2017-09-14,20.47,20.66,20.39,20.77,6355773.0
2017-09-17,20.66,21.31,20.66,21.855,8305475.0
2017-09-18,21.37,20.84,20.725,21.49,5015145.0
2017-09-19,20.96,20.87,20.675,21.35,4719235.0
2017-09-20,20.81,20.94,20.72,21.29,4426534.0
2017-09-21,20.88,20.86,20.74,21,2187749.0
2017-09-24,20.88,21.26,20.79,21.285,3885973.0
2017-09-25,21.29,21.39,21,21.51,3201901.0
2017-09-26,21.51,21.46,21.17,21.55,3057464.0
2017-09-27,21.52,21.3,21.22,21.905,4312959.0
2017-09-28,21.3,21.59,21.17,21.6,2792710.0
2017-10-01,21.53,21.75,21.43,21.92,3881261.0
2017-10-02,21.9,21.76,21.63,21.91,2965624.0
2017-10-03,21.75,21.72,21.64,21.94,2809145.0
2017-10-04,21.75,21.64,21.55,21.79,4017279.0
2017-10-05,21.57,21.02,20.93,21.6,4886242.0
2017-10-08,20.97,20.94,20.72,21.05,3909313.0
2017-10-09,21.03,20.92,20.84,21.06,2089185.0
2017-10-10,21.11,21.1,21.03,21.37,2707566.0
2017-10-11,21.02,21.23,20.945,21.27,2894305.0
2017-10-12,21.3,21.78,21.27,22.05,3753277.0
2017-10-15,21.81,21.9,21.68,21.93,2491271.0
2017-10-16,21.77,21.06,20.89,21.84,4800269.0
2017-10-17,21.06,21.16,20.98,21.42,3364572.0
2017-10-18,21.05,21.1,20.93,21.18,2645747.0
2017-10-19,21.25,21.41,21.02,21.43,2353426.0
2017-10-22,21.4,21.03,21.03,21.57,2229177.0
2017-10-23,21.11,21.65,21.03,21.8,3396518.0
2017-10-24,21.7,21.54,21.26,21.72,2702844.0
2017-10-25,21.25,21.16,20.83,21.28,3965742.0
2017-10-26,20.91,20.94,20.86,21.1,4071137.0
2017-10-29,20.95,20.85,20.75,21.19,4731928.0
2017-10-30,22.3,22.34,21.94,22.9,11792643.0
2017-10-31,23.02,22.64,22.5,23.14,7617780.0
2017-11-01,22.84,22.47,22.4,23,5404881.0
2017-11-02,22.5,22.38,22.25,22.55,4391099.0
2017-11-05,22.38,22.49,22.38,22.94,4851987.0
2017-11-06,22.5,22.56,22.24,22.68,5929866.0
2017-11-07,22.56,22.64,22.34,22.795,4764491.0
2017-11-08,22.42,22.5,22.29,22.8,5843618.0
2017-11-09,22.42,22.84,22.42,23.015,4834987.0
2017-11-12,22.7,23.28,22.7,23.4,5216769.0
2017-11-13,23.2,23,22.83,23.45,3708721.0
2017-11-14,22.81,22.38,22.335,22.86,3505401.0
2017-11-15,22.5,22.48,22.43,22.72,4547533.0
2017-11-16,22.44,22.94,22.43,23.16,3820875.0
2017-11-19,22.94,23.03,22.7593,23.11,3738892.0
2017-11-20,23.15,23.61,23.13,23.76,5961959.0
2017-11-21,23.71,23.89,23.685,23.98,3541244.0
2017-11-23,23.97,23.85,23.7,24.03,1438080.0
2017-11-26,23.79,23.48,23.475,23.93,2988657.0
2017-11-27,23.52,24.09,23.46,24.135,4933673.0
2017-11-28,24.22,24.39,24.14,24.66,5532854.0
2017-11-29,24.47,24.29,24.26,24.71,6543460.0
2017-11-30,24.31,24.28,23.95,24.69,5079761.0
2017-12-03,24.39,23.7,23.64,24.5492,4935347.0
2017-12-04,23.62,23.84,23.365,23.945,5197122.0
2017-12-05,23.7,23.41,23.39,24.06,4320062.0
2017-12-06,23.31,23.87,23.17,23.93,5424848.0
2017-12-07,23.98,23.62,23.481,24,4018066.0
2017-12-10,23.63,23.84,23.63,23.99,2433675.0
2017-12-11,23.86,24.82,23.84,24.93,9361956.0
2017-12-12,24.95,24.69,24.52,25.19,5562739.0
2017-12-13,24.71,24.9,24.22,24.91,12859036.0
2017-12-14,24.85,24.92,24.39,25.005,17321890.0
2017-12-17,25.09,24.51,24.47,25.19,5326770.0
2017-12-18,24.52,24.49,24.35,24.75,4455490.0
2017-12-19,24.5,24.48,24.44,24.81,3611052.0
2017-12-20,24.54,25.24,24.47,25.28,4285841.0
2017-12-21,25.32,25.52,25.265,25.65,2960822.0
2017-12-25,25.53,25.5,25.35,25.715,2380401.0
2017-12-26,25.43,25.49,25.32,25.71,2902850.0
2017-12-27,25.4,25.56,25.39,25.87,2515719.0
2017-12-28,26,25.66,25.43,26.12,3591577.0
2018-01-01,25.95,26.65,25.95,26.67,4764335.0
2018-01-02,26.76,26.41,26.39,26.855,3777365.0
2018-01-03,26.5,26.82,26.15,26.86,4676414.0
2018-01-04,26.99,26.86,26.6,27.13,4993176.0
2018-01-07,26.92,26.29,25.9,26.92,4225740.0
2018-01-08,26.34,26.11,25.9733,26.44,3922265.0
2018-01-09,25.58,25.91,25.51,26.085,5732060.0
2018-01-10,26.04,27.07,26.025,27.12,5755030.0
2018-01-11,27.14,27.22,27,27.28,3263540.0
2018-01-15,27.25,25.68,25.59,27.25,6124999.0
2018-01-16,25.84,25.54,25.22,25.84,3784751.0
2018-01-17,25.51,26.22,25.38,26.515,6419398.0
2018-01-18,26.35,26.53,25.925,26.665,4391770.0
2018-01-21,26.44,26.66,26.27,26.8,4654693.0
2018-01-22,27.11,27.3,27.01,27.505,6050899.0
2018-01-23,27.41,27.2,27.05,27.5,4884238.0
2018-01-24,27.39,26.69,26.68,27.5,4455495.0
2018-01-25,26.83,27.62,26.8038,27.74,4415482.0
2018-01-28,27.53,27.7,27.5,28.3,7544460.0
2018-01-29,27.46,27.19,27.04,27.93,4001365.0
2018-01-30,27.32,27.3,26.735,27.41,5187514.0
2018-01-31,27.11,26.87,26.75,27.69,5463012.0
2018-02-01,26.72,26.04,25.62,26.84,5635123.0
2018-02-04,25.76,24.78,24.77,26.1,7053237.0
2018-02-05,24.21,25.07,23.74,25.25,6877909.0
2018-02-06,25.05,25.25,24.92,25.69,4475147.0
2018-02-07,25.24,24.13,24.12,25.42,4516861.0
2018-02-08,24.46,24.35,23.46,24.63,6858586.0
2018-02-11,24.79,25.21,24.515,25.36,4535584.0
2018-02-12,25.07,25.21,24.775,25.34,3010638.0
2018-02-13,24.9,25.72,24.9,25.925,4083775.0
2018-02-14,26,25.86,25.435,26.11,4932351.0
2018-02-15,25.8,25.43,25.43,26,6260627.0
2018-02-19,26.05,26.76,26,27.37,7954117.0
2018-02-20,27.53,27.46,27.37,28.08,7727405.0
2018-02-21,27.62,27.45,27.28,28.0513,5786754.0
2018-02-22,27.8,28.74,27.59,28.84,6107161.0
2018-02-25,28.86,28.19,27.91,29.2,4835022.0
2018-02-26,28.16,26.82,26.8,28.18,6719503.0
2018-02-27,26.87,26.32,26.32,26.95,5842823.0
2018-02-28,26.3,26.36,25.85,26.7,4192492.0
2018-03-01,26.26,26.75,25.71,26.81,3507200.0
2018-03-04,27.2,27.98,27.13,28.28,8628316.0
2018-03-05,28.15,27.74,27.45,28.46,5237821.0
2018-03-06,27.41,27.28,26.99,27.61,3824915.0
2018-03-07,27.35,27.29,26.59,27.35,4436009.0
2018-03-08,27.5,28.25,27.1,29.18,7589936.0
2018-03-11,28.13,27.62,27.45,28.26,4721821.0
2018-03-12,27.65,27.61,27.52,28.29,4157224.0
2018-03-13,27.7,27.1,27.05,27.84,4001045.0
2018-03-14,27.12,26.39,26.3525,27.2602,4021550.0
2018-03-15,26.31,26.1,26.035,26.43,6088465.0
2018-03-18,25.86,25.59,25.2,25.91,4897035.0
2018-03-19,25.69,25.03,25,25.78,2764899.0
2018-03-20,25.07,25.26,24.95,25.71,3294328.0
2018-03-21,24.89,24.68,24.66,25.49,4603550.0
2018-03-22,24.68,24.26,24.23,25.03,3275790.0
2018-03-25,24.67,24.65,24.1,24.69,3862787.0
2018-03-26,24.79,24.2,24.03,25.1,5058677.0
2018-03-27,24.21,23.57,23.43,24.31,4656917.0
2018-03-28,23.71,24.28,23.7,24.44,4857460.0
2018-04-01,24.25,23.67,23.44,24.42,3004286.0
2018-04-02,23.8,23.93,23.42,24.01,3452343.0
2018-04-03,23.15,24.1,22.9,24.13,4831799.0
2018-04-04,24.33,25.19,24.24,25.29,5245684.0
2018-04-05,24.8,24.22,23.99,24.87,3972374.0
2018-04-08,24.39,24.49,24.06,24.79,3992841.0
2018-04-09,25,25.03,24.78,25.37,3162079.0
2018-04-10,24.65,24.4,24.2248,24.98,4707282.0
2018-04-11,24.51,24.82,24.4,25.06,3293123.0
2018-04-12,25.02,24.84,24.52,25.07,1987123.0
2018-04-15,25.03,25.2,24.81,25.26,3121037.0
2018-04-16,25.44,25.59,25.09,25.73,4672494.0
2018-04-17,25.83,26.04,25.71,26.31,4081526.0
2018-04-18,26.02,25.85,25.47,26.14,3123423.0
2018-04-19,25.81,25.68,25.475,26.055,3285537.0
2018-04-22,25.63,25.89,25.43,26.03,4206096.0
2018-04-23,26.06,26.09,25.77,26.6,4983524.0
2018-04-24,25.96,27,25.77,27.15,5404462.0
2018-04-25,27.11,27.17,26.89,27.49,5407669.0
2018-04-26,27.12,27.15,26.85,27.29,3240617.0
2018-04-29,27.15,26.95,26.8737,27.42,5758892.0
2018-04-30,26.76,26.85,26.41,26.96,4308181.0
2018-05-01,26.93,27.14,26.93,27.545,4298865.0
2018-05-02,27.01,27.01,26.64,27.2,5013917.0
2018-05-03,26.84,27.43,26.81,27.65,2911075.0
2018-05-06,27.42,27.56,27.25,27.9,4288990.0
2018-05-07,27,26.1,25.88,27.35,10367213.0
2018-05-08,26.08,25.8,25.51,26.31,6327241.0
2018-05-09,25.92,26.38,25.73,26.54,3860092.0
2018-05-10,26.5,26.56,26.39,26.73,3252056.0
2018-05-13,26.73,27.17,26.72,27.385,3301469.0
2018-05-14,27.19,27.57,27,27.68,5246234.0
2018-05-15,27.59,27.73,27.295,27.86,5949313.0
2018-05-16,27.74,28.02,27.54,28.09,5085570.0
2018-05-17,28.01,27.91,27.74,28.24,3260090.0
2018-05-20,28.32,28.28,27.91,28.66,5434978.0
2018-05-21,28.36,27.95,27.925,28.45,4534172.0
2018-05-22,27.68,28.05,27.135,28.05,4352884.0
2018-05-23,27.91,27.86,27.76,28.2,3812096.0
2018-05-24,27.84,28.03,27.4,28.03,2934961.0
2018-05-28,27.71,27.83,27.64,28.12,4052728.0
2018-05-29,27.94,28.04,27.67,28.15,3276061.0
2018-05-30,28.01,27.49,27.385,28.19,5210315.0
2018-05-31,27.72,27.66,27.56,27.89,3481043.0
2018-06-03,27.75,27.46,27.15,27.82,2347898.0
2018-06-04,27.5,27.87,27.47,28.11,3059839.0
2018-06-05,27.91,29.08,27.9,29.09,5210331.0
2018-06-06,29.09,29.3,28.995,29.47,5432150.0
2018-06-07,29.29,29.46,28.81,29.63,3753821.0
2018-06-10,29.39,29.44,29.09,29.65,3389860.0
2018-06-11,29.43,29.47,29.075,29.62,3294969.0
2018-06-12,29.53,29.68,29.25,29.9,4199524.0
2018-06-13,29.82,29.48,29.26,29.95,3718958.0
2018-06-14,29.31,28.98,28.54,29.32,5946755.0
2018-06-17,28.76,29.25,28.68,29.32,2743850.0
2018-06-18,28.85,28.31,27.64,28.85,4908726.0
2018-06-19,28.37,27.79,27.655,28.6,2936581.0
2018-06-20,27.85,28.38,27.79,28.48,4208735.0
2018-06-21,28.59,28.88,28.59,29.25,4158176.0
2018-06-24,28.56,28.13,28.04,28.69,3159824.0
2018-06-25,28.13,28.05,27.9104,28.305,3466143.0
2018-06-26,28.52,28.07,27.91,29.06,4118834.0
2018-06-27,28.15,28.31,27.81,28.505,3558350.0
2018-06-28,28.55,28.05,28.03,28.82,3925151.0
2018-07-01,27.78,27.79,27.65,27.93,2892442.0
2018-07-02,27.95,27.62,27.52,28.08,2185134.0
2018-07-04,27.82,27.8,27.55,27.87,2649439.0
2018-07-05,27.68,28.12,27.5,28.219,1938017.0
2018-07-08,28.29,28.36,28.28,28.54,2110917.0
2018-07-09,28.35,28.93,28.35,29.2,3599618.0
2018-07-10,28.71,28,27.7286,28.9,3934287.0
2018-07-11,28.26,28.25,27.72,28.36,2374264.0
2018-07-12,28.16,28.15,28.1,28.46,1747088.0
2018-07-15,28.14,27.98,27.825,28.24,2685792.0
2018-07-16,28,28.46,27.99,28.6,4002548.0
2018-07-17,28.69,28.44,28.34,28.8,2187578.0
2018-07-18,28.25,28.2,28.045,28.43,3525358.0
2018-07-19,28,28.32,28,28.51,2820538.0
2018-07-22,28.36,28.38,28.26,28.69,2026299.0
2018-07-23,29.45,29.02,28.88,29.85,7300608.0
2018-07-24,29.05,29.35,28.6,29.45,4111343.0
2018-07-25,29.33,29.87,29.19,29.91,4734959.0
2018-07-26,29.89,29.78,29.57,30.175,3714031.0
2018-07-29,29.87,29.69,29.67,30.03,2452868.0
2018-07-30,29.89,30.11,29.755,30.36,3553483.0
2018-07-31,29.86,29.53,29.43,30.245,5171549.0
2018-08-01,29.81,30.09,29.54,30.2,6013821.0
2018-08-02,30.09,30.45,30.07,30.75,5979736.0
2018-08-05,30.3,30.1,29.87,30.36,7106636.0
2018-08-06,30.75,31.7,30.54,32.32,10136756.0
2018-08-07,31.96,31.54,31.125,32,4469874.0
2018-08-08,31.47,32.06,31.47,32.15,3601947.0
2018-08-09,31.85,31.49,31.46,32.015,4071049.0
2018-08-12,31.42,30.34,30.08,31.42,4995680.0
2018-08-13,30.5,30.64,30.43,31.01,2691856.0
2018-08-14,30.26,29.65,29.63,30.295,4218341.0
2018-08-15,30,29.63,29.59,30.11,4072872.0
2018-08-16,29.59,29.63,29.47,29.82,3392799.0
2018-08-19,29.92,29.76,29.66,30.35,5598654.0
2018-08-20,29.8,29.52,29.47,29.98,3624655.0
2018-08-21,29.59,29.48,29.24,29.67,2904921.0
2018-08-22,29.38,29.43,28.85,29.48,3903086.0
2018-08-23,29.65,29.64,29.47,29.85,2378946.0
2018-08-26,30.2,30.62,29.95,31.205,5955539.0
2018-08-27,30.79,30.84,30.62,31.2,4161195.0
2018-08-28,30.86,31.59,30.77,31.79,5630964.0
2018-08-29,31.42,31.33,31.251,31.7,3620957.0
2018-08-30,31.35,31.27,31.09,31.459,3263779.0
2018-09-03,31.17,30.83,30.655,31.29,3173024.0
2018-09-04,30.66,30.51,30.045,30.83,2896071.0
2018-09-05,30.54,30.28,29.99,30.705,2563635.0
2018-09-06,30.02,29.94,29.67,30.24,3202513.0
2018-09-09,30.08,30.3,30.02,30.49,2244191.0
2018-09-10,30.09,30.93,29.95,31.26,4625519.0
2018-09-11,30.98,31.12,30.915,31.41,3344182.0
2018-09-12,31.24,30.68,30.58,31.49,1929959.0
2018-09-13,30.58,30.79,30.515,30.9,2082751.0
2018-09-16,32.1,31.99,31.9,32.71,7030427.0
2018-09-17,32.2,31.49,31.36,32.32,4461038.0
2018-09-18,31.69,31.8,31.53,32.205,3760747.0
2018-09-19,32,32.31,31.955,32.46,4168202.0
2018-09-20,32.53,32.33,32.3,32.77,5895859.0
2018-09-23,32.35,31.99,31.94,32.48,2206204.0
2018-09-24,32,32.61,32,32.98,3466849.0
2018-09-25,32.65,32.55,32.38,32.905,3669032.0
2018-09-26,32.54,32.27,32.15,32.65,2531692.0
2018-09-27,32.29,32.48,32.07,32.65,3317483.0
2018-09-30,32.65,32.87,32.39,32.97,2488561.0
2018-10-01,33,33.05,32.92,33.53,4106196.0
2018-10-02,33.08,33.54,32.84,33.78,5116798.0
2018-10-03,33.64,33.78,33.55,34.01,4084565.0
2018-10-04,33.7,33.11,32.77,33.74,4127650.0
2018-10-07,33.11,33.72,32.92,33.87,2993128.0
2018-10-08,33.53,33.1,33.06,33.8969,3291868.0
2018-10-09,33.42,32.31,32.24,33.68,4606061.0
2018-10-10,32.51,32.69,32.235,33.205,5195336.0
2018-10-11,33.26,32.89,32.68,33.455,3176060.0
2018-10-14,32.83,32.92,32.4,33.185,2936992.0
2018-10-15,33.13,33.13,32.65,33.16,5391702.0
2018-10-16,33.04,33.05,32.25,33.21,3738993.0
2018-10-17,32.85,32.85,32.66,33.38,3249142.0
2018-10-18,32.87,33.16,32.87,33.615,3752624.0
2018-10-21,33.33,32.78,32.6,33.39,3111161.0
2018-10-22,32.07,31.41,30.79,32.07,4562347.0
2018-10-23,31.42,29.52,29.41,31.42,6630135.0
2018-10-24,29.76,30,29.63,30.28,4139427.0
2018-10-25,29.56,29.82,29.035,30.24,4814663.0
2018-10-28,30.28,29.63,29.46,30.51,4235143.0
2018-10-29,29.69,30.44,29.3,30.51,5368075.0
2018-10-30,31.15,30.94,30.89,31.58,4721213.0
2018-10-31,31.34,32.12,31.05,32.21,2934951.0
2018-11-01,32.37,31.91,31.59,32.52,2914518.0
2018-11-04,31.82,32.22,31.78,32.48,4291241.0
2018-11-05,33.75,35.64,33.06,35.69,11921210.0
2018-11-06,35.76,36.6,35.255,36.715,7256372.0
2018-11-07,36.5,36.99,36.13,37.37,7437505.0
2018-11-08,36.52,36.63,36.28,36.82,5791850.0
2018-11-11,36.64,36.3,36.03,36.7799,4467415.0
2018-11-12,36.08,36.13,35.72,36.83,3703799.0
2018-11-13,36.37,35.72,35.11,36.51,5507038.0
2018-11-14,35.44,36.14,35.02,36.25,5524384.0
2018-11-15,35.94,36.67,35.86,36.85,4224325.0
2018-11-18,36.5,34.93,34.855,36.63,4814640.0
2018-11-19,34.3,34.7,34.1275,35.17,4344877.0
2018-11-20,35.09,35.46,34.92,35.9,4071580.0
2018-11-22,34.96,35,34.59,35.17,1475323.0
2018-11-25,35.2,35.77,35.2,35.83,3038099.0
2018-11-26,35.5,35.06,34.905,35.8155,2854733.0
2018-11-27,35.42,35.32,34.47,35.525,3352176.0
2018-11-28,35.25,36.17,35.25,36.475,3839492.0
2018-11-29,36,36,35.58,36.28,4812528.0
2018-12-02,36.89,36.86,36.4,37.33,3754631.0
2018-12-03,36.58,35.28,35.19,36.99,4124125.0
2018-12-05,34.56,34.55,33.01,34.59,5329901.0
2018-12-06,34.68,33.52,33.39,35.1,4314761.0
2018-12-09,33.42,33.2,32.7,33.8,4296491.0
2018-12-10,33.86,33,32.92,34.135,2835138.0
2018-12-11,32.07,30.91,30.86,32.49,9837844.0
2018-12-12,31,30.91,30.64,31.535,5795612.0
2018-12-13,30.6,30.93,30.55,31.295,3506726.0
2018-12-16,30.81,30.06,29.88,31.325,3999828.0
2018-12-17,30.35,30.33,30.1,30.75,3861644.0
2018-12-18,30.41,29.58,29.465,31.065,4446221.0
2018-12-19,29.62,28.79,28.2101,29.955,5935508.0
2018-12-20,28.51,28.56,28.32,29.34,7629023.0
2018-12-23,28,27.65,27.64,28.54,1996465.0
2018-12-25,27.87,29.31,27.52,29.31,3732791.0
2018-12-26,28.88,29.56,28.505,29.57,2614175.0
2018-12-27,29.7,28.82,28.75,29.77,2698884.0
2018-12-30,28.99,29.21,28.84,29.33,2059832.0
2019-01-01,28.79,29.18,28.59,29.39,3792653.0
2019-01-02,29.03,28.45,28.39,29.19,4278774.0
2019-01-03,29.09,30.39,29.0703,30.55,4019587.0
2019-01-06,30.42,30.62,30.07,31.09,3211470.0
2019-01-07,31.02,31.36,30.81,31.48,3121840.0
2019-01-08,31.59,31.35,31.09,31.72,3049296.0
2019-01-09,31,31.57,30.7,31.57,2534109.0
2019-01-10,31.38,31.64,30.745,31.65,3578015.0
2019-01-13,31.1,31.38,30.855,31.68,2572891.0
2019-01-14,31.35,31.4,30.92,31.59,2271994.0
2019-01-15,31.36,31.49,31.1,31.965,2526301.0
2019-01-16,31.38,31.96,31.36,32.3,2285652.0
2019-01-17,32.12,32.2,31.81,32.56,3763523.0
2019-01-21,31.91,30.97,30.825,32.015,4191452.0
2019-01-22,30.97,31.16,30.54,31.39,3463319.0
2019-01-23,31.1,31.01,30.92,31.43,2637560.0
2019-01-24,31.75,31.89,31.57,32.38,3370260.0
2019-01-27,31.45,31.59,30.9,31.71,3836598.0
2019-01-28,31.79,31.78,31.525,32.1765,3083751.0
2019-01-29,31.98,31.91,31.32,32.051,1844760.0
2019-01-30,31.61,32.28,31.23,32.32,2802002.0
2019-01-31,32.33,32.6,32.14,32.67,2867892.0
2019-02-03,32.49,31.95,31.76,32.56,4630690.0
2019-02-04,31.97,32.2,31.77,32.21,3108239.0
2019-02-05,31.94,32.46,31.865,32.5,2814902.0
2019-02-06,32.08,31.4,31.01,32.12,4198740.0
2019-02-07,31.04,31.19,30.65,31.44,4450621.0
2019-02-10,31.31,30.92,30.33,31.41,4371586.0
2019-02-11,31.31,31.89,31.16,32.12,4936554.0
2019-02-12,32,32.06,32,32.615,3979581.0
2019-02-13,31.9,31.94,31.7166,32.565,3144664.0
2019-02-14,32.31,32.11,31.715,32.37,4556965.0
2019-02-18,31.75,32.28,31.25,32.49,3519515.0
2019-02-19,32.3,33.48,32.3,33.73,3961907.0
2019-02-20,33.87,33.17,33,33.89,3453060.0
2019-02-21,32.75,32.3,32.14,32.92,4814328.0
2019-02-24,32.84,32.77,32.5,33.23,5904618.0
2019-02-25,33.02,31.44,31.015,33.91,10162374.0
2019-02-26,31.39,32.17,31.25,32.485,6093041.0
2019-02-27,32.01,31.27,30.96,32.09,5143437.0
2019-02-28,31.41,31,30.79,31.62,4901790.0
2019-03-03,31.11,30.82,30.27,31.25,5028675.0
2019-03-04,30.76,29.89,29.82,30.81,6366940.0
2019-03-05,29.85,29.23,29.155,30.01,4113627.0
2019-03-06,28.77,27.92,27.805,28.8,7962625.0
2019-03-07,27.66,28.02,27.54,28.365,5647160.0
2019-03-10,28.22,28.71,28.09,28.74,4026581.0
2019-03-11,28.74,28.67,28.64,29.07,3499274.0
2019-03-12,28.97,28.75,28.66,29.16,3813471.0
2019-03-13,28.6,28.38,28.21,28.72,3686798.0
2019-03-14,28.36,28.71,28.32,29.01,6044671.0
2019-03-17,28.82,28.64,28.515,28.98,3342170.0
2019-03-18,28.87,28.55,28.47,28.99,2885462.0
2019-03-19,28.38,28.18,27.98,28.49,3261059.0
2019-03-20,28.09,28.3,28.08,28.61,3122145.0
2019-03-21,27.96,26.85,26.805,28.12,3796624.0
2019-03-24,26.74,26.93,26.63,27.18,2495200.0
2019-03-25,27.1,26.42,25.95,27.26,6458987.0
2019-03-26,26.52,26.6,26.52,26.88,3875070.0
2019-03-27,27.03,27.17,26.91,27.7,5906828.0
2019-03-28,27.38,27.31,27.1136,27.68,3913361.0
2019-03-31,27.4,27.84,27.33,27.94,3181731.0
2019-04-01,27.82,27.51,27.4,27.96,2926156.0
2019-04-02,27.79,27.36,27.245,27.97,3661514.0
2019-04-03,27.29,27.72,27.13,27.73,2294842.0
2019-04-04,27.77,27.92,27.585,28.01,3509190.0
2019-04-07,27.93,27.85,27.56,27.94,2275991.0
2019-04-08,27.69,27.44,27.36,27.89,2449797.0
2019-04-09,27.5,27.36,27.215,27.62,4568594.0
2019-04-10,27.29,27,26.86,27.37,2770833.0
2019-04-11,26.81,26.8,26.42,27.1,6289366.0
2019-04-14,26.85,26.63,26.61,27.23,3459795.0
2019-04-15,26.67,26.84,26.67,26.93,3146564.0
2019-04-16,26.97,26.9,26.81,27.19,3801662.0
2019-04-17,26.81,27.07,26.58,27.17,3989372.0
2019-04-21,26.99,27.16,26.865,27.36,3243390.0
2019-04-22,27.02,26.83,26.21,27.22,4686125.0
2019-04-23,26.79,26.32,26.18,26.9,5112743.0
2019-04-24,26.23,26.05,26.03,26.575,4825587.0
2019-04-25,26.03,26.18,25.87,26.65,8929367.0
2019-04-28,26.03,26.13,25.91,26.295,5078147.0
2019-04-29,26.14,26.11,25.9,26.26,3479025.0
2019-04-30,26.12,25.81,25.805,26.2634,2875175.0
2019-05-01,25.28,25.25,24.87,25.74,4500618.0
2019-05-02,25.44,25.62,25.203,25.7099,3412765.0
2019-05-05,24.79,25.27,24.77,25.62,3760377.0
2019-05-06,24.75,23.25,22.835,25.03,11184870.0
2019-05-07,24.08,23.93,23.81,24.62,8425443.0
2019-05-08,23.47,23.65,23.08,23.795,5499031.0
2019-05-09,23.74,23.9,23.42,24.09,6097411.0
2019-05-12,23.44,22.91,22.7,23.4518,3807768.0
2019-05-13,23.02,22.81,22.66,23.12,4639374.0
2019-05-14,22.59,22.82,22.55,23.16,3958028.0
2019-05-15,22.96,23.16,22.74,23.95,10722959.0
2019-05-16,23,22.8,22.78,23.28,3611222.0
2019-05-19,22.73,22.48,22.45,22.85,3738432.0
2019-05-20,22.63,22.85,22.55,22.85,2951528.0
2019-05-21,22.6,22.34,22.33,22.71,3252120.0
2019-05-22,21.94,21.62,21.51,21.95,3102033.0
2019-05-23,21.89,21.6,21.45,22,3136634.0
2019-05-27,21.77,21.32,21.29,21.93,5714149.0
2019-05-28,21.08,21.4,20.81,21.58,4211566.0
2019-05-29,21.37,21.27,21.1301,21.58,2767104.0
2019-05-30,20.93,21.47,20.83,21.58,5974848.0
2019-06-02,21.5,22.03,21.45,22.29,6022352.0
2019-06-03,22.33,22.72,22.24,22.72,6082322.0
2019-06-04,23.08,22.25,21.8448,23.21,5731958.0
2019-06-05,22.17,22.46,21.99,22.46,5728343.0
2019-06-06,22.58,22.15,21.85,22.58,4246984.0
2019-06-09,22.35,22.25,22.01,22.525,6420491.0
2019-06-10,22.48,22.39,22.27,22.575,5146632.0
2019-06-11,22.29,22.66,22.16,22.845,4503201.0
2019-06-12,22.78,22.84,22.6,23.02,3492730.0
2019-06-13,22.7,22.36,22.36,22.81,4258892.0
2019-06-16,22.97,23.28,22.71,23.49,7113844.0
2019-06-17,23.41,24.06,23.35,24.22,11039121.0
2019-06-18,24.1,23.47,23.41,24.24,5442902.0
2019-06-19,23.89,23.63,23.35,23.915,3100425.0
2019-06-20,23.68,23.42,23.4,23.77,5626842.0
2019-06-23,23.43,23.43,23.23,23.635,2749107.0
2019-06-24,24.04,24.16,23.545,24.26,8236015.0
2019-06-25,24.2,24.14,23.81,24.49,7814094.0
2019-06-26,24.31,24.39,24.18,24.82,6800357.0
2019-06-27,24.52,25.03,24.5,25.06,8099007.0
2019-06-30,25.41,25.27,25.05,25.49,10007913.0
2019-07-01,25.11,24.65,24.51,25.125,6404732.0
2019-07-02,24.61,24.76,24.38,24.775,1897631.0
2019-07-04,24.61,24.8,24.42,24.87,2739031.0
2019-07-07,24.68,24.05,24,24.74,4742920.0
2019-07-08,23.53,23.33,23.08,23.71,6177643.0
2019-07-09,23.44,23.08,23,23.56,3058895.0
2019-07-10,23.02,22.49,22.39,23.09,4930455.0
2019-07-11,22.57,23,22.51,23.07,3963290.0
2019-07-14,23,23.37,22.8299,23.375,3499542.0
2019-07-15,23.41,23.71,23.22,24.07,5458380.0
2019-07-16,23.62,23.86,23.35,24.05,6009246.0
2019-07-17,23.67,23.83,23.4212,23.875,2558005.0
2019-07-18,23.83,24.22,23.79,24.37,2816791.0
2019-07-21,24.41,24.25,24.03,24.45,1933706.0
2019-07-22,24.45,24.79,24.39,25.02,3344815.0
2019-07-23,24.72,24.83,24.355,25.04,3205626.0
2019-07-24,24.74,24.25,24.17,24.74,2459649.0
2019-07-25,24.25,24.31,24.025,24.4,2547263.0
2019-07-28,24.19,23.84,23.83,24.25,2264727.0
2019-07-29,23.6,25.25,23.48,25.26,5196276.0
2019-07-30,25.56,25.19,24.89,25.705,5213569.0
2019-07-31,25.09,25.08,24.77,25.56,7452326.0
2019-08-01,24.86,24.39,24.15,24.89,3495036.0
2019-08-04,23.94,23.6,23.165,24.03,5054982.0
2019-08-05,24.53,22.02,20.05,24.54,22442395.0
2019-08-06,21.85,22.72,21.72,22.8,10329437.0
2019-08-07,22.79,23.07,22.41,23.21,7636113.0
2019-08-08,22.71,22.6,22.26,22.8,4796318.0
2019-08-11,22.4,20.76,20.75,22.45,5376941.0
2019-08-12,20.7,20.61,20.33,21.46,7329992.0
2019-08-13,20.26,19.64,19.575,20.3,6078044.0
2019-08-14,19.77,19.29,19.19,19.81,4694436.0
2019-08-15,19.41,19.74,19.12,19.855,3501022.0
2019-08-18,19.95,19.98,19.81,20.13,2615298.0
2019-08-19,19.86,19.37,19.29,19.94,3906043.0
2019-08-20,19.56,19.07,19.05,19.59,3777116.0
2019-08-21,19.12,19.07,18.99,19.49,4231467.0
2019-08-22,19.15,18.01,17.95,19.15,7641802.0
2019-08-25,18.19,17.96,17.77,18.24,10017743.0
2019-08-26,18,17.66,17.65,18.15,4690054.0
2019-08-27,17.67,17.86,17.36,18.06,5288348.0
2019-08-28,18.14,18.37,18.14,18.83,4410455.0
2019-08-29,18.46,18.39,18.25,18.63,4553840.0
2019-09-02,18.1,17.92,17.72,18.12,4061858.0
2019-09-03,18.14,18.16,17.895,18.326,2903193.0
2019-09-04,18.46,19.38,18.45,19.57,4976237.0
2019-09-05,19.38,19.54,19.165,19.64,3898586.0
2019-09-08,19.63,20.18,19.5162,20.28,4910169.0
2019-09-09,20.44,21.38,20.4,21.505,7792605.0
2019-09-10,21.26,21.99,20.62,22.027,8037286.0
2019-09-11,22.07,21.98,21.515,22.33,5772234.0
2019-09-12,22.13,22.65,21.89,23.16,5743021.0
2019-09-15,22.68,22.97,22.53,23.18,4558859.0
2019-09-16,22.59,21.81,21.775,22.81,6895293.0
2019-09-17,21.72,21.57,21.32,21.85,6411509.0
2019-09-18,21.58,20.99,20.92,21.71,6187659.0
2019-09-19,20.92,20.69,20.61,21.24,6676573.0
2019-09-22,20.44,20.89,20.25,20.95,5355300.0
2019-09-23,20.82,20.05,19.915,20.9,6450966.0
2019-09-24,20.14,20.55,20.03,20.62,3961259.0
2019-09-25,20.48,19.95,19.79,20.54,2972156.0
2019-09-26,20.01,20.26,19.91,20.3816,3188842.0
2019-09-29,20.23,20.5,19.95,20.62,3363615.0
2019-09-30,20.65,20.21,20.21,21.11,4364264.0
2019-10-01,19.95,20.07,19.6,20.35,3958198.0
2019-10-02,19.97,19.73,19.275,19.975,4418724.0
2019-10-03,19.72,19.39,19.17,19.88,4432559.0
2019-10-06,19.37,19.2,19.08,19.74,6552598.0
2019-10-07,18.98,18.55,18.54,19.23,7322485.0
2019-10-08,18.78,18.82,18.66,19.01,4970277.0
2019-10-09,19.05,19.34,19.01,19.52,5650871.0
2019-10-10,19.77,20.72,19.65,20.845,4839245.0
2019-10-13,20.4,20.06,20.04,20.49,3221352.0
2019-10-14,20.04,20.17,19.7,20.49,3082206.0
2019-10-15,20.08,20.06,19.98,20.615,2966372.0
2019-10-16,20.18,19.64,19.63,20.26,2517509.0
2019-10-17,19.7,19.55,19.48,19.88,2985235.0
2019-10-20,19.71,19.47,19.45,20.01,3079049.0
2019-10-21,19.4,19.68,19.01,19.86,3404184.0
2019-10-22,19.73,20.17,19.32,20.18,3393709.0
2019-10-23,20.31,19.92,19.52,20.56,3411399.0
2019-10-24,19.91,20.54,19.81,20.73,3456717.0
2019-10-27,20.69,20.58,20.465,20.8965,2011213.0
2019-10-28,20.46,20.61,20.22,20.66,3402694.0
2019-10-29,20.5,20.18,19.96,20.52,2184830.0
2019-10-30,20.01,19.88,19.56,20.15,3159567.0
2019-10-31,20.06,20.66,20.015,20.695,5397996.0
2019-11-03,20.89,21.34,20.85,21.45,6213449.0
2019-11-04,21.24,21.65,21.2306,22.5,8976739.0
2019-11-05,21.11,20.68,20.64,21.22,5195824.0
2019-11-06,20.88,20.74,20.73,21.27,4824043.0
2019-11-07,20.68,20.81,20.27,20.94,4022470.0
2019-11-10,20.57,20.93,20.27,21,3530428.0
2019-11-11,20.87,20.93,20.86,21.38,4036151.0
2019-11-12,20.41,19.68,19.61,20.43,6468510.0
2019-11-13,19.42,20.29,19.28,20.33,5537371.0
2019-11-14,20.44,19.75,19.74,20.47,3609931.0
2019-11-17,19.69,18.95,18.84,19.77,4765462.0
2019-11-18,19.02,18.81,18.51,19.15,3389596.0
2019-11-19,18.68,18.13,18.11,18.75,4171427.0
2019-11-20,18.16,18.02,17.95,18.33,3440877.0
2019-11-21,18.08,18.16,18.08,18.545,2938567.0
2019-11-24,18.22,18.64,18.17,18.76,4174307.0
2019-11-25,18.59,18.75,18.32,18.835,5951103.0
2019-11-26,18.76,19,18.61,19.04,3095137.0
2019-11-28,18.88,19.05,18.84,19.12,1813502.0
2019-12-01,19.23,18.99,18.985,19.45,4614760.0
2019-12-02,18.71,18.43,18.385,18.73,3515312.0
2019-12-03,18.63,18.37,18.37,18.89,4433616.0
2019-12-04,18.55,18.55,18.45,18.83,3088540.0
2019-12-05,18.68,19.08,18.68,19.1845,3942622.0
2019-12-08,19.08,18.74,18.705,19.24,4675061.0
2019-12-09,18.68,18.25,18.23,18.71,3339728.0
2019-12-10,18.23,18.22,18.15,18.48,3059815.0
2019-12-11,18.08,18.96,17.66,19,5405724.0
2019-12-12,19.02,18.63,18.59,19.4,4903636.0
2019-12-15,18.9,19.48,18.9,19.88,5129769.0
2019-12-16,19.54,20.15,19.435,20.395,7756811.0
2019-12-17,20.25,20.86,20.09,20.96,8974304.0
2019-12-18,20.6,20.6,20.38,21.14,5719335.0
2019-12-19,20.85,21.71,20.61,21.74,13357837.0
2019-12-22,21.73,21.54,20.97,21.8,5302269.0
2019-12-23,21.54,21.45,21.35,21.78,1947419.0
2019-12-25,21.5,21.66,21.4,21.71,2499491.0
2019-12-26,21.72,21.22,21.16,21.8,2193937.0
2019-12-29,21.31,21.03,20.97,21.33,2780673.0
2019-12-30,21.03,21.64,21,21.67,2531129.0
2020-01-01,21.92,21.43,21.26,22.15,4226531.0
2020-01-02,21.24,20.76,20.74,21.49,4159989.0
2020-01-05,20.62,20.76,20.36,20.96,4160102.0
2020-01-06,20.74,20.92,20.59,21.08,4666332.0
2020-01-07,20.93,21.11,20.8,21.235,3877187.0
2020-01-08,21.13,21.1,20.75,21.31,2800741.0
2020-01-09,21.07,20.62,20.49,21.15,3015293.0
2020-01-12,20.7,21.05,20.4,21.18,4049184.0
2020-01-13,21.1,21.34,21.03,21.5999,4721548.0
2020-01-14,21.09,21.52,21.06,21.78,2734028.0
2020-01-15,21.57,22.02,21.49,22.19,5924651.0
2020-01-16,22.06,21.87,21.54,22.135,4561132.0
2020-01-20,21.62,21.15,21.14,21.66,3693576.0
2020-01-21,21.09,20.03,19.955,21.12,6967234.0
2020-01-22,19.8,19.95,19.21,20.06,3879457.0
2020-01-23,19.91,19.14,19.015,20.08,6267024.0
2020-01-26,18.56,18.56,18.24,18.81,5309541.0
2020-01-27,18.79,19.35,18.72,19.38,5804626.0
2020-01-28,19.31,19.31,19.1,19.59,2701545.0
2020-01-29,19.05,20.17,18.95,20.21,6910818.0
2020-01-30,19.97,19.84,19.75,20.32,6455119.0
2020-02-02,19.9,19.96,19.54,20.06,4428482.0
2020-02-03,20.4,20.82,20.18,21.07,5791220.0
2020-02-04,21.19,21.36,20.91,21.6,5819397.0
2020-02-05,21.53,20.87,20.86,21.5448,4585518.0
2020-02-06,20.49,20.25,19.88,20.6,3971285.0
2020-02-09,20.19,19.83,19.76,20.39,3118317.0
2020-02-10,19.99,20.13,19.8,20.54,3724489.0
2020-02-11,20.37,20.35,20.255,20.65,2589540.0
2020-02-12,20.13,19.48,19.41,20.21,5495976.0
2020-02-13,19.1,18.75,18.65,19.39,8391720.0
2020-02-17,18.5,18.25,17.89,18.66,9169878.0
2020-02-18,18.32,18.41,18.255,18.625,5198687.0
2020-02-19,18.87,18.47,18.135,19.29,10834374.0
2020-02-20,18.35,19.19,18.26,19.34,10409896.0
2020-02-23,18.73,19.41,18.125,19.465,6913164.0
2020-02-24,19.5,18.1,18.05,19.64,8203918.0
2020-02-25,18.2,17.45,17.39,18.48,7630832.0
2020-02-26,17.02,16.55,16.52,17.595,8523502.0
2020-02-27,16.1,17.03,16.02,17.035,10352482.0
2020-03-01,17.15,17.66,16.9,17.66,6331043.0
2020-03-02,17.48,17.01,16.77,17.85,6927633.0
2020-03-03,17.21,17.09,16.62,17.21,5067305.0
2020-03-04,16.46,16.19,16.11,16.74,6049060.0
2020-03-05,15.86,14.3,14.13,15.86,12411912.0
2020-03-08,12.97,11.92,11.91,13.79,11231923.0
2020-03-09,12.97,12.64,11.5,13.07,10283227.0
2020-03-10,12.22,11.47,11.24,12.28,6266650.0
2020-03-11,10.64,9.69,9.62,10.74,10088752.0
2020-03-12,10.48,11.01,9.005,11.03,8155498.0
2020-03-15,9.43,9.95,9.3,10.15,5974383.0
2020-03-16,10.1,9.67,9.38,10.565,9916942.0
2020-03-17,8.94,7.01,6.5,9,11263322.0
2020-03-18,7.02,8.22,6.92,8.64,9785878.0
2020-03-19,8.57,9.59,8.03,9.84,11052081.0
2020-03-22,9.28,9.22,9.18,10.13,6046839.0
2020-03-23,10,10.7,9.76,11.13,6627940.0
2020-03-24,10.94,10.87,9.864,11.3,7427968.0
2020-03-25,10.96,10.72,10.47,11.68,7438884.0
2020-03-26,10.11,9.9,9.52,10.39,6278434.0
2020-03-29,9.81,10,9.35,10.2,4560638.0
2020-03-30,10.78,10.82,10.39,11.05,7953500.0
2020-03-31,10.13,10.11,10,10.48,5517991.0
2020-04-01,10.28,9.82,9.66,11.17,6230982.0
2020-04-02,9.89,9.94,9.66,10.28,5061840.0
2020-04-05,10.64,11.33,10.53,11.63,7199353.0
2020-04-06,12.05,11.67,11.53,12.445,8113321.0
2020-04-07,11.49,11.8,11.435,12.01,4687454.0
2020-04-08,12.26,12.97,12.16,13.41,7859987.0
2020-04-12,12.82,12.2,12.04,13.0521,3709119.0
2020-04-13,12.2,12.18,11.85,12.645,4631485.0
2020-04-14,11.46,11.37,11.13,11.54,3484075.0
2020-04-15,11.31,10.83,10.61,11.43,3322478.0
2020-04-16,11.41,11.45,11.35,12,4696573.0
2020-04-19,11.1,11.14,10.82,11.73,4038417.0
2020-04-20,10.7,10.89,10.37,11.105,4948950.0
2020-04-21,11.37,11.04,10.8,11.47,4738846.0
2020-04-22,11.29,11.23,11.14,11.64,3381350.0
2020-04-23,11.42,11.33,10.96,11.54,4967498.0
2020-04-26,11.3,11.58,11.22,11.87,4073121.0
2020-04-27,11.91,11.53,11.135,12.2,5347245.0
2020-04-28,12.05,12,11.725,12.12,5218445.0
2020-04-29,11.71,11.51,11.21,11.74,6631260.0
2020-04-30,11.22,11.15,10.9,11.28,4509421.0
2020-05-03,10.88,10.98,10.56,11.06,5808639.0
2020-05-04,11.69,11.78,11.56,12.57,8193870.0
2020-05-05,11.95,10.8,10.79,12.1,5780095.0
2020-05-06,11.08,11.1,11.06,11.58,4778047.0
2020-05-07,11.35,11.91,11.35,11.965,5065902.0
2020-05-10,11.08,11.22,10.625,11.27,6107568.0
2020-05-11,11.26,10.82,10.81,11.56,4161747.0
2020-05-12,10.73,10.2,10.105,10.74,5313045.0
2020-05-13,9.95,10.4,9.575,10.625,3970944.0
2020-05-14,10.26,10.08,10.02,10.49,5001475.0
2020-05-17,10.63,10.96,10.615,11.03,6094151.0
2020-05-18,10.99,11.03,10.505,11.36,3819243.0
2020-05-19,11.27,11.72,11.18,11.78,4580775.0
2020-05-20,11.75,11.55,11.41,11.915,3891385.0
2020-05-21,11.47,11.56,11.43,11.69,3463057.0
2020-05-25,12.08,12.15,12.08,12.44,6178347.0
2020-05-26,12.61,12.94,12.33,12.99,5873737.0
2020-05-27,13.13,12.2,12.1,13.17,3903653.0
2020-05-28,12.09,12.09,11.96,12.29,5527907.0
2020-05-31,12.05,12.52,11.93,12.76,3286637.0
2020-06-01,12.75,12.64,12.56,12.9365,3275658.0
2020-06-02,12.88,13.72,12.83,13.875,5300923.0
2020-06-03,13.62,13.86,13.34,13.91,5397945.0
2020-06-04,14.48,14.1,13.41,14.69,6312233.0
2020-06-07,14.69,14.98,14.48,15.075,4629989.0
2020-06-08,14.44,14.75,14.095,14.785,4702145.0
2020-06-09,14.7,14.09,14.05,14.79,4469021.0
2020-06-10,13.16,12.51,12.3,13.43,5099580.0
2020-06-11,13.15,13.28,12.735,13.65,3985464.0
2020-06-14,12.59,13.37,12.34,13.475,4154697.0
2020-06-15,14.2,13.64,13.1218,14.26,3967057.0
2020-06-16,13.65,13.31,13.235,13.72,2650874.0
2020-06-17,13.12,13.09,13.02,13.51,2969544.0
2020-06-18,13.48,12.9,12.79,13.51,6596515.0
2020-06-21,12.9,13.05,12.64,13.15,2942769.0
2020-06-22,13.3,12.92,12.84,13.3,3238002.0
2020-06-23,12.62,11.97,11.935,12.68,3690262.0
2020-06-24,11.85,12.31,11.68,12.33,3428576.0
2020-06-25,12.13,12.08,11.76,12.285,6447459.0
2020-06-28,12.61,12.65,12.31,12.94,3886119.0
2020-06-29,12.5,12.51,12.355,12.66,5449444.0
2020-06-30,12.47,12.37,12.19,12.86,5192866.0
2020-07-01,12.75,12.85,12.71,13.35,4974392.0
2020-07-05,13.13,13.14,12.82,13.35,3750336.0
2020-07-06,12.93,12.87,12.76,13.135,3415727.0
2020-07-07,12.76,12.11,11.905,12.82,5740271.0
2020-07-08,12.11,11.68,11.51,12.14,4250578.0
2020-07-09,11.63,12.3,11.61,12.3,3693388.0
2020-07-12,12.75,12.95,12.58,13.27,5159466.0
2020-07-13,12.89,13.1,12.54,13.19,3319079.0
2020-07-14,13.65,13.41,13.35,13.89,6832029.0
2020-07-15,13.3,13.2,13.16,13.61,3578204.0
2020-07-16,13.28,13.41,13.22,13.67,3901167.0
2020-07-19,13.35,12.85,12.84,13.48,3664313.0
2020-07-20,13.01,13.27,12.99,13.33,3178579.0
2020-07-21,13.15,13.41,13.07,13.49,2824976.0
2020-07-22,13.34,13.54,13.1,13.74,2964671.0
2020-07-23,13.58,13.67,13.43,13.88,2835709.0
2020-07-26,13.68,14,13.6013,14.08,2697268.0
2020-07-27,13.84,13.5,13.47,13.995,2104297.0
2020-07-28,13.55,13.98,13.55,14.04,2704292.0
2020-07-29,13.6,13.5,13.315,13.67,3082277.0
2020-07-30,13.46,13.47,13.3,13.55,2534817.0
2020-08-02,13.39,13.68,13.22,13.97,4476385.0
2020-08-03,14.92,15.53,14.88,15.88,13882821.0
2020-08-04,15.99,16.31,15.82,16.67,9738939.0
2020-08-05,16.29,16.14,15.85,16.4,4614332.0
2020-08-06,16,17.19,15.985,17.22,8081450.0
2020-08-09,17.46,18.4,17.46,18.57,10051350.0
2020-08-10,18.79,17.64,17.61,18.89,6409462.0
2020-08-11,18.01,17.41,17.36,18.15,5059619.0
2020-08-12,17.29,17.46,17.06,17.7,4976176.0
2020-08-13,17.36,17.83,17.19,18.1,4357399.0
2020-08-16,18.09,17.85,17.75,18.35,4155004.0
2020-08-17,17.89,18.28,17.81,18.45,3837066.0
2020-08-18,18.29,17.93,17.88,18.4,3141727.0
2020-08-19,17.62,17.81,17.41,17.88,2411670.0
2020-08-20,17.69,17.49,17.4,17.72,3166864.0
2020-08-23,17.8,18.5,17.73,18.665,3916780.0
2020-08-24,18.61,18.34,18.05,18.699,3711751.0
2020-08-25,18.2,18.47,18.2,18.63,3631646.0
2020-08-26,18.49,18.42,18.24,18.59,3039912.0
2020-08-27,18.36,18.91,18.27,19.03,3703200.0
2020-08-30,18.89,18.23,18.22,18.89,3369525.0
2020-08-31,18.16,18.7,17.94,18.7,3921629.0
2020-09-01,18.41,18.89,18.325,18.91,3928339.0
2020-09-02,18.95,18.48,18.24,19.028,3499125.0
2020-09-03,18.67,18.53,18.14,18.78,3898529.0
2020-09-07,17.88,17.49,17.22,17.92,4740748.0
2020-09-08,17.62,17.97,17.475,18.09,3580084.0
2020-09-09,18.05,17.72,17.67,18.22,2745340.0
2020-09-10,17.95,18.31,17.69,18.44,3569583.0
2020-09-13,18.44,18.13,17.875,18.45,3353595.0
2020-09-14,18.15,18.03,17.8,18.275,3697661.0
2020-09-15,18.09,18.1,17.74,18.43,4499501.0
2020-09-16,18.06,19.26,17.83,19.425,8343609.0
2020-09-17,19.37,19.26,19.07,20.03,19169222.0
2020-09-20,18.81,17.81,17.19,18.81,7671277.0
2020-09-21,17.76,18.05,17.55,18.12,4248812.0
2020-09-22,18.37,18.26,18.15,19.275,7216273.0
2020-09-23,18.26,18.82,17.735,19.185,5990375.0
2020-09-24,18.55,18.59,18.07,18.76,4114355.0
2020-09-27,18.87,18.47,18.45,19.29,4134854.0
2020-09-28,18.37,17.98,17.89,18.63,2459239.0
2020-09-29,18.05,18.27,18,18.64,3830655.0
2020-09-30,18.35,17.79,17.71,18.465,3616929.0
2020-10-01,17.35,18.31,17.3,18.58,3571977.0
2020-10-04,18.56,19.28,18.47,19.455,7068956.0
2020-10-05,19.5,18.83,18.77,19.7299,3495217.0
2020-10-06,19.19,19.74,19.19,19.87,6073614.0
2020-10-07,19.83,19.72,19.29,20.2,3894016.0
2020-10-08,19.92,19.71,19.39,20.07,3027363.0
2020-10-11,19.74,19.34,19.23,19.75,2345765.0
2020-10-12,19.31,19.28,18.93,19.4399,3026967.0
2020-10-13,19.51,19.31,19.23,19.765,3669790.0
2020-10-14,19,19.49,18.72,19.59,3601531.0
2020-10-15,19.62,19.14,19.13,19.68,3296228.0
2020-10-18,19.22,19.07,18.98,19.465,4351253.0
2020-10-19,19.19,18.84,18.72,19.4,3918454.0
2020-10-20,18.6,18.91,18.51,19.2,3820470.0
2020-10-21,18.55,18.71,18.26,18.76,4245517.0
2020-10-22,18.92,18.7,18.66,19.17,3192501.0
2020-10-25,18.41,18.15,17.97,18.61,3961176.0
2020-10-26,18.14,18.35,18.01,18.64,3637777.0
2020-10-27,17.85,18.07,17.75,18.3,3892536.0
2020-10-28,17.87,18.3,17.86,18.545,3929423.0
2020-10-29,18.18,18.5,17.9,18.54,4949840.0
2020-11-01,18.69,19.56,18.45,19.595,5433041.0
2020-11-02,17.95,17.19,16.5345,18.13,14621658.0
2020-11-03,17.35,16.75,16.01,17.37,8935864.0
2020-11-04,16.9,17.17,16.73,17.325,8298159.0
2020-11-05,17.33,16.89,16.66,17.585,4363731.0
2020-11-08,17.75,17,17,18.48,7936051.0
2020-11-09,17.14,17.62,16.86,17.75,4839216.0
2020-11-10,17.7,17.65,17.475,17.86,4342095.0
2020-11-11,17.51,17.36,17.095,17.73,3694405.0
2020-11-12,17.57,18.02,17.525,18.075,2768137.0
2020-11-15,18.48,18.78,18.165,18.81,4225821.0
2020-11-16,18.67,18.96,18.27,19,3634238.0
2020-11-17,19.11,19.19,18.83,19.77,4586074.0
2020-11-18,18.97,19.58,18.72,19.61,3496731.0
2020-11-19,19.56,19.61,19.41,19.67,3198366.0
2020-11-22,19.9,20.54,19.8,20.76,4330110.0
2020-11-23,20.95,23.18,20.78,23.1899,13301599.0
2020-11-24,22.15,22.57,21.65,22.855,6503799.0
2020-11-26,22.74,22.68,22.55,23.18,2839025.0
2020-11-29,22.63,21.96,21.78,22.65,6236174.0
2020-11-30,22.4,21.76,21.5527,22.4993,5395728.0
2020-12-01,21.54,21.24,21.01,21.76,7037438.0
2020-12-02,21.36,21.23,21.0802,21.74,5786283.0
2020-12-03,21.47,22.78,21.47,22.845,8133622.0
2020-12-06,22.67,22.05,21.86,22.67,3948060.0
2020-12-07,22.05,22.38,22.02,22.74,4520178.0
2020-12-08,22.68,22.41,21.87,22.95,4047688.0
2020-12-09,22.08,22.25,22.01,22.52,3214661.0
2020-12-10,22,22.23,21.8701,22.36,5875892.0
2020-12-13,22.79,22.68,22.65,23.7,7169467.0
2020-12-14,23.03,23.11,22.695,23.26,8376522.0
2020-12-15,23.37,22.62,22.28,23.37,3578331.0
2020-12-16,22.89,23.1,22.64,23.28,7268461.0
2020-12-17,23.09,23.39,22.69,23.47,10936414.0
2020-12-20,22.8,23.14,22.59,23.3,3735824.0
2020-12-21,23.23,21.87,21.86,23.28,6860448.0
2020-12-22,22.04,22.09,21.8332,22.26,4012074.0
2020-12-23,22.04,21.96,21.82,22.2,1097785.0
2020-12-27,22.09,21.61,21.49,22.34,2610295.0
2020-12-28,21.78,21.68,21.4,22.1,2739636.0
2020-12-29,21.71,22.16,21.62,22.37,2876555.0
2020-12-30,22.35,23.01,22.05,23.4,5526501.0
2021-01-03,23.35,23.67,23.22,24.02,6306922.0
2021-01-04,23.8,24.55,23.74,24.605,6029233.0
2021-01-05,25,26.05,24.9,26.11,10069339.0
2021-01-06,27.35,26.91,26.755,27.9,9301213.0
2021-01-07,27.01,26.81,26.14,27.25,6067531.0
2021-01-10,26.31,26.77,26.02,27.17,5867086.0
2021-01-11,26.88,28.46,26.51,28.65,7402434.0
2021-01-12,28.97,28.1,27.905,29.32,4918860.0
2021-01-13,28.29,28.9,28.26,29.325,4950910.0
2021-01-14,28.54,28.64,28.09,28.85,4919165.0
2021-01-18,28.96,28.71,28.08,29.11,3675069.0
2021-01-19,28.97,28.5,28.25,29.34,3691015.0
2021-01-20,28.68,28.41,28.18,28.815,3159734.0
2021-01-21,27.81,28.33,27.16,28.45,3465107.0
2021-01-24,28.75,28.67,27.58,28.77,4002592.0
2021-01-25,28.96,27.38,27.38,29.28,5367786.0
2021-01-26,26.65,26.69,25.63,26.99,6279545.0
2021-01-27,27.17,27.21,26.39,27.41,3514585.0
2021-01-28,27.17,25.96,25.831,27.305,4002196.0
2021-01-31,26.3,26.86,26.1,27.24,5505623.0
2021-02-01,27.21,27.27,26.5,27.59,3279852.0
2021-02-02,27.32,27.61,27.26,28.076,4307973.0
2021-02-03,27.58,27.45,27.2,27.895,3729678.0
2021-02-04,27.74,27.65,27.19,27.94,4100767.0
2021-02-07,28.25,29.09,28.05,29.29,5042229.0
2021-02-08,29.1,27.98,27.97,29.155,4380782.0
2021-02-09,28.27,27.89,26.77,28.4,5778792.0
2021-02-10,27.96,27.85,27.49,28.175,4718302.0
2021-02-11,27.78,29.27,27.63,29.37,6089477.0
2021-02-15,29.81,30.65,29.78,31.05,8189048.0
2021-02-16,30.2,30.43,29.35,30.9,5803738.0
2021-02-17,30.27,27.65,27.225,30.96,12555432.0
2021-02-18,28.64,29.08,27.9701,29.59,9311519.0
2021-02-21,29.12,29.7,29.05,30.88,8757928.0
2021-02-22,29.78,29.53,27.89,29.78,6454213.0
2021-02-23,29.55,32.12,29.54,33.23,11993390.0
2021-02-24,32.11,30.78,30.56,32.58,9956208.0
2021-02-25,30.47,29.4,28.4,30.8,7356992.0
2021-02-28,30.37,30.71,30.24,31.045,4755531.0
2021-03-01,30.88,31.23,30.87,32.21,6209364.0
2021-03-02,31.43,31.56,31.43,32.77,6496488.0
2021-03-03,31.37,29.57,28.2802,31.56,8124753.0
2021-03-04,30.11,30.07,28.05,30.3,6641673.0
2021-03-07,30.2,30.7,30.01,31.22,4786883.0
2021-03-08,30.99,30.78,30.02,31.24,5057113.0
2021-03-09,31.07,33.06,30.93,33.06,8516293.0
2021-03-10,33.61,33.45,33.1,34.11,6824533.0
2021-03-11,33.5,33.2,32.6,33.99,4309045.0
2021-03-14,34.13,34.24,33.52,34.57,6193670.0
2021-03-15,33.99,33.03,32.945,34.24,4493140.0
2021-03-16,32.87,33.88,32.6301,33.96,4432281.0
2021-03-17,33.88,33.48,33.3,35.2008,8349502.0
2021-03-18,33.47,33.31,32.32,33.59,8359491.0
2021-03-21,33.4,32.35,32.09,33.44,6526396.0
2021-03-22,31.75,30.56,30.05,32.13,7491690.0
2021-03-23,30.98,30.21,30.2,31.25,6684596.0
2021-03-24,29.65,30.77,29.1,30.995,7230732.0
2021-03-25,31.22,31.15,30.36,31.54,6170662.0
2021-03-28,31.24,31.3,31.0801,32.99,8511885.0
2021-03-29,31.03,31.34,30.43,31.5,3883820.0
2021-03-30,31.31,31.61,30.6,32.18,7451193.0
2021-03-31,31.96,31.26,30.73,32.24,4962316.0
2021-04-04,32.37,31.08,30.98,32.44,5473213.0
2021-04-05,31.08,30.96,30.645,31.68,7277159.0
2021-04-06,30.93,30.8,30.304,31.12,3778698.0
2021-04-07,30.8,31.04,30.105,31.07,5534998.0
2021-04-08,30.99,31.47,30.83,31.59,4652605.0
2021-04-11,31.85,31.77,31.4279,32.19,5313764.0
2021-04-12,32.25,32.25,31.37,32.59,4796842.0
2021-04-13,32.44,33.33,32.26,33.88,5432012.0
2021-04-14,33.52,33.13,32.6753,33.585,3604193.0
2021-04-15,33.66,33.46,33.175,34.07,3765076.0
2021-04-18,33.53,32.73,32.255,33.62,4494947.0
2021-04-19,32.56,32.21,31.47,32.71,4455388.0
2021-04-20,32.1,33.38,31.54,33.42,3623888.0
2021-04-21,33.38,33.06,32.88,33.84,3876592.0
2021-04-22,33.35,33.95,32.91,34.03,3278899.0
2021-04-25,34.1,34.78,34,35.27,4732280.0
2021-04-26,34.52,35.55,34.52,36.04,9053510.0
2021-04-27,35.39,36.16,35.33,36.25,6170419.0
2021-04-28,36.55,36.3,35.525,36.79,6342003.0
2021-04-29,35.95,35.18,35.12,36.32,4821328.0
2021-05-02,35.3,35.03,34.79,35.92,6820665.0
2021-05-03,32.79,34.33,32.45,34.57,11832855.0
2021-05-04,34.62,34.91,33.71,34.95,7140834.0
2021-05-05,35.03,35.46,34.0585,35.5,6905006.0
2021-05-06,35.36,37,34.87,37.13,5810075.0
2021-05-09,37.36,35.51,35.47,37.4,6955833.0
2021-05-10,34.74,35.22,34.06,35.7736,5724324.0
2021-05-11,35.22,35.25,34.73,35.81,7602224.0
2021-05-12,35.3,34.68,34.0644,35.9368,5654718.0
2021-05-13,35.1,36.49,35.05,36.55,4683059.0
2021-05-16,36.44,37.06,36.04,37.17,4293092.0
2021-05-17,37.1,36.47,36.43,38.23,6178320.0
2021-05-18,35.73,35.32,34.94,35.91,6039456.0
2021-05-19,35.29,34.95,34.285,35.49,5385260.0
2021-05-20,35.31,35.46,35.03,35.87,5753963.0
2021-05-23,35.46,35.7,35.32,36.38,3766427.0
2021-05-24,36,34.77,34.73,36.75,5650994.0
2021-05-25,34.5,35.45,34.14,35.72,5040019.0
2021-05-26,35.76,35.99,35.42,36.16,7129884.0
2021-05-27,36.12,36.14,35.79,36.44,3835856.0
2021-05-31,36.62,37.55,36.62,37.7,4088069.0
2021-06-01,37.85,37.3,36.69,37.9,3627231.0
2021-06-02,37.02,37.39,36.65,37.55,2523260.0
2021-06-03,37.31,36.04,35.36,37.88,9994252.0
2021-06-06,36.44,35.92,35.56,36.62,4174244.0
2021-06-07,35.64,35.78,34.99,36.03,3940821.0
2021-06-08,35.47,34.95,34.81,35.5,4402526.0
2021-06-09,35.44,34.44,34.41,35.691,4171057.0
2021-06-10,34.84,34.59,34.43,35.21,4519711.0
2021-06-13,34.5,33.13,33.04,34.7748,5537932.0
2021-06-14,33.17,33.06,32.3,33.35,6371980.0
2021-06-15,32.94,32.65,32.14,32.94,6829050.0
2021-06-16,32.44,30.35,30.05,32.52,10002652.0
2021-06-17,29.85,29.92,29.6,30.48,11079125.0
2021-06-20,30.61,30.84,30.53,31.17,11319701.0
2021-06-21,31.14,31.08,30.65,31.57,6833406.0
2021-06-22,31.08,30.99,30.96,31.51,3667446.0
2021-06-23,31.3,31.23,30.77,31.64,6343352.0
2021-06-24,31.54,31.2,31.14,31.76,5127477.0
2021-06-27,31.19,30.43,30.11,31.2,4645426.0
2021-06-28,30.97,30.8,30.44,31.35,4432409.0
2021-06-29,30.81,31.91,30.62,31.92,6173460.0
2021-06-30,32.49,31.79,31.68,32.95,6196850.0
2021-07-01,31.79,31.44,31.07,31.87,2822127.0
2021-07-05,31.34,30.29,29.965,31.34,5689893.0
2021-07-06,30.26,30.56,29.77,30.82,4200714.0
2021-07-07,29.87,30.75,29.635,31.07,4439601.0
2021-07-08,31.29,31.79,31.11,32.05,3828897.0
2021-07-11,31.29,31.86,30.95,32.13,3231754.0
2021-07-12,31.99,31.29,31.13,32.15,2916999.0
2021-07-13,31.56,31.08,31,32.329,2910930.0
2021-07-14,30.89,30.53,30.265,31.4,2889718.0
2021-07-15,30.84,29.59,29.24,30.94,5347261.0
2021-07-18,28.71,28.79,28.26,28.955,4936326.0
2021-07-19,28.9,29.7,28.725,29.94,3769552.0
2021-07-20,30.05,30.45,30.05,30.69,3395912.0
2021-07-21,30.42,30.15,29.78,30.48,2133975.0
2021-07-22,30.2,29.85,29.52,30.3,2288565.0
2021-07-25,30,30.37,29.67,30.42,2749029.0
2021-07-26,30.03,29.95,29.41,30.38,2458765.0
2021-07-27,30.265,30.49,29.7,30.77,2763302.0
2021-07-28,31.12,31.13,30.73,31.455,3178138.0
2021-07-29,31.2,31.23,31.112,32.12,6079108.0
2021-08-01,31.41,29.92,29.92,31.79,4825550.0
2021-08-02,30.25,31.34,29.62,31.45,5978394.0
2021-08-03,31.54,30.61,30.36,31.8698,5817245.0
2021-08-04,30.85,30.7,30.61,31.3001,2873385.0
2021-08-05,31.21,31.49,31.03,31.59,2525169.0
2021-08-08,31.47,32.56,31.3,32.58,4936601.0
2021-08-09,32.69,33.65,32.675,34.02,5461181.0
2021-08-10,33.99,34.13,33.41,34.45,3826921.0
2021-08-11,34,33.91,33.08,34.19,3939115.0
2021-08-12,33.89,33.56,33.44,34,3065073.0
2021-08-15,33.07,32.47,32.06,33.07,3320825.0
2021-08-16,32.16,31.2,30.73,32.57,4570637.0
2021-08-17,31.09,30.91,30.8401,31.74,2695447.0
2021-08-18,30.08,29.57,29.14,30.4,6122012.0
2021-08-19,29.95,30.72,29.86,30.735,4993426.0
2021-08-22,31.19,31.26,31.055,31.66,3472760.0
2021-08-23,31.92,32.29,31.83,32.61,3026813.0
2021-08-24,32.1,32.34,31.6886,32.64,2037739.0
2021-08-25,32.29,31.75,31.63,32.37,2284992.0
2021-08-26,32.01,32.65,32.01,32.87,2451563.0
2021-08-29,32.82,32.3,32.13,32.88,1847742.0
2021-08-30,32.31,32.18,31.88,32.39,4014931.0
2021-08-31,32.03,31.81,31.14,32.045,2764374.0
2021-09-01,31.25,32.43,31.15,32.54,4160815.0
2021-09-02,32.52,32.15,32,32.88,2908710.0
2021-09-06,31.85,32.15,31.64,32.62,3390801.0
2021-09-07,32.11,31.13,30.86,32.25,2190632.0
2021-09-08,30.84,31.57,30.58,31.86,1899876.0
2021-09-09,31.9,31.78,31.655,32.32,2833068.0
2021-09-12,32.35,32.13,31.66,32.42,2969544.0
2021-09-13,32.5,32.04,31.83,32.86,3660286.0
2021-09-14,32.39,33.64,32.27,33.7,3610387.0
2021-09-15,33.57,33.75,33.16,34.15,2942877.0
2021-09-16,33.51,33.61,32.67,33.78,5066741.0
2021-09-19,32.06,32.16,31.465,32.4717,4359227.0
2021-09-20,32.66,32.42,31.85,32.82,2802649.0
2021-09-21,32.54,33.18,32.39,33.5183,3742675.0
2021-09-22,33.74,34.97,33.66,35.04,4930653.0
2021-09-23,34.85,35.86,34.76,36.34,4669235.0
2021-09-26,36.29,36.84,36.29,37.51,5342324.0
2021-09-27,36.75,36.56,36.38,37.23,4621999.0
2021-09-28,36.7,36.49,36.03,36.76,2686985.0
2021-09-29,36.62,35.72,35.65,36.905,3553000.0
2021-09-30,36.04,37.8,36.04,37.99,4783283.0
2021-10-03,38.07,38.27,37.66,38.94,5488272.0
2021-10-04,38.3,38.52,37.5693,38.77,4780388.0
2021-10-05,38.02,38.36,37.095,38.49,4278983.0
2021-10-06,38.91,39.54,38.72,39.95,4319751.0
2021-10-07,39.78,40.4,39.28,40.56,5139788.0
2021-10-10,41,41.92,40.94,42.165,6039565.0
2021-10-11,41.565,41.45,41.055,42.215,5026336.0
2021-10-12,41.75,40.73,40.681,41.83,5554721.0
2021-10-13,41.31,41.39,41.04,41.94,4001835.0
2021-10-14,41.75,41.47,41.08,41.8428,3707272.0
2021-10-17,41.03,41.87,40.8801,41.9251,3228923.0
2021-10-18,42,41.82,41.29,42.04,2550629.0
2021-10-19,41.72,42.47,41.41,43.24,5871248.0
2021-10-20,41.94,42.17,41.262,42.26,3932338.0
2021-10-21,42.39,42.01,41.6713,42.99,2652901.0
2021-10-24,42.52,42.43,42.2101,42.95,2805360.0
2021-10-25,42.35,41.87,41.31,42.41,3048859.0
2021-10-26,41.49,41.16,40.42,41.78,5121830.0
2021-10-27,41.37,41.87,41.26,42.03,3599588.0
2021-10-28,41.6,41.57,41.17,41.94,3543948.0
2021-10-31,41.25,41.46,40.61,42.02,6646267.0
2021-11-01,39.8,37.64,36.6,40.07,14583082.0
2021-11-02,37.7,39.48,37.1,39.78,6415846.0
2021-11-03,39.36,38.8,38.4164,39.885,4556828.0
2021-11-04,37,37.35,36.57,37.43,22079831.0
2021-11-07,37.49,37.72,37.47,38.41,14272603.0
2021-11-08,37.87,37.51,36.85,38.25,8329949.0
2021-11-09,37.4,36.08,35.78,37.83,6901159.0
2021-11-10,36.59,36.81,36.4,37.35,5026338.0
2021-11-11,36.8,37.39,36.6,37.63,4231291.0
2021-11-14,37.45,37.89,37.075,38.46,4978665.0
2021-11-15,38,37.1,36.92,38.09,7513190.0
2021-11-16,37.3,36.39,36.335,37.59,5625306.0
2021-11-17,36.74,36.82,36.28,37.1,3749156.0
2021-11-18,36.48,36.25,35.86,36.59,5967281.0
2021-11-21,36.6,36.41,36.22,36.86,3358543.0
2021-11-22,36.67,36.75,36,37.005,2977453.0
2021-11-23,36.3,36.35,36.035,36.69,3143391.0
2021-11-25,35.1,35.32,34.69,35.455,3869830.0
2021-11-28,35.91,36.03,35.15,36.16,4858256.0
2021-11-29,35.73,34.22,34.125,36.25,7679672.0
2021-11-30,35.19,33.62,33.59,35.48,4772344.0
2021-12-01,34.225,34.64,33.9,34.93,6264622.0
2021-12-02,34.74,34.41,34.07,35.495,4544024.0
2021-12-05,34.94,34.47,34.05,35.0599,3422567.0
2021-12-06,35.15,35.87,35.125,36.42,6195763.0
2021-12-07,36.19,36.02,35.751,36.64,3140124.0
2021-12-08,35.78,35.73,35.52,36.16,2808232.0
2021-12-09,36.77,36.74,35.94,37.63,4644578.0
2021-12-12,36.58,35.87,35.32,37.06,3623351.0
2021-12-13,35.59,35.81,35.59,36.78,3514695.0
2021-12-14,35.65,36.38,34.71,36.4,4274609.0
2021-12-15,36.78,36.47,36.39,37.69,4102495.0
2021-12-16,36.32,36.46,35.96,36.91,6548483.0
2021-12-19,35.74,35.54,34.58,35.835,4702289.0
2021-12-20,36.31,37.33,36.22,37.435,4074627.0
2021-12-21,37.4,38.72,37.375,38.84,5310158.0
2021-12-22,38.8,39.18,38.63,39.54,3864186.0
2021-12-26,39.35,40,38.805,40,2695610.0
2021-12-27,40,39.86,39.6701,40.31,2744356.0
2021-12-28,39.85,39.96,39.715,40.27,2822585.0
2021-12-29,39.8,39.21,39.165,40.2,2282624.0
2021-12-30,39.02,39.29,38.91,39.43,1859234.0
2022-01-02,39.5,40.19,39.5,40.55,3798600.0
2022-01-03,40.65,40.5,40.12,40.9716,4046379.0
2022-01-04,40.86,39,38.97,41.145,4815664.0
2022-01-05,39.48,39.41,38.01,39.9,3969984.0
2022-01-06,39.49,40.18,39.43,40.315,3934643.0
2022-01-09,39.96,40.04,39.44,40.68,4831975.0
2022-01-10,40.16,40.36,39.165,40.57,5030029.0
2022-01-11,40.96,41.91,40.95,42.61,8511786.0
2022-01-12,41.9999,41.61,41.5,42.91,4313681.0
2022-01-13,42.85,43.23,41.95,43.84,6419407.0
2022-01-17,42.9,43.61,42.39,44.06,5104092.0
2022-01-18,43.27,41.94,41.64,43.89,4603333.0
2022-01-19,41.99,40.53,40.47,42.24,4546013.0
2022-01-20,40.06,39.31,39.09,40.37,5003234.0
2022-01-23,38.31,39.11,37.08,39.28,7804858.0
2022-01-24,38.56,40.43,37.63,40.565,5242743.0
2022-01-25,40.82,39.87,39.26,41.79,6066100.0
2022-01-26,40.26,39.49,38.97,41.07,4776977.0
2022-01-27,39.39,39.77,38.58,40.0826,3942059.0
2022-01-30,39.5,39.95,38.7,40.03,4131081.0
2022-01-31,40.25,43.59,40.13,43.7,10038176.0
2022-02-01,43.25,44.17,42.25,44.49,7441159.0
2022-02-02,43.28,42.94,42.34,43.94,5825058.0
2022-02-03,42.81,43.83,42.61,44.46,6820571.0
2022-02-06,44.11,44.46,43.15,44.82,6761363.0
2022-02-07,44.71,44.93,43.53,45.105,7299912.0
2022-02-08,45.55,44.77,44.73,45.74,7368426.0
2022-02-09,44.16,45.92,44.11,47.55,7677540.0
2022-02-10,45.81,46.87,45.38,47.26,9591444.0
2022-02-13,46.52,44.62,43.92,46.6126,7984704.0
2022-02-14,44.57,45.58,42.91,45.83,6181683.0
2022-02-15,45.63,46.29,45.45,46.55,5581963.0
2022-02-16,46.41,46.02,45.78,47.1,5765211.0
2022-02-17,45.7,45,44.62,46,4823143.0
2022-02-21,45.71,44.19,43.58,45.84,7738893.0
2022-02-22,42.79,45.2,42.35,45.8,9786737.0
2022-02-23,44.13,45.35,44.07,48.11,10706258.0
2022-02-24,46.04,49.53,45.36,49.57,12150259.0
2022-02-27,49.29,52.43,49.1,52.645,15683217.0
2022-02-28,52.65,51.87,50.8151,54.1699,11324055.0
2022-03-01,52.5,53.76,52.37,55.0738,12305136.0
2022-03-02,54.64,55.66,54.4,57.27,13376539.0
2022-03-03,56.29,59.83,56.04,59.95,18003450.0
2022-03-06,59.62,61.14,58.79,64.7116,24638920.0
2022-03-07,60.27,58.19,56.74,62.68,17925223.0
2022-03-08,55.32,57.72,52.9,57.95,15111991.0
2022-03-09,58.96,62.19,58.27,62.72,18388529.0
2022-03-10,60.52,61.92,60.21,63.44,13855194.0
2022-03-13,60.68,58.1,56.55,61.38,11773914.0
2022-03-14,57.52,58.43,55.05,58.58,10955057.0
2022-03-15,58.42,57.57,55.66,59.27,13659217.0
2022-03-16,58.95,61.1,58.35,61.14,11628124.0
2022-03-17,60.92,62.08,60.6,62.39,16045596.0
2022-03-20,64.18,67.2,64.15,67.75,14430112.0
2022-03-21,66.8,65.68,64.23,67.23,10715437.0
2022-03-22,67,67.93,66.53,69.65,8854460.0
2022-03-23,68.19,68.57,67.825,71.38,10348103.0
2022-03-24,68.81,71.34,68.65,71.5,8671115.0
2022-03-27,69.46,67.97,65.56,70,9185169.0
2022-03-28,62.54,64.45,58.95,65.0999,14888901.0
2022-03-29,66.15,65.52,65.04,67.65,6604352.0
2022-03-30,65.88,66.5,65.49,68.3188,7969858.0
2022-03-31,66.37,65.88,65.39,68.88,6542783.0
2022-04-03,67.06,67,65.05,67.4599,5190523.0
2022-04-04,67.92,67.75,67.23,70.08,10554160.0
2022-04-05,68.07,69.19,68.07,72.23,13999308.0
2022-04-06,69.75,71.52,68.835,72.173,9956789.0
2022-04-07,73.24,73.86,71.41,74.75,8347220.0
2022-04-10,73.67,73.91,70.6047,74.32,8307206.0
2022-04-11,74.63,75.48,72.39,75.9,8359968.0
2022-04-12,76.05,75.05,72.42,76.99,9350847.0
2022-04-13,74.625,76.05,74.4,77.05,6263156.0
2022-04-17,75.99,78.15,75.22,79.28,6319491.0
2022-04-18,77.54,77.98,76.36,79.1299,8032173.0
2022-04-19,76.49,75.77,73.42,78.06,9163273.0
2022-04-20,76.12,68.66,68.26,76.33,13000615.0
2022-04-21,68.3,66.77,66.2,71.02,10089876.0
2022-04-24,64.13,63.61,60.71,64.78,14476796.0
2022-04-25,65.35,63.67,61.8,65.65,11203641.0
2022-04-26,64.63,64.85,62.29,65.94,7014152.0
2022-04-27,65.1,65.32,63.35,65.9,5736324.0
2022-04-28,66.49,62.42,62.05,66.85,6945747.0
2022-05-01,62.01,62.4,60.63,63.75,7929407.0
2022-05-02,60.3,67.83,59.17,68.25,14941146.0
2022-05-03,68.34,67.12,64.22,68.74,7789006.0
2022-05-04,68.12,64.73,63.33,68.65,6474438.0
2022-05-05,64.64,64.05,62.18,65.25,5845622.0
2022-05-08,62.1,55.86,55.34,62.27,10565416.0
2022-05-09,58.72,57.64,56,60.49,8552696.0
2022-05-10,58.55,59.46,57.9,62.24,8585016.0
2022-05-11,59.27,58.74,56.3,59.64,6959962.0
2022-05-12,61.09,62.29,61,63.44,5408941.0
2022-05-15,64.04,63.08,62.68,65.46,6249123.0
2022-05-16,64.26,65.64,62.64,66.6,8153322.0
2022-05-17,64.91,61.45,60.41,65.7454,7720267.0
2022-05-18,60.96,61.17,59.6301,62.95,6997903.0
2022-05-19,62.25,57.95,56.19,63.27,11733804.0
2022-05-22,58.17,61,58.105,61.78,9105015.0
2022-05-23,59.88,58.2,57.8605,60.36,12203612.0
2022-05-24,57.14,59.82,56.8789,60.46,8980721.0
2022-05-25,59.18,58.96,58.16,59.98,6654241.0
2022-05-26,58.71,59.85,56.55,59.87,6649537.0
2022-05-30,61.4,62.65,60.52,64.62,13129413.0
2022-05-31,61.8,58.69,57.59,62.238,8540795.0
2022-06-01,59.37,60.1,59.04,61.35,6763151.0
2022-06-02,59.26,59.69,58.64,60.11,3522568.0
2022-06-05,60.39,59.56,58.78,60.74,7728513.0
2022-06-06,59.38,57.18,55.71,59.46,10939886.0
2022-06-07,56.41,56.8,55.945,58.98,7346971.0
2022-06-08,55.81,53.66,53.6,56.19,9060696.0
2022-06-09,53.13,53.36,52.53,55.63,7648765.0
2022-06-12,51.57,51.43,50.62,52.57,7597767.0
2022-06-13,51.83,52.73,51.14,53.67,7439249.0
2022-06-14,53.485,53.61,52.19,54.5,8638782.0
2022-06-15,51.91,50.94,50.18,53.43,10042505.0
2022-06-16,50.68,50.6,49.015,51.41,12381532.0
2022-06-20,51.65,51.58,50.68,52.46,8730341.0
2022-06-21,49.51,50.03,49.0501,50.98,8591862.0
2022-06-22,50.06,45.24,45.15,50.06,12948945.0
2022-06-23,45.89,46.61,45.13,47.76,9921651.0
2022-06-26,47.2,48.74,46.18,49.05,8010257.0
2022-06-27,49.94,49.28,48.92,51.35,8233760.0
2022-06-28,49.73,48.14,47.68,50.15,5585270.0
2022-06-29,47.11,47.23,46.44,48.16,5981221.0
2022-06-30,46.54,46.92,45.41,47.75,6147189.0
2022-07-04,44.94,44.52,43.8099,45.25,8775413.0
2022-07-05,44.03,44.46,42.5,44.65,9094518.0
2022-07-06,46.03,45.13,44.6,46.81,6484954.0
2022-07-07,45.89,45.22,44.52,46.08,4172833.0
2022-07-10,44.48,44.92,44.27,45.5,5832686.0
2022-07-11,44.02,44.87,43.77,45.42,5177189.0
2022-07-12,44.69,46.31,44.67,47.1,6343123.0
2022-07-13,45.03,43.67,43.18,45.65,7072417.0
2022-07-14,44.38,45.02,43.79,45.28,4525925.0
2022-07-17,46.065,45.71,45.26,46.79,5799799.0
2022-07-18,46.08,48.07,45.9,48.34,4841248.0
2022-07-19,47.38,48.03,47.2,48.23,3592143.0
2022-07-20,47.35,48.18,46.39,48.19,3559825.0
2022-07-21,48.34,47.64,47.41,49.41,3494094.0
2022-07-24,48.4,50.51,48,50.57,4921759.0
2022-07-25,50.88,49.66,49.41,51.41,4805967.0
2022-07-26,49.56,51.12,48.28,51.325,4545382.0
2022-07-27,51.58,50.8,50.2,52.28,4692650.0
2022-07-28,51.59,52.66,50.82,52.74,4682034.0
2022-07-31,52.15,51.39,50.55,52.28,6026013.0
2022-08-01,49.25,52.22,48.86,53.68,7208157.0
2022-08-02,53.53,52.93,51.81,54.84,4671001.0
2022-08-03,53.11,51.71,51.45,53.79,4098277.0
2022-08-04,51.22,52.22,51,53.45,3733879.0
2022-08-07,52.79,52.31,51.5497,54.39,6308214.0
2022-08-08,52.83,54.01,52.83,54.58,4168089.0
2022-08-09,54.29,53.99,52.96,54.69,3229838.0
2022-08-10,54.3,54.76,54.3,55.5843,2763048.0
2022-08-11,54.36,54.85,54.07,55.191,2944094.0
2022-08-14,53.16,53.16,52.66,53.83,3998847.0
2022-08-15,53.74,54.39,53.66,54.68,3032613.0
2022-08-16,53.92,54.21,53.64,54.95,2800379.0
2022-08-17,54.94,54.73,54.19,55.21,2728215.0
2022-08-18,54.12,53.52,53.21,54.12,2887073.0
2022-08-21,52.96,55.36,52.92,55.73,4028643.0
2022-08-22,56.29,57.25,56.245,57.71,4342154.0
2022-08-23,57.8,60.69,57.65,60.8,7947121.0
2022-08-24,61.85,61.94,60.63,62.99,6371237.0
2022-08-25,62.5,61.77,61.4409,63.16,5066775.0
2022-08-28,60.72,60.34,59.18,61.545,5070101.0
2022-08-29,59.365,57.34,56.572,59.365,5147146.0
2022-08-30,56.29,53.87,53.79,56.29,9355878.0
2022-08-31,52.76,52.84,51.58,53.16,5076472.0
2022-09-01,54.24,54.84,53.02,55.29,4045077.0
2022-09-05,55.44,54.01,53.91,55.8755,3641739.0
2022-09-06,52.78,53.12,52.0953,53.49,3445069.0
2022-09-07,53.24,54.16,52.59,54.21,3323307.0
2022-09-08,55.37,56.24,54.83,56.39,4008223.0
2022-09-11,56.76,52.44,51.88,57.1025,9943299.0
2022-09-12,51.57,52.61,51.53,54.05,5856815.0
2022-09-13,52.7,53.9,52.45,54.22,5716822.0
2022-09-14,53.15,53.61,52.67,54.09,5081505.0
2022-09-15,52.53,52.2,50.44,52.93,14897217.0
2022-09-18,51.18,54.87,51.02,55.3199,5608561.0
2022-09-19,54.31,54.31,52.94,55.04,6027530.0
2022-09-20,55.18,53.5,53.31,55.37,5145448.0
2022-09-21,54.36,52.52,52.5,55.275,3775952.0
2022-09-22,50.68,48.53,47.8,50.94,7134898.0
2022-09-25,48.05,46.51,46.49,49.32,6770808.0
2022-09-26,47.295,48.44,47.225,48.77,4681304.0
2022-09-27,48.07,49.64,48.04,49.88,3765128.0
2022-09-28,49.18,48.39,47.75,49.19,3663029.0
2022-09-29,48.085,48.33,47.46,49.19,5154891.0
2022-10-02,49.33,49.44,48.39,49.98,5197610.0
2022-10-03,50.4,52.09,50.22,52.11,4722176.0
2022-10-04,51.59,51.09,50.77,52.17,3502972.0
2022-10-05,50.62,51.31,50.28,51.69,3938883.0
2022-10-06,50.9,51.06,49.57,51.62,3243753.0
2022-10-09,51.79,52.69,50.935,53.28,3725068.0
2022-10-10,51.81,49.56,49.12,51.8699,4837310.0
2022-10-11,49.3,50.12,48.19,50.4,3292666.0
2022-10-12,49.69,52,48.9,52.31,3896310.0
2022-10-13,52.065,46.86,46.66,52.065,8389306.0
2022-10-16,47.97,48.25,47.25,48.58,4739522.0
2022-10-17,49.19,50.81,49.06,51.1,5052090.0
2022-10-18,50.68,50.72,50.31,51.76,2406290.0
2022-10-19,51.19,51.53,50.38,52.56,2905450.0
2022-10-20,51,53.1,50.19,53.13,4035731.0
2022-10-23,53.13,52.49,51.62,53.32,3320886.0
2022-10-24,52.22,53.63,52.125,53.7,3206101.0
2022-10-25,54.29,53.34,53.32,54.46,3820684.0
2022-10-26,53.9,53.54,53.45,54.67,3115685.0
2022-10-27,53.49,53.14,51.8,54.5398,2511058.0
2022-10-30,53.91,53.75,53.15,55.16,4023882.0
2022-10-31,54.46,54.45,52.86,54.56,3527621.0
2022-11-01,54.34,51.89,51.86,54.62,3556709.0
2022-11-02,49,48.84,46.14,49.36,8054097.0
2022-11-03,49.68,49.29,48.41,50.555,4090887.0
2022-11-06,49.52,49.92,48.36,50.035,4687971.0
2022-11-07,50.3,52.89,49.96,53.75,5171551.0
2022-11-08,51.92,49.63,49.5,52.39,3375281.0
2022-11-09,51.41,53.5,50.61,54.23,4448413.0
2022-11-10,54.12,52.79,51.8701,55.8,5681790.0
2022-11-13,52.52,53.12,52.48,54.19,3574428.0
2022-11-14,53.465,52.59,49.89,53.52,7873493.0
2022-11-15,51.71,50.17,49.99,51.86,3716256.0
2022-11-16,49.515,49.98,48.41,50.25,2615436.0
2022-11-17,50.04,48.97,48.35,50.04,3161244.0
2022-11-20,48.49,48.66,47.26,49.165,4166281.0
2022-11-21,49.54,50.47,49.22,51.01,4228999.0
2022-11-22,49.85,50.6,49.19,50.68,2329278.0
2022-11-24,50.58,51.77,50.51,51.79,1617919.0
2022-11-27,50.95,50.26,50.02,51.92,3447148.0
2022-11-28,50.97,50.73,50.05,51.39,3815096.0
2022-11-29,51.26,51.3,49.2,51.34,6123400.0
2022-11-30,51.47,49.1,48.89,51.83,3242059.0
2022-12-01,48.87,49.31,48.86,50.37,3391377.0
2022-12-04,49.8,48.19,47.59,50.53,3159472.0
2022-12-05,48.31,47.71,47.465,49.11,2486211.0
2022-12-06,47.11,47.33,46.16,47.45,5514740.0
2022-12-07,47.99,47,46.925,48.74,2247154.0
2022-12-08,47.14,46.81,46.76,47.68,2501350.0
2022-12-11,46.57,47.26,46.35,47.6473,2972183.0
2022-12-12,48.25,47.03,46.98,48.86,3306430.0
2022-12-13,46.97,45.41,45.29,47.45,4400871.0
2022-12-14,44.62,45.3,44.29,45.37,4326099.0
2022-12-15,45.05,45.36,44.12,45.59,11077914.0
2022-12-18,45.46,44.54,44.18,46.06,2834518.0
2022-12-19,44.55,45.34,44.52,45.63,2525928.0
2022-12-20,45.855,45.85,45.41,46.2,2630085.0
2022-12-21,45.33,44.73,43.73,45.445,2977120.0
2022-12-22,45.11,45.14,44.79,45.44,1818183.0
2022-12-26,45.55,44.6,44.44,45.6,2085332.0
2022-12-27,44.71,43.44,43.32,44.71,3678779.0
2022-12-28,43.45,43.41,43.18,43.895,4581349.0
2022-12-29,43.21,43.87,43.12,43.885,3684015.0
2023-01-02,43.75,42.63,42.45,44.54,3839925.0
2023-01-03,42.48,43.27,41.91,43.41,4506991.0
2023-01-04,43.19,44.69,43.04,44.808,5115517.0
2023-01-05,45.33,46.73,45.33,47.04,7146449.0
2023-01-08,46.71,47.2,46.6,47.82,4823918.0
2023-01-09,47.625,44.83,44.805,47.956,4336447.0
2023-01-10,44.89,45.22,44.08,45.46,4702009.0
2023-01-11,45.33,46.98,44.5,46.99,4347065.0
2023-01-12,45.07,46.32,44.66,46.42,4316006.0
2023-01-16,47.15,47.25,47,48.46,4214920.0
2023-01-17,47.71,47.06,47.04,48.78,3567782.0
2023-01-18,46.63,46.72,45.61,47.035,2971205.0
2023-01-19,46.11,48.01,45.79,48.02,3716845.0
2023-01-22,47.93,48.35,47.68,48.57,3380889.0
2023-01-23,47.75,48.46,40.29,50.4,3341283.0
2023-01-24,47.78,48.1,47.43,48.33,2916840.0
2023-01-25,48.66,49.18,48.25,49.3,3111149.0
2023-01-26,48.98,49.51,48.715,49.68,2864272.0
2023-01-29,48.75,48.5,48.1807,49.09,3356201.0
2023-01-30,48.59,49.54,48.59,49.69,4152968.0
2023-01-31,49.3,49.86,48.72,50.14,3248480.0
2023-02-01,50,50.85,49.69,51.07,3930875.0
2023-02-02,50.35,50.44,50.15,51.0604,3870651.0
2023-02-05,50.13,50.14,49.47,50.715,3531757.0
2023-02-06,50.23,50.05,49.155,50.62,3537836.0
2023-02-07,49.8,50.01,49.35,50.08,5248994.0
2023-02-08,50.52,50,49.585,50.7,3235264.0
2023-02-09,49.99,51.3,49.89,51.805,3436439.0
2023-02-12,50.8,50.23,49.6235,50.92,3429361.0
2023-02-13,49.9,49.97,48.97,50.27,4185877.0
2023-02-14,49.32,49.62,48.83,49.83,3330396.0
2023-02-15,49.07,50.4,49,51.549,3267617.0
2023-02-16,49.98,49.85,49.22,50.16,3841336.0
2023-02-20,48.14,48.86,48.04,49.77,4720800.0
2023-02-21,48.97,50.2,48.97,50.45,4325647.0
2023-02-22,49.8,51.5,49.8,52.53,8360039.0
2023-02-23,51.22,51.51,50.39,51.66,5587724.0
2023-02-26,51.75,53.01,51.75,53.54,5066228.0
2023-02-27,53.28,53.19,52.885,54.05,5676441.0
2023-02-28,53.07,54.26,52.83,54.52,3646200.0
2023-03-01,54.05,57,53.28,57.2488,6905076.0
2023-03-02,57.08,57.14,56.1801,57.4597,4340738.0
2023-03-05,56.7,56.22,55.91,56.93,3887228.0
2023-03-06,55.66,54.15,54.09,56.1799,4547666.0
2023-03-07,54.22,54.34,53.8579,55.09,4901441.0
2023-03-08,54.62,52.54,52.365,55.21,4695294.0
2023-03-09,52.04,49.08,48.92,52.105,6460268.0
2023-03-12,47.9,47.58,46.68,48.48,6363711.0
2023-03-13,48.73,46.58,45.9785,49.33,5482654.0
2023-03-14,44.86,44.74,43,45,6977374.0
2023-03-15,44,44.55,43.49,44.9363,4489333.0
2023-03-16,44.21,43.09,43.04,44.59,5720346.0
2023-03-19,43.19,43.61,42.89,44.12,3894430.0
2023-03-20,44.71,45.37,44.71,45.76,3835772.0
2023-03-21,45.46,43.97,43.95,45.74,3306904.0
2023-03-22,44.22,42.98,42.53,44.76,3217888.0
2023-03-23,42.345,42.39,41.16,42.54,7238730.0
2023-03-26,43.25,43.28,42.051,43.74,3988753.0
2023-03-27,43.42,43.65,43.05,44.085,2764424.0
2023-03-28,44.24,45.19,44.19,46.1156,4400976.0
2023-03-29,45.9,45.26,45.06,46.25,2291090.0
2023-03-30,45.41,45.88,44.8,46.04,3594625.0
2023-04-02,46.7,46.56,45.76,47.3,3500064.0
2023-04-03,46.5,46.19,44.79,46.5,4391381.0
2023-04-04,45.88,46.29,45.21,46.34,4479216.0
2023-04-05,44.61,43.67,43.26,44.63,6379738.0
2023-04-09,44.1,44.91,43.88,45.94,3926993.0
2023-04-10,45.25,46.9,45.16,47.0782,4961515.0
2023-04-11,47.1,46.76,46.1,47.1,2551308.0
2023-04-12,46.58,46.75,46.15,47.08,2316621.0
2023-04-13,47.71,46.99,46.93,48.92,2851153.0
2023-04-16,47.04,47.46,47.04,47.58,2052809.0
2023-04-17,47.25,46.24,45.83,47.42,3119423.0
2023-04-18,45.97,45.44,44.885,45.97,5942231.0
2023-04-19,44.9,44.82,44.59,45.33,3437413.0
2023-04-20,44.47,44.05,43.02,44.47,6752777.0
2023-04-23,43.93,44.43,43.67,44.44,4716195.0
2023-04-24,43.53,42.67,42.3,43.7,3728620.0
2023-04-25,42.74,42.18,41.84,42.9,3156823.0
2023-04-26,42.57,42.08,41.84,42.64,3690098.0
2023-04-27,41.89,42.85,41.49,42.98,4501358.0
2023-04-30,43.01,43.59,42.65,43.84,3140429.0
2023-05-01,43.25,43.33,41.8,43.99,3471163.0
2023-05-02,43.85,42.87,42.84,43.85,3887527.0
2023-05-03,42.08,38.59,38.3,42.3763,7578468.0
2023-05-04,39.01,39.11,37.7,39.27,3616006.0
2023-05-07,39.78,37.82,37.79,40.2,4325197.0
2023-05-08,37.3,37.17,36.77,37.58,4847782.0
2023-05-09,37.69,36.9,36.2,38.09,4202553.0
2023-05-10,35.3,35.95,34.7,36.17,5997478.0
2023-05-11,35.77,35.35,34.8088,35.96,5842461.0
2023-05-14,35.71,36.6,35.52,36.6,4315711.0
2023-05-15,36.14,35.26,35.19,36.4048,3571230.0
2023-05-16,35.2,35.23,34.46,35.31,7285179.0
2023-05-17,35.18,35.79,34.92,35.85,3845009.0
2023-05-18,36.05,35.76,35.47,36.34,3193202.0
2023-05-21,35.9,35.98,35.23,36.35,2540947.0
2023-05-22,35.93,35.68,35.3001,36.11,2870209.0
2023-05-23,35.67,35.16,34.94,35.79,3101834.0
2023-05-24,34.68,34.17,34.015,35.02,3992152.0
2023-05-25,34.76,33.89,33.76,34.92,3627718.0
2023-05-29,33.5,33.35,32.6,33.6697,4122490.0
