date,price,c_open,c_high,c_low,p_price,p_volume
2014-01-01,61.57,0.014942342049699464,0.014942342049699464,-0.011856423582913722,,
2014-01-02,61.59,-0.0006494560805326843,0.004546192563727791,-0.0113654814093197,-0.00032472804026628665,-0.2108071934288991
2014-01-05,61.16,0.008502289077828795,0.012262916939175916,-0.0004905166775669434,0.007030739045127632,0.7677469426506822
2014-01-06,61.15,0.005560098119378631,0.009321340964840497,-0.008013082583810283,0.00016353229762877675,-0.3148387163390054
2014-01-07,60.93,0.003774823568028829,0.005251928442475018,-0.006400787789266338,0.00361070080420145,0.15706409084663964
2014-01-08,60.99,0.005246761764223562,0.005246761764223562,-0.011149368748975208,-0.000983767830792015,0.8101535467128027
2014-01-09,60.87,0.0021356990307213053,0.0027928371940200147,-0.01026778380154425,0.0019714144898965724,-0.4073656351530609
2014-01-12,59.52,0.017305107526881525,0.0210013440860215,-0.005376344086021501,0.022681451612903025,0.1561754463954952
2014-01-13,60.0,0.0006666666666665932,0.009166666666666545,-0.006666666666666599,-0.007999999999999896,0.06836693500510549
2014-01-14,60.2,-0.0033222591362126463,0.005149501661129596,-0.005813953488372103,-0.0033222591362126463,0.16264494754279402
2014-01-15,60.0,0.00316666666666654,0.004833333333333245,-0.0033333333333334103,0.0033333333333334103,-0.24175709151809077
2014-01-16,60.0,-0.0006666666666667043,0.0038333333333333552,-0.0011666666666666492,0.0,-0.5380997966162882
2014-01-20,59.95,0.008673894912426983,0.011009174311926495,-0.004503753127606425,0.0008340283569641116,1.3978158885222083
2014-01-21,60.0,-0.0001666666666666483,0.0,-0.01016500000000009,-0.0008333333333332416,-0.17675765095119933
2014-01-22,57.71,0.03725524172587069,0.03725524172587069,-0.018367700571824686,0.03968116444290426,-0.5018067706352225
2014-01-23,56.7,0.014462081128747695,0.025396825396825307,-0.002116402116402183,0.01781305114638454,0.2292657837212293
2014-01-26,55.46,0.025604038946988927,0.025604038946988927,-0.0005409304002884641,0.02235845654525792,0.47988121323953403
2014-01-27,55.24,0.005792903692976026,0.008870383779869595,-0.003439536567704682,0.003982621288921129,-0.3780372775950679
2014-01-28,53.92,0.015207715133531252,0.027448071216617187,-0.0018545994065282123,0.02448071216617209,0.7385071983938447
2014-01-29,54.53,-0.004951402897487633,0.010086191087474772,-0.011003117549972519,-0.011186502842472024,-0.01797107483559679
2014-01-30,54.36,-0.008278145695364336,0.008094186902133815,-0.008278145695364336,0.0031272994849154134,-0.0821531337109972
2014-02-02,52.14,0.04046797084771758,0.042769466820099744,-0.0009589566551591044,0.04257767548906788,-0.5189878892733564
2014-02-03,52.2,0.0005747126436781436,0.009195402298850519,-0.009578544061302652,-0.0011494252873563982,0.34691707750453316
2014-02-04,51.54,0.0034924330616996624,0.010089251067132432,-0.015327900659681815,0.012805587892898762,0.024466303346351692
2014-02-05,51.44,0.0027216174183515296,0.009681181959564578,-0.011080870917573926,0.0019440124416796323,0.2696269494342911
2014-02-06,51.0,0.010588235294117565,0.022156862745098094,-0.001372549019607816,0.008627450980392082,-0.18202913147904243
2014-02-09,51.71,-0.014697350609166437,0.0003867723844517279,-0.028040997872751938,-0.013730419648037118,0.207808128164098
2014-02-10,52.59,-0.017493820117893133,0.007415858528237118,-0.017493820117893133,-0.016733219243202146,0.1328033073620607
2014-02-11,52.77,-0.0051165434906197405,0.004358537047564948,-0.007959067652075102,-0.0034110289937464566,0.11020230431558997
2014-02-12,53.48,-0.013275991024682021,0.007105459985041085,-0.0252430815258039,-0.013275991024682021,-0.22758551728526366
2014-02-13,53.41,0.000936154278225132,0.005242463958060384,-0.01254446732821557,0.001310615989515096,0.6958200695241985
2014-02-17,52.97,0.008117802529733709,0.016046818954124964,-0.006041155370964724,0.008306588635076384,-0.4063972694246941
2014-02-18,52.77,-0.0022740193291643784,0.00814856926283869,-0.0041690354368013605,0.003790032215273742,0.32664432952145095
2014-02-19,53.13,-0.008281573498964856,0.0035761340109166095,-0.008281573498964856,-0.006775832862789377,-0.14738182232204777
2014-02-20,52.96,0.0045317220543807935,0.006797583081570968,-0.000944108761329332,0.0032099697885197287,0.11391923442769425
2014-02-23,53.43,-0.008235073928504533,0.005989144675276004,-0.008235073928504533,-0.008796556241811748,-0.09598086323886557
2014-02-24,53.1,0.006591337099811634,0.007156308851224091,-0.0037664783427495685,0.006214689265536588,0.6164473573366132
2014-02-25,52.82,0.005111700113593409,0.010223400227186596,-0.005111700113593409,0.005301022340022721,-0.4046750954126692
2014-02-26,53.15,-0.010348071495766664,0.005644402634054746,-0.01279397930385695,-0.006208842897459932,-0.24103713797421622
2014-02-27,53.73,-0.008375209380234394,0.00688628326819285,-0.008933556672250043,-0.010794714312302167,0.5901211703041969
2014-03-02,53.07,-0.00037686074995291197,0.017712455247785863,-0.00414546824948181,0.012436404748445318,-0.10155629751275164
2014-03-03,53.96,0.000741289844329085,0.015567086730911672,-0.001482579688658281,-0.01649369903632325,-0.4701262029620239
2014-03-04,53.63,0.004475107216110219,0.012306544844303602,-0.004288644415439191,0.006153272422151801,1.303490479003365
2014-03-05,53.41,0.007114772514510426,0.008797977906759069,-0.002808462834675174,0.00411907882419027,-0.0974402904159154
2014-03-06,53.65,-0.0016775396085739747,0.003914259086672978,-0.006896551724137834,-0.004473438956197562,0.0585143147014997
2014-03-09,53.12,0.00790662650602414,0.032567771084337505,-0.009412650602409589,0.009977409638554313,-0.43516817271773267
2014-03-10,53.88,-0.016518188567186343,0.006304751299183398,-0.02171492204899783,-0.014105419450631151,0.41681974566896374
2014-03-11,53.72,-0.0016753536857780915,0.0070737155621742875,-0.008376768428890458,0.0029784065524944836,-0.015546163914116451
2014-03-12,52.66,0.022218002278769466,0.026015951386251457,-0.0032282567413595142,0.02012913026965446,0.33248573843931606
2014-03-13,52.72,-0.006069802731411222,0.014605462822458337,-0.00834597875569043,-0.0011380880121396597,0.13777094472803286
2014-03-16,53.29,-0.003940701820228987,0.009007318446237589,-0.003940701820228987,-0.010696190654907123,0.0059501588486710055
2014-03-17,55.0,-0.029272727272727228,0.0,-0.029272727272727228,-0.031090909090909058,-0.25060234085069943
2014-03-18,54.54,0.00458379171250467,0.012797946461312826,-0.008434176751008438,0.008434176751008549,-0.32219853023695
2014-03-19,54.79,-0.006753057127212969,0.0034677860923526538,-0.006753057127212969,-0.004562876437306129,0.7963906596500496
2014-03-20,54.75,0.009315068493150669,0.018630136986301338,-0.0005479452054795164,0.0007305936073058739,-0.5209807558466728
2014-03-23,54.77,0.003834215811575614,0.003834215811575614,-0.007485849917838294,-0.0003651634106263124,0.6169100385518296
2014-03-24,54.8,0.005109489051094984,0.008576642335766493,-0.006934306569343018,-0.0005474452554743436,0.43738100766194576
2014-03-25,54.31,0.017123918247099912,0.017123918247099912,-0.00478733198306025,0.009022279506536446,-0.41360405907073416
2014-03-26,54.31,0.00018412815319468478,0.009942920272509648,-0.006775916037562224,0.0,0.035898641342673177
2014-03-27,54.31,0.00018412815319468478,0.016387405634321395,-0.002577794144724699,0.0,0.23956154101666072
2014-03-30,55.32,-0.013557483731019504,0.005422993492407713,-0.01916124367317429,-0.018257411424439596,-0.1738035628310063
2014-03-31,56.28,-0.014214641080312784,0.0019545131485430023,-0.01812366737739879,-0.017057569296375252,-0.05917205328791508
2014-04-01,55.99,0.005000893016610108,0.00767994284693696,-0.008572959457045948,0.005179496338631795,0.8873633184860945
2014-04-02,55.07,0.014345378609043058,0.02651171236607963,-0.003540947884510648,0.01670601053205023,0.15066943425181756
2014-04-03,53.8,0.031040892193308522,0.031040892193308522,-0.0013011152416356753,0.023605947955390505,-0.5324471632592047
2014-04-06,53.48,0.0033657442034404905,0.017864622288706222,-0.00991024682124142,0.005983545250560995,-0.09636325852036576
2014-04-07,53.6,-0.0024253731343284457,0.007276119402985115,-0.010634328358208989,-0.00223880597014936,0.4412968077012933
2014-04-08,54.01,-0.006109979633401208,0.002221810775782318,-0.010923902980929379,-0.007591186817256013,0.06303730402333252
2014-04-09,53.53,0.00485708948253305,0.007098823089856099,-0.009527367831122735,0.008966934429291973,-0.4871990804237366
2014-04-10,51.42,0.030532866588875995,0.03578374173473353,-0.004072345390898513,0.04103461688059129,0.7088043927100656
2014-04-13,51.65,0.007938044530493737,0.013939980638915772,-0.008325266214908034,-0.004453049370764739,0.09486919439387087
2014-04-14,51.56,0.002521334367726835,0.005624515128006102,-0.02075252133436778,0.001745539177657074,-0.13103170010458753
2014-04-15,52.22,-0.008042895442359255,0.005553427805438549,-0.014745308310991856,-0.012638835695135908,0.1565700601743829
2014-04-16,53.39,-0.02472373103577452,0.005244427795467299,-0.02491103202846967,-0.02191421614534561,-0.06819469158194058
2014-04-20,53.45,0.00037418147801671076,0.003367633302151507,-0.008231992516370523,-0.0011225444340505764,0.8127968967162444
2014-04-21,54.18,-0.013473606496862245,0.0025839793281654533,-0.015503875968992165,-0.013473606496862245,-0.15179294084526873
2014-04-22,54.35,-0.007911683532658698,0.003495860165593445,-0.012548298068077335,-0.0031278748850046556,-0.11369289429157348
2014-04-23,54.25,0.012165898617511495,0.016958525345622144,-0.01327188940092161,0.0018433179723502668,-0.16979116767436142
2014-04-24,57.41,-0.05556523253788537,0.032990768158857486,-0.05556523253788537,-0.05504267549207453,-0.55720976627665
2014-04-27,58.26,-0.007037418468932355,0.007552351527634782,-0.019557157569515926,-0.014589769996567137,0.47072040739757104
2014-04-28,57.34,0.02214858737356118,0.026857342169515075,-0.0024415765608650775,0.01604464597139854,-0.1303488679023932
2014-04-29,57.2,-0.002447552447552459,0.00839160839160824,-0.011363636363636465,0.002447552447552459,0.2509940790952161
2014-04-30,56.56,0.013083451202263063,0.017149929278642118,-0.007425742574257432,0.011315417256011262,-0.021649780585643374
2014-05-01,56.9,-0.004920913884007061,0.01493848857644986,-0.006326889279437586,-0.0059753954305798995,0.42084996238540295
2014-05-04,56.43,-0.00017721070352649804,0.007088428141059699,-0.009569377990430561,0.008328903065745186,-0.035148368682643594
2014-05-05,55.59,0.00935420039575452,0.01385141212448282,-0.0035977693829826185,0.015110631408526753,0.054992407231949425
2014-05-06,56.36,-0.009403832505322951,0.0012420156139105742,-0.02129169623846705,-0.013662171753016206,-0.18480428721822806
2014-05-07,55.98,0.005894962486602484,0.018220793140407254,-0.0028581636298677937,0.0067881386209360794,0.09723987810187196
2014-05-08,56.8,-0.02042253521126758,0.0012323943661971537,-0.023063380281690082,-0.014436619718309895,0.009427771202231261
2014-05-11,58.27,-0.02230993650248847,0.0075510554316113865,-0.02230993650248847,-0.02522738973742933,-0.17149611880015336
2014-05-12,56.44,0.03206945428773933,0.03206945428773933,-0.001665485471296968,0.03242381289865359,0.04841180572167292
2014-05-13,54.95,0.025113739763421128,0.025113739763421128,-0.003161055505004673,0.027115559599635963,0.11263314664960267
2014-05-14,54.27,0.010503040353786686,0.01068730421964248,-0.011240095817210416,0.012529942878201528,-0.1202210021821225
2014-05-15,55.59,-0.026083828026623568,0.0016189962223420729,-0.0368771361755712,-0.023745277927684882,0.12429774100856439
2014-05-18,57.13,-0.03238228601435322,0.0026255907579204596,-0.03255732539821454,-0.026956065114650762,-0.11436366793164177
2014-05-19,56.15,0.012466607301869992,0.012466607301869992,-0.011219946571682904,0.017453250222618122,-0.1685536458913347
2014-05-20,56.58,-0.005655708731000408,0.007246376811594235,-0.009897490279250576,-0.00759985860728174,1.0109400660219299
2014-05-21,56.58,0.0,0.0028278543655002597,-0.004330151997172127,0.0,-0.04438596769335634
2014-05-22,57.16,-0.012771168649405085,0.006473058082575367,-0.023268019594121725,-0.010146955913226008,-0.4292086845188815
2014-05-26,57.82,-0.004323763403666581,0.0013836042891732792,-0.01003113109650633,-0.01141473538567972,0.024139704485536928
2014-05-27,59.01,-0.017285205897305422,0.00420267751228609,-0.01796305710896451,-0.0201660735468564,-0.3353442966247844
2014-05-28,59.5,-0.006890756302521006,0.006386554621848672,-0.006890756302521006,-0.008235294117647118,0.2643825855362296
2014-05-29,58.9,0.012733446519524572,0.013921901528013647,-0.0039049235993208198,0.01018675721561979,0.42380915421120324
2014-06-01,58.48,0.008378932968536201,0.01248290013679898,-0.0003419972640218427,0.007181942544459696,-0.02013233233015721
2014-06-02,58.03,0.004825090470446325,0.00965018094089265,-0.0053420644494227565,0.007754609684645697,-0.2909287007434228
2014-06-03,57.54,0.0033020507473062732,0.0076120959332639515,-0.002954466458116145,0.008515815085158085,0.19345006872646864
2014-06-04,58.12,-0.010667584308327593,0.0003441156228494169,-0.013076393668272512,-0.009979353062628982,-0.26201065955577263
2014-06-05,58.6,-0.0006825938566552558,0.008532423208191142,-0.010068259385665579,-0.008191126279863514,-0.3315743522875446
2014-06-08,59.49,-0.016809547823163573,0.00302571860816947,-0.018322407127248308,-0.014960497562615527,0.3765412829717496
2014-06-09,59.6,-0.0038590604026845776,0.002852348993288567,-0.010738255033557076,-0.0018456375838925565,0.5710593554904932
2014-06-10,59.64,-0.004862508383635111,0.006036217303822866,-0.00905432595573441,-0.0006706908115358123,-0.023157884651314298
2014-06-11,59.3,0.0026981450252951955,0.008768971332209219,-0.007925801011804401,0.005733558178752096,-0.17250004955303166
2014-06-12,59.54,-0.0005038629492778446,0.008901578770574403,-0.003527040644944579,-0.004030903594222424,0.7738453532853284
2014-06-15,59.8,-0.006688963210702337,0.0026337792642141533,-0.012709030100334417,-0.004347826086956497,-0.42390925663358314
2014-06-16,59.87,-0.0015032570569566417,0.021379655921162533,-0.002271588441623451,-0.001169199933188536,-0.455380229982438
2014-06-17,60.3,-0.007794361525704785,0.0011608623548922115,-0.015257048092868875,-0.007131011608623505,0.8470905141674172
2014-06-18,60.54,-0.0029732408325073845,0.005450941526263575,-0.010736703006276826,-0.003964321110009994,0.1530260313880274
2014-06-19,61.43,-0.01644147810516028,0.0016278691193227779,-0.020999511639264168,-0.014488035161972945,-0.4826102388812984
2014-06-22,61.17,0.00555828020271365,0.012751348700343224,-0.0021252247833906113,0.0042504495667810005,0.8730629994763326
2014-06-23,61.64,-0.008436080467229101,0.004866969500324503,-0.01606099935107075,-0.007624918883841647,-0.16807464428045393
2014-06-24,62.05,-0.01208702659145855,0.0011281224818695534,-0.013698630136986245,-0.0066075745366639405,0.25937234621146343
2014-06-25,62.11,-0.002093060698760252,0.006440186765416245,-0.009982289486395013,-0.0009660280148124922,0.08735980411483357
2014-06-26,62.92,-0.020184361093452008,0.0038143674507309377,-0.020184361093452008,-0.012873490146217414,-0.5645025009375693
2014-06-29,63.76,-0.013017565872020076,0.0017252195734003273,-0.02289680050188203,-0.013174404015056429,0.5702756108030638
2014-06-30,64.88,-0.013563501849568338,0.011251541307028434,-0.01730117139334153,-0.01726263871763256,-0.4055947889934567
2014-07-01,64.86,0.00046253469010171244,0.011717545482577973,-0.0023126734505088953,0.0003083564600678823,0.6826942865455992
2014-07-02,64.87,0.003545552643748895,0.008940958840758517,-0.0012332357021735962,-0.0001541544627717828,0.4257470822435485
2014-07-06,63.93,0.013295792272798312,0.013295792272798312,-0.0010949475989363577,0.014703582042859376,-0.21148767781208366
2014-07-07,62.99,0.014605492935386488,0.014605492935386488,-0.0020638196539133347,0.014923003651373223,-0.3935099276864753
2014-07-08,63.42,-0.0031535793125198053,0.0012614317250079221,-0.011510564490696984,-0.0067801955219173315,0.4626550363594544
2014-07-09,63.23,-0.013284833148821673,0.0050608888185987855,-0.014075597026727671,0.003004902736043036,0.29263104930930384
2014-07-10,63.29,-0.0022120398167166933,0.005214093853689317,-0.004345078211407838,-0.0009480170643071384,0.5890506545330318
2014-07-13,63.41,0.0055196341271093186,0.011985491247437308,-0.002680965147452974,-0.001892445986437452,-0.3654163706976873
2014-07-14,63.18,0.002057613168724215,0.005381449825894391,-0.009338398227287104,0.003640392529281389,-0.2931068774719022
2014-07-15,62.94,0.009532888465205058,0.0175564029234192,-0.0023832221163012646,0.0038131553860820677,-0.16398988164357875
2014-07-16,62.02,0.01160915833602072,0.017897452434698424,-0.000967429861335134,0.014833924540470722,0.6244155154091393
2014-07-17,62.49,-0.008641382621219384,0.0021203392542807897,-0.008801408225316165,-0.007521203392542808,-0.20026346262124062
2014-07-20,62.32,-0.00224646983311938,0.005295250320924261,-0.007381258023106518,0.002727856225930747,0.22810000739313652
2014-07-21,63.03,-0.0049182928764081035,0.011581786450896248,-0.0049182928764081035,-0.011264477233063674,-0.25839431595718265
2014-07-22,63.04,-0.00015862944162436943,0.0035691624365481456,-0.009359137055837463,-0.00015862944162436943,0.2633378152630077
2014-07-23,62.8,0.006528662420382192,0.010350318471337605,-0.003025477707006341,0.003821656050955413,0.17529594299505802
2014-07-24,58.51,0.02683301999658183,0.03948043069560758,-0.0011963766877456372,0.07332079986327122,-0.43911106097354613
2014-07-27,58.15,0.006190885640584787,0.006190885640584787,-0.00825451418744616,0.006190885640584787,0.5429171743292638
2014-07-28,58.56,-0.006147540983606592,0.01349043715846987,-0.006147540983606592,-0.007001366120218622,-0.0709935243433869
2014-07-29,58.85,0.003058623619371259,0.004078164825828345,-0.007306711979609193,-0.004927782497875954,0.5134098947135357
2014-07-30,57.15,0.015748031496062964,0.02904636920384962,-0.0003499562554679647,0.02974628171478577,-0.19894422896509234
2014-07-31,55.78,0.026891358910003493,0.02787737540337032,-0.007708856220867699,0.02456077447113647,-0.49841037214616146
2014-08-03,56.13,-0.002316052022091619,0.0005344735435595105,-0.014608943523962248,-0.006235524674861992,0.456934306569343
2014-08-04,54.93,0.016748589113417145,0.022756235208447162,-0.010012743491716658,0.021845985800109213,-0.08409585784397955
2014-08-05,55.55,-0.014221422142214224,0.0036003600360037247,-0.01998199819981994,-0.01116111611161108,0.44888379924681354
2014-08-06,54.89,0.013299325924576388,0.01603206412825653,-0.0012752778283839916,0.012024048096192397,0.2559577951609968
2014-08-07,54.9,-0.0005464480874317612,0.00819672131147553,-0.005464480874316835,-0.00018214936247717972,-0.7290779464606125
2014-08-10,56.05,-0.015165031222122982,0.0032114183764495596,-0.019446922390722543,-0.020517395182872433,1.7170919103954203
2014-08-11,55.46,0.008294266137756967,0.014244500540930405,-0.0032455824017310064,0.010638297872340274,0.3696002292592062
2014-08-12,55.92,-0.00447067238912735,0.003397711015736826,-0.005722460658083017,-0.00822603719599424,0.8596186436161708
2014-08-13,55.66,0.004491555874954978,0.009701760689903027,-0.0023356090549765396,0.004671218109953301,0.05196887473651168
2014-08-14,55.43,0.011365686451380252,0.013169763665884737,-0.011906909615731487,0.004149377593360981,-0.4697250761035008
2014-08-17,56.22,-0.003913198150124475,0.008004268943436532,-0.004268943436499528,-0.014051938811810771,0.7908197489325908
2014-08-18,56.06,0.0017838030681411876,0.006778451658936868,-0.0028540849090260556,0.0028540849090259446,-0.2989497570333436
2014-08-19,55.66,0.004850880344951625,0.007006827164929952,-0.014911965504850855,0.007186489399928275,-0.6444408467450847
2014-08-20,58.45,-0.044482463644140324,0.0014542343883661157,-0.044653550042771606,-0.04773310521813523,-0.13909820820633279
2014-08-21,57.1,0.02241681260945705,0.025919439579684678,-0.00035026269702287394,0.023642732049036885,0.7110742741866121
2014-08-24,57.18,0.00594613501224206,0.006470793983910372,-0.0045470444211261896,-0.0013990905911157592,0.7465244585256603
2014-08-25,57.34,-0.0029647715381933004,0.003836763167073487,-0.019009417509591953,-0.002790373212417263,-0.012780758756437582
2014-08-26,56.97,0.00438827453045465,0.005792522380200005,-0.005265929436545469,0.006494646305073015,-0.3057826487779083
2014-08-27,57.55,-0.011120764552562945,0.005212858384014085,-0.014422241529105095,-0.010078192875760172,0.06272161687694888
2014-08-28,58.17,-0.008595495960116883,0.0013752793536185859,-0.013065153859377787,-0.010658414990544984,-0.4111750787719771
2014-09-01,59.41,-0.018683723278909214,0.0005049654940245674,-0.021292711664702813,-0.020871907086349006,0.12894769031396391
2014-09-02,59.46,0.0036999663639420977,0.005045408678102881,-0.004036326942482349,-0.0008409014463505171,0.15040313379478198
2014-09-03,59.26,0.003206209922375969,0.01333108336145794,-0.0015187310158621958,0.003374957813027324,1.2135977909482758
2014-09-04,60.04,-0.015489673550965977,0.0,-0.017904730179880035,-0.012991339107261801,-0.15298882621809906
2014-09-07,59.94,-0.003336670003336595,0.0030030030030030463,-0.009342676009342576,0.0016683350016684084,-0.2027390407103996
2014-09-08,59.52,0.0033602150537632713,0.006048387096774244,-0.007728494623655879,0.007056451612903025,-0.218096148289734
2014-09-09,61.27,-0.03052064631956919,0.0035906642728904536,-0.03052064631956919,-0.02856210217071975,-0.19377786378818507
2014-09-10,60.83,-0.0004931777083676536,0.005918132500410955,-0.006246917639322613,0.007233273056058032,0.3452056115316011
2014-09-11,60.21,0.00996512207274547,0.00996512207274547,-0.011625975751536344,0.010297292808503444,0.8267401719036211
2014-09-14,59.64,0.012072434607645954,0.014922870556673296,-0.0033534540576795058,0.009557344064386353,0.12623978417837023
2014-09-15,59.49,0.0021852412170111357,0.010085728693898233,-0.008572869389813498,0.002521432173474558,-0.4079624192601292
2014-09-16,59.21,0.007431177166019154,0.007431177166019154,-0.003800033778078027,0.004728930923830532,0.4810885087360741
2014-09-17,58.98,0.004916920990166274,0.010003390979993254,-0.0022041369955916323,0.003899626992200922,-0.25004565614401253
2014-09-18,57.97,0.017595307917888547,0.02346041055718473,-0.0013800241504225985,0.017422804899085653,-0.6268841958736293
2014-09-21,57.23,0.010658745413244963,0.010658745413244963,-0.0033199370959287045,0.012930281320985504,1.8560963064904015
2014-09-22,56.07,0.016586409844836725,0.02033172819689666,-0.0012484394506866447,0.020688425182807224,0.09634991998780773
2014-09-23,56.32,-0.004794034090909172,0.0035511363636364646,-0.011186079545454586,-0.004438920454545414,0.008329107310251604
2014-09-24,55.11,0.01705679549990924,0.018326982398838565,-0.0039012883324259784,0.02195608782435121,-0.22076662395669933
2014-09-25,55.65,-0.009164420485175184,0.002515723270440251,-0.012039532794249852,-0.009703504043126698,0.6852971151226501
2014-09-28,55.46,-0.005950234403173438,0.005228993869455412,-0.005950234403173438,0.0034258925351604574,-0.14913327552308264
2014-09-29,55.1,0.00508166969147017,0.008620689655172376,-0.0029038112522686843,0.006533575317604345,-0.587086458968505
2014-09-30,55.14,0.003083061298512879,0.013420384475879565,-0.005259339862168977,-0.0007254261878854029,-0.21266761195529604
2014-10-01,55.26,-0.0021715526601520097,0.008505247918928704,-0.009229098805646041,-0.0021715526601520097,0.9870329389971326
2014-10-02,55.55,0.0037803780378038443,0.004320432043204425,-0.005490549054905536,-0.005220522052205245,-0.12864688797282076
2014-10-05,55.0,0.011636363636363667,0.01204545454545447,0.0,0.010000000000000009,0.827150791618469
2014-10-06,53.99,0.010557510650120339,0.015743656232635628,0.0,0.018707167994072904,-0.308145324365107
2014-10-07,55.36,-0.023663294797687917,0.0010838150289018689,-0.026282514450867045,-0.024747109826589564,0.042505493105754244
2014-10-08,54.25,0.016958525345622144,0.01880184331797241,-0.0074654377880184475,0.020460829493087473,-0.2064057658969033
2014-10-09,53.9,0.0022263450834880683,0.01910946196660479,-0.003525046382189201,0.006493506493506551,0.2431856738925542
2014-10-12,53.89,0.0007422527370568588,0.017442939320838624,-0.009834848766004822,0.0001855631842642147,-0.13850967315874374
2014-10-13,54.32,0.0007363770250368162,0.019698085419734834,-0.003681885125184192,-0.007916053019145775,0.07202627577962706
2014-10-14,54.86,-0.025154939846882995,0.007655851257746926,-0.032263944586219395,-0.009843237331388921,-0.0913568008773965
2014-10-15,54.58,-0.010809820447050145,0.0014657383657017409,-0.02070355441553673,0.005130084279955982,-0.3197926940803042
2014-10-16,54.61,0.00860648232924377,0.03534151254349016,-0.007324665812122322,-0.0005493499359091603,0.045139500624126194
2014-10-19,56.13,-0.03135578122216287,0.0003563156957062663,-0.03135578122216287,-0.02707999287368612,1.477599048981184
2014-10-20,57.23,-0.012755547789620736,0.0029704700331993905,-0.013454481915079475,-0.019220688450113488,0.02449096098953385
2014-10-21,56.3,0.022024866785079977,0.022735346358792263,-0.00035523978685603197,0.016518650088809927,0.5581450512957362
2014-10-22,57.02,-0.0022799017888460726,0.0019291476674849761,-0.013328656611715228,-0.01262714836899348,-0.4681364432038605
2014-10-23,56.92,0.0017568517217148027,0.0054462403373154444,-0.005971539002108228,0.0017568517217148027,0.08947992371527236
2014-10-26,57.99,-0.019486118296258015,0.0008622176237282897,-0.027071908949819035,-0.018451457147784067,0.45983772056333794
2014-10-27,59.39,-0.019700286243475307,0.00016837851490136835,-0.019700286243475307,-0.023572992086209776,-0.4742807036050529
2014-10-28,60.15,-0.01263507896924354,0.004156275976724855,-0.016458852867830442,-0.01263507896924354,0.10764961478073531
2014-10-29,61.38,-0.02541544477028357,0.004969045291626006,-0.02541544477028357,-0.020039100684262068,-0.10154712227383667
2014-10-30,62.3,0.0035313001605137284,0.007383627608346766,-0.001284109149277679,-0.014767255216693309,-0.17339451033989028
2014-11-02,62.46,-0.00016010246557796037,0.012648094780659536,-0.004322766570605263,-0.002561639449247588,0.18068593675960187
2014-11-03,62.24,0.0033740359897171945,0.011889460154241638,-0.001928020565552746,0.0035347043701798864,0.31904757882645085
2014-11-04,61.14,0.025351651946352582,0.026660124304874078,-0.0031076218514883847,0.01799149492966956,-0.45449309552003614
2014-11-05,61.75,-0.008582995951416983,0.007935222672064812,-0.008582995951416983,-0.009878542510121435,0.06648026574416233
2014-11-06,70.34,-0.051748649417116876,0.04264998578333801,-0.07065680978106337,-0.12212112595962477,-0.7896955968187305
2014-11-09,70.73,-0.003251802629718692,0.0043828644139687345,-0.009755407889155965,-0.005513926198218555,1.9066572948488045
2014-11-10,71.84,-0.017817371937639215,0.0026447661469932715,-0.020740534521158205,-0.01545100222717144,0.06173378917960437
2014-11-11,71.75,-0.0033449477351915613,0.01184668989547033,-0.006968641114982632,0.0012543554006969604,0.11773114366072668
2014-11-12,71.81,0.0022281019356635845,0.004316947500348167,-0.0022281019356634735,-0.0008355382258738997,0.9999786120656466
2014-11-13,71.44,0.005179171332586829,0.008258678611422265,-0.0008398656215006239,0.005179171332586829,-0.3007642111874934
2014-11-16,71.51,-0.002656971052999779,0.007691231995525127,-0.008670116067682865,-0.0009788840721578485,-0.09977875808340775
2014-11-17,71.78,-0.002089718584563971,0.0045973808860406695,-0.002089718584563971,-0.0037614934522149923,0.043259844657830504
2014-11-18,71.68,0.0009765625,0.005160435267856922,-0.010881696428571397,0.0013950892857141906,0.2736612999403698
2014-11-19,72.0,-0.011805555555555514,0.0001388888888889106,-0.012638888888888866,-0.004444444444444362,0.007418976962124235
2014-11-20,71.98,0.010419560989163745,0.01583773270352884,-0.0006946373992775534,0.00027785495971088814,-0.169676080645644
2014-11-23,72.01,-0.00013886960144426919,0.01055408970976246,-0.0008332176086655041,-0.00041660880433269654,-0.552288669094872
2014-11-24,71.74,0.0002787844995819633,0.00529690549205486,-0.0032060217451908013,0.003763590744354728,0.2788203140840928
2014-11-25,71.93,0.0,0.002085360767412725,-0.008758515223133756,-0.002641456972056311,-0.004163526484180613
2014-11-27,71.78,0.002646976873780904,0.01908609640568404,-0.0064084703259962295,0.002089718584564082,1.295621915232549
2014-11-30,72.37,-0.013265165123670153,0.013126986320298295,-0.013956059140527888,-0.008152549398922293,-0.23943354254389448
2014-12-01,72.91,-0.008092168426827695,0.00630914826498441,-0.011438760115210611,-0.007406391441503124,0.6781687734882131
2014-12-02,73.34,-0.004635942187073971,0.007635669484592267,-0.01008999181892567,-0.005863103354240562,0.0032855685789288103
2014-12-03,72.96,0.002467105263157965,0.01041666666666674,-0.006304824561403466,0.005208333333333481,0.2005098558753864
2014-12-04,73.2,-0.00423497267759565,0.0095628415300546,-0.00423497267759565,-0.003278688524590234,-0.10197386210004511
2014-12-07,72.06,0.014848737163474679,0.017624202053843963,-0.0036774909797391286,0.01582014987510405,-0.18020068273507805
2014-12-08,73.24,-0.028672856362643273,0.0024576734025123503,-0.028672856362643273,-0.01611141452758047,-0.36930647852143195
2014-12-09,71.95,0.015705350938151508,0.025573314801945912,-0.0006949270326614965,0.01792911744266834,0.4558172036445294
2014-12-10,72.52,-0.003309431880860414,0.01640926640926632,-0.0038610038610038533,-0.007859900717043455,0.2815409895928429
2014-12-11,71.16,0.009836987071388359,0.019392917369308815,-0.000843170320404707,0.019111860595840247,-0.03919504799137907
2014-12-14,69.98,0.020291511860531575,0.02700771649042588,-0.00021434695627320366,0.016861960560159872,-0.44743401556484896
2014-12-15,67.74,0.02612931798051399,0.02612931798051399,-0.0010333628579862753,0.03306761145556547,-0.5546377764986432
2014-12-16,68.4,-0.01666666666666672,0.008333333333333304,-0.02127485380116967,-0.009649122807017685,-0.030692866095571758
2014-12-17,70.84,-0.023433088650479883,0.0016939582156971777,-0.027667984189723382,-0.03444381705251265,-0.015876408746928528
2014-12-18,71.82,-0.013505987190197688,0.00417710944026739,-0.016986911723753773,-0.013645224171539794,0.2556640918369608
2014-12-21,71.9,0.0004172461752434131,0.005215577190542442,-0.00890125173852574,-0.0011126564673158423,1.7515413905714325
2014-12-22,72.45,-0.006211180124223614,0.0013802622498273465,-0.008419599723947568,-0.007591442374051072,-0.010200181068303005
2014-12-23,72.85,-0.0048043925875085325,0.011667810569663706,-0.008098833218942891,-0.005490734385724005,1.5266448650388873
2014-12-25,73.03,0.0043817609201697305,0.009995892099137427,-0.0015062303163083657,-0.0024647405175955983,-0.20143699935050874
2014-12-28,73.46,-0.004900626191124413,0.00816771031854091,-0.01048189490879381,-0.005853525728287456,0.04082811069642989
2014-12-29,73.24,0.002594210813763098,0.007236482796286303,-0.004232659748770962,0.0030038230475148975,0.1633870201366474
2014-12-30,72.3,0.017704011065006853,0.028907330567081724,-0.0009681881051174512,0.013001383125864407,-0.5207760800263823
2015-01-01,72.17,0.006096716087016674,0.016765969239296075,-0.013994734654288576,0.001801302480254785,0.09769614645372049
2015-01-04,71.36,0.004344170403587366,0.016676008968609768,-0.008267937219730959,0.011350896860986559,-0.3220658868074464
2015-01-05,70.05,0.02012847965738751,0.024125624553890113,-0.005424696645253357,0.018700927908636755,0.10625452476988317
2015-01-06,70.49,-0.0008511845651864025,0.004681515108525991,-0.014895729890764597,-0.006242020144701321,-0.04309369027221954
2015-01-07,72.72,-0.022277227722772297,0.0017189218921891403,-0.025577557755775526,-0.030665566556655754,-0.5424466091957276
2015-01-08,71.83,0.01280801893359329,0.01280801893359329,-0.0015313935681470214,0.012390366142280396,1.6077182520646214
2015-01-11,70.96,0.01536076662908692,0.017897406989853648,-0.004650507328072151,0.012260428410372004,-0.13888694701654258
2015-01-12,72.16,-0.006651884700665023,0.02231014412416865,-0.013442350332594222,-0.016629711751663057,-0.002048530512322899
2015-01-13,72.6,-0.016253443526170752,0.00840220385674928,-0.018044077134986014,-0.006060606060605989,-0.011094874030217694
2015-01-14,71.81,0.015457457178665868,0.01935663556607725,-0.013786380726918401,0.011001253307338699,0.07835220278916255
2015-01-15,73.89,-0.03356340506157807,0.0024360535931788885,-0.03356340506157807,-0.028149952632291253,-0.10423835603159981
2015-01-19,73.58,0.00421310138624631,0.010192987224789452,-0.020929600434900664,0.00421310138624631,0.19507674485954252
2015-01-20,78.02,-0.04165598564470652,0.009356575237118747,-0.042809536016405914,-0.056908485003845155,-0.6385116478707729
2015-01-21,79.46,-0.008809463881197965,0.01271079788572882,-0.022652907123080768,-0.018122325698464614,0.13479952479952484
2015-01-22,78.82,0.009895965490992253,0.012179649835067252,-0.0007612281146915922,0.008119766556711427,0.7266932311779155
2015-01-25,78.67,0.0017795856107791774,0.005211643574424718,-0.010804626922588101,0.0019066988686919917,-0.14924630789031657
2015-01-26,79.28,-0.020433905146316933,0.008198789101917292,-0.0225782038345107,-0.007694248234106915,-0.3816617612543467
2015-01-27,78.71,0.017151569050946724,0.019184347605132768,-0.0029221191716426453,0.007241773599288681,-0.23265827449080778
2015-01-28,78.22,0.01035540782408595,0.012912298644847997,-0.015724878547686116,0.006264382510866806,0.8155369726580852
2015-01-29,71.35,0.07848633496846547,0.07848633496846547,-0.014849334267694414,0.0962859145059567,-0.7203120269770258
2015-02-01,76.41,-0.05169480434498108,0.00039261876717699984,-0.05287266064651208,-0.06622169873053274,0.6252126910802998
2015-02-02,77.2,-0.00829015544041456,0.002720207253885887,-0.02266839378238339,-0.010233160621761717,0.5646586173622268
2015-02-03,78.01,-0.011408793744391743,0.010383284194333875,-0.019484681451096164,-0.010383284194334097,0.8410249596472579
2015-02-04,78.39,-0.004719989794616741,0.013266998341625369,-0.008967980609771664,-0.004847557086362975,-0.00812698598644035
2015-02-05,78.05,0.0037155669442665573,0.01806534272901983,-0.004996796925048064,0.004356181934657366,0.12884527436924542
2015-02-08,77.51,0.0007740936653333197,0.01135337375822476,-0.006708811766223843,0.0069668429880014315,-0.2598116585710033
2015-02-09,78.02,0.004357856959753992,0.004614201486798253,-0.008587541655985631,-0.006536785439630766,0.494650923211031
2015-02-10,78.53,-0.007640392206799906,0.0019100980516999488,-0.013498026232013238,-0.0064943333757799815,0.27852077001013176
2015-02-11,80.5,-0.019378881987577645,0.001242236024844745,-0.024223602484472084,-0.024472049689440944,-0.21189376443418018
2015-02-12,82.0,-0.015243902439024404,0.0019512195121951237,-0.02682926829268295,-0.018292682926829285,-0.2700763961120476
2015-02-16,81.52,0.005520117762512378,0.009568204121688018,-0.007605495583905664,0.0058881256133465065,0.0049380046136100475
2015-02-17,81.96,-0.009516837481698182,0.002806246949731639,-0.009516837481698182,-0.005368472425573478,0.2692980750534708
2015-02-18,81.83,-0.002932909690822383,0.0041549553953317275,-0.006476842233899549,0.0015886594158620593,-0.10848828138940869
2015-02-19,82.59,-0.00920208257658317,0.006054001695120492,-0.02312628647536019,-0.00920208257658317,0.3680469823467458
2015-02-22,82.48,0.0014548981571289588,0.0014548981571289588,-0.011275460717749874,0.0013336566440349529,-0.3769154548852248
2015-02-23,83.31,-0.00924258792461885,0.0004801344376423877,-0.014524066738686892,-0.009962789581082654,0.23169073643867288
2015-02-24,84.24,-0.013532763532763559,0.0018993352326686086,-0.015432098765432056,-0.011039886039885927,-0.20609733294803578
2015-02-25,85.11,-0.012336975678533646,0.004229820232640069,-0.013629420749618149,-0.010222065562213611,0.048304250399825444
2015-02-26,85.12,-0.0014097744360902498,0.008106203007518742,-0.007636278195488844,-0.00011748120300758558,-0.13725618310048615
2015-03-01,87.12,-0.023301193755739247,0.0003443526170798794,-0.024104683195592336,-0.022956841138659367,-0.064345255647696
2015-03-02,86.0,0.013139534883720883,0.016279069767441978,-0.008604651162790633,0.013023255813953583,-0.18965261001459965
2015-03-03,85.0,0.006000000000000005,0.015000000000000124,-0.0119999999999999,0.0117647058823529,-0.0035020980645535937
2015-03-04,85.0,0.0003529411764706669,0.006823529411764673,-0.008470588235294119,0.0,1.2645907999868475
2015-03-05,84.64,-0.005316635160680594,0.005552930056710759,-0.005907372400756117,0.0042533081285445196,-0.21263287613070925
2015-03-08,84.68,0.004487482286254174,0.007794048181388735,-0.006495040151157427,-0.0004723665564478896,0.3726341674899254
2015-03-09,83.02,0.008431703204047292,0.015177065767284947,-0.002770416767043926,0.019995181883883495,-0.4478307791927477
2015-03-10,83.72,-0.007405637840420476,0.001313903487816459,-0.013975155279503104,-0.00836120401337792,0.40473657226966275
2015-03-11,85.88,-0.01734979040521656,0.0013972985561248041,-0.022123893805309658,-0.025151374010246808,-0.09153875046951299
2015-03-12,84.03,0.020587885279067075,0.020587885279067075,-0.015470665238605186,0.0220159466857075,0.08127061142488912
2015-03-15,84.7,-0.0022432113341204207,0.006375442739078974,-0.008264462809917439,-0.00791027154663515,-0.20870112952710695
2015-03-16,84.17,-0.0033266009266960106,0.007009623381252217,-0.010455031483901589,0.0062967803255316035,0.022444786176500253
2015-03-17,85.59,-0.015772870662460692,0.002103049421661396,-0.03491646220352851,-0.01659072321532895,0.289207324650091
2015-03-18,86.49,-0.015608740894901052,0.004624812117007826,-0.015608740894901052,-0.010405827263267331,0.0880809272711629
2015-03-19,88.05,-0.011357183418512218,0.005337876206700676,-0.015900056785916994,-0.017717206132879082,-0.5304990651185337
2015-03-22,87.42,0.0036604895904825963,0.011667810569663706,-0.00434683138869818,0.00720658888126291,0.2551536310825884
2015-03-23,87.19,0.005619910540199724,0.012157357495125698,-0.0034407615552242143,0.0026379171923385236,0.22501530625826316
2015-03-24,85.11,0.023146516273058415,0.032076136764187524,-0.0037598402067910985,0.024438961344142918,0.03719962818778355
2015-03-25,85.85,-0.007687827606290054,0.009435061153174162,-0.013861386138613874,-0.008619685497961549,0.4492527459336175
2015-03-26,86.75,-0.011181556195965392,0.0002305475504322807,-0.016484149855907848,-0.01037463976945252,-0.1838666311074343
2015-03-29,88.84,-0.019248086447546275,0.0019135524538496096,-0.023525438991445324,-0.023525438991445324,-0.17578740069173726
2015-03-30,88.72,-0.0069882777276826236,0.007889990982867578,-0.010820559062218127,0.0013525698827774324,-0.02144835669416123
2015-03-31,90.46,-0.01680300685385805,0.002874198540791628,-0.027968162723855716,-0.019235021003758512,-0.3816892310030725
2015-04-01,91.24,-0.008110477860587384,0.0058088557650153305,-0.016659359929855233,-0.008548882069267849,-0.04313611419162311
2015-04-05,92.03,-0.011626643485819876,0.0006519613169619909,-0.018580897533413077,-0.008584157339997844,0.20599557113280653
2015-04-06,91.62,0.0020737830168084948,0.0054747871643745505,-0.005457323728443542,0.004475005457323711,0.9709787943328085
2015-04-07,92.8,-0.014655172413793105,0.0004310344827587187,-0.018103448275861966,-0.012715517241379204,0.07002014730653627
2015-04-08,93.27,-0.005467996140237963,0.0026803902648224742,-0.013616382545298511,-0.005039133697866349,-0.4375253120111763
2015-04-09,93.19,0.007833458525592807,0.011723360875630418,-0.006545766713166645,0.0008584612082840337,0.5969537304045474
2015-04-12,92.45,0.005408328826392639,0.009843158464034607,-0.005732828555976233,0.008004326663061168,-0.06392881740019107
2015-04-13,92.0,0.006521739130434634,0.009130434782608665,-0.005978260869565211,0.004891304347826031,0.013453116732524917
2015-04-14,92.4,-0.00054112554112562,0.006709956709956666,-0.007792207792207795,-0.0043290043290044045,0.01652495336621529
2015-04-15,92.66,-0.006475285991797919,0.0008633714655730262,-0.011439671918843097,-0.002805957263112391,0.22895497408707022
2015-04-16,92.23,-0.004445408218584079,0.0024937655860348684,-0.015504716469695423,0.004662257399978165,-0.22129132237061866
2015-04-19,92.34,0.002599090318388564,0.004006930907515693,-0.004873294346978585,-0.0011912497292614344,0.1713855035279026
2015-04-20,92.15,0.006511123168746469,0.00748779164405855,-0.0021703743895822303,0.0020618556701030855,-0.3374528269812668
2015-04-21,92.0,-0.0006521739130435078,0.005434782608695565,-0.00967391304347831,0.001630434782608825,-0.2211184852948478
2015-04-22,93.3,-0.019078242229367603,0.00042872454448028563,-0.019078242229367603,-0.013933547695605508,-0.32908345122111005
2015-04-23,93.85,0.004262120404901593,0.02855620671283976,-0.009477890250399579,-0.00586041555673944,0.5856348532814046
2015-04-26,90.94,0.0302397184957115,0.0302397184957115,-0.001869364416098529,0.03199912029909835,0.08090650609196759
2015-04-27,90.81,0.003633961017509124,0.008699482435855055,-0.01415042396211863,0.0014315604008368066,-0.06934161772311531
2015-04-28,91.04,-0.0053822495606328236,0.003734622144112354,-0.009446397188049183,-0.0025263620386644092,0.42026010615551024
2015-04-29,88.46,0.026565679403120157,0.03775717838571113,-0.0016956816640288919,0.02916572462129796,-0.022383875346750903
2015-04-30,88.61,0.0007899785577250018,0.014671030357747306,-0.004514163186999265,-0.001692811195124766,-0.0006684623400113887
2015-05-03,89.14,-0.003814224814897904,0.011441552613865813,-0.008525914292124792,-0.005945703387929102,-0.18165838746656482
2015-05-04,87.59,0.016097728051147397,0.025573695627354676,-0.002968375385318023,0.01769608402785705,0.6853540317933768
2015-05-05,87.02,0.0065502183406114245,0.010457366122730516,-0.010457366122730405,0.0065502183406114245,0.0886876559063603
2015-05-06,87.78,-0.013214855320118457,0.005354294827979,-0.013214855320118457,-0.008658008658008698,0.2918597334248614
2015-05-07,87.3,0.016723940435280804,0.016723940435280804,-0.006987399770904901,0.005498281786941561,-0.24427183906389605
2015-05-10,87.09,-0.0010334137099552443,0.013089906992766132,-0.0033298886209668366,0.0024112986565620886,0.00030271142951865393
2015-05-11,86.63,-0.00311670322059332,0.010850744545769286,-0.014198314671591716,0.005309938820270199,-0.2595751039293014
2015-05-12,86.85,0.0003454231433506205,0.008290155440414448,-0.006793321819228426,-0.002533103051237773,0.5240910939406263
2015-05-13,88.37,-0.01075025461129342,0.0006789634491344287,-0.01833201312662669,-0.017200407378069604,-0.17396182554772477
2015-05-14,87.87,0.007055878001593241,0.0165631045863206,-0.0012518493228632632,0.005690224194833338,0.11207160628497559
2015-05-17,88.79,-0.011262529564140089,0.0025903817997521283,-0.014416037842099327,-0.010361527199008957,-0.1193033018805848
2015-05-18,87.87,0.004665983839763355,0.011039034937976533,-0.0055764197109366975,0.010470012518493332,0.07088800259311978
2015-05-19,88.07,-0.0010219143862835178,0.003747019416373565,-0.008515953219030314,-0.0022709208584079654,0.4827034990022254
2015-05-20,88.29,-0.0032846301959452706,0.006342734171480124,-0.009627364367425617,-0.002491788424510255,-0.21448854310288223
2015-05-21,88.48,-0.007685352622061603,0.004407775768535238,-0.007685352622061603,-0.0021473779385171587,-0.09151369648528951
2015-05-25,86.7,0.015686274509803866,0.015686274509803866,-0.007497116493656364,0.020530565167243386,0.06537349474152454
2015-05-26,87.73,-0.013108400775105555,0.004331471560469646,-0.014020289524678042,-0.011740567650746603,0.16081917179186922
2015-05-27,87.28,0.0017186067827681395,0.0051558203483044185,-0.009737626031164126,0.0051558203483044185,0.34216551365667125
2015-05-28,87.72,-0.007523939808481539,0.003533971728226115,-0.015275877792977677,-0.005015959872320952,-0.4481875546328671
2015-05-31,88.17,-0.003402517863218768,0.011681977997051174,-0.01916751729613242,-0.0051037767948282076,-0.25227994566937983
2015-06-01,88.73,-0.008565310492505418,0.014200383184942877,-0.01014313084638796,-0.006311281415530279,0.0893990554439914
2015-06-02,88.74,0.0029299075952220477,0.015551048005409074,-0.0027045300878971723,-0.00011268875366232667,-0.2590563805802514
2015-06-03,87.46,0.007431968900068586,0.00983306654470617,-0.006059913103132697,0.014635261833981339,0.5691307722157548
2015-06-04,87.75,-0.00433048433048433,0.003076923076922977,-0.01492877492877498,-0.0033048433048433745,0.2808999933726555
2015-06-07,87.66,0.0010266940451746365,0.0069587040839607095,-0.007814282454939536,0.0010266940451746365,-0.2051309066006427
2015-06-08,86.6,0.0105080831408777,0.012240184757505768,-0.0038106235565820157,0.012240184757505768,0.09684735112491416
2015-06-09,87.03,-0.0005745145352177294,0.005974951166264564,-0.002872572676088758,-0.004940825002872629,-0.3296715533435327
2015-06-10,87.38,-0.005035477225909801,0.005035477225909801,-0.005035477225909801,-0.0040054932478827965,0.5140373253580801
2015-06-11,88.61,-0.01602527931384723,0.0013542489560998128,-0.02020088026182154,-0.013881051800022637,-0.2779497927880722
2015-06-14,86.98,0.008737640836973926,0.008737640836973926,-0.014830995631179622,0.01873994021614167,0.6475004577916132
2015-06-15,87.76,-0.011508659981768532,0.005070647219689972,-0.015610756608933518,-0.00888787602552421,-0.18959656846464235
2015-06-16,87.07,0.013092913747559498,0.017457218330079405,-0.00022970024118518229,0.007924658320891398,0.21510389833419197
2015-06-17,88.9,-0.014060742407199123,0.0028121484814398467,-0.023509561304836946,-0.020584926884139598,-0.49749307467271897
2015-06-18,90.33,-0.012731097088453325,0.007085132292704577,-0.01383814900918856,-0.015830842466511563,-0.27687257795777764
2015-06-21,92.23,-0.01767320828363883,0.002602190176732133,-0.022660739455708567,-0.020600672232462425,0.28081302177622725
2015-06-22,92.52,-0.0028102031993081367,0.0025940337224383825,-0.012970168612192023,-0.0031344574146129345,0.5164721282862441
2015-06-23,92.51,-0.0028105069722192955,0.005891254999459639,-0.003188844449248718,0.00010809642200837466,-0.040857964948992964
2015-06-24,93.33,-0.004071573984785082,0.0015000535733418197,-0.02271509696774887,-0.008786028072431118,-0.025788695785128213
2015-06-25,93.89,-0.0028757056129512515,0.002556182767067705,-0.010006390456917647,-0.005964426456491645,-0.5273781772147833
2015-06-28,91.16,0.021500658183413845,0.03049583150504609,-0.0024133391838525586,0.02994734532689791,1.6346604050318723
2015-06-29,90.78,0.010024234412866262,0.01112579863406049,-0.004957038995373475,0.004185944040537404,-0.3659984621161997
2015-06-30,91.56,0.000764525993883769,0.008191349934469239,-0.002839667977282745,-0.008519003931848013,0.4990818555899581
2015-07-01,91.03,0.008898165439964911,0.019224431506096984,-0.006865868395034558,0.005822256398989367,0.7460098291598409
2015-07-05,90.69,-0.0035285036939022296,0.004300363876943436,-0.008380196273017892,0.00374903517477132,-0.4082496070461643
2015-07-06,91.7,-0.010687022900763399,0.0007088331515812119,-0.02279171210468922,-0.011014176663031727,-0.3416947761874374
2015-07-07,91.48,-0.003716659379099263,0.010056843025797901,-0.010166156536948079,0.0024048972452994644,0.04812548075315215
2015-07-08,92.44,0.0038944180008653184,0.011358719169190845,-0.004651665945478056,-0.010385114668974404,0.5674787128082617
2015-07-09,93.83,-0.0030906959394648714,0.003410423105616678,-0.010977299371203286,-0.014814025365021855,0.24198709005338848
2015-07-12,95.27,-0.01049648367796785,0.0022042615723734116,-0.013120604597459895,-0.015114936496273712,-0.5468668341284961
2015-07-13,95.7,-0.0034482758620689724,0.0037617554858933033,-0.01734587251828623,-0.00449320794148389,0.7453491536894139
2015-07-14,95.87,-0.0027120058412434256,0.004589548346719541,-0.005528319599457654,-0.0017732345885053125,0.39813024518676987
2015-07-15,97.25,-0.004421593830334247,0.0031876606683804987,-0.017069408740359893,-0.014190231362467776,-0.2895565573830383
2015-07-16,94.98,0.02095177932196246,0.02442619498841858,-0.0005264266161296716,0.0238997683722888,-0.23917079895932936
2015-07-19,94.93,0.0010534077741493064,0.00910144316865047,-0.0034762456546930665,0.0005267038870746532,0.9022259821286946
2015-07-20,93.67,0.013024447528557692,0.02113803779224943,-0.007473043663926537,0.0134514785950679,-0.19822118971715386
2015-07-21,93.59,-0.0038465648039320843,0.005449300138903546,-0.005235602094240899,0.0008547921786514756,-0.30050055749294236
2015-07-22,92.46,0.01708847069002828,0.022063595068137598,-0.0020549426779147284,0.012221501189703776,0.033180756999209526
2015-07-23,91.93,0.005330142499728074,0.01250951811160661,-0.0014141194387035094,0.005765256173175137,0.11935169689154712
2015-07-26,91.09,0.0025249752991545193,0.008343396640684952,-0.005049950598309483,0.009221648918651848,0.1202323508620955
2015-07-27,92.0,-0.00554347826086965,0.0038043478260869623,-0.012500000000000067,-0.009891304347826035,-0.15108504934414357
2015-07-28,93.97,-0.020964137490688484,0.004469511546238092,-0.026391401511120627,-0.020964137490688484,-0.0649259557442241
2015-07-29,91.97,0.010873110796999041,0.021202566054148164,-0.008807219745569195,0.021746221593998083,-0.47482655015791464
2015-07-30,90.69,0.018745175873855935,0.022604476789061634,-0.0007718601830410954,0.01411401477560914,0.1673727625236976
2015-08-02,90.05,0.0061077179344808386,0.01565796779566897,-0.004497501388117775,0.007107162687395974,0.053977149568253724
2015-08-03,90.91,-0.01055989440105587,0.010779892201078,-0.011989880101199057,-0.00945990540094599,0.6497103512844018
2015-08-04,91.58,0.0005459707359685151,0.008735531775496908,-0.004258571740554662,-0.007316007861978613,-0.04785870816773763
2015-08-05,90.68,0.012681958535509352,0.01676224084693434,-0.0017644464049405562,0.009925011027789976,-0.06985126879293369
2015-08-06,90.63,-0.004523888337195192,0.005461767626613767,-0.006178969436169024,0.000551693699658129,0.2976448436122361
2015-08-09,92.15,-0.009983722192078104,0.004212696690178985,-0.009983722192078104,-0.016494845360824906,-0.3245142078433352
2015-08-10,90.85,0.003632361034672682,0.019812878370941256,-0.0030820033021463633,0.014309301045679845,0.3704590100434386
2015-08-11,89.62,0.006360187458156474,0.025440749832626564,-0.014617272930149583,0.013724615041285304,-0.030732923918581845
2015-08-12,89.02,0.004830375196585024,0.01100763873286903,-0.0032576949000223676,0.0067400584138397335,0.27325963549447274
2015-08-13,89.58,-0.008037508372404578,0.0029024335789238354,-0.01306095110515737,-0.006251395400759141,-0.3835771416543885
2015-08-16,90.86,-0.01871010345586621,0.0003301782962799038,-0.025313669381465953,-0.014087607307946337,0.9611971104231165
2015-08-17,89.54,0.011949966495421016,0.017199017199017064,-0.001172660263569436,0.014742014742014753,0.09508848857446384
2015-08-18,87.87,0.014111756003186482,0.014111756003186482,-0.001024240355069983,0.019005348810743117,-0.18581904840772534
2015-08-19,85.27,0.016770259176732916,0.022633986161604502,-0.0005863726984871587,0.03049138032133225,-0.310474123984088
2015-08-20,83.19,0.008414472893376601,0.01899266738790728,-0.006324077413150664,0.025003005168890535,-0.20539927404718694
2015-08-23,80.69,-0.025158012145247266,0.020944354938654097,-0.03866650142520767,0.0309827735778907,-0.4087700891792646
2015-08-24,81.19,0.00628156176869088,0.03454858972779906,-0.00012316787781729843,-0.006158393890873248,0.7433850886491655
2015-08-25,84.24,-0.01650047483380812,0.002849002849002913,-0.040242165242165284,-0.036206077872744546,0.04925004498094454
2015-08-26,86.0,-0.011744186046511729,0.005465116279069759,-0.016744186046511622,-0.020465116279069773,-0.2795064483055275
2015-08-27,86.04,-0.005695025569502632,0.008716875871687568,-0.012900976290097677,-0.00046490004649002437,0.32669196051657834
2015-08-30,85.57,0.0021035409606171562,0.006427486268552274,-0.008998480775972872,0.005492579174944723,0.30618996725641434
2015-08-31,82.32,0.025024295432458654,0.03024781341107885,-0.0010932944606412143,0.03948007774538387,-0.5004284985546676
2015-09-01,83.3,0.002160864345738478,0.003841536614646035,-0.009963985594237723,-0.01176470588235301,0.37756727381755484
2015-09-02,84.19,-0.009264758284831975,0.0045136001900463185,-0.010571326760898003,-0.010571326760898003,0.26082256835539486
2015-09-03,82.53,0.005452562704471031,0.018295165394402124,-0.0036350418029806875,0.020113897976493433,1.3642139954474994
2015-09-07,84.94,-0.01283258770897111,0.0030609842241582363,-0.01813044502001404,-0.028372969154697447,-0.5163384124925704
2015-09-08,83.73,0.02042278753135074,0.021617102591663606,-0.002030335602531963,0.014451212229786181,0.10097637514221769
2015-09-09,83.63,-0.0014348917852443632,0.015066363745067646,-0.003228506516800178,0.0011957431543705432,0.16159766431428113
2015-09-10,84.1,-0.009512485136741966,0.0021403091557670173,-0.0136741973840665,-0.005588585017835879,-0.06807753610355316
2015-09-13,83.85,0.0034585569469292032,0.0056052474657126705,-0.0041741204531901,0.0029815146094216427,1.0577098275662156
2015-09-14,84.24,-0.004392212725545908,0.004273504273504258,-0.008428300094966645,-0.00462962962962965,-0.6005121723651908
2015-09-15,82.43,0.0226859153220913,0.0226859153220913,-0.0027902462695621466,0.02195802499090127,-0.5956520575801358
2015-09-16,83.33,-0.011040441617664709,0.009480379215168755,-0.011040441617664709,-0.010800432017280537,0.8857852140391951
2015-09-17,82.2,0.00048661800486615725,0.021897810218977964,-0.002554744525547492,0.013746958637469442,-0.26903231279344675
2015-09-20,83.53,-0.008739375074823474,0.0056267209385849615,-0.014246378546629912,-0.01592242308152758,1.211545049674546
2015-09-21,82.93,-0.0048233449897504554,0.006029181237187986,-0.006270348486675625,0.007235017484625628,-0.11330498177399762
2015-09-22,82.58,0.005207071930249496,0.00968757568418499,-0.005449261322354126,0.004238314361830975,-0.2927491751707205
2015-09-23,82.98,-0.013135695348276744,0.0016859484213063158,-0.017835623041696835,-0.004820438659918103,0.41870709299119
2015-09-24,82.4,0.012742718446601797,0.02293689320388359,-0.003883495145631133,0.0070388349514562965,0.05427530909536049
2015-09-27,81.72,0.00538423886441497,0.021536955457660323,-0.0004894762604013003,0.008321096426823438,-0.2975924333619948
2015-09-28,82.82,-0.012919584641390869,0.0016904129437333992,-0.023786524993962832,-0.013281815986476597,-0.03456433989478158
2015-09-29,84.5,-0.009230769230769265,0.00662721893491125,-0.014201183431952646,-0.01988165680473386,-0.37517789123916034
2015-09-30,84.95,-0.005179517363154806,0.007239552678045769,-0.011771630370806307,-0.005297233666862855,0.6510822557163656
2015-10-01,84.02,-0.0009521542489883128,0.0004760771244942674,-0.020590335634372625,0.011068793144489497,-0.16880435991547105
2015-10-04,85.82,-0.012701002097413094,0.004194826380797156,-0.01596364483803303,-0.020974131903985005,0.026308940565171968
2015-10-05,86.0,-0.0017441860465117198,0.015988372093023173,-0.007790697674418645,-0.002093023255814064,0.3722619047619047
2015-10-06,87.29,-0.011799747966548257,0.0017184098980409512,-0.01397640050406701,-0.014778325123152802,-0.1050350191497833
2015-10-07,88.64,-0.01782490974729245,0.004174187725631828,-0.019855595667870096,-0.015230144404332013,0.3715026225524125
2015-10-08,90.14,-0.013312624805857598,0.0025515864211227424,-0.020745506989128026,-0.016640781007321914,0.1334402622081976
2015-10-11,90.48,-0.0038682581786031456,0.010941644562334263,-0.006962864721485551,-0.0037577365163572463,0.02797591311516534
2015-10-12,88.54,0.015473232437316353,0.025705895640388388,-0.0016941495369324766,0.02191100067765972,-0.30482775805145457
2015-10-13,87.62,0.010499885870805858,0.017918283496918486,-0.0009130335539830892,0.010499885870805858,0.765559869339991
2015-10-14,89.98,-0.021449210935763574,0.0019782173816402793,-0.024116470326739248,-0.02622805067792844,-0.25493714866348727
2015-10-15,89.51,0.006032845492123684,0.0077086359066025345,-0.008155513350463717,0.005250809965366976,-0.12486553934856504
2015-10-18,89.82,-0.010354041416165582,0.006680026720107035,-0.010354041416165582,-0.00345134713872175,0.11475645729908623
2015-10-19,89.56,0.003126395712371499,0.012840553818668887,-0.0033497096918266855,0.0029030817329163128,-0.16705398224785095
2015-10-20,88.03,0.021356355787799597,0.021356355787799597,-0.0028399409292286792,0.017380438486879424,0.5792357196937832
2015-10-21,89.21,-0.0062773231700480325,0.008967604528640427,-0.0062773231700480325,-0.013227216679744358,-0.3943971418927955
2015-10-22,90.68,-0.006726951918835655,0.0013233348037051673,-0.014666960741067658,-0.016210851345390576,0.37683802576085723
2015-10-25,90.97,-0.0020886006375727684,0.009012861382873494,-0.010662855886556022,-0.0031878641310321143,-0.585863684229638
2015-10-26,88.65,0.02109419063733764,0.027072758037224975,-0.0032712915961647937,0.02617033276931746,0.6342844256652502
2015-10-27,93.35,-0.04627745045527576,0.0002142474558115559,-0.04852704874129621,-0.050348152115693545,-0.4076006328001406
2015-10-28,92.22,0.023096942094990247,0.02743439600954245,-0.014205161570158387,0.01225330730860974,0.8098007278650141
2015-10-29,92.37,-0.0043304103063765975,0.006820396232543047,-0.008444300097434243,-0.0016239038648913073,0.8730128464856877
2015-11-01,92.77,-0.0017246954834536643,0.0049584995149294375,-0.005605260321224437,-0.004311738708634216,-0.6340874206376892
2015-11-02,93.65,-0.012813667912439985,0.0037373198077950143,-0.031927389215162916,-0.009396689802456004,-0.04147126436781612
2015-11-03,93.42,0.004602868764718382,0.006208520659387595,-0.0033183472489831667,0.0024619995718262455,0.7727606161871383
2015-11-04,92.21,0.013772909662726596,0.01724324910530317,-0.0016484112352238567,0.013122221017243252,0.32327015658551406
2015-11-05,87.37,0.024379077486551326,0.024379077486551326,-0.1059860363969326,0.05539658921826707,-0.862805156930163
2015-11-08,87.01,-0.002873232961728589,0.003907596827950721,-0.01275715435007474,0.004137455464889195,2.2884980336817704
2015-11-09,87.19,-0.007110907214130102,0.002408533088656961,-0.013304278013533621,-0.0020644569331343954,0.4433469544119526
2015-11-10,86.89,0.0084014270917252,0.013004948785821036,-0.0003452641270572654,0.0034526412705719878,-0.22131514313840528
2015-11-11,86.38,0.0003473026163463011,0.012039824033341029,-0.004978004167631278,0.005904144477888451,0.06470806204012503
2015-11-12,87.0,-0.013908045977011452,0.0017229885057472583,-0.018735632183907946,-0.007126436781609291,-0.07021040974529347
2015-11-15,87.56,-0.0038830516217451816,0.004111466423024179,-0.009479214253083623,-0.006395614435815489,0.610506040140778
2015-11-16,87.76,0.00045578851412941823,0.016522333637192244,-0.005811303555150471,-0.002278942570647202,-0.11312637084528432
2015-11-17,89.7,-0.02062430323299902,0.012931995540691243,-0.024526198439241975,-0.021627647714604237,-0.4860388484217829
2015-11-18,90.04,-0.002776543758329586,0.010661928031985735,-0.002776543758329586,-0.0037760995113282902,-0.04590723408656083
2015-11-19,91.58,-0.011902162044114428,0.0005426949115527879,-0.01310329766324525,-0.016815898667831286,0.6484912200943342
2015-11-22,92.13,-0.00944317811787676,0.0022793878215565666,-0.00944317811787676,-0.00596982524693368,0.9975480458152179
2015-11-23,92.84,-0.015833692373976693,0.001992675570874569,-0.018417707884532564,-0.007647565704437809,-0.23656296039518154
2015-11-24,94.59,-0.01860661803573327,0.0031715826197271646,-0.01860661803573327,-0.018500898615075534,-0.2060958409302005
2015-11-26,94.85,-0.00253031101739587,0.005271481286241331,-0.008434370057986307,-0.002741170268845461,0.7694358549828346
2015-11-29,95.25,-0.0010498687664041162,0.0015748031496063408,-0.005774278215223028,-0.004199475065616909,-0.4072892839876756
2015-11-30,95.89,-0.005214308061320283,0.003024298675565751,-0.007925748253206799,-0.006674314318489971,0.3480570011186226
2015-12-01,94.85,0.01085925144965727,0.012756984712704256,-0.002952029520295163,0.010964681075382288,0.5035686079503905
2015-12-02,92.1,0.031596091205211785,0.031596091205211785,-0.0020629750271443648,0.029858849077090133,-0.43496764703451807
2015-12-03,93.64,-0.016445963263562624,0.00395130286202483,-0.016979923109782136,-0.016445963263562624,-0.15505949055971402
2015-12-06,91.99,0.01761060984889662,0.021306663767800993,-0.0021197956299596754,0.017936732253505783,0.18238183694530452
2015-12-07,91.91,-0.009030573387008967,0.010771406811010964,-0.009628984876509539,0.0008704167120008321,-0.21839710911789378
2015-12-08,89.11,0.02614745819773301,0.033329592638312144,-0.0037032880709235716,0.0314218381775333,-0.21376133290716026
2015-12-09,90.72,-0.015983245149911895,0.003968253968253954,-0.01609347442680764,-0.017746913580246937,-0.28513087600056575
2015-12-10,89.61,-0.0033478406427853713,0.013279767883048743,-0.004129003459435343,0.012387010378305918,-0.22379248507233684
2015-12-13,89.92,-0.004782028469750954,0.010676156583629748,-0.004782028469750954,-0.0034475088967971246,0.26947475260086273
2015-12-14,91.53,-0.01136239484322088,0.010269856877526573,-0.013765978367748288,-0.017589861247678362,0.8982592059916963
2015-12-15,92.85,-0.00915455035002688,0.0009693053311794486,-0.018093699515347228,-0.014216478190629989,0.08047645226314826
2015-12-16,92.9,0.006350914962324872,0.01991388589881593,-0.0008611410118408713,-0.0005382131324005446,0.08907373849457567
2015-12-17,91.75,0.010354223433242549,0.021089918256130824,-0.0029329700272479053,0.012534059945504161,-0.6208281623634107
2015-12-20,92.84,-0.006570443774235213,0.0007539853511415728,-0.011202068074106064,-0.011740629039207251,2.3113160268617823
2015-12-21,94.0,-0.008936170212766048,0.0021276595744681437,-0.012978723404255321,-0.012340425531914834,-0.2290096982342259
2015-12-22,94.75,-0.003905013192612161,0.0009498680738786458,-0.008970976253298124,-0.0079155672823219,0.10936321239969815
2015-12-23,95.1,-0.0033648790746582113,0.004311251314405906,-0.006729758149316534,-0.003680336487907443,1.7405962925545664
2015-12-27,95.83,-0.010956902848794692,0.00010435145570286686,-0.014755295836376914,-0.007617656266304951,-0.650710674894958
2015-12-28,96.43,-0.0009333195063777611,0.005911023540391858,-0.00964430156590279,-0.006222130042517926,-0.080172407285793
2015-12-29,95.45,0.011524358302776205,0.014667365112624342,-0.0005238344683079488,0.010267155578837173,0.2720682138981976
2015-12-30,94.18,0.010936504565725036,0.022297727755361985,-0.00021235931195595636,0.01348481630919518,-0.35622001879234455
2016-01-03,93.06,0.0029013539651836506,0.003975929507844533,-0.01859015688802923,0.012035246077799266,-0.49286961537617524
2016-01-04,94.0,-0.009468085106382973,0.0057446808510639435,-0.012659574468085077,-0.010000000000000009,0.5599225386206592
2016-01-05,94.0,-0.013191489361702113,0.0070212765957446965,-0.021489361702127563,0.0,-0.41688196143514633
2016-01-06,91.46,0.009403017712661166,0.02438224360376129,-0.0005466870763174425,0.02777170347692981,0.35571715203599963
2016-01-07,88.96,0.032486510791366996,0.03450989208633093,-0.0037095323741006547,0.028102517985611586,-0.07078940278401435
2016-01-10,89.34,-0.000335795836131636,0.00503693754197454,-0.009402283411685697,-0.004253413924334093,0.21490045126432578
2016-01-11,88.38,0.018216791129214815,0.020706042090970822,-0.018443086671192543,0.010862186014935604,-0.48688515412435196
2016-01-12,84.38,0.051789523583787744,0.052145058070632855,-0.012680730030812937,0.04740459824602983,0.5638417089826651
2016-01-13,85.48,-0.010762751520823621,0.007838090781469464,-0.03568086102012158,-0.01286850725315869,-0.3291862139603502
2016-01-14,85.49,-0.02760556790267865,0.0012867001988536853,-0.028424377120130906,-0.00011697274535027447,0.03859376029317407
2016-01-18,85.31,0.01289415074434408,0.0162935177587622,-0.013304419177118776,0.0021099519399834232,0.5625998406362351
2016-01-19,85.25,-0.012316715542522005,0.01208211143695026,-0.02956011730205277,0.0007038123167155685,-0.08025135090592228
2016-01-20,81.01,0.05567213924206871,0.056906554746327664,-0.00999876558449575,0.052339217380570124,-0.4351056580750976
2016-01-21,83.97,-0.023579849946409492,0.0015481719661782911,-0.023579849946409492,-0.03525068476836957,0.3637508036587409
2016-01-24,81.08,0.029230389738529983,0.03367044893931914,-0.003453379378391741,0.03564380858411442,0.27188018594679275
2016-01-25,84.06,-0.027837259100642386,0.003866285986200424,-0.02843207232928857,-0.03545086842731382,0.4309010638925488
2016-01-26,82.05,0.016819012797075095,0.024314442413162718,-0.0037781840341255535,0.024497257769652725,0.11896929221357921
2016-01-27,82.34,0.007408307019674432,0.007408307019674432,-0.009594364828758861,-0.003521982025746939,0.2912570324487129
2016-01-28,95.57,-0.08381291200167407,0.035471382232918236,-0.10212409752014218,-0.138432562519619,-0.8535008647836376
2016-01-31,95.56,-0.006592716617831673,0.030033486814566857,-0.009522812892423627,0.00010464629552098259,1.2485088858469928
2016-02-01,96.09,-0.01654698719950054,0.004162764075345882,-0.02466437714642522,-0.005515662399833476,0.12547403349836728
2016-02-02,96.65,0.0041386445938953464,0.0052767718572166444,-0.02079668908432497,-0.005794102431453729,0.18592826714305355
2016-02-03,95.91,0.005421749556876243,0.009957251590032357,-0.00938379730997807,0.007715566677093166,0.15656470792215105
2016-02-04,94.33,0.01250927594614648,0.018498886886462396,-0.008374854235131846,0.016749708470263913,-0.04745782539731691
2016-02-07,92.37,0.007578218036158768,0.007578218036158768,-0.018945545090397364,0.02121901050124486,-0.13036830467345084
2016-02-08,91.38,0.0010943313635369822,0.020682862770847077,-0.011314291967607693,0.010833880499015125,0.3066751639174412
2016-02-09,92.47,-0.004109440899751182,0.018600627230453082,-0.010057315886233265,-0.011787606791391791,-0.19533565302745248
2016-02-10,91.42,-0.007656967840735107,0.009789980310654034,-0.011266681251367316,0.011485451761102494,0.2088521422975409
2016-02-11,93.01,-0.002472852381464441,0.00741855714439299,-0.013224384474787687,-0.017094936028384078,0.2969482931256442
2016-02-15,93.98,0.0038306022557990094,0.004575441583315465,-0.005958714620131977,-0.010321344967014201,-0.23925613787565525
2016-02-16,94.35,0.0018018018018017834,0.006942236354001041,-0.006889242183359734,-0.0039215686274508554,0.12507018469656983
2016-02-17,92.91,0.015175976751695242,0.020988052954472147,-0.006673124529114061,0.015498869874071675,-0.20059194162929062
2016-02-18,93.0,-0.002258064516128977,0.010752688172043001,-0.003225806451612856,-0.000967741935483879,0.131786409991979
2016-02-21,94.92,-0.012220817530552042,0.004530130636325236,-0.013485040033712647,-0.020227560050568916,0.3543320935477696
2016-02-22,94.55,0.0013749338974089476,0.004759386567953383,-0.0017979904812268632,0.00391327340031733,0.0824341652154923
2016-02-23,95.59,-0.018516581232346563,0.0017784287059317005,-0.018516581232346563,-0.010879799142169744,-0.16921667046569944
2016-02-24,98.58,-0.027084601339014025,0.002130249543518037,-0.03327246906066139,-0.03033069588151749,-0.31744590325294897
2016-02-25,96.66,0.01644941030415903,0.02420856610800759,-0.005276225946616919,0.019863438857852245,0.43853855499831007
2016-02-28,99.52,-0.0287379421221865,0.004019292604501734,-0.0287379421221865,-0.0287379421221865,-0.5681749596151456
2016-02-29,102.63,-0.025626035272337533,0.0027282471012375353,-0.028256844977102125,-0.030303030303030276,0.510488572952263
2016-03-01,102.9,-0.006608357628765882,0.0006802721088434716,-0.010981535471331516,-0.0026239067055394694,0.8832569334956712
2016-03-02,102.18,0.004991192014092594,0.004991192014092594,-0.007633587786259555,0.007046388725778119,-0.09830973231947626
2016-03-03,101.26,0.009974323523602502,0.009974323523602502,-0.006122852063993767,0.009085522417539016,-0.1492853361566967
2016-03-06,100.16,0.004093450479233152,0.012380191693290854,-0.007388178913737997,0.010982428115016152,0.37211444769244406
2016-03-07,97.89,0.016447032383287263,0.016447032383287263,-0.0010215548064153035,0.023189294105628644,0.16685386677324443
2016-03-08,97.75,0.0038874680306903997,0.007468030690537031,-0.004092071611253245,0.0014322250639386969,0.10716002288765969
2016-03-09,99.29,-0.011280088629267881,0.019035149561889453,-0.015207976634102227,-0.015510121865243254,-0.5738313077518321
2016-03-10,99.92,0.0013010408326661338,0.009407526020816626,-0.012910328262610182,-0.006305044035228136,1.60881292675686
2016-03-13,100.28,-0.005684084563223002,0.002888911049062637,-0.012664539289988008,-0.0035899481451934223,0.07982231177871402
2016-03-14,99.45,0.002714932126696823,0.013574660633484115,-0.002513826043237799,0.008345902463549493,0.27906840520624665
2016-03-15,102.33,-0.030294146389133192,0.00019544610573629662,-0.030294146389133192,-0.028144239226033374,-0.4546830979167066
2016-03-16,104.02,-0.018650259565468175,0.004518361853489639,-0.03047490867140934,-0.016246875600845923,-0.22471793246228366
2016-03-17,104.34,0.0018209699060762752,0.006900517538815487,-0.00967989265861613,-0.003066896683918019,-0.3146664675292936
2016-03-20,104.13,-0.0017286084701814142,0.002304811293575515,-0.01037165082108904,0.002016709881878409,2.494833742600567
2016-03-21,104.61,-0.004492878309912962,0.01940541057260292,-0.004492878309912962,-0.004588471465443167,-0.5610560024994142
2016-03-22,100.59,0.017894422904861207,0.01998210557709501,-0.011830201809324925,0.03996421115419024,-0.454447061096134
2016-03-23,101.0,-0.007425742574257432,0.005940594059405946,-0.010297029702970306,-0.004059405940594063,1.505972720542172
2016-03-27,100.65,0.010432190760059523,0.011823149528067622,-0.00303030303030305,0.003477396920019915,-0.28244945496153573
2016-03-28,105.39,-0.04715817439984815,0.005788025429357635,-0.04715817439984815,-0.044975804155992005,-0.37829958588450496
2016-03-29,105.06,0.0059965733866360615,0.008947268227679439,-0.010755758614125255,0.0031410622501426566,1.1178480391167787
2016-03-30,106.09,-0.011311150909605105,0.003676124045621565,-0.011311150909605105,-0.009708737864077666,-0.3840114677283706
2016-03-31,108.8,-0.034099264705882315,0.0035845588235294823,-0.03529411764705881,-0.024908088235294112,-0.27154230597438345
2016-04-03,104.86,0.035189776845317544,0.04095937440396713,-0.0031470532138089258,0.037573908067900064,0.984036597268378
2016-04-04,105.41,-0.010150839578787485,0.012332795749928849,-0.011573854473010181,-0.005217721278816034,-0.32588337867620343
2016-04-05,105.94,-0.005569190107608146,0.007645837266377242,-0.01038323579384548,-0.00500283179158012,0.6111624156185373
2016-04-06,104.42,0.009480942348209176,0.01206665389772077,-0.006512162420992174,0.014556598352805983,0.015647602000039562
2016-04-07,104.86,0.0018119397291627148,0.012826625977493844,-0.0038146099561320312,-0.004196070951745123,0.6921727078652942
2016-04-10,103.33,0.018000580663892318,0.02322655569534504,-0.0001935546307945124,0.01480692925578242,-0.08215271294766968
2016-04-11,104.16,-0.00960061443932414,0.010080645161290258,-0.01334389400921654,-0.00796850998463905,-0.3336591768236412
2016-04-12,106.28,-0.01176138502070001,0.0011290929619871548,-0.02046480993601807,-0.019947308995107327,-0.14090826339990958
2016-04-13,106.11,0.0025445292620864812,0.006408444067477204,-0.0063142022429554245,0.0016021110168693564,0.32842108547935367
2016-04-14,106.23,-0.006024663466064228,0.009601807399039819,-0.017320907464934643,-0.0011296243998870636,-0.3116730389208695
2016-04-17,106.79,-0.008427755407809823,0.0038383743796235326,-0.011986141024440511,-0.005243936698192786,0.4012656418128324
2016-04-18,107.44,-0.001396128071481706,0.006934102755026039,-0.0022989575577065935,-0.00604988830975417,-0.1692431753255278
2016-04-19,107.99,-0.0013890175016204598,0.0028706361700157057,-0.013149365682007641,-0.005093064172608575,0.2605372438084581
2016-04-20,107.18,0.006531069229333664,0.019313304721029878,-0.0011196118678858946,0.007557380108228928,-0.18084879780538965
2016-04-21,105.44,0.012803490136570561,0.017355842185128978,-0.006259484066767795,0.01650227617602429,-0.3213021536089158
2016-04-24,105.16,-0.0036135412704449976,0.004184100418409997,-0.006371243818942607,0.0026626093571699982,0.6548474325607696
2016-04-25,105.4,-0.00379506641366234,0.004933586337760865,-0.010341555977229633,-0.002277039848197382,-0.3615708599463112
2016-04-26,105.43,0.0021815422555249153,0.01579246893673525,-0.006544626766575079,-0.00028454898985108557,0.0627382504119427
2016-04-27,106.55,-0.016799624589394546,0.011919286719849875,-0.019896762083528752,-0.010511496949788701,-0.15263103053037408
2016-04-28,106.71,-0.005810139630774924,0.0018742385905725634,-0.011339143472964053,-0.001499390872457984,0.5064988069822931
2016-05-01,108.96,-0.01798825256975034,0.0006424375917768455,-0.025605726872246604,-0.020649779735682827,-0.31185862121113916
2016-05-02,104.96,0.03201219512195119,0.03801448170731714,-0.0050971798780486965,0.038109756097560954,0.4413250213301281
2016-05-03,104.34,-0.0006708836496071013,0.007283879624305101,-0.004312823461759652,0.005942112325090898,-0.06858667594767831
2016-05-04,106.13,0.0017902572316970122,0.010929991519834203,-0.018185244511448206,-0.016866107603881964,-0.4139852200338566
2016-05-05,106.02,-0.0061309186945858185,0.0077343897377852855,-0.015091492171288357,0.0010375400867761453,1.2213983130837947
2016-05-08,107.69,-0.012814560312006673,0.011514532454266924,-0.012814560312006673,-0.015507475160182027,-0.15081660265083263
2016-05-09,109.4,-0.012797074954296161,0.00027422303473501053,-0.01727605118829978,-0.015630712979890382,0.26248512470957763
2016-05-10,108.0,0.012037037037037068,0.014259259259259416,-0.006203703703703711,0.012962962962963065,0.3177759523784125
2016-05-11,108.79,-0.0034010478904311636,0.0042283298097252064,-0.011581946870116822,-0.007261696847136734,-0.04301086246324726
2016-05-12,109.14,-0.0068719076415613145,0.016584203774967943,-0.010995052226498103,-0.0032068902327285764,-0.588362603327492
2016-05-15,110.02,-0.007998545718960193,0.0033630249045628613,-0.01508816578803851,-0.007998545718960193,0.8645891285780332
2016-05-16,106.16,0.033251695553880856,0.033251695553880856,-0.004804069329314209,0.03636021100226072,-0.2936387134625922
2016-05-17,105.74,0.001134859088329998,0.015131454511065012,-0.009646302250803873,0.003972006809154438,0.04901004470765846
2016-05-18,104.58,0.0029642379039969136,0.013673742589405347,-0.0103270223752151,0.011091986995601433,0.1971889727655669
2016-05-19,107.16,-0.022396416573348232,0.0006532288167226952,-0.022974990668159778,-0.02407614781634937,-0.10045208126207583
2016-05-22,106.28,0.008280015054572765,0.0166541211893112,-0.0009409108016559253,0.008280015054572765,0.9869916880986991
2016-05-23,109.99,-0.027275206836985144,0.0031821074643150205,-0.0386216928811709,-0.033730339121738284,-0.5076796036333608
2016-05-24,109.43,0.006945079045965308,0.008589966188430997,-0.0019190349995431566,0.0051174266654481215,0.36741163284765554
2016-05-25,109.11,0.002932820089817767,0.010814774081202572,-0.004582531390340039,0.002932820089817767,-0.19141626257092814
2016-05-26,111.57,-0.018284485076633383,0.000627408801649354,-0.021600788742493493,-0.02204893788652862,0.08102911286902859
2016-05-30,111.43,0.0024230458583864856,0.007358880014358693,-0.006820425379161832,0.001256394148792861,-0.4333639896265732
2016-05-31,112.58,-0.011014389767276533,0.0005329543435779183,-0.015189198791970115,-0.010214958251909656,0.07039567914647171
2016-06-01,114.07,-0.0164811080915227,0.005391426317173709,-0.0164811080915227,-0.013062154817217508,-0.024340542621908212
2016-06-02,112.89,0.012578616352201255,0.012578616352201255,-0.005536362831074504,0.010452653025068592,0.7463412791356578
2016-06-05,113.62,-0.007833127970427789,0.005456785777151918,-0.015754268614680544,-0.006424925189227326,0.1330502598169725
2016-06-06,113.75,-0.0022857142857143353,0.008351648351648366,-0.004307692307692235,-0.0011428571428571122,0.4444540620749351
2016-06-07,114.83,-0.009840633980667035,0.003918836540973691,-0.013759470521640726,-0.009405207698336637,-0.2530503292785429
2016-06-08,115.73,-0.012788386762291548,0.0012097122612979572,-0.026613669748552615,-0.007776721679771947,-0.1981410161457562
2016-06-09,113.55,0.013650374284456257,0.0148833113166007,-0.0035667107001321474,0.01919859092910614,0.23038509905411075
2016-06-12,110.91,0.020376882156703635,0.022721125236678574,-0.000540979172301892,0.023803083581282136,-0.5466926632601214
2016-06-13,111.39,-0.004398958613879067,0.004039859951521674,-0.008296974593769657,-0.00430918394828983,1.6388231831609241
2016-06-14,110.86,0.0076673281616452815,0.008434060977809965,-0.0019844849359552663,0.004780804618437662,-0.4101334190644591
2016-06-15,111.43,-0.011576774656735234,0.0013461365879923193,-0.017589518083101607,-0.005115319034371457,-0.24516717708783287
2016-06-16,109.37,0.020938100027429796,0.02294962055408245,-0.00932614062357151,0.018835146749565768,-0.22369248970456912
2016-06-19,111.15,0.0019793072424652003,0.013315339631128964,-0.002789023841655469,-0.01601439496176338,1.5327703025097814
2016-06-20,111.31,-0.0012577486299524265,0.006917617464738068,-0.005390351271224558,-0.0014374270056598526,-0.03057495721356218
2016-06-21,111.71,-0.004565392534240376,0.012801002596007471,-0.010025960075194629,-0.003580700026855177,-0.41424623387883386
2016-06-22,113.08,-0.0035373187124159156,0.0037133003183587032,-0.01786345949770074,-0.01211531659002485,0.09905424399075691
2016-06-23,109.0,-0.00917431192660545,0.01642201834862389,-0.016788990825688077,0.037431192660550394,-0.41185825023030664
2016-06-26,105.98,0.0180222683525193,0.020805812417437286,-0.002170220796376743,0.028495942630685,0.0850309369251585
2016-06-27,106.88,-0.0016841317365269282,0.008514221556886303,-0.011087200598802416,-0.00842065868263464,0.7072151570205034
2016-06-28,109.37,-0.009051842369936947,0.004388772058151247,-0.013394898052482396,-0.022766755051659593,0.4307330975390129
2016-06-29,113.01,-0.02822759047871881,0.0016812671445005645,-0.028847004689850464,-0.03220953897885148,-0.551302717900656
2016-06-30,113.92,-0.010358146067415808,0.0073735955056180025,-0.0192240168539326,-0.007988061797752799,-0.10425123873201603
2016-07-04,113.76,-0.004395218002812951,0.005450070323487877,-0.007296061884669469,0.0014064697609001975,1.0261417156162356
2016-07-05,113.45,0.0011458792419567487,0.0071397091229616905,-0.00568532393124721,0.002732481269281717,0.04916719543147208
2016-07-06,114.85,-0.012276882890727037,0.0031345232912494136,-0.012276882890727037,-0.012189812799303312,-0.3361065767995366
2016-07-07,114.86,0.009925126240640791,0.012885251610656567,-0.0006094375761795945,-8.706251088286265e-05,-0.009492515516611899
2016-07-10,115.15,0.0014763352149369524,0.0064264003473728515,-0.0033868866695614397,-0.002518454190186814,0.275478978179883
2016-07-11,117.84,-0.015105227427019696,0.0016972165648336812,-0.024100475220638184,-0.022827562797012924,-0.38863989458186576
2016-07-12,118.2,0.005245346869712231,0.008248730964466988,-0.00939086294416247,-0.003045685279187804,0.055238683816366096
2016-07-13,117.94,0.010852976089537059,0.01136170934373415,-0.0010174665083941825,0.0022045107681871734,0.9866057345531123
2016-07-14,116.75,0.013361884368308319,0.01421841541755886,-0.0017987152034261156,0.010192719486081359,-0.0620106683300945
2016-07-17,116.4,0.0053264604810996374,0.0053264604810996374,-0.007474226804123796,0.0030068728522336663,-0.22801049544682817
2016-07-18,117.46,-0.007406776775072288,0.004255916907883517,-0.007789885918610517,-0.009024348714455899,0.8188811031756726
2016-07-19,118.76,-0.003199730549006463,0.0019366790165038505,-0.006820478275513686,-0.010946446615021976,-0.30258129189900385
2016-07-20,116.73,0.015591536023301655,0.016105542705388443,-0.0024415317399126835,0.017390559410605633,0.5422932444347817
2016-07-21,118.95,-0.01967213114754096,0.0016813787305591799,-0.01967213114754096,-0.018663303909205564,-0.476926673321624
2016-07-24,117.77,0.009934618323851563,0.015793495796892154,-0.011038464804279502,0.010019529591576815,0.7684099974302538
2016-07-25,117.6,0.0029761904761904656,0.010459183673469319,-0.0054421768707483276,0.0014455782312925436,0.030950516033910747
2016-07-26,117.51,0.00348906476044597,0.006382435537401143,-0.003872010892689959,0.0007658922644879773,-0.15914263852702737
2016-07-27,115.6,0.016435986159169635,0.03624567474048446,-0.0014705882352940014,0.016522491349481028,-0.5995368844033993
2016-07-28,126.64,-0.05243209096651924,0.027795325331648746,-0.06127605811749848,-0.08717624763108023,-0.7056511275311224
2016-07-31,130.22,-0.029334971586545744,0.0004607587160190274,-0.03186914452465062,-0.027491936722469634,1.8618627841781623
2016-08-01,128.56,0.011200995644057299,0.018901680149346678,-0.001244555071561848,0.01291225886745484,-0.08233713821401478
2016-08-02,128.63,-0.003809375728834663,0.002332270854388696,-0.004509056985151139,-0.0005441965326905551,0.5855959076365747
2016-08-03,127.96,0.005392310096905328,0.005407939981244114,-0.0017192872772741064,0.0052360112535168035,0.3042262428849565
2016-08-04,129.1,-0.0013942680092952076,0.0014717273431448241,-0.00549961270333077,-0.008830364058869056,0.17017355467843043
2016-08-07,127.8,0.0072769953051643466,0.009702660406885721,-0.0021909233176838905,0.010172143974960912,-0.23260151782582306
2016-08-08,127.52,-0.0023525721455457393,0.007685069008783074,-0.003372020075282256,0.0021957340025093863,-0.13128503780092005
2016-08-09,127.51,0.0010195278801661267,0.0061171672809974265,-0.006509293388753834,7.842522155110387e-05,0.47407861619524994
2016-08-10,127.55,0.0008624068992550971,0.008702469619756847,-0.00015680125440997728,-0.00031360250881995455,0.5754821895957134
2016-08-11,126.83,0.004730741938027361,0.005124970432862863,-0.0003942284948356134,0.0056768903256327885,0.09620973303122837
2016-08-14,127.45,-0.008944684189878371,0.003985876814436962,-0.008944684189878371,-0.004864652805021574,-0.3116624426795054
2016-08-15,125.61,0.01273783934400119,0.01273783934400119,-0.000398057479500058,0.014648515245601512,-0.07240576793043263
2016-08-16,125.28,0.0008780332056192997,0.004709450830140405,-0.00391123882503186,0.002634099616858121,0.48887900355871894
2016-08-17,126.33,-0.00973640465447645,0.00158315522837027,-0.00973640465447645,-0.00831156494894325,-0.06162532680097543
2016-08-18,127.06,-0.0024397922241461423,0.00247914371163227,-0.012749881945537611,-0.005745317172989206,-0.2327194572042648
2016-08-21,126.9,-0.00047281323877068626,0.0007092198581559739,-0.008274231678487065,0.0012608353033884967,0.3297729259599651
2016-08-22,127.29,-0.0010212899677901621,0.0101343389111479,-0.00400659910440726,-0.0030638699033702643,-0.4868022202410054
2016-08-23,125.92,0.010006353240152421,0.014533036848792813,-0.0007941550190597724,0.010879923761118127,0.48023431047841236
2016-08-24,127.81,-0.016587121508489178,0.009388936702918294,-0.016587121508489178,-0.014787575307096512,-0.48342078526409316
2016-08-25,126.75,0.0101775147928993,0.01775147928994092,-0.006706114398422058,0.008362919132149926,0.5792716386394103
2016-08-28,127.14,-0.0010224948875254825,0.007393424571338736,-0.0022022966808242783,-0.0030674846625766694,0.15694688878709706
2016-08-29,128.26,-0.004054264774676408,0.0013254327147982359,-0.008654295961328384,-0.008732262591610751,-0.18004085397996838
2016-08-30,127.94,0.005080506487415981,0.005627637955291531,-0.005158668125683885,0.0025011724245740385,-0.06900845965560187
2016-08-31,129.95,-0.019084263178145378,0.0,-0.019084263178145378,-0.015467487495190335,-0.3782862242699081
2016-09-01,132.36,-0.017225747960108784,0.0,-0.017225747960108784,-0.0182079177999398,0.7156757534909894
2016-09-05,132.71,-0.004144374952904872,0.0009042272624519843,-0.010850727149423589,-0.0026373295154848986,0.24212203230027707
2016-09-06,132.51,-0.0030186401026336407,0.0019621160667120385,-0.009206852313032976,0.0015093200513169869,-0.4313899480069324
2016-09-07,132.87,-0.006773538044705374,0.000602092270640453,-0.007751937984496138,-0.0027094152178822606,0.8649158794732124
2016-09-08,128.51,0.023577931678468556,0.027234456462531975,-0.0002334448681036161,0.033927320831063756,-0.35504599905500434
2016-09-11,131.73,-0.029681925149927846,0.00045547711227511556,-0.029681925149927846,-0.024443938358764128,0.21964365618516868
2016-09-12,127.45,0.02102785406041585,0.027854060415849258,-0.0012553942722636213,0.033581796783052065,-0.5261017079847322
2016-09-13,128.18,-0.00741145264471843,0.011546263067561124,-0.00741145264471843,-0.005695116242783627,0.0024348767102109203
2016-09-14,131.37,-0.02298850574712652,0.0017507802390195337,-0.02298850574712652,-0.02428256070640178,0.3372382486454826
2016-09-15,129.43,0.012130108939194972,0.015452368075407508,-0.0013907131267867356,0.014988797033145262,-0.20969257161529242
2016-09-18,129.45,0.008729239088451246,0.021551950560061872,-0.0005407493240633388,-0.0001544998068750969,0.710977811426242
2016-09-19,128.87,0.012338015053930285,0.013424381159307774,-0.000155195157911181,0.004500659579421029,0.7880125788783139
2016-09-20,128.36,-0.005141788719227214,0.0014023060143344424,-0.023917108133374887,0.003973200373948105,-0.5396084221830175
2016-09-21,129.57,-0.0016979239021378545,0.0023925291348305677,-0.012734429266033742,-0.009338581461757922,0.10957322879043363
2016-09-22,128.47,0.00420331594924872,0.008406631898497885,-0.0003891959212268814,0.008562310266988282,0.8763836349299823
2016-09-25,127.94,0.0006252931061436762,0.007347193997186086,-0.004220728466468593,0.004142566828200689,-0.3259212411946364
2016-09-26,127.49,0.0018825005882814327,0.007294689779590469,-0.005412189191309147,0.003529688603027603,-0.09388469252763199
2016-09-27,127.39,0.0017269801397283846,0.00910589528220429,-0.007457414239736226,0.0007849909726038717,-0.22524560740600796
2016-09-28,125.17,0.01685707437884476,0.018854358073020716,-0.00039945673883512445,0.0177358792042821,0.7044228694714132
2016-09-29,124.59,0.010675014046071185,0.010675014046071185,-0.0026486876956416383,0.004655269283249108,-0.46839278454197253
2016-10-02,124.24,-0.0040244687701223025,0.014166130070830674,-0.006600128783000536,0.002817128139085634,0.32724236451523114
2016-10-03,122.82,0.010828855235303747,0.013067904250122053,-0.002524018889431545,0.011561634912880647,0.017829784527863435
2016-10-04,122.16,0.01064178127046489,0.028650949574328788,-0.008104125736738688,0.005402750491159125,0.13386606182971916
2016-10-05,123.4,-0.00972447325769854,0.002593192868719507,-0.018638573743922304,-0.010048622366288562,-0.06563030202801612
2016-10-06,122.07,0.010731547472761616,0.010731547472761616,-0.005927746375030685,0.010895387892193131,0.15938190158998422
2016-10-09,121.89,0.007465747805398326,0.015915989826893018,-0.0009844942160964765,0.0014767413241447702,-0.32257195499174973
2016-10-10,119.66,0.010947685107805416,0.015376901220123695,-0.005682767842219549,0.018636135717867264,-0.03670183926262671
2016-10-11,120.75,-0.00795031055900619,0.003395445134575459,-0.014409937888198665,-0.009026915113871659,0.5741547215231426
2016-10-12,120.28,-0.007482540738277366,0.009145327569005657,-0.007482540738277366,0.0039075490522115786,0.03732037865201687
2016-10-13,120.85,0.0,0.00364087712039729,-0.007116259826230875,-0.004716590815059929,-0.03217230823312289
2016-10-16,121.46,-0.00304627037707883,0.0034571052198255625,-0.005672649431911703,-0.005022229540589507,0.043969570702244054
2016-10-17,122.13,0.001637599279456392,0.006796037009743738,-0.0018013592074019869,-0.005485957586178647,-0.0168155030368633
2016-10-18,122.79,-0.0047235116866195526,0.004153432689958381,-0.013437576349865643,-0.005375030539946368,0.27794962439239956
2016-10-19,123.27,-0.005191855277034141,0.0006489819096293648,-0.012574024499067082,-0.0038938914577755224,-0.3629253365973072
2016-10-20,123.49,-0.010122277107458055,0.00024293465057900754,-0.010304478095392255,-0.001781520770912648,-0.23084164940689134
2016-10-23,123.64,0.011404076350695513,0.011484956324814055,-0.013264315755418976,-0.001213199611776128,-0.07201453744878261
2016-10-24,122.47,0.009553360006532285,0.022454478647832232,-0.012615334367600206,0.009553360006532285,0.13302218768714513
2016-10-25,122.32,-0.004087638979725305,0.007030739045127632,-0.004087638979725305,0.001226291693917636,0.2520154419100378
2016-10-26,119.81,0.02662549035973627,0.02662549035973627,-0.0062599115265837835,0.020949837242300262,-0.26769070200117984
2016-10-27,119.17,0.004279600570613384,0.018377108332634062,-0.0006713098934295614,0.005370479147436491,0.29882300243415116
2016-10-30,120.68,-0.007623467020218766,0.009529333775273319,-0.013506794829300728,-0.012512429565793903,-0.07456637940438526
2016-10-31,116.91,0.03164827645197166,0.03164827645197166,-0.006500727054999489,0.032247027628090175,-0.11731854333968839
2016-11-01,115.72,0.010369858278603594,0.0204804701002419,-0.0005184929139302463,0.010283442792948572,0.18788031294322183
2016-11-02,115.09,0.009123294812755312,0.011469284907463573,-0.0026935441828134232,0.005473976887653054,0.10967545407237234
2016-11-03,113.62,0.012497799683154343,0.018394648829431315,-0.00035205069530019895,0.012937863052279619,-0.4787961379565835
2016-11-06,117.53,-0.020505402875861445,0.00799795796817837,-0.023185569641793524,-0.03326810176125239,-0.22094323675232175
2016-11-07,114.82,0.03039540149799702,0.04023689252743434,-0.04398188468907849,0.023602159902456066,-0.6027247487776712
2016-11-08,114.62,-0.019106613156517183,0.0015704065608095341,-0.02947216890595017,0.0017448961786772355,2.8126805202104572
2016-11-09,113.19,0.01599081190917917,0.02871278381482467,-0.004240657301881834,0.01263362487852282,-0.23683622618129174
2016-11-10,114.01,-0.007192351548109932,0.005525831067450193,-0.011051662134900497,-0.007192351548109932,-0.04151011271884242
2016-11-13,112.32,0.02297008547008561,0.027065527065527117,-0.006677350427350404,0.015046296296296502,0.5879187389209015
2016-11-14,111.42,0.0029617662897145625,0.011936815652486166,-0.011129061209836588,0.008077544426494221,-0.4501181667697094
2016-11-15,113.0,-0.01522123893805305,0.000353982300884903,-0.020044247787610603,-0.013982300884955778,0.597820328464391
2016-11-16,114.29,-0.00892466532505043,0.005512293289001713,-0.00892466532505043,-0.011287076734622481,0.1723060687001512
2016-11-17,114.26,0.003675827061088821,0.00603885874321719,-0.006038858743217301,0.00026255907579209037,0.30571679430271703
2016-11-20,114.59,0.003577973645169763,0.003796142769875166,-0.008464962038572277,-0.0028798324461122293,0.048892640842143065
2016-11-21,116.08,-0.012146795313576764,0.001033769813921559,-0.022829083390764948,-0.012835975189524396,-0.3609960032366427
2016-11-22,116.4,-0.006958762886597913,0.003951890034364247,-0.007302405498281872,-0.0027491408934708916,0.27020166627734943
2016-11-24,117.29,-0.007076477108022949,0.0,-0.014238212976383391,-0.007588029670048568,1.1095366892609584
2016-11-27,116.76,0.0008564576909899646,0.008307639602603611,-0.0024837273038712526,0.004539225762247412,-0.3649708635244705
2016-11-28,117.73,-0.006200628556867427,0.003907245391998604,-0.00857895183895363,-0.008239191370084109,-0.2939784471119621
2016-11-29,113.69,0.03711848007740337,0.03711848007740337,-0.0010555018031489505,0.03553522737268011,-0.40812299859938284
2016-11-30,112.98,0.0075234554788456975,0.015268189060010595,-0.006594087449106056,0.006284298105859287,0.15571571060594347
2016-12-01,112.5,0.0032000000000000917,0.011200000000000099,-0.004444444444444473,0.004266666666666641,0.6040974201229334
2016-12-04,115.21,-0.02005034285218288,0.0012151722940716425,-0.02664699244857216,-0.023522263692387746,-0.3361003419121329
2016-12-05,116.26,-0.0036125924651643215,0.004816789953552281,-0.01780405986581801,-0.00903148116291086,-0.0371431523124075
2016-12-06,120.0,-0.03299999999999992,0.0001666666666666483,-0.03516666666666668,-0.031166666666666676,0.3350773304889936
2016-12-07,121.48,-0.014981890023049171,0.0033750411590385276,-0.016792887718142913,-0.012183075403358612,0.020062842939548853
2016-12-08,122.15,-0.002210397052804014,0.007204257060990482,-0.005812525583299255,-0.0054850593532541625,-0.17432080790557913
2016-12-11,122.05,-0.0043424825891028584,0.009586235149528832,-0.01179844326095858,0.0008193363375665896,0.37666186896956133
2016-12-12,121.67,0.002712254458781871,0.012574997945261845,-0.0012328429358100523,0.0031232021040519253,-0.22908113572758315
2016-12-13,120.49,0.012532160345256838,0.015436965723296447,-0.0019080421611752385,0.00979334384596231,-0.0005626976629564684
2016-12-14,120.8,-0.005877483443708531,0.01059602649006619,-0.011672185430463555,-0.00256622516556293,0.177321083172147
2016-12-15,120.91,0.0016541229013316006,0.01463898767678451,-0.0026465966421304055,-0.0009097675957323581,-0.489212453533894
2016-12-18,121.3,-0.002473206924979321,0.006183017312448413,-0.005441055234954639,-0.003215169002473206,2.494251980736368
2016-12-19,121.29,-0.0014015994723390879,0.0032978811113859585,-0.009481408195234575,8.244702778448243e-05,0.4022777058346545
2016-12-20,121.24,-0.0016496205872648106,0.0032992411745298433,-0.007670735730781808,0.00041240514681639695,0.03702448636369349
2016-12-21,120.74,0.007122743084313488,0.007122743084313488,-0.011015405002484657,0.0041411297001821,-0.13762014027188496
2016-12-22,120.97,0.0011573117301810765,0.0038439282466726787,-0.010911796313135436,-0.0019012978424403082,0.8793376998494773
2016-12-26,121.4,0.00016474464579907533,0.006342668863261958,-0.006013179571663918,-0.0035420098846787873,-0.09030013693053551
2016-12-27,119.34,0.019943019943019946,0.024090832914362315,-0.0013407072230601225,0.0172616054968997,-0.4888968752364379
2016-12-28,120.52,-0.010288748755393207,0.0025307002987056126,-0.020328576169930335,-0.009790906073680605,0.28115155333688757
2016-12-29,119.22,0.015517530615668518,0.015517530615668518,-0.003019627579265216,0.010904210702902262,-0.4607690046061873
2017-01-02,120.17,-0.0029125405675294314,0.00149787800615786,-0.010152284263959421,-0.00790546725472252,-0.23662199434405506
2017-01-03,123.47,-0.020895764153235574,0.003239653357090866,-0.021341216489835668,-0.026727140195998977,-0.13307591860736612
2017-01-04,123.0,0.003089430894308798,0.012682926829268304,-0.019512195121951237,0.0038211382113821912,0.5565621214160721
2017-01-05,122.51,0.005795445269773936,0.011999020488123513,-0.006938209125785688,0.003999673496041023,-0.3682661972669371
2017-01-08,121.54,0.0016455487905215893,0.009544182985025573,-0.004401843014645523,0.007980911634029919,-0.2902524918748133
2017-01-09,122.04,-0.005571943625040987,0.006473287446738807,-0.0103244837758113,-0.004097017371353706,0.3421071816223047
2017-01-10,122.69,-0.00586844893634364,0.006765017523840511,-0.009373217051104388,-0.005297905289754601,0.790940412722591
2017-01-11,122.91,-0.005776584492718229,0.0015458465543893851,-0.017004312098283347,-0.0017899275892929722,0.21362171869223046
2017-01-12,124.71,-0.01299013711811392,0.004730975864004616,-0.01299013711811392,-0.014433485686793368,-0.1731291353369776
2017-01-16,122.75,0.009938900203666057,0.017678207739307616,-0.002118126272912413,0.01596741344195518,-0.21821989290449606
2017-01-17,123.03,0.0032512395350727807,0.008615784767942891,-0.002600991628058269,-0.002275867674550902,0.34827141739170475
2017-01-18,122.38,0.007762706324562885,0.010050661872855082,-0.006537015852263406,0.005311325379964149,0.04303777208706783
2017-01-19,123.12,-0.0021117608836906943,0.006254061078622364,-0.008284600389863672,-0.006010396361273651,-0.11647211046926809
2017-01-22,123.3,-0.0013787510137874825,0.011192214111922283,-0.005028386050283773,-0.0014598540145984717,-0.0543710092601879
2017-01-23,124.98,-0.008161305808929487,0.002880460873739832,-0.01572251560249638,-0.013442150744119141,-0.001875258598828089
2017-01-24,125.61,0.0026271793647001385,0.005413581721200655,-0.005015524241700486,-0.005015524241700486,0.23033343459804745
2017-01-25,125.85,-0.0027016289233213753,0.004370282081843646,-0.006833531982518903,-0.0019070321811680557,-0.03688210221656374
2017-01-26,125.51,0.006533343956656834,0.009481316229782433,-0.0047008206517409334,0.002708947494223457,0.14614980241453068
2017-01-29,123.46,0.016037583022841417,0.016037583022841417,-0.0024299368216426087,0.016604568281224807,-0.40539142244306237
2017-01-30,123.3,0.001946472019464851,0.010705596107056126,-0.008678021086780174,0.0012976480129764933,0.20707510961345799
2017-01-31,120.94,0.027947742682321808,0.05002480568877132,-0.00504382338349596,0.019513808500082774,-0.6380098808923886
2017-02-01,123.93,-0.022189945937222677,0.0022593399499717393,-0.035463568143306756,-0.024126523037198533,0.41885150870205856
2017-02-02,124.54,0.003372410470531495,0.0077083667897863695,-0.0019270916974466479,-0.004898024731010087,1.174665223172442
2017-02-05,123.69,0.0004850836769343392,0.009782520818174545,-0.005821004123211293,0.006872018756568954,-0.282483460453671
2017-02-06,123.31,0.005757846078987772,0.008596220906658125,-0.0067310031627605404,0.0030816640986133237,0.8914790600439804
2017-02-07,122.97,0.00024396194193698761,0.0048792388387410845,-0.006099048548426467,0.002764902008620007,0.039751056063650925
2017-02-08,125.43,-0.018177469504903176,0.0024714980467190895,-0.018177469504903176,-0.01961253288686926,-0.203319637649788
2017-02-09,126.81,-0.006150934468890479,0.004731488052992727,-0.010172699313934275,-0.010882422521883095,-0.045211355482764004
2017-02-12,126.77,0.005442928137571856,0.007020588467302913,-0.0026820225605426185,0.0003155320659462557,0.28614847582076974
2017-02-13,128.46,-0.017125953604234856,0.0019461310913904128,-0.03386268099019152,-0.013155846177798636,-0.5428604181951577
2017-02-14,128.8,-0.007608695652174036,0.002406832298136763,-0.013082298136646076,-0.0026397515527950555,1.2584687399674817
2017-02-15,128.79,0.0013976240391335715,0.0131997825918162,-0.0025623107384112886,7.764577995206245e-05,-0.4377161823793164
2017-02-16,129.87,-0.005852005852005737,0.0,-0.010087010087010073,-0.008316008316008427,0.13013721167450898
2017-02-20,131.22,-0.005029721079103822,0.00022862368541387568,-0.009068739521414404,-0.010288065843621408,0.3299636777383923
2017-02-21,130.72,0.004130966952264226,0.008032435740514154,-0.002677478580171311,0.003824969400244793,-0.2931820571987108
2017-02-22,130.95,0.003436426116838698,0.003436426116838698,-0.012142038946162503,-0.0017563955708285173,0.27698384484733585
2017-02-23,132.37,-0.017224446626879164,0.005590390571881931,-0.021455012465060097,-0.01072750623253016,-0.36579708111845366
2017-02-26,131.95,-0.0009852216748768017,0.009018567639257347,-0.0053050397877982824,0.0031830238726791027,0.1631933517488957
2017-02-27,130.07,0.004766664103944107,0.01814407626662584,-0.031290843392019596,0.014453755670023716,0.008599255867537403
2017-02-28,132.08,-0.002574197456087224,0.006776196244699939,-0.005829800121138762,-0.015218049666868683,-0.4084313595949832
2017-03-01,131.68,0.002430133657351119,0.009948359659781358,-0.0030376670716889542,0.0030376670716889542,1.0414040318001136
2017-03-02,131.79,0.0006070263297670575,0.0018969572805220825,-0.01176113513923649,-0.0008346612034295653,0.3219728248629983
2017-03-05,130.69,0.0032137118371720064,0.007728211798913476,-0.0019129237126023213,0.008416864335450303,-0.17227452076925465
2017-03-06,129.67,0.0057067941698156766,0.012955965142284365,-0.0012339014421223204,0.007866121693529848,0.17220532804049737
2017-03-07,129.8,0.0017719568567025057,0.008975346687211117,-0.0010785824345147521,-0.0010015408320495078,-0.005631201564423871
2017-03-08,129.63,0.004088559746972198,0.008053691275167862,-0.00385713183676617,0.0013114248245005289,0.18299239584448967
2017-03-09,128.9,0.012024825446082188,0.014197051978277697,-0.002870442203258383,0.005663304887509657,-0.2987344624281798
2017-03-12,130.34,-0.010894583397268787,0.0012275586926500104,-0.013886757710603104,-0.011048028233849871,0.6832064928826074
2017-03-13,129.92,0.0019242610837437724,0.004079433497536922,-0.00969827586206895,0.003232758620689724,0.02495594485332231
2017-03-14,131.45,-0.00935717002662606,0.0013693419551159547,-0.017801445416507966,-0.01163940661848617,-0.4745821561085203
2017-03-15,131.82,-0.003565468062509458,0.002168108026096238,-0.011303292368381013,-0.0028068578364436325,0.5974095180093961
2017-03-16,131.69,0.0015946541119296054,0.004708026425696676,-0.004062571189915709,0.000987166831194486,-0.6773647996687755
2017-03-19,130.71,0.0045903144365389,0.0045903144365389,-0.00634993497054559,0.007497513579680204,1.9844808628724016
2017-03-20,128.31,0.023536746941002384,0.02493959940768442,-0.0014807887148312604,0.01870469955576337,-0.32191775958418245
2017-03-21,127.16,0.006055363321799456,0.00986945580371179,-0.007156338471217327,0.00904372444164836,-0.03378271757401119
2017-03-22,126.98,-7.875255945821724e-05,0.018270593794298406,-0.018813986454559894,0.0014175460702472442,0.1906726354828696
2017-03-23,126.85,0.005439495467087108,0.014426487977926783,-0.006464327946393289,0.0010248324793062924,0.40084224017577186
2017-03-26,126.91,-0.0077220077220075956,0.004018595855330487,-0.015050035458198718,-0.0004727759829801226,-0.037694501646312606
2017-03-27,127.23,-0.005737640493594265,0.003851292934056394,-0.014226204511514573,-0.002515130079383865,-0.21552044368807066
2017-03-28,128.22,-0.009748869131180782,0.0018717828731866781,-0.010918733426922511,-0.007721104351895103,0.6739259323528985
2017-03-29,128.4,0.0042834890965730565,0.005763239875389292,-0.007398753894081067,-0.0014018691588785215,0.10070671378091878
2017-03-30,128.95,-0.006514152772392201,0.0050407134548275945,-0.007871267933307391,-0.004265219077161597,-0.5712033415917607
2017-04-02,127.94,0.004377051743004623,0.010161012974831962,-0.011138033453181206,0.007894325465061636,-0.023753681320877962
2017-04-03,127.7,-0.002114330462020364,0.006342991386061092,-0.00493343774471422,0.0018794048551291631,0.2512881225925865
2017-04-04,125.93,0.01596124831255441,0.022155165568172652,-0.00119113793377279,0.014055427618518301,0.10145646224769034
2017-04-05,127.73,-0.014561966648398927,0.0003914507163547132,-0.015814608940734387,-0.014092225788773116,-0.07930737101983532
2017-04-06,128.5,-0.006459143968871595,0.006614785992217875,-0.009338521400778177,-0.005992217898832641,0.1676423839752006
2017-04-09,128.11,0.001951447974396947,0.006127546639606463,-0.008118023573491673,0.0030442588400592108,0.15958238411960668
2017-04-10,129.75,-0.015568400770712865,7.707129094414178e-05,-0.02304431599229284,-0.012639691714836143,-0.2625264881932309
2017-04-11,128.16,0.009519350811485694,0.01466916354556802,-0.0019506866416978408,0.012406367041198463,0.005125376553948069
2017-04-12,126.03,0.0150757756089821,0.020312623978417932,-0.00031738474966280794,0.01690073791954294,0.5427767231786345
2017-04-16,128.08,-0.014756402248594758,0.00031230480949395734,-0.01717676452217376,-0.01600562148657103,-0.3622732244086928
2017-04-17,128.5,-0.009338521400778177,0.0021789883268481525,-0.011750972762645917,-0.0032684824902722287,0.46715417876260124
2017-04-18,128.8,0.001630434782608603,0.005745341614906696,-0.0027562111801243683,-0.0023291925465839247,0.054508583164339486
2017-04-19,130.38,-0.006979598097867745,0.0036815462494248496,-0.009203865623561791,-0.012118423071023066,-0.38077184563087385
2017-04-20,130.19,-0.0029956217835470644,0.012289730394039466,-0.005645594899761797,0.0014594054842922421,-0.13387599584343612
2017-04-23,132.73,-0.00308897762374738,0.003917727717923647,-0.009794319294808895,-0.019136593083703746,-0.1513266583964865
2017-04-24,133.59,0.0012725503405943694,0.008832996481772604,-0.00426603787708657,-0.00643760760535983,0.3285504506897037
2017-04-25,133.57,-0.0012727408849291244,0.00539043198322986,-0.007112375533428028,0.000149734221756459,-0.055959886443240014
2017-04-26,133.47,0.003521390574660943,0.00944032366823988,-0.005094777852701071,0.0007492320371618177,-0.1267715369310316
2017-04-27,135.48,-0.013876586950103298,0.015426631237082988,-0.03314142308827861,-0.014836138175376323,-0.3808559411565372
2017-04-30,137.37,-0.012666521074470527,0.003494212710198674,-0.022195530319574885,-0.013758462546407668,0.09153136844487197
2017-05-01,137.98,-0.0036961878533120496,0.007319901434990728,-0.009095521090012992,-0.004420930569647652,0.19467752165278607
2017-05-02,137.6,-0.0031976744186046346,0.00545058139534893,-0.007267441860465129,0.002761627906976649,0.4183620047634147
2017-05-03,137.49,0.0030547676194632167,0.010982616917593946,-0.002109244308677094,0.0008000581860498901,0.0987628314712341
2017-05-04,137.91,-0.0002175331738090147,0.0006525995214270441,-0.007468638967442542,-0.003045464433325984,-0.06498238703079429
2017-05-07,137.08,0.004158155821418097,0.00765976072366481,-0.007805660927925451,0.00605485847680165,0.22787353381640263
2017-05-08,137.02,0.000729820464165698,0.007079258502408425,-0.003503138227996083,0.00043789227849955203,0.4264465880292436
2017-05-09,137.21,-0.005174549959915509,0.0030610013847385265,-0.009620290066321813,-0.0013847387216675555,-0.14533413469716383
2017-05-10,135.72,0.006336575302092751,0.006336575302092751,-0.004641909814323553,0.010978485116416303,0.40649472861540414
2017-05-11,134.9,0.0004447739065975842,0.004002965159377148,-0.003409933283914035,0.006078576723498763,-0.09017428277053008
2017-05-14,135.58,-0.00427791709691705,0.0017384569995573251,-0.00427791709691705,-0.005015489010178564,-0.2890055921256268
2017-05-15,135.8,0.001767304860088137,0.003092783505154628,-0.0047864506627394166,-0.0016200294550809957,0.26412854925591156
2017-05-16,132.17,0.011424680335931248,0.031550276159491686,-0.00015132026934994158,0.02746462888703971,-0.46516316252075285
2017-05-17,131.54,0.0011403375399119398,0.017865288125284984,-0.0012923825452333393,0.004789417667629525,0.12564289808642126
2017-05-18,133.2,-0.009084084084083899,0.005630630630630629,-0.009459459459459363,-0.01246246246246241,0.12525513134294064
2017-05-21,131.99,0.008561254640502947,0.0150768997651336,-0.005909538601409192,0.009167361163724408,-0.6674590115766587
2017-05-22,132.17,0.002345464174926315,0.009381856699705038,-0.007792993871529097,-0.0013618824241505845,1.122349713145423
2017-05-23,132.9,-0.0035364936042137085,0.0021820917983446098,-0.007524454477050413,-0.005492851768246987,-0.023683409436834113
2017-05-24,132.96,0.004437424789410338,0.00902527075812265,-0.00030084235860428077,-0.0004512635379061436,0.20717026061648358
2017-05-25,133.53,-0.003444918744851422,0.006375346364112966,-0.014378791282857684,-0.004268703662098305,-0.32463368145177307
2017-05-29,132.71,0.004069022681033818,0.012056363499359568,-0.0005741843116570111,0.006178886293421781,0.5361693366985139
2017-05-30,132.66,0.0036936529473843294,0.007311925222373006,-0.006181215136438989,0.00037690336197804264,-0.36132714531296417
2017-05-31,133.94,-0.003509033895774172,0.0037703449305659387,-0.010900403165596595,-0.009556517843810619,-0.45745779863296365
2017-06-01,138.24,-0.03002025462962965,0.0005787037037034981,-0.03002025462962965,-0.03110532407407418,0.6384758243613553
2017-06-04,136.57,0.010470820824485694,0.014937394742623011,-0.0009518928022259621,0.012228161382441316,1.4496230076671015
2017-06-05,135.72,-0.0008841732979664174,0.006267315060418666,-0.003978779840848712,0.00626289419392867,-0.15610066044996507
2017-06-06,134.62,0.008393997920071339,0.01166245728717863,-0.0005199821720397457,0.008171148417768448,0.07486605296318749
2017-06-07,134.23,0.005140430604186896,0.013558816955971276,-0.005736422558295318,0.0029054607762797335,-0.3165627958346482
2017-06-08,133.1,0.009241172051089652,0.0161532682193839,-0.01262208865514658,0.008489857250187693,-0.5118873803480376
2017-06-11,134.15,-0.009467014535967322,0.0,-0.020872158032053778,-0.007827059262020208,-0.09377926149086024
2017-06-12,135.28,-0.003696037847427558,0.0008131283264338762,-0.01101419278533422,-0.008353045535186232,0.4592727442468376
2017-06-13,134.53,0.006392626180034,0.018434549914517095,-0.005128967516539018,0.005574964691890338,0.30167699598979225
2017-06-14,134.74,-0.01180050467567173,0.0012616891791596974,-0.018108950571470994,-0.0015585572213151488,0.17450369793694054
2017-06-15,135.4,-0.009748892171344115,0.0007385524372229835,-0.01669128508124096,-0.004874446085672113,-0.5463121304256966
2017-06-18,136.41,-0.0021992522542334525,0.0022725606627080897,-0.01158272853896325,-0.00740414925591959,0.257938271056412
2017-06-19,134.01,0.01365569733601979,0.01910305201104401,-0.0003731064845905463,0.01790911126035377,0.7077819018773435
2017-06-20,133.78,0.004111227388249539,0.013753924353416158,-0.0028404843773358612,0.0017192405441768255,-0.3236350728331808
2017-06-21,135.18,-0.008507175617694984,0.005326231691078487,-0.014499186270158337,-0.010356561621541638,0.11524904726245944
2017-06-22,136.42,-0.00894297023896784,0.003591848702536371,-0.01334115232370614,-0.00908957630845908,-0.2132900064164862
2017-06-25,136.7,0.002194586686174116,0.006803218727139848,-0.006217995610826588,-0.0020482809070958563,0.4174680339552794
2017-06-26,137.69,-0.0073353184690245765,0.006899556975815235,-0.02149756699832961,-0.007190064637954907,-0.24218960979286497
2017-06-27,140.29,-0.010264452206144359,0.0024948321334379298,-0.01945969064081543,-0.018533038705538463,0.44376229326939853
2017-06-28,138.21,0.01295130598364791,0.013593082989653338,-0.01316836697778756,0.015049562260328386,0.2555859186625944
2017-06-29,139.41,-0.004447313679076137,0.007603471773904413,-0.004447313679076137,-0.008607703894985885,-0.14218380790613427
2017-07-02,138.46,0.01032789253213906,0.013180702007800082,-0.0010111223458039165,0.006861187346526076,0.8449645570498514
2017-07-04,138.92,-0.0033832421537575152,0.005398790670889664,-0.016700259141952167,-0.0033112582781456013,-0.4767880155613773
2017-07-05,138.18,-0.0014473874656246721,0.012447532204371115,-0.006585612968591614,0.00535533362281071,-0.1866612864334467
2017-07-06,140.58,-0.015009247403613646,0.006757718025323545,-0.015009247403613646,-0.01707212974818617,0.14097302153224223
2017-07-09,139.62,0.004154132645752595,0.009525855894570778,-0.001611516974645455,0.006875805758487452,0.26971170297707303
2017-07-10,139.87,0.0005004647172373033,0.002323586187173765,-0.013655537284621433,-0.0017873739901337338,0.042992044018142606
2017-07-11,142.54,-0.009541181422758394,0.00315700855900114,-0.009541181422758394,-0.01873158411673903,0.10872038383538607
2017-07-12,141.54,0.00536950685318649,0.007524374735057293,-0.0014836795252224366,0.007065140596297814,0.32027950716182674
2017-07-13,141.84,-0.002185561195713448,0.006309926677947164,-0.0027495769881558108,-0.002115059221658333,0.008617755870503174
2017-07-16,141.64,0.0013414289748661101,0.005436317424456494,-0.0038830838746115592,0.0014120304998588296,-0.06060762313340484
2017-07-17,141.55,-0.0037442599788061193,0.004450724125750538,-0.0038855528081950252,0.0006358177322498548,0.07110271619666197
2017-07-18,143.11,-0.008105652994200407,0.003982950178184508,-0.008175529313115937,-0.010900705750821027,-0.19811688426721463
2017-07-19,142.75,0.0032224168126095964,0.008616462346759945,-0.0070753064798598775,0.0025218914185640706,0.2172159868896293
2017-07-20,142.41,0.004915385155537022,0.007724176672986305,-0.00498560494347311,0.00238747278983209,-0.25429329474192
2017-07-23,144.05,-0.010621312044429065,0.0011801457827143036,-0.013884068031933317,-0.01138493578618549,0.43357691155113987
2017-07-24,145.54,-0.0051532224817919525,0.001511611927992318,-0.010237735330493214,-0.010237735330493214,-0.507411928350413
2017-07-25,145.35,0.002407980736154114,0.005366357069143346,-0.0041279669762641635,0.0013071895424836555,0.7343633069439521
2017-07-26,143.99,0.01243141884853105,0.01632057781790408,-0.006701854295437237,0.009445100354191105,-0.2419496902291558
2017-07-27,142.72,0.005745515695067205,0.012261771300448476,-0.00721692825112108,0.008898542600896953,-0.5769733559840098
2017-07-30,142.55,0.004559803577691923,0.016345142055419037,-0.02358821466152239,0.0011925640126271286,0.6176261767214739
2017-07-31,143.12,-0.023057574063722774,0.027249860257126945,-0.04625489100055902,-0.0039826718837339126,-0.30424043840134196
2017-08-01,141.26,0.01606965878521871,0.020600311482372957,-0.001982160555004997,0.013167209401104385,1.1604195138430353
2017-08-02,140.33,0.003990593600798009,0.011544217202308582,-0.0037055512007412306,0.006627235801325293,0.16739266828000354
2017-08-03,140.49,0.001921844971172204,0.003523382447149226,-0.017186276603316952,-0.0011388710940279934,0.44022616081686405
2017-08-06,139.61,0.0058018766563998625,0.007234438793782605,-0.001862330778597654,0.006303273404483889,-0.5168277926776024
2017-08-07,139.46,0.001147282374874381,0.012835221568908484,-0.005377886132224341,0.0010755772264448016,0.1556398076936938
2017-08-08,139.11,-0.003019193444037227,0.004456904607864187,-0.00575084465530884,0.0025159945366974856,0.7008753432718713
2017-08-09,136.93,0.010808442269772733,0.020448404294164835,-0.0018257503834075983,0.015920543343314053,-0.3179590949378731
2017-08-10,137.03,-0.0036488360213091653,0.006312486316865096,-0.0036488360213091653,-0.0007297672042617664,-0.3926340487339136
2017-08-13,140.27,-0.011406573037713197,0.0010693662222853728,-0.011406573037713197,-0.023098310401368893,1.0127569534596081
2017-08-14,139.25,0.008545780969479333,0.012136445242369787,-0.003662477558348254,0.00732495511669673,-0.12484680413293381
2017-08-15,140.94,-0.0077337874272740414,0.005250461189158617,-0.011423300695331262,-0.011990918121186356,0.2274758699447672
2017-08-16,138.56,0.01443418013856812,0.025765011547344008,-0.00028868360277134464,0.017176674364896005,-0.423654049401624
2017-08-17,137.94,-0.0020298680585761897,0.00985935914165581,-0.005799623024503542,0.004494707843990087,-0.2738531814964936
2017-08-20,139.25,-0.009838420107719958,0.0025134649910232287,-0.01292639138240581,-0.009407540394973046,1.4140180384064966
2017-08-21,141.56,-0.016106244701893146,0.002966939813506597,-0.016106244701893146,-0.016318168974286507,-0.05961087058578063
2017-08-22,139.5,0.006523297491039415,0.013118279569892533,-0.002956989247311803,0.014767025089605701,-0.006653056571706895
2017-08-23,138.45,0.011195377392560601,0.01444564824846517,-0.0021668472372696757,0.007583965330444364,-0.25955510539198756
2017-08-24,138.38,0.004769475357710551,0.006719901719901777,-0.0020595461771931722,0.0005058534470299136,0.6377379830348728
2017-08-27,139.05,-0.0017259978425027134,0.0006472491909383926,-0.0067601582164689145,-0.004818410643653515,0.17010013675062852
2017-08-28,138.55,-0.0036088054853843365,0.0047636232407073376,-0.006640202093107339,0.0036088054853844476,-0.517988517967255
2017-08-29,139.22,-0.00366326677201545,0.004094239333429117,-0.011133457836517868,-0.004812526935785044,0.14637416209628284
2017-08-30,140.76,-0.007388462631429338,0.007743677181017317,-0.012716680875248576,-0.010940608127308793,-0.5678910485071482
2017-08-31,141.51,0.00014133276800243344,0.0024733234400398096,-0.006077309024097088,-0.005299978800084815,1.3886615229788664
2017-09-04,140.47,0.003915426781519349,0.0118174699224034,-0.006691820317505481,0.007403716095963464,0.16757730646456337
2017-09-05,139.65,0.007948442534908562,0.007948442534908562,-0.006086645184389505,0.005871822413175742,-0.25979024273568696
2017-09-06,139.33,0.003947462857962991,0.009832771118926109,-0.002153161558889005,0.002296705662814924,0.029388942774005722
2017-09-07,138.29,0.002964784149251498,0.007086557234796675,-0.007158869043314642,0.007520428085906472,-0.6544469681930333
2017-09-10,140.15,-0.007920085622547313,0.0026757046022118924,-0.009632536567962813,-0.013271494826971209,1.6719687523680276
2017-09-11,142.08,-0.011824324324324342,0.00014076576576571576,-0.011824324324324342,-0.013583896396396455,0.2887912283038132
2017-09-12,139.73,0.01545838402633648,0.017963214771344882,-0.0017891648178630648,0.016818149287912476,-0.40454540648558346
2017-09-13,134.37,0.03743395103073599,0.03877353575947007,-0.0021582198407381625,0.039889856366748466,-0.4702539816788164
2017-09-14,131.75,0.020872865275142205,0.022390891840607052,-0.0007590132827324236,0.019886148007590254,-0.5860162382945965
2017-09-17,135.04,-0.026066350710900354,0.0034063981042653513,-0.026066350710900354,-0.02436315165876768,2.246043723209279
2017-09-18,136.27,-0.006164232773170908,0.008659279371835193,-0.011044250385264687,-0.009026197989286056,-0.1531634031920861
2017-09-19,137.71,-0.01111030426258075,0.002105874664149132,-0.012018008859196905,-0.010456756953017177,0.6749370115727891
2017-09-20,137.68,-0.0013073794305636932,0.004285299244625174,-0.009514816966879724,0.00021789657176052302,-0.13189588459631418
2017-09-21,140.13,-0.018126025833154924,0.002176550346107309,-0.018126025833154924,-0.01748376507528715,0.1393762440536217
2017-09-24,139.88,0.0026451243923362178,0.008435802116099511,-0.006469831283957728,0.001787246211037985,0.34033217983284847
2017-09-25,140.01,0.003428326548103877,0.008999357188772317,-0.0008570816370259138,-0.0009285051067781103,-0.1889793154112812
2017-09-26,142.2,-0.008157524613220835,0.008087201125175802,-0.009599156118143326,-0.015400843881856474,-0.07475811676242872
2017-09-27,141.54,0.00282605623851917,0.006146672318779078,-0.0006358626536668854,0.004662992793556642,0.055832155912893366
2017-09-28,140.5,0.0079003558718862,0.0079003558718862,-0.000498220640569369,0.00740213523131672,-0.10166665827209498
2017-10-01,142.25,-0.011458699472759237,0.0014762741652021294,-0.011458699472759237,-0.012302284710017597,0.41077366910155466
2017-10-02,142.95,-0.003987408184679908,0.0071353620146905605,-0.00832458901713884,-0.004896817068905102,-0.16370335155692894
2017-10-03,142.41,0.007162418369496493,0.009549891159328805,-0.0025279123657045988,0.0037918685485569537,-0.019507306500104904
2017-10-04,142.94,-0.0036378900237862277,0.005666713306282434,-0.0036378900237862277,-0.0037078494473206103,0.21107002737870117
2017-10-05,143.96,-0.01055848846901919,0.0014587385384827734,-0.010697415948874855,-0.007085301472631311,-0.02436404943031223
2017-10-08,144.89,-0.005866519428532002,0.004417144040306464,-0.006142590931051073,-0.006418662433570144,0.6676042432035267
2017-10-09,145.47,0.0021997662748332036,0.005568158383171706,-0.005585344057193908,-0.003987076373135445,-0.10971197285308365
2017-10-10,146.28,-0.0015039649986327008,0.0008203445447088065,-0.005674049767569134,-0.005537325676784222,-0.25602439413871503
2017-10-11,146.48,-0.002799016930638998,0.009489350081922643,-0.0032427635172036506,-0.001365374112506701,-0.16574999207028895
2017-10-12,146.84,0.001362026695723051,0.009670389539634838,-0.0019068373740125377,-0.0024516480523019135,0.14879243247970386
2017-10-15,147.49,-0.0012882229303681214,0.00305105430876651,-0.00881347887992412,-0.004407078445996415,-0.09307935836511327
2017-10-16,146.67,0.006136224176723326,0.011249744323992728,-0.0023863094020589726,0.0055907820276812625,0.40494187126248926
2017-10-17,147.15,0.0014271151885831834,0.012572205232755707,-0.002344546381243595,-0.00326197757390434,-0.37819657838365295
2017-10-18,145.24,0.009639217846323156,0.009639217846323156,-0.005852382263839329,0.013150647204626775,0.19278925619834708
2017-10-19,146.59,-0.0040248311617436805,0.0020124155808718402,-0.007435705027628137,-0.00920935943788792,0.07133370716878673
2017-10-22,147.09,-0.0012917261540553726,0.005846760486776681,-0.0030593514174995784,-0.0033992793527771736,0.1797907345183587
2017-10-23,147.55,0.0009488309047780419,0.0030498136225007855,-0.010233819044391912,-0.0031175872585564868,0.42875976319586084
2017-10-24,147.44,-0.0010851871947911151,0.0021703743895822303,-0.007935431361909884,0.0007460661964189264,-0.3434961175116148
2017-10-25,147.23,0.005161991441961611,0.0062487264823747335,0.0,0.0014263397405420708,0.08142019566983372
2017-10-26,147.03,0.0029925865469631052,0.008977759640889538,-0.002108413248996799,0.001360266612255856,-0.3200936543195053
2017-10-29,143.81,0.022390654335581628,0.022390654335581628,-0.00111257909742013,0.022390654335581628,0.3084736176463656
2017-10-30,145.16,-0.009920088178561604,0.005786718104160871,-0.01205566271700198,-0.009300082667401455,-0.214835968001579
2017-10-31,143.94,0.015214672780325067,0.03223565374461601,-0.0062526052521884035,0.008475753786299833,-0.3277148200209813
2017-11-01,147.9,-0.03644354293441521,0.00534144692359706,-0.04056795131845836,-0.026774847870182583,-0.019602502550927103
2017-11-02,152.55,-0.032186168469354515,0.004654211733857716,-0.036578171091445455,-0.03048180924287125,0.04393198012196731
2017-11-05,151.16,0.004035459116168427,0.008004763164858542,-0.004365572902884307,0.00919555437946551,0.10817598231711623
2017-11-06,152.45,-0.005575598556903816,0.00665792062971482,-0.009248934076746429,-0.0084617907510659,0.2156754006323216
2017-11-07,154.61,-0.018498156652221764,0.0014876139965072088,-0.02347842959705082,-0.013970635793286501,0.08075159723681113
2017-11-08,153.76,-0.005332986472424528,0.0,-0.0148283038501561,0.005528095733611016,0.48530680420697125
2017-11-09,154.68,-0.002456684768554429,0.003620377553659182,-0.008404447892423117,-0.005947763123868688,-0.21360008083257553
2017-11-12,153.94,-0.0014291282317786536,0.008120046771469491,-0.0033779394569313226,0.004807067688709976,0.18285114265957536
2017-11-13,152.41,0.004920936946394505,0.00816875533101502,-0.0023620497342693447,0.010038711370645048,-0.33626277736225385
2017-11-14,151.9,-0.0025016458196180924,0.0055957867017775165,-0.008821593153390372,0.00335747202106651,0.3350580973129993
2017-11-15,152.89,-0.003270325070311997,0.00582117862515541,-0.010595853227810648,-0.006475243639217587,0.4155137705058465
2017-11-16,152.7,-0.004584151931892544,0.004584151931892766,-0.004584151931892544,0.0012442698100851857,-0.003308501782321893
2017-11-19,154.01,-0.008311148626712561,0.0006493084864620524,-0.0111356405428219,-0.008505941172651132,0.06835570048915085
2017-11-20,154.62,-0.0005820721769499437,0.008731082654249045,-0.003363083689044144,-0.003945155865994088,0.10426582055349898
2017-11-21,154.0,0.004610389610389731,0.004610389610389731,-0.005974025974025854,0.004025974025974044,0.03884790456757181
2017-11-23,155.43,-0.004503635076883561,0.002573505758219241,-0.014540307533938202,-0.009200283085633476,0.7388891416094254
2017-11-26,155.44,0.0007720020586721166,0.007012352032938818,-0.004760679361811682,-6.433350488932454e-05,-0.567357461966897
2017-11-27,156.28,-0.003903250575889472,0.0023035577169181476,-0.01542103916048121,-0.0053749680061427885,-0.11921786837931303
2017-11-28,155.37,0.010877260732445215,0.017570959644718886,-0.0010941623221987218,0.005856986548239629,-0.13037874505370262
2017-11-29,157.06,-0.006430663440723183,0.008149751687253293,-0.008086081752196717,-0.010760219024576578,-0.07019363519773492
2017-11-30,157.5,0.0003809523809523707,0.003809523809523707,-0.030984126984127003,-0.0027936507936507926,0.06067093340469332
2017-12-03,156.29,0.01733956107236545,0.01733956107236545,-0.0008317870625119683,0.007742018043380927,0.056023926149208814
2017-12-04,155.59,0.003277845619898301,0.012083038755704045,-0.002185230413265682,0.0044990037920173975,0.016712158214815975
2017-12-05,155.57,-0.0014141543999485195,0.004499582181654693,-0.0066850935270296175,0.00012855949090440077,0.05549658832448823
2017-12-06,156.68,-0.0065100842481491394,0.008871585396987403,-0.0065100842481491394,-0.0070845034465152334,0.0794467732989006
2017-12-07,157.31,-0.0016527874896700157,0.007469328078316684,-0.005975462462653347,-0.0040048312249697515,-0.0522265217653598
2017-12-10,155.56,0.008806891231679215,0.015235278992028922,-0.005078426330676233,0.011249678580611988,0.10737531255368293
2017-12-11,154.95,0.0015488867376574067,0.005743788318812726,-0.009357857373346157,0.003936753791545788,-0.039261351133279554
2017-12-12,155.64,-0.006168080185042224,0.008224106913389928,-0.006168080185042224,-0.004433307632999206,-0.11471870256580918
2017-12-13,154.44,0.00485625485625496,0.014439264439264354,-0.002784252784252872,0.007770007770007803,-0.04255749069346326
2017-12-14,157.7,-0.01655041217501574,0.006341154090044432,-0.01655041217501574,-0.02067216233354463,-0.669479378583318
2017-12-17,158.13,0.00018971732119132945,0.01131980016442169,-0.003225194460254155,-0.002719281603743795,1.4436884062519617
2017-12-18,157.01,0.006369021081459758,0.010636265206037887,-0.0029297496974713955,0.007133303611234876,0.27667588251793074
2017-12-19,156.75,0.004019138755980922,0.010781499202551892,-0.0046570972886761375,0.001658692185007915,-0.22235863048870164
2017-12-20,156.55,0.0009581603321620058,0.011242414564037073,-0.0003193867773875203,0.0012775471095496371,0.5325680012224938
2017-12-21,153.73,0.009822415924022776,0.01528654133871088,-0.0025369153711051196,0.018343849606452967,-0.12383789528296363
2017-12-25,153.24,0.0031975985382406424,0.009397024275646038,-0.004120334116418767,0.0031975985382406424,0.1759097081455534
2017-12-26,154.44,-0.007252007252007253,0.008158508158508049,-0.008093758093758119,-0.007770007770007692,0.2021623923535536
2017-12-27,154.26,0.0029171528588098905,0.0038247115259950615,-0.005315700764942255,0.001166861143524045,0.6481643953130178
2017-12-28,153.2,0.006201044386423105,0.01214099216710185,-0.0007180156657962122,0.006919060052219317,-0.5219316232943106
2018-01-01,153.39,0.0001303865962580808,0.007106069496055856,-0.006030380076928021,-0.0012386726644501023,-0.3926177536231884
2018-01-02,153.43,-6.517630189672996e-05,0.011047383171478797,-0.0014338786417258387,-0.0002607052075866978,0.37692343669613204
2018-01-03,155.18,-0.007152983631911414,0.008570692099497235,-0.007152983631911414,-0.011277226446707034,-0.027775462103356574
2018-01-04,156.92,-0.007965842467499318,0.0034412439459599042,-0.008762426714249316,-0.011088452714759,0.3061998237955237
2018-01-07,158.86,-0.014667002392043438,0.0017625582273699258,-0.016744303160015295,-0.012212010575349486,-0.09869647843969986
2018-01-08,158.36,0.005935842384440448,0.005935842384440448,-0.0045466026774440005,0.0031573629704471085,0.1435436477166061
2018-01-09,158.22,0.001011250158007737,0.012387814435596,-0.004297813171533327,0.0008848438882569365,-0.27251944658868243
2018-01-10,160.25,-0.009235569422776813,0.006115444617784682,-0.017503900156006336,-0.012667706708268334,-0.324746143282445
2018-01-11,159.56,0.004763098520932596,0.02118325394835785,-0.001692153421910314,0.004324392078215,0.4635438061146646
2018-01-15,159.75,0.0027543035993740084,0.008763693270735562,-0.0041314553990610126,-0.0011893583724569279,-0.22638929084171755
2018-01-16,162.32,-0.01047313947757511,0.002772301626416951,-0.01595613602759982,-0.015832922621981216,0.07803409862541066
2018-01-17,161.2,0.008188585607940668,0.012903225806451646,-0.001799007444168721,0.006947890818858493,0.5310056101375842
2018-01-18,163.45,-0.015356378097277412,0.008014683389415689,-0.015356378097277412,-0.013765677577240787,-0.45336466588847246
2018-01-21,163.52,-0.004525440313111639,0.003241193737768988,-0.006910469667319119,-0.0004280821917809208,0.6611585008036875
2018-01-22,164.02,-0.003780026825996874,0.006828435556639256,-0.009023289842702176,-0.0030484087306426044,-0.0478723834973076
2018-01-23,162.88,0.01031434184675839,0.016392436149312406,-0.001780451866404631,0.006999017681728947,-0.11556806462701963
2018-01-24,162.89,0.00442016084474206,0.01190987783166575,-0.006568850144269112,-6.139112284353487e-05,0.0063059881663627415
2018-01-25,170.09,0.005291316361926146,0.005291316361926146,-0.0390969486742313,-0.04233053089540839,-0.6006130819601353
2018-01-28,176.13,-0.03497416680860721,0.010106171577811907,-0.04065122352807582,-0.03429285187077724,-0.17614990431790645
2018-01-29,173.52,0.003745965882895108,0.013773628400184368,-0.004898570769940158,0.015041493775933557,0.41064332258452985
2018-01-30,172.66,0.008455924939186898,0.014015985173172707,-0.0029537819993049608,0.004980887292945768,0.3382635360476307
2018-01-31,172.84,-0.00376070354084701,0.005953482990048498,-0.011397824577644045,-0.0010414255959269036,0.22278116549708238
2018-02-01,169.38,0.01475971189042391,0.017327901759357722,-0.00023615539024668397,0.020427441256346768,0.49492651631697826
2018-02-04,164.01,0.022376684348515363,0.039936589232363984,-0.00030485945978897533,0.03274190598134252,-0.28465811640608074
2018-02-05,164.47,-0.02389493524654951,0.005958533471149607,-0.02389493524654951,-0.0027968626497234528,-0.12607109787852278
2018-02-06,163.19,0.006924443899748667,0.01103008762791835,-0.003615417611373295,0.007843617868741992,0.5442960973297519
2018-02-07,156.25,0.046912000000000065,0.046912000000000065,-0.000320000000000098,0.04441600000000001,-0.19282225254753915
2018-02-08,157.82,0.0005702699277658763,0.00671651248257521,-0.026675959954378325,-0.009948042073247954,0.007853672330908168
2018-02-11,159.83,-0.009197272101607923,0.008008509040855927,-0.015297503597572537,-0.012575861853219128,-0.02716018506940099
2018-02-12,159.72,-0.006198347107438051,0.0007513148009015147,-0.012302779864763358,0.0006887052341597588,1.1292968021939984
2018-02-13,163.72,-0.034021500122159765,0.004825311507451691,-0.034021500122159765,-0.024431956999755644,-0.5541851893617905
2018-02-14,165.74,-0.004645830819355656,0.004223482563050496,-0.012851454084711,-0.012187763967660303,0.31696316908454225
2018-02-15,166.48,-0.009730898606439053,0.01399507448342141,-0.017299375300336317,-0.004444978375780728,-0.44733443057769484
2018-02-19,172.02,-0.032089291942797415,0.0068596674805254665,-0.032147424718056095,-0.032205557493314885,-0.3503084427430355
2018-02-20,172.34,-0.0005222235116629781,0.022658697922711024,-0.0006962980155507115,-0.0018567947081350455,0.52852803898689
2018-02-21,172.75,-0.0017945007235889987,0.00903039073806089,-0.005024602026049152,-0.0023733719247467366,0.49590574222861106
2018-02-22,176.3,-0.010323312535451046,0.0009075439591605949,-0.017895632444696496,-0.020136131593874174,0.077298526758246
2018-02-25,175.25,0.011982881597717432,0.014207703281027051,-0.003024251069900119,0.005991440798858827,-0.13759941809856546
2018-02-26,172.69,0.018067056575366225,0.021541490532167362,-0.000608025942440138,0.014824251549018452,0.14873740659822343
2018-02-27,169.94,0.021772390255384133,0.024096740025891572,-0.000529598681887733,0.016182181946569285,-0.07378203501649327
2018-02-28,169.6,0.002299528301886955,0.00790094339622649,-0.014976415094339557,0.0020047169811321375,-0.25140800258331675
2018-03-01,172.22,-0.02380675879688765,0.0019742190221809786,-0.027987457902682533,-0.015213099523864848,0.48743413338607366
2018-03-04,173.49,-0.008588391261744266,0.0019597671335522815,-0.015678137068418918,-0.007320306645916208,0.38305833162373126
2018-03-05,175.9,-0.00903922683342806,0.0013644115974984494,-0.01154064809550881,-0.013700966458214836,-0.3479856046370904
2018-03-06,177.85,-0.014843969637334808,0.001855496204666851,-0.01956705088557764,-0.010964295754849473,0.12090446305538305
2018-03-07,177.64,0.0055730691285746925,0.007374465210538084,-0.009119567664940154,0.001182166178788524,0.18717896556985192
2018-03-08,178.09,0.00510977595597728,0.008388455275422535,-0.005222078724240631,-0.002526812285922997,-0.5989380073700385
2018-03-11,177.14,0.009201761318731183,0.011689059500959775,-0.006661397764479937,0.005362989725640865,0.5415380584304992
2018-03-12,176.1,0.011073253833049579,0.011073253833049579,-0.004770017035775176,0.005905735377626398,0.399513021539996
2018-03-13,173.75,0.02043165467625907,0.02043165467625907,-0.0027050359712230687,0.013525179856115122,-0.4515664530868517
2018-03-14,171.3,0.01383537653239908,0.01383537653239908,-0.0023350846468185305,0.014302393461762986,-0.06581622109079976
2018-03-15,170.65,0.005801347787869782,0.013126281863463207,-0.008028127746850355,0.0038089657193085547,-0.24302499879116102
2018-03-18,167.6,0.012291169451073891,0.015125298329355497,-0.008979713603818551,0.01819809069212419,0.354427990261041
2018-03-19,169.96,-0.013238409037420573,0.0049423393739702615,-0.013238409037420573,-0.013885620145916766,0.528392095904284
2018-03-20,170.88,-0.005149812734082326,0.0115870786516854,-0.005149812734082326,-0.005383895131086058,0.443631263547112
2018-03-21,167.76,0.01061039580352885,0.02283023366714354,-0.0014306151645205878,0.01859799713876975,-0.29866762049539475
2018-03-22,163.1,0.030226854690374116,0.033415082771306004,0.0,0.02857142857142847,0.1897821091156695
2018-03-25,169.93,-0.027011122226799245,0.0013529100217735124,-0.03274289413287823,-0.04019302065556418,-0.34033912262314714
2018-03-26,165.75,0.028898944193061826,0.036380090497737605,-0.005731523378582182,0.025218702865761777,0.10707200464111644
2018-03-27,167.51,-0.008835293415318413,0.006447376276043304,-0.014745388335024812,-0.010506835412811166,-0.053934324203799844
2018-03-28,169.37,-0.004664344334888049,0.009387731003129174,-0.011719903170573365,-0.010981874003660685,0.08042441217114149
2018-04-01,163.17,0.032297603726175295,0.03903903903903916,-0.0036158607587177816,0.0379971808543238,0.17531425015556934
2018-04-02,167.26,-0.017876360157838,0.002032763362429746,-0.022958268563912476,-0.024452947506875544,-0.2521476903602907
2018-04-03,167.04,-0.015565134099616795,0.003472222222222321,-0.023766762452107293,0.0013170498084291715,0.568802382968782
2018-04-04,168.92,-0.0030191806772436047,0.0026639829505092916,-0.012550319677953947,-0.011129528771015806,0.12836312711096465
2018-04-05,164.23,0.01747549168848561,0.024995433233879538,-0.006149911709188327,0.028557510808013165,0.09599306596363233
2018-04-08,163.33,0.015306434825200554,0.02975570930018967,-0.0007959346109105425,0.005510316537072013,-0.01605294718607031
2018-04-09,167.62,-0.012528337907170894,0.0028636200930676203,-0.021119198186373866,-0.02559360458179205,0.32646327523833096
2018-04-10,168.97,-0.014736343729656154,0.0023081020299462462,-0.015446528969639495,-0.007989583949813528,-0.33999860006066407
2018-04-11,171.03,-0.006022335262819367,0.004268257030930256,-0.01140150850727939,-0.012044670525638845,-0.1929435838208341
2018-04-12,168.81,0.018067650020733517,0.018067650020733517,-0.0029619098394645382,0.013150879687222394,-0.04163909575428004
2018-04-15,171.0,-0.006257309941520406,0.004093567251461927,-0.011549707602339199,-0.0128070175438596,1.215915755798454
2018-04-16,173.86,-0.009317841941792304,0.0022431841711720857,-0.016162429541009993,-0.01645001725526296,-0.2224214595922429
2018-04-17,174.13,0.0,0.005685407454200986,-0.007523114914144591,-0.0015505656693274306,-0.28390855785645364
2018-04-18,173.23,-0.0010390809905904685,0.007215840212434266,-0.0031172429717716277,0.005195404952952787,0.4971497149714972
2018-04-19,172.69,-0.0007527940239735464,0.010075858474723587,-0.003416526724187907,0.00312699056112109,-0.1764797393755262
2018-04-22,171.71,0.006464387630306767,0.008869605730592145,-0.004659018111932922,0.00570729718711771,0.22213523609278196
2018-04-23,169.19,0.02062769667238018,0.022223535669956718,-0.010047875169927223,0.014894497310715904,-0.23434462797886646
2018-04-24,166.84,0.009530088707743856,0.01618316950371601,-0.009763845600575305,0.014085351234715882,-0.31651859395301474
2018-04-25,170.4,-0.016784037558685516,0.006866197183098555,-0.024882042253521197,-0.02089201877934277,-0.11132955733433192
2018-04-26,176.54,-0.008723235527359208,0.00781692534269851,-0.03455307579018918,-0.034779653336354244,-0.4146517447772372
2018-04-29,173.18,0.02685067559764409,0.02685067559764409,-0.0003464603302921754,0.019401778496362043,0.3733808317235727
2018-04-30,174.38,-0.00969147838054818,0.002293841036816291,-0.021447413694231088,-0.006881523110448429,0.19855071011195413
2018-05-01,171.25,0.012379562043795644,0.01810218978102185,-0.0032116788321168155,0.018277372262773595,0.02702591420263012
2018-05-02,173.59,-0.014516965262976078,0.003312402788179014,-0.022121089924534876,-0.013480039172763414,0.39035385881426876
2018-05-03,176.14,-0.020438287725672688,0.004825706824117315,-0.025377540592710357,-0.01447712047235139,0.1940853278191248
2018-05-06,176.35,0.0014176353841792722,0.00805613836121366,-0.0027218599376239716,-0.0011908137227105708,0.1924660186260725
2018-05-07,176.09,-0.0038048725083764667,0.0022704298938043266,-0.01032994491453243,0.0014765176898177135,-0.28824327166447894
2018-05-08,176.44,0.0,0.00685785536159611,-0.009351620947630979,-0.0019836771707095746,0.22629444513615904
2018-05-09,179.12,-0.00976998660116124,0.003740509155873095,-0.009937472085752574,-0.014962036623492714,-0.14066046604048998
2018-05-10,178.03,0.00471830590349942,0.013424703701623297,-0.003988091894624568,0.006122563612874332,0.07561982112324084
2018-05-13,176.42,0.010429656501530493,0.01295204625325952,-0.0023806824623058276,0.009125949438839154,-0.46597833148957835
2018-05-14,178.28,-0.0161543639219206,0.003477675566524674,-0.018398025577742838,-0.0104330266995738,0.25747154354858304
2018-05-15,180.09,-0.007940474207340786,0.009995002498750516,-0.007940474207340786,-0.010050530290410364,-0.1202913682165837
2018-05-16,180.3,-0.0053244592346090025,0.003494176372712099,-0.009151414309484185,-0.0011647254575707366,0.2882712110406267
2018-05-17,180.04,0.00577649411241965,0.012407242834925558,-0.0009442346145300817,0.001444123528105079,-0.41860651206098876
2018-05-20,181.76,-0.005611795774647765,0.003191021126760729,-0.00623899647887316,-0.00946302816901412,1.2875304728386125
2018-05-21,180.41,0.008148107089407386,0.00931212238789425,0.0,0.007482955490272225,-0.04461773262746216
2018-05-22,181.87,-0.010556991257491655,0.0008797492714576194,-0.011766646505745992,-0.008027712102050999,0.45533421253557305
2018-05-23,181.08,0.003810470510271724,0.006185111552904576,-0.0017671747294014661,0.0043627126132095295,-0.3058149900018471
2018-05-24,181.29,-0.004081857796899846,0.005571184290363629,-0.0053505433283689285,-0.0011583650504715104,-0.06870143371052062
2018-05-28,181.79,-0.007536168106056507,0.002392870894988741,-0.007536168106056507,-0.0027504263160790243,0.11058598779019069
2018-05-29,184.32,-0.00748697916666663,0.00808376736111116,-0.00748697916666663,-0.01372612847222221,-0.5369351836182095
2018-05-30,184.03,0.0062489811443786625,0.01483453784708999,-0.002390914524805776,0.0015758300277128878,0.1930581303573724
2018-05-31,187.38,-0.009125840537944296,0.0016010246557798258,-0.01032660902977911,-0.017878108656206648,0.24831876453538326
2018-06-03,189.79,-0.006533537067284767,0.004742083355287363,-0.010116444491279797,-0.012698245429158539,-0.3172862584374242
2018-06-04,191.77,-0.007665432549408102,0.00297231058038272,-0.008760494342180736,-0.010324868331855974,0.5305962421362
2018-06-05,192.86,-0.0020740433475059383,0.0045110442808253826,-0.005029555117702089,-0.005651768121953782,-0.24038448422459768
2018-06-06,192.83,0.0025410983768083817,0.005393351656899803,-0.0033651402790023655,0.00015557745164129777,-0.2536742623479309
2018-06-07,198.95,-0.030309122895199825,0.0005529027393817998,-0.030686102035687335,-0.030761497863784792,0.12813199854525958
2018-06-10,196.59,0.012513352662902433,0.017345744951421826,-0.0004069382979806635,0.012004679790426742,-0.11645723756532322
2018-06-11,194.02,0.015359241315328287,0.016647768271312202,-0.0014946912689414171,0.013246057107514586,0.09912559204705151
2018-06-12,197.47,-0.011140932799918901,0.003646123461791717,-0.01184990125082297,-0.017471008254418385,0.33144905010345416
2018-06-13,200.72,-0.011558389796731738,0.0,-0.012056596253487428,-0.016191709844559532,-0.0072043560308224786
2018-06-14,199.97,-0.00015002250337547984,0.006776016402460394,-0.006951042656398343,0.003750562584387662,-0.2985929669026659
2018-06-17,200.56,-0.007578779417630632,0.0011467889908256534,-0.011069006781013191,-0.00294176306342242,0.4620618057935373
2018-06-18,200.16,-0.005895283772981652,0.0005495603517187142,-0.01323940847322147,0.00199840127897688,-0.26888328838189557
2018-06-19,202.12,0.0033148624579457664,0.004947555907381718,-0.0054917870571937755,-0.009697209578468313,0.38942841784626414
2018-06-20,198.42,0.019957665557907456,0.023132748714847384,-0.003729462755770463,0.01864731377885298,-0.27186347929488164
2018-06-21,195.61,0.016052349061908888,0.02131792853126102,-0.006288022084760536,0.014365318746485167,-0.9113296796535251
2018-06-24,190.38,0.024267254963756812,0.024267254963756812,-0.0016283223027628857,0.027471373043387093,7.091756443037026
2018-06-25,191.57,-0.001357206243148723,0.010805449705068693,-0.0032886151276295683,-0.006211828574411382,0.6176627107571031
2018-06-26,188.11,0.01764924778055388,0.020573068949019113,-0.00015948115464359258,0.018393493168890496,-0.35784993318200886
2018-06-27,191.97,-0.024378809188935757,0.0014585612335260567,-0.024378809188935757,-0.020107308433609306,0.26801265430359056
2018-06-28,193.32,-0.0018104696875645976,0.008017794330643646,-0.007345334160976602,-0.006983240223463638,-0.1961144702000821
2018-07-01,194.22,-0.005715168365770684,0.007774688497580007,-0.005715168365770684,-0.004633920296570948,0.2548598031202245
2018-07-02,195.81,-0.0074562075481334755,0.00474950206833169,-0.01240998927531789,-0.008120116439405578,0.8800820477186324
2018-07-04,195.86,0.008015929745736727,0.009139181047687073,-0.012713162462983818,-0.0002552843868069976,-0.40476209414422293
2018-07-05,197.65,-0.00905641285099923,0.004755881608904611,-0.011130786744244947,-0.00905641285099923,0.7871947232252012
2018-07-08,199.26,-0.0016561276723877638,0.0036133694670279493,-0.00376392652815416,-0.008079895613770871,-0.13228609666894864
2018-07-09,199.46,-0.0005514890203550671,0.008222199939837527,-0.004361776797352834,-0.0010027073097363948,0.3412275622466705
2018-07-10,198.47,-0.0035773668564519356,0.007305890058950881,-0.004484304932735328,0.004988159419559768,-0.5360751551341042
2018-07-11,202.31,-0.010676684296376804,0.006524640403341442,-0.010923829766200432,-0.01898077208244775,0.19710487146033562
2018-07-12,202.89,0.000394302331312657,0.003992311104539459,-0.0048794913499925485,-0.0028586919020158197,0.13212532245984865
2018-07-15,202.51,0.0021233519332379824,0.011456224383981084,-0.0019258308231691057,0.0018764505456521086,0.07090859469424804
2018-07-16,206.47,-0.02426502639608652,0.0021310602024506853,-0.02426502639608652,-0.0191795418220565,-0.31458773945775087
2018-07-17,206.24,-0.00072730799069054,0.004121411947245912,-0.016922032583397972,0.0011152055857253096,0.33776965190390595
2018-07-18,206.7,-0.006918238993710579,0.00870827285921627,-0.0081277213352684,-0.002225447508466316,0.07467536031437638
2018-07-19,206.27,0.005284336064381723,0.013283560382023385,-0.0007756823580743477,0.002084646337324747,0.23246029383911893
2018-07-22,206.63,-0.002081014373517931,0.002419784155253346,-0.004839568310506692,-0.0017422445917822937,-0.41902752070045546
2018-07-23,203.35,0.023260388492746475,0.02463732480944203,-0.004475043029259829,0.01612982542414554,0.47314946681024006
2018-07-24,205.81,-0.013653369612749655,0.0024537194499780757,-0.013653369612749655,-0.0119527719741509,0.09207123935487549
2018-07-25,205.17,0.0036067651216065144,0.00843203197348541,-0.003996685675293654,0.003119364429497562,-0.14834079075602646
2018-07-26,203.02,0.01704265589597065,0.04639936952024426,-0.017436705743276604,0.010590089646340228,-0.5968686509107959
2018-07-29,200.14,0.01289097631657854,0.01289097631657854,-0.006745278305186342,0.014389927051064344,0.1650271344686145
2018-07-30,201.46,-0.005162315099771719,0.009728978457261839,-0.008339124391938846,-0.006552169165094934,0.350608808511365
2018-07-31,205.55,-0.0183896862077354,0.006227195329603585,-0.0183896862077354,-0.019897835076623682,-0.2616656747732935
2018-08-01,209.13,-0.024434562234017076,0.0024147659350644,-0.02558217376751304,-0.017118538707980635,0.5565490793331789
2018-08-02,208.15,0.008023060293057771,0.008551525342301192,-0.00965649771799193,0.004708143165986112,0.1482289417820104
2018-08-05,212.03,-0.01773333962175161,0.004574824317313597,-0.01773333962175161,-0.018299297269254278,-0.2809055405208316
2018-08-06,212.09,-0.00042434815408554094,0.00452638031024577,-0.007213918619453974,-0.0002828987693903606,0.1657680667696877
2018-08-07,212.11,-4.7145349111432644e-05,0.002993729668568257,-0.017915232662297886,-9.429069822264324e-05,-0.07960370285364549
2018-08-08,213.21,-0.0030486374935509986,0.00905210825008207,-0.0030486374935509986,-0.005159232681393955,0.5398810129429215
2018-08-09,213.96,-0.005094410170125241,0.016358197793980178,-0.005094410170125241,-0.00350532809871007,-0.3119397210810413
2018-08-12,213.5,0.0033255269320844327,0.01035128805620622,-0.005433255269320814,0.0021545667447306904,0.5486291403954238
2018-08-13,216.14,-0.012214305542703752,0.005806421763671743,-0.014527620986397594,-0.012214305542703752,-0.1722439224836224
2018-08-14,215.38,-0.002228619184696745,0.0019500417866098463,-0.015089609063051346,0.0035286470424364946,-0.25141250928119363
2018-08-15,216.12,0.008698870997593922,0.011081806403849592,-0.007079400333148245,-0.0034240236905422883,0.5177354440568822
2018-08-16,217.29,-0.006535045331124256,0.0002761286759629389,-0.013990519582125271,-0.0053845091812784185,0.7894524573162534
2018-08-19,217.57,-0.0016546398860136646,0.005055844096153006,-0.0016546398860136646,-0.0012869421335661713,-0.30085732892024897
2018-08-20,218.6,-0.003842634949679846,0.004208600182982636,-0.007685269899359581,-0.004711802378773999,0.13710865631989977
2018-08-21,222.02,-0.015313935681470214,0.0020944059093774836,-0.01738582109719855,-0.015404017656067137,0.03034617290553987
2018-08-22,222.83,-0.0026926356415205577,0.007853520621101229,-0.0043082170264326924,-0.0036350581160525808,-0.5642847350743712
2018-08-23,225.14,-0.008394776583459107,0.006085102602825021,-0.008394776583459107,-0.01026028249089439,0.8495417031148975
2018-08-26,222.63,0.020751920226384613,0.020751920226384613,-0.00026950545748549715,0.011274311638143963,-0.30880651945320714
2018-08-27,224.22,-0.005574881812505539,0.0008919810900007707,-0.011194362679511127,-0.0070912496655071156,-0.020521667482040318
2018-08-28,227.78,-0.013126701202915148,0.0013170603213628063,-0.013126701202915148,-0.015629115813504235,0.5922894003170611
2018-08-29,227.49,-0.0025495626181371023,0.00439579761747777,-0.00514308321244894,0.0012747813090685511,0.13408916545904015
2018-08-30,230.98,-0.018616330418217975,0.002056455104338051,-0.018616330418217975,-0.015109533292925748,-0.24517121564865407
2018-09-03,233.73,-0.012321909896033878,0.006160954948016828,-0.01835451161596713,-0.011765712574337894,-0.35636727809403335
2018-09-04,230.78,0.01009619551087626,0.01009619551087626,-0.015945922523615597,0.012782736805615702,0.6308776755780967
2018-09-05,235.19,-0.017815383307113408,0.00376291508992721,-0.01981376759215947,-0.018750797227773286,-0.14498262266508466
2018-09-06,235.0,-0.0006382978723404875,0.011106382978723461,-0.0035319148936170386,0.000808510638297788,0.7044096066430439
2018-09-09,236.1,0.0013553578991951643,0.004235493434985083,-0.008725116476069439,-0.004659042778483724,-0.38587168567110863
2018-09-10,236.99,-0.0034178657327313955,0.01734250390311831,-0.005823030507616345,-0.003755432718680174,-0.49433690680627107
2018-09-11,236.83,0.0014356289321453275,0.0051935987839377695,-0.014862981885740867,0.0006755900857153829,0.48495339327493214
2018-09-12,237.51,0.004378762999452723,0.012695465454086063,-0.002526209422761161,-0.002863037345795849,0.4897617949900108
2018-09-13,240.03,-0.005207682373036704,0.0035412240136649675,-0.00801733116693748,-0.01049868766404205,-0.2990472989568117
2018-09-16,234.25,0.02305229455709723,0.024589114194236927,-0.0005976520811098451,0.024674493062966985,1.1438785784888825
2018-09-17,235.14,-0.004975759122225032,0.006698137279918415,-0.009271072552521797,-0.0037849791613506767,-0.49241323042585317
2018-09-18,227.96,0.03369012107387248,0.03369012107387248,-0.0012282856641515627,0.031496753816459,-0.1691172460007636
2018-09-19,229.72,-0.0056155319519414215,0.0025465784433222893,-0.019545533693191786,-0.007661500957687584,0.17526339647522637
2018-09-20,228.23,0.009332690706743252,0.013931122113657324,-0.0026727424089733054,0.006528501949787602,-0.438986359783195
2018-09-23,229.11,-0.004844834359041594,0.0024878879141023713,-0.015014621797389993,-0.0038409497621231248,1.87290412091156
2018-09-24,230.03,-0.0026518280224319124,0.005521018997522109,-0.005042820501673706,-0.003999478328913564,-0.2581302148347677
2018-09-25,227.25,0.013509350935093423,0.017579757975797694,-4.400440044005638e-05,0.012233223322332343,0.01469951001633274
2018-09-26,227.32,0.0006598627485483455,0.011503607249692127,-0.0006598627485483455,-0.0003079359493225464,-0.11281204563937008
2018-09-27,228.55,-0.005556770947276357,0.007263180923211543,-0.005556770947276357,-0.005381754539488193,0.20170695159293772
2018-09-30,227.47,0.010858574757110828,0.01973886666373592,-0.0030333670374115274,0.004747878841165898,-0.2768030771603087
2018-10-01,224.27,0.01128104516876971,0.014223926517144436,-0.007000490480224775,0.014268515628483414,-0.16371920749945368
2018-10-02,225.69,0.0009304798617573162,0.009614958571491972,-0.005582879170543675,-0.006291816208072953,0.3004411401633196
2018-10-03,221.21,0.01835360065096525,0.026852312282446444,-0.005108268161475471,0.02025224899416833,0.0836715531863339
2018-10-04,220.57,0.0050324160130570395,0.018814888697465726,-0.012868930498254438,0.0029015731967176883,-0.018763250183273517
2018-10-07,216.66,0.011261884981076387,0.0206775593095172,-0.011077263915812874,0.018046709129511562,-0.11124220239222027
2018-10-08,215.78,-0.00037074798405789533,0.014459171378255586,-0.004147743071647114,0.0040782278246360715,0.03125269556769217
2018-10-09,208.22,0.03477091537796562,0.03477091537796562,-0.0013447315339544241,0.03630775141677067,-0.26334148242037914
2018-10-10,203.18,0.017619844472881008,0.040702825081208704,-0.0028053942317156633,0.02480559110148639,-0.0879473164065836
2018-10-11,206.75,0.01571946795646917,0.01571946795646917,-0.021717049576783554,-0.01726723095525995,0.21127613980639914
2018-10-14,206.52,0.001404222351346185,0.01394538059267858,-0.009974820840596532,0.0011136935889985988,0.2659198802647271
2018-10-15,213.94,-0.02112741890249603,0.002337103860895473,-0.02636253155090207,-0.03468262129569033,-0.11337944647640852
2018-10-16,212.76,0.004559127655574313,0.0054991539763113995,-0.007144200037600967,0.005546155292348143,0.5583745847927517
2018-10-17,210.99,0.00454997867197493,0.013507749182425588,-0.0038390445044789168,0.008389023176453847,0.006085588338556436
2018-10-18,207.74,0.02060267642245117,0.031024357369789035,-0.0010590160777895763,0.015644555694618312,-0.04631811304843869
2018-10-21,208.01,0.0007691937887601696,0.009566847747704443,-0.0039901927791932135,-0.0012980145185327308,-0.5485942201385487
2018-10-22,206.55,-0.009731299927378423,0.004163640764947907,-0.02251270878721867,0.007068506414911635,-0.09699913813366767
2018-10-23,196.8,0.049542682926829285,0.05706300813008114,-0.0013211382113822445,0.049542682926829285,0.9701970431084708
2018-10-24,196.62,0.007374631268436627,0.015563014952700627,-0.00223781914352561,0.0009154714678059062,-0.3981707079516065
2018-10-25,189.88,0.013376869601853691,0.021171266062776528,-0.010848957236149204,0.035496102801769513,-0.22900377086452617
2018-10-28,187.9,0.029164449175093088,0.04928153273017566,-0.014184140500266063,0.010537519957424024,0.05845581941353428
2018-10-29,188.99,-0.005608762368379261,0.007341658288798181,-0.014233557331075675,-0.005767500925974889,0.47520519527374394
2018-10-30,192.71,-0.005759950184214713,0.014581495511390097,-0.007524259249649834,-0.01930361683358417,-0.27144911117711534
2018-10-31,198.42,-0.02459429492994658,0.001814333232537102,-0.02459429492994658,-0.02877734099385132,0.37194424911198865
2018-11-01,190.07,0.04351028568422155,0.04351028568422155,-0.01644131109591207,0.04393118324827694,-0.49172626662903096
2018-11-04,192.15,-0.012282071298464814,0.004267499349466464,-0.014564663023679425,-0.010824876398646932,1.3698906235068242
2018-11-05,190.46,0.00278273653260519,0.016381392418355567,-0.009713325632678793,0.008873254226609228,-0.5714150077539006
2018-11-06,199.52,-0.03698877305533288,0.0010525260625500188,-0.03698877305533288,-0.04540898155573381,0.3129696169734302
2018-11-07,198.25,0.0049432534678435225,0.015737704918032724,-0.004892812105926847,0.006406052963429998,0.6540991626605641
2018-11-08,196.33,0.0048387918300818455,0.01762338919166706,-0.01095094993123824,0.009779452961849788,0.4855250039040446
2018-11-11,189.16,0.03177204482977358,0.03177204482977358,-0.0025903996616620795,0.03790441953901458,-0.15305572229400455
2018-11-12,190.77,-0.008387062955391378,0.009016092677045728,-0.0137076060177177,-0.008439482098862583,-0.17286792024134612
2018-11-13,188.0,0.024414893617021205,0.028191489361702127,-0.0012234042553190827,0.01473404255319144,0.2839300088056227
2018-11-14,193.3,-0.02560786342472854,0.007242628039316967,-0.02878375581996906,-0.027418520434557725,-0.05090316196414013
2018-11-15,191.92,0.0010942059191330067,0.009899958315964907,-0.006565235514797818,0.007190496040016869,0.2612814775534489
2018-11-18,181.23,0.05148154279092876,0.05148154279092876,-0.003972852176791886,0.05898581912486889,-0.40364368410091866
2018-11-19,177.2,-0.005812641083521419,0.015688487584650135,-0.014334085778781036,0.02274266365688482,-0.26162949632093313
2018-11-20,179.37,0.002676032781401494,0.009031610637230347,-0.01120588727211902,-0.012097898199252999,0.7643843324825659
2018-11-22,179.8,-0.012402669632925578,0.006117908787541593,-0.012402669632925578,-0.002391546162402669,2.504031548184923
2018-11-25,179.77,0.01095844690437775,0.011792846414863334,-0.007398342326305873,0.00016687990209707237,-0.8091734612632406
2018-11-26,177.64,0.004616077460031676,0.01097725737446531,-0.002139157847331652,0.01199054267056976,0.6492852393617021
2018-11-27,186.23,-0.039896901680717245,0.0038661869730978182,-0.039896901680717245,-0.04612575847070832,-0.3638933337092829
2018-11-28,190.44,-0.028460407477420624,0.006511237135055747,-0.028460407477420624,-0.02210670027305195,0.116306336434993
2018-11-29,198.63,-0.013190353924382059,0.013593112822836595,-0.024920706841866758,-0.04123244222927047,-0.4842577524177478
2018-12-02,201.91,-0.009459660244663493,0.0015848645436085107,-0.019365063642216795,-0.016244861571987568,1.0282080829697917
2018-12-03,192.56,0.04071458246780235,0.045284586622351464,-0.0021292064810968236,0.04855629414208562,-0.23529152582913182
2018-12-05,190.48,-0.00456740865182681,0.007822343553129052,-0.0170096598068038,0.010919781604368017,-0.11176028245476222
2018-12-06,182.41,0.04177402554684506,0.04484403267364723,-0.005098404692725267,0.044240995559454044,0.8620149389688467
2018-12-09,185.05,-0.014806808970548535,0.003863820589029787,-0.01983193731423949,-0.014266414482572376,-0.6319741769872513
2018-12-10,185.59,0.013470553370332539,0.018373834797133393,-0.009748908885176988,-0.0029096395279917253,1.1312911088519528
2018-12-11,189.26,-0.005442248758321888,0.010831660150058209,-0.021134946634259744,-0.01939131353693324,-0.029830468192981074
2018-12-12,191.73,-0.009075262087310132,0.0032858707557503752,-0.015177593490846464,-0.012882699629687577,-0.2528271285962467
2018-12-13,188.07,0.0015419790503536923,0.017014941245281134,-0.0014888073589620632,0.01946083904929008,0.06027714495509584
2018-12-16,182.2,0.021020856201976024,0.026234906695938642,-0.004555433589462088,0.03221734357848516,-0.32548639450022854
2018-12-17,186.5,-0.018552278820375356,0.0034316353887398066,-0.018552278820375356,-0.023056300268096575,0.8023178631102701
2018-12-18,187.7,-0.0019712306872667895,0.02503995737879605,-0.01688865210442192,-0.006393180607352056,-0.1553716824709449
2018-12-19,182.31,0.02698700016455491,0.03417256321649931,-0.022379463551094325,0.029565026603038724,-0.27015396047869555
2018-12-20,175.05,0.04444444444444451,0.04444444444444451,-0.006055412739217392,0.04147386461011138,0.16217907722917313
2018-12-23,171.5,0.010787172011661683,0.020349854227405206,-0.007230320699708526,0.020699708454810617,3.190647440816373
2018-12-25,182.27,-0.05179129862292198,0.0006035003017501595,-0.05393098151094533,-0.05908816590771937,-0.5609256903201798
2018-12-26,183.97,-0.02755884111539919,0.0,-0.039408599228135,-0.009240637060390244,0.20418680134190792
2018-12-27,184.16,0.008253692441355431,0.013303649000868889,-0.013303649000868778,-0.0010317115551694567,0.1398654012079379
2018-12-30,187.0,-0.0030481283422459926,0.0035604278074865547,-0.013368983957219305,-0.015187165775401135,-0.31125383891302905
2019-01-01,185.49,-0.007170197854331817,0.006307617661329479,-0.010890074936654282,0.008140600571459267,0.02331260885217512
2019-01-02,178.77,0.026626391452704512,0.026626391452704512,-0.0019578229009342696,0.03759019969793598,0.20448619160069614
2019-01-03,189.48,-0.04195693476884099,0.002797128984589392,-0.04195693476884099,-0.05652311589613668,-0.37600277889502354
2019-01-06,193.45,-0.014525717239596836,0.007650555699147077,-0.019178082191780743,-0.020522098733522842,-0.12297129590138434
2019-01-07,197.17,-0.006644012780848918,0.00030430592889385544,-0.01972916772328437,-0.018866967591418593,0.21667323441395525
2019-01-08,199.02,-0.0033664958295649416,0.00492412822831878,-0.010250226107928917,-0.009295548186112113,0.3803404764084639
2019-01-09,204.31,-0.027507219421467388,0.0005873427634477402,-0.03411482551025402,-0.025892026821986103,-0.10361823843201623
2019-01-10,205.78,-0.0071921469530565885,0.00077752940033049,-0.016668286519584075,-0.007143551365536016,-0.1291745140243492
2019-01-13,203.44,0.0018678725914273997,0.006685017695635231,-0.006930790405033416,0.011502162799842619,0.8661311074151945
2019-01-14,208.51,-0.023404153278020257,0.0038847057695075016,-0.03028631720301178,-0.024315380557287436,-0.3226092732828484
2019-01-15,210.59,-0.009924497839403634,0.005009734555297074,-0.013224749513272238,-0.009877012203808433,-0.10712591102338298
2019-01-16,211.69,-0.006093816429684873,0.004865605366337622,-0.011141291511171936,-0.005196277575700292,0.061824557514321254
2019-01-17,216.39,-0.011507001247747062,0.002726558528582723,-0.019917741115578202,-0.02172004251582782,0.10507883835909304
2019-01-21,212.88,0.011414881623449835,0.014186396091694808,-0.006576475009394955,0.01648816234498307,0.05727639835646747
2019-01-22,215.3,-0.0016256386437529802,0.005062703204830266,-0.016488620529493736,-0.01124013005109159,0.02492971172758307
2019-01-23,215.14,-0.00027888816584542564,0.002184623965789889,-0.011434414799665227,0.0007437017755880238,0.2666192867022781
2019-01-24,218.01,-0.0025686895096554974,0.0018347782211824981,-0.00935736892803074,-0.013164533736984563,0.0690494669335402
2019-01-27,216.24,-0.004393266740658652,0.00291342952275242,-0.013272290048094715,0.008185349611542714,-0.2685776088723171
2019-01-28,214.51,0.007785184839867787,0.008670924432427451,-0.008204745699501137,0.008064892079623354,0.40001338508901085
2019-01-29,217.73,-0.004730629678960208,0.0011482110871261497,-0.01635052588067787,-0.014788958802186225,-0.26052125283793903
2019-01-30,225.2,-0.02810834813499108,0.008481349911190206,-0.036500888099467166,-0.03317051509769098,-0.5861234647556283
2019-01-31,228.51,-0.011246772570128183,4.3761760973426433e-05,-0.017767274955144186,-0.014485142882149638,0.1960771103523251
2019-02-03,230.06,-0.0073024428409980136,0.003955489872207174,-0.0073024428409980136,-0.0067373728592541315,0.36687470437297764
2019-02-04,231.85,-0.005391416864351961,0.004916972180289081,-0.009402631011429796,-0.0077205089497519586,-0.04044680261398004
2019-02-05,232.19,-0.003273181446229345,0.002756363323140665,-0.010810112407941719,-0.0014643180154184643,-0.1957222602695473
2019-02-06,232.21,-0.009517247319236977,0.0016795142328065449,-0.017161190301882012,-8.612893501580565e-05,0.5344913052961355
2019-02-07,235.98,-0.020510212729892396,0.0002542588354945696,-0.020510212729892396,-0.015975930163573127,0.1659191788422416
2019-02-10,235.74,0.0022058199711545434,0.0155679986425723,-0.0035314329345890183,0.0010180707559175328,-0.1967875960355593
2019-02-11,239.69,-0.008844757812174087,0.0010012933372272048,-0.01426843005548828,-0.01647961950853183,0.3551778153840346
2019-02-12,240.64,-0.0026595744680850686,0.007514128989361879,-0.006212599734042423,-0.0039478058510638014,-0.04109332866820692
2019-02-13,242.46,-0.012166955374082411,0.008949929885341934,-0.015259836674090588,-0.007506392807061002,-0.2808754310999284
2019-02-14,240.64,0.013422539893617191,0.014212101063829863,-0.0012466755319148204,0.007563164893617191,-0.2534894264710644
2019-02-18,244.34,-0.017762134730293866,0.002455594663174132,-0.017762134730293866,-0.01514283375624137,1.0384061893508312
2019-02-19,243.63,0.006197923080080381,0.006259491852399046,-0.00554118950868121,0.0029142552230843055,-0.20379899191111162
2019-02-20,245.47,-0.007618038864219634,0.002159123314458,-0.012465881777814047,-0.0074958243369862565,0.41358148519632976
2019-02-21,248.65,-0.006836919364568761,0.0023527046048663625,-0.00949125276493068,-0.012789060929016771,0.22169173375933782
2019-02-24,247.02,0.012063800501983524,0.012063800501983524,-0.0044935632742288956,0.006598655979273005,-0.4766819935019285
2019-02-25,246.51,0.0009330250294106168,0.006287777372114833,-0.005395318648330649,0.0020688815869540633,-0.188190971244799
2019-02-26,249.06,-0.01244679996787923,0.0007829438689472834,-0.016180839958243043,-0.010238496747771664,1.0574976198032369
2019-02-27,247.82,0.0016544265999516305,0.011298523121620496,-0.0017395690420466403,0.005003631668146324,-0.4083767913218582
2019-02-28,251.58,-0.003497893314253986,0.005564830272676513,-0.009937196915494106,-0.014945544160903212,0.1273740415195983
2019-03-03,248.05,0.018746220520056367,0.023059866962305886,-0.017234428542632574,0.014231001814150268,-0.27325275071820565
2019-03-04,247.26,0.004570088166302666,0.004570088166302666,-0.0025479252608590075,0.003195017390601018,0.0884314160495947
2019-03-05,245.43,0.006396935989895214,0.011938230860123022,-0.0026484129894470687,0.007456301185674086,0.12568324034981915
2019-03-06,246.8,-0.004619124797406893,0.001337115072933548,-0.008990275526742364,-0.005551053484602941,-0.018403999944496596
2019-03-07,245.6,-0.005537459283387558,0.0006718241042344975,-0.015716612377850048,0.004885993485342022,-0.1450540759633826
2019-03-10,252.76,-0.018832093685709705,0.0005143218863743471,-0.01902990979585384,-0.028327266972622223,-0.45370944432323135
2019-03-11,256.75,-0.013242453748782856,0.003894839337877265,-0.017994157740993222,-0.01554040895813047,1.5816207594626097
2019-03-12,257.81,-0.0005818238237460527,0.012683759357666524,-0.0005818238237460527,-0.004111555021139579,-0.2952719698160666
2019-03-13,261.24,-0.01163680906446185,0.000803858520900258,-0.014354616444648638,-0.01312968917470525,-0.09222590888008853
2019-03-14,263.38,-0.009871668311944859,0.0071949274812057595,-0.011618194244058078,-0.008125142379831418,-0.14720969714671683
2019-03-17,264.18,-0.0026118555530320053,0.009690362631539218,-0.0026118555530320053,-0.0030282383223559917,0.9003769832092141
2019-03-18,264.61,-0.0016250330675333657,0.004837307735913177,-0.013567136540569291,-0.0016250330675333657,-0.08965444640366349
2019-03-19,263.39,0.002543756406849118,0.01370591138615751,-0.0076692357340825135,0.004631914651277658,-0.010458714640637967
2019-03-20,269.07,-0.026015534990894595,0.004608466198387173,-0.026015534990894595,-0.021109748392611594,0.2636605368120368
2019-03-21,263.33,0.019367333763718575,0.021759769111001415,-0.003379789617590001,0.021797744275243947,-0.1107013877914157
2019-03-24,262.58,0.0012948434762740657,0.00613146469647341,-0.00842181430421196,0.0028562723741336615,-0.05883940769468066
2019-03-25,265.51,-0.0007156039320552754,0.006591088847877735,-0.009528831305788743,-0.011035365899589533,-0.02959933712880547
2019-03-26,262.94,0.010877006161101432,0.014604092188331919,-0.007682360994903714,0.00977409294896181,0.20507501723238275
2019-03-27,266.45,-0.01133420904484883,0.0009757928316755926,-0.013773691124038367,-0.013173203227622388,-0.3724389139539772
2019-03-28,271.63,-0.013474211243235112,0.0010676287597100043,-0.01886757721901111,-0.019070058535507917,-0.08821957395987301
2019-03-31,272.77,0.003702753235326428,0.013857828940132766,-0.00795542031748342,-0.004179345235913012,0.3706656561828976
2019-04-01,275.59,-0.008708588845748988,0.00047171522914490893,-0.018360608149787683,-0.010232591893755139,0.07240966401352389
2019-04-02,276.63,0.001337526660159849,0.01008567400498861,-0.006579185193218318,-0.003759534396124864,-0.07420468112001766
2019-04-03,270.63,0.024683146731700134,0.024683146731700134,-0.005283967039869997,0.022170491076377363,-0.11897469892829526
2019-04-04,272.31,-0.0016158055157724505,0.00962138738937246,-0.005434982189416515,-0.0061694392420403865,0.20752773671599423
2019-04-07,275.45,-0.0123071337810855,0.0,-0.021110183336358612,-0.011399528045017204,-0.18577660748581315
2019-04-08,275.79,-0.0023568657311724417,0.005185104608578905,-0.006490445628920649,-0.0012328220747671592,1.3334347244190292
2019-04-09,276.31,0.0010857370344903305,0.006695378379356631,-0.0048496254207229805,-0.0018819441931163805,-0.537888478135586
2019-04-10,279.34,-0.005942578936063425,0.0022732154363860335,-0.020208348249445063,-0.010846996491730376,-0.0003559635605723255
2019-04-11,279.11,0.004442692845114893,0.00942280821181618,-0.008670416681595072,0.0008240478664325313,-0.014993887107563886
2019-04-14,278.23,0.00452862739460147,0.010926212126657564,-0.0038097976494267938,0.00316285087876933,0.07150625339858618
2019-04-15,283.39,-0.010515543950033401,0.0025671336320971516,-0.013691379371184587,-0.01820812308126596,0.05261788550198254
2019-04-16,275.44,0.03605140865524259,0.03605140865524259,-0.0019968051118210983,0.028862910252686502,0.025337594502451655
2019-04-17,275.46,0.0010527844333116931,0.0025412038045453667,-0.007623611413635212,-7.260582298695972e-05,-0.3244803736768316
2019-04-21,280.25,-0.01923282783229252,0.0011418376449598977,-0.02231935771632465,-0.017091882247992962,0.34818417702451865
2019-04-22,283.75,-0.008070484581497839,0.006378854625550767,-0.01187665198237886,-0.012334801762114544,-0.31761000033157594
2019-04-23,283.0,0.00169611307420503,0.015149116607773738,-0.0016254416961130058,0.0026501766784452485,1.2855518926906901
2019-04-24,280.5,0.008591800356506418,0.01219251336898397,-0.008369340463458164,0.00891265597147961,-0.5809355945121951
2019-04-25,283.68,-0.00958826847151728,0.0026790750141003628,-0.022119994359842243,-0.011209813874788477,0.5796206462358093
2019-04-28,279.81,0.019120117222400923,0.020263750402058633,-0.002644651727958247,0.013830813766484429,-0.3109823752458444
2019-04-29,279.75,0.00017873100983023527,0.006041108132260886,-0.014977658623771206,0.0002144772117962379,-0.304782982731856
2019-04-30,270.9,0.033591731266150004,0.0409376153562202,-0.0014027316352898112,0.03266888150609093,0.1338895488877505
2019-05-01,272.5,-0.006935779816513721,0.005394495412844202,-0.015596330275229331,-0.0058715596330276565,0.28337885140593144
2019-05-02,280.25,-0.02087421944692247,0.001034790365745053,-0.02087421944692247,-0.027653880463871516,0.7700906811921637
2019-05-05,284.47,-0.027911554821246742,0.004165641368158113,-0.03089956761697199,-0.014834604703483745,-0.47160733676099276
2019-05-06,278.92,0.011831349490893484,0.016814857306754583,-0.009142406424781369,0.01989817868922983,0.004461381779953255
2019-05-07,283.12,-0.013916360553828722,0.006958180276914305,-0.016600734670810913,-0.014834699067533208,0.6436277633184659
2019-05-08,287.21,-0.02291006580550814,0.006336826712161736,-0.031092232164618205,-0.01424045123777018,-0.4587787642688893
2019-05-09,287.33,-0.007656701353843998,0.0033933108272719004,-0.028190582257334618,-0.00041763825566421,1.4405897163398786
2019-05-12,273.07,0.028783828322408223,0.03574907532867022,-0.003002893031090914,0.052221042223605574,-0.48644718431096756
2019-05-13,282.36,-0.028722198611701444,0.00816333758322707,-0.028722198611701444,-0.032901260801813326,0.5732405161037508
2019-05-14,287.3,-0.030595196658545154,0.0007657500870168477,-0.03101287852419088,-0.017194570135746545,0.040122994299825576
2019-05-15,294.25,-0.020288870008496218,0.007612574341546274,-0.020288870008496218,-0.023619371282922685,-0.14529787550141138
2019-05-16,291.85,-0.00448860716121291,0.012078122323111007,-0.00448860716121291,0.008223402432756544,0.3191973940311419
2019-05-19,290.16,-0.005238489109457012,0.007237386269644208,-0.017783291976840476,0.005824372759856589,-0.21604280908103524
2019-05-20,293.45,0.0019083319134434173,0.010367353893337983,-0.0022831828250128305,-0.011211449991480493,0.14890159054801777
2019-05-21,296.91,-0.013977299518372677,0.006264524603414978,-0.013977299518372677,-0.011653362971944525,0.2379470408270914
2019-05-22,294.32,-0.0007814623539005305,0.005742049469964705,-0.01226556129382994,0.008799945637401496,0.04042336338690711
2019-05-23,295.73,0.0013187705001183048,0.007675920603252839,-0.005072194231224403,-0.0047678625773510674,0.06152783441663834
2019-05-27,299.14,-0.0041786454502907855,0.012502507187270195,-0.008357290900581682,-0.011399344788393329,-0.4351294683991801
2019-05-28,295.88,0.00435987562525364,0.0068608895498176725,-0.009294308503447368,0.011017980262268523,-0.2826202793759569
2019-05-29,297.56,-0.0065869068423174415,0.0045369001209840665,-0.007830353542142676,-0.0056459201505578704,1.1356044510065182
2019-05-30,295.9,-0.0042244001351807725,0.0050354849611355945,-0.010070969922270856,0.005610003379520112,-0.4455736133849778
2019-06-02,287.56,0.02900264292669341,0.03439282236750585,-0.006224787870357518,0.02900264292669341,0.00813577607896665
2019-06-03,297.39,-0.020310030599549278,0.00010087763542832029,-0.029792528329802614,-0.03305423854198186,-0.26723657312767146
2019-06-04,302.0,-0.0066225165562914245,0.005695364238410772,-0.010960264900662264,-0.015264900662251724,0.09194480412809458
2019-06-05,312.17,-0.033187045520069236,0.004292532914757841,-0.04103533331197751,-0.03257840279334978,-0.22847259153963528
2019-06-06,313.15,0.003512693597317762,0.009899409228804057,-0.006514449944116096,-0.0031294906594282468,0.080928473380665
2019-06-09,315.24,0.002442583428498901,0.016352620225859482,-0.0045045045045045695,-0.006629869305925795,0.8287736845466469
2019-06-10,309.91,0.026007550579200345,0.026007550579200345,-0.005872672711432547,0.017198541512051913,-0.02365078756019412
2019-06-11,311.48,-0.010819314241684919,0.002375754462565771,-0.021622576088352385,-0.005040452035443677,-0.08914887853978626
2019-06-12,311.67,0.005037379279365872,0.010267269868771356,-0.005133634934385789,-0.0006096191484582514,1.0444623079671311
2019-06-13,306.2,0.018190725016329123,0.01851730894839987,-0.001567602873938423,0.017864141084258822,-0.21509793749386574
2019-06-16,305.95,0.0024186958653376056,0.012551070436345846,-0.0019937898349403627,0.0008171269815329119,-0.1405244510857776
2019-06-17,306.11,0.010355754467348266,0.012677142203782799,-0.0028584495769494733,-0.0005226879226423176,-0.09888367648336371
2019-06-18,305.66,0.0029771641693383533,0.0029771641693383533,-0.016488909245567007,0.0014722240397826436,-0.47062019091199137
2019-06-19,305.92,0.01464435146443499,0.02039748953974896,-0.010247777196652708,-0.0008498953974894752,0.06670816061222995
2019-06-20,304.58,-0.0006894740298114543,0.007124564974719361,-0.00863484142097315,0.00439950095213093,0.16112127706536983
2019-06-23,300.74,0.018753740772760485,0.018919997339895023,-0.0002660105074150376,0.012768504355922028,1.1046266811523622
2019-06-24,294.89,0.01732849537115544,0.02183865170063415,-0.0028173217131812756,0.01983790565973753,-0.34657338411977245
2019-06-25,297.88,-0.005874848932456045,0.008426211897408331,-0.005874848932456045,-0.010037599033167699,0.008253447986494411
2019-06-26,302.1,-0.009069844422376683,0.0027474346242966075,-0.014233697451175198,-0.013968884475339394,0.12342091545312384
2019-06-27,314.02,-0.03509330615884332,0.00035029615948034554,-0.03509330615884332,-0.037959365645500176,-0.5190011176343495
2019-06-30,316.74,0.006188040664267147,0.006535328660731254,-0.02124771105638701,-0.00858748500347295,0.8347542235185874
2019-07-01,323.57,-0.021262787032172326,0.0011434929072535738,-0.024284080724418233,-0.021108260963624503,0.07519956219973589
2019-07-02,331.4,-0.019855159927579913,0.00042245021122533366,-0.02021726010863001,-0.02362703681351841,0.11550630125085837
2019-07-04,332.43,-0.007219565021207575,0.00048130433474713463,-0.018740787534217818,-0.003098396654934943,-0.011431356733765496
2019-07-07,334.6,-0.00890615660490146,0.0014345487148832436,-0.01084877465630607,-0.0064853556485355845,-0.23627846788596452
2019-07-08,338.1,-0.01715468796214137,0.0026915113871635032,-0.017734102336586788,-0.010351966873705987,-0.25974490364995106
2019-07-09,340.81,-0.0009976233091750775,0.0029781989965083078,-0.01079780522871987,-0.007951644611366993,0.5230029777964307
2019-07-10,345.74,-0.007953953838144234,0.0018655637184010754,-0.016992248510441454,-0.014259269971655053,-0.17176139537770785
2019-07-11,344.43,0.0029323810353336643,0.007403536277327705,-0.0012194059750892938,0.003803385303254636,0.21454203691045803
2019-07-14,344.64,-0.0013347260909933878,0.003714020427112441,-0.009459145775301714,-0.0006093314763230273,-0.3418084983211763
2019-07-15,339.0,0.01628318584070798,0.01935103244837766,-5.899705014744683e-05,0.016637168141592884,0.8988856503932259
2019-07-16,341.49,-0.007496559196462527,0.006588772731265902,-0.007496559196462527,-0.00729157515593426,-0.1717988336220665
2019-07-17,345.28,-0.010976598702502227,0.0017377201112140916,-0.017579935125115798,-0.010976598702502227,0.28780458391676333
2019-07-18,340.63,0.01282916948008106,0.014942899920735275,-0.0046678213897777265,0.013651175762557477,-0.20914620577108523
2019-07-21,342.5,-0.0025109489051095,0.010218978102189746,-0.007065693430656994,-0.005459854014598586,0.5936199137050266
2019-07-22,338.09,0.016445325209263784,0.016445325209263784,-0.005678961223342771,0.013043864059865795,-0.4327229356567722
2019-07-23,344.88,-0.021746694502435604,0.0026096033402922547,-0.028531663187195466,-0.0196880074228718,0.5009562016507061
2019-07-24,345.74,-0.002487418291201471,0.0009544744605771704,-0.013796494475617482,-0.002487418291201471,0.22385196786653871
2019-07-25,352.67,-0.014404400714549181,0.004325006379901852,-0.015595315734255766,-0.01965009782516236,-0.2408589940551733
2019-07-28,350.19,0.007253205402781404,0.01207087581027455,-0.007652988377737868,0.007081869842085808,-0.20024146073057902
2019-07-29,349.88,-0.007116725734537588,0.0059734766205556955,-0.009117411684005927,0.0008860180633361026,0.6301553573916678
2019-07-30,347.42,0.009383455183927136,0.015428012204248276,-0.008232110989580321,0.007080766795233284,-0.5990642784818966
2019-07-31,359.81,-0.004446791362107794,0.03335093521580834,-0.01133931797337484,-0.03443484061032209,-0.32215945263446877
2019-08-01,352.3,0.018081180811808206,0.018336644904910493,-0.019784274765824672,0.02131705932443939,0.7501263306134283
2019-08-04,338.65,0.02043407648014184,0.02043407648014184,-0.009892219105270827,0.040307101727447225,-0.1817762805609593
2019-08-05,344.54,-0.004411679340570185,0.01004237534103436,-0.007241539443896272,-0.017095257444708967,0.32806726168775335
2019-08-06,350.81,-0.026139505715344513,0.0032211168438756044,-0.030785895498988136,-0.017872922664690205,-0.2794929336299544
2019-08-07,368.17,-0.033354157047016386,0.0008420023358775008,-0.037944427845832185,-0.04715213080913716,0.19433126249089816
2019-08-08,365.16,0.003067148647168283,0.01114579910176361,-0.012354036586701755,0.008242961989264996,0.7377269851525798
2019-08-11,357.9,0.01293657446214036,0.019279128248114175,-0.008046940486169274,0.02028499580888532,-0.04488300334276163
2019-08-12,337.33,0.05703613672071861,0.07535647585450445,-0.004387395132362859,0.06097886342750414,-0.8184176091496234
2019-08-13,326.93,0.014345578564218586,0.021472486464992446,-0.008319823815495786,0.031811091059248175,0.5495286431579101
2019-08-14,340.98,-0.03874127514810266,0.0045457211566659605,-0.039415801513285276,-0.04120476274268292,1.213267467043503
2019-08-15,350.12,-0.01687992688221185,0.001727978978635969,-0.01702273506226426,-0.026105335313606703,0.11073118241320423
2019-08-18,345.47,0.018814947752337385,0.023128491620111546,-0.0018814947752338052,0.013459924161287384,-0.020142123310052717
2019-08-19,346.4,-0.003175519630484902,0.01911085450346417,-0.009959584295611945,-0.0026847575057735718,0.23730586148712396
2019-08-20,349.68,-8.579272477704514e-05,0.006834820407229492,-0.010466712422786628,-0.009380004575612055,0.1472580076566743
2019-08-21,352.54,-0.0022125148919271975,0.005077438021217295,-0.013502013955863257,-0.008112554603732947,0.17721279368615717
2019-08-22,346.19,0.01782258297466721,0.03059013836332647,-0.0022964268176435265,0.01834252866922803,-0.35105905476468335
2019-08-25,350.37,-0.0010560264862858881,0.0005993663841081798,-0.019236806804235562,-0.01193024516939234,0.6296515880654476
2019-08-26,353.35,0.0016980331116456249,0.009027876043582905,-0.01598981180133019,-0.008433564454506937,-0.30375369901788396
2019-08-27,346.36,0.01637025060630548,0.01637025060630548,-0.0033779882203488487,0.02018131423951952,-0.2620793873078414
2019-08-28,354.18,-0.006098593935287222,0.0009034953978201976,-0.02261561917668975,-0.022079168784233993,0.14223099828746233
2019-08-29,352.72,0.010092991608074309,0.01193581310954861,-0.013892039011113688,0.004139260603311268,0.4095935083629507
2019-09-02,352.0,-0.0031534090909091095,0.006534090909090962,-0.007471590909090886,0.0020454545454546835,-0.402086197507074
2019-09-03,355.5,-0.0008157524613221501,0.011167369901547097,-0.0070042194092827526,-0.009845288326300938,0.04064567010268427
2019-09-04,364.82,-0.015953072748204566,0.0015347294556220525,-0.02250424867057721,-0.025546845019461584,-0.0014681556640733229
2019-09-05,369.4,-0.00942068218733072,0.01039523551705468,-0.00942068218733072,-0.012398484028153689,-0.24284789721586342
2019-09-08,349.26,0.05943995876997077,0.05943995876997077,-0.012941648055889599,0.05766477695699468,-0.13501381394456802
2019-09-09,326.2,0.05585530349478862,0.055947271612507565,-0.022654812998160634,0.07069282648681785,-0.5117728637010117
2019-09-10,313.93,0.03341509253655284,0.03954703277800786,-0.002102379511356167,0.03908514637020977,0.32506840862753505
2019-09-11,313.26,0.004022217965906849,0.018578816318712832,-0.0034795377641574365,0.002138798442188561,0.7317336616299461
2019-09-12,309.34,0.010667873537208328,0.015225964957651827,-0.01189629533846237,0.012672140686623257,0.0946143944570692
2019-09-15,309.91,-0.010874124745893998,0.0060340098738340675,-0.011487205963021552,-0.0018392436513827715,0.888814849499934
2019-09-16,319.46,-0.02873599198647725,0.00262943717523334,-0.02873599198647725,-0.02989419645652025,-0.1724518234794402
2019-09-17,314.9,0.012924738012067394,0.019402667513496397,-0.015115909812638884,0.014480787551603758,0.30301461021096454
2019-09-18,320.99,-0.014268357269696774,0.004517274681454131,-0.020935231627153605,-0.018972553662107927,-0.03600601556308536
2019-09-19,312.24,0.033627978478093734,0.03651037663335899,-0.006277222649244241,0.02802331539841152,-0.6559261915292884
2019-09-22,316.51,-0.013490884964140082,0.009351995197624197,-0.01829326087643346,-0.013490884964140082,1.4257477825636324
2019-09-23,313.28,0.016790091930541484,0.027387640449438422,-0.003575076608784311,0.01031026557711967,0.02061417264236698
2019-09-24,313.46,0.00012760798826016995,0.004912907548012546,-0.024532635742997466,-0.0005742359471703207,-0.4895341517154548
2019-09-25,317.59,-0.011303882364054219,0.010201832551402834,-0.013193110614314052,-0.013004187789288024,0.8457331456875699
2019-09-26,298.98,0.06575690681650936,0.06575690681650936,-0.009164492608201291,0.06224496621847608,-0.3988233416735164
2019-09-29,303.52,-0.01159725882973106,0.0047113863995782435,-0.01413415919873473,-0.014957828149709917,0.2948471534002082
2019-09-30,303.28,-9.891849116316909e-05,0.007781587971511517,-0.01496966499604313,0.0007913479293062409,-0.011030999383096818
2019-10-01,301.08,0.002789956157831952,0.003919224126478049,-0.0162083167264514,0.007307028032416563,0.14915638735289938
2019-10-02,303.83,-0.007175065003455883,0.0028798999440475814,-0.0219859790014153,-0.009051114109864034,-0.34712957552545864
2019-10-03,309.95,-0.00906597838361023,0.00212195515405722,-0.010872721406678498,-0.019745120180674314,0.12470393795059986
2019-10-06,310.31,-0.00737971705713647,0.005897328477973529,-0.009055460668363935,-0.0011601301923882534,0.12124904242512669
2019-10-07,300.72,0.023343974461292882,0.023942537909018347,-0.00977653631284936,0.03189013035381749,0.3389176516557586
2019-10-08,307.99,-0.013799149323029947,0.0053897853826421205,-0.019448683398811673,-0.023604662489041806,0.8846249436195772
2019-10-09,305.5,0.007823240589198033,0.008936170212765937,-0.002029787234042457,0.008150572831423952,-0.12180590921951417
2019-10-10,309.22,-0.0008084858676670192,0.011771554233231951,-0.004107108207748622,-0.0120302697108855,-0.3628051921293911
2019-10-13,310.57,-0.006600766332871877,0.0059889879898251674,-0.007856521879125444,-0.004346846121647152,0.5871225127123494
2019-10-14,313.37,-0.0011807128952995294,0.006765165778472637,-0.005967386795162288,-0.008935124613077217,-0.2670325851179848
2019-10-15,310.5,0.0003220611916265881,0.0017069243156198066,-0.02679549114331725,0.009243156199677971,-0.5514239251683309
2019-10-16,311.98,0.0023719469196743503,0.006635040707737572,-0.007532534136803659,-0.004743893839348701,0.43290992004190487
2019-10-17,301.86,0.03352547538594042,0.034154906247929606,-0.014708805406479786,0.03352547538594042,-0.1304452668419378
2019-10-20,298.0,0.01734899328859063,0.020604026845637557,-0.008607382550335552,0.012953020134228277,-0.06279818702290074
2019-10-21,289.02,0.03591446958687983,0.04214241228980686,-0.0026776693654417816,0.031070514151269935,0.08197912739893964
2019-10-22,286.04,0.01041812333939296,0.02363305831352247,-0.01566214515452391,0.01041812333939296,-0.20753726784133142
2019-10-23,299.58,-0.03174444221910677,0.006609252954135947,-0.03908805661259085,-0.04519660858535268,0.2370639428423036
2019-10-24,299.28,-0.006950013365410235,0.0023723603314622643,-0.016138732959101842,0.001002405773857351,1.3215489256453856
2019-10-27,301.85,-0.00013251615040588138,0.005400033129037585,-0.009441775716415468,-0.008514162663574742,0.01211756146787546
2019-10-28,301.85,0.0002981613384129833,0.01606758323670676,-0.0027165810833197357,0.0,-0.12527798876412188
2019-10-29,302.24,0.002051349920592971,0.002051349920592971,-0.0227302805717311,-0.0012903652726309334,-0.517229418352279
2019-10-30,304.04,-0.0035521641889226796,0.004489540849887952,-0.017563478489672546,-0.005920273648204244,0.3229536783312137
2019-10-31,309.12,-0.009057971014492794,0.0036878881987576495,-0.01164596273291929,-0.016433747412008204,-0.06379574885947503
2019-11-03,300.82,0.03061631540456089,0.03427298716840643,-0.007280101057110522,0.027591250581743276,-0.40111345531353915
2019-11-04,331.37,-0.03542867489513235,0.0225125992093429,-0.03542867489513235,-0.09219301686936054,-0.45579471368811
2019-11-05,329.93,-0.0017579486557753876,0.009547479768435618,-0.027551298760343235,0.004364562179856257,0.5205936386015144
2019-11-06,328.78,0.0066914045866537375,0.021807895857412385,-0.004744814161445232,0.003497779670296408,1.456010518033048
2019-11-07,331.59,-0.01266624445851805,0.002322144817395122,-0.026780059712295246,-0.008474320697246629,0.026957913740813355
2019-11-10,336.11,-0.02091577162238567,0.009580196959328768,-0.026747195858498718,-0.013447978340424327,0.0867622292501542
2019-11-11,334.42,0.0001495125889601212,0.006668261467615455,-0.01559416302852712,0.005053525506847567,-0.16713961013410605
2019-11-12,338.03,-0.02413986924237488,0.006508298080052155,-0.02413986924237488,-0.010679525485903452,0.06589594805297327
2019-11-13,342.82,-0.01680182019718801,0.0034420395542851256,-0.022723295023627577,-0.013972347004258867,-0.02604667256160853
2019-11-14,348.11,-0.010686277326132587,0.0015081439774782268,-0.018643532216828018,-0.015196345982591786,0.15860625160076158
2019-11-17,354.25,-0.01888496824276642,0.005250529287226469,-0.02035285815102328,-0.017332392378263894,-0.32472835282174684
2019-11-18,357.0,-0.0040616246498599295,0.006358543417366969,-0.008879551820728304,-0.00770308123249297,0.2947745572442533
2019-11-19,355.62,0.004555424329340418,0.016140824475563864,-0.007029975816883138,0.0038805466509195252,-0.11056362116967522
2019-11-20,355.36,0.005037145429986456,0.015252138676271842,-0.004333633498424194,0.0007316524088247789,0.27536335925075095
2019-11-21,355.69,0.0017993196322640959,0.011470662655683306,-0.00916528437684494,-0.0009277741853861432,0.425474468068358
2019-11-24,365.32,-0.017299901456257483,0.0009717507938247216,-0.02039308003941742,-0.026360451111354433,-0.513912590971356
2019-11-25,368.98,-0.00878096373787196,0.0019060653693965257,-0.00878096373787196,-0.009919236815003618,0.5442421664037249
2019-11-26,369.29,0.0019226082482601825,0.0034390316553385425,-0.006011535649489641,-0.0008394486717755445,0.10031922709334307
2019-11-28,367.75,0.001142080217539032,0.006947654656696223,-0.005791978246091123,0.004187627464310006,1.0400695015518475
2019-12-01,359.92,0.022393865303400817,0.022393865303400817,-0.008196265836852623,0.02175483440764614,-0.6949661361190456
2019-12-02,357.74,-0.007435567730754267,0.006373343769217721,-0.013445519092078029,0.006093811147760864,0.09068203480778059
2019-12-03,361.89,-0.011412307607283956,0.005277846859543134,-0.011412307607283956,-0.011467573019425692,0.04099847949616664
2019-12-04,360.97,0.009834612294650436,0.014904285674709694,-0.0048480483142643305,0.0025486882566416735,0.14214135436177533
2019-12-05,363.83,-0.0006046780089601356,0.00781958607041755,-0.001841519390924251,-0.007860814116482873,0.09115109602294513
2019-12-08,357.71,0.012719800956081828,0.016015766962064415,0.0,0.0171088311760923,0.12096748317043904
2019-12-09,354.18,0.009063188209385009,0.013778304816759901,-0.0014681800214579876,0.009966683607205207,0.055338083112098424
2019-12-10,354.5,-0.0036107193229900636,0.003751763046544454,-0.02131819464033846,-0.0009026798307475437,-0.09282150844167014
2019-12-11,352.83,-0.0006802142674943168,0.007539041464728058,-0.019981294107643932,0.00473315761131432,-0.08389711262452859
2019-12-12,356.88,-0.014402600313830893,0.0010928043039677426,-0.014402600313830893,-0.011348352387357097,0.07263386038312225
2019-12-15,362.28,-0.01363586176438114,0.009423650215303114,-0.013994700231864887,-0.014905597880092714,-0.039734945765915186
2019-12-16,364.12,0.0003570251565416793,0.003460397671097404,-0.010930462484895154,-0.005053279138745537,-0.1092492086197192
2019-12-17,365.77,-0.005604614921945306,0.002925335593405576,-0.0074637067009322156,-0.004511031522541398,0.25407341208164946
2019-12-18,368.2,-0.0077946768060837,0.008256382400869233,-0.012900597501357969,-0.006599674090168373,0.016329351367361022
2019-12-19,373.54,-0.012073673502168591,0.0013653156288482293,-0.012220913422926638,-0.014295657760882485,-0.5490097716775703
2019-12-22,376.06,-0.0067010583417539404,0.003323937669520882,-0.01070307929585701,-0.0067010583417539404,0.9449916286588533
2019-12-23,375.7,0.0018631887143998327,0.004205483098216556,-0.0030077189246738856,0.000958211338834225,1.2370171382815225
2019-12-25,379.35,-0.007433768287860909,0.001383946223803889,-0.011229735073151614,-0.009621721365493663,-0.33779484460256914
2019-12-26,378.8,0.0031678986272438703,0.004461457233368549,-0.006942977824709651,0.0014519535374868386,-0.04196709491347661
2019-12-29,374.42,0.010122322525506044,0.010669836013033507,-0.006383206025319277,0.011698093050585001,-0.4164347668091536
2019-12-30,374.68,-0.0035230062987081645,0.0041902423401303235,-0.007419664780612845,-0.0006939254830788943,0.06523577169517258
