date,price,c_open,c_high,c_low,p_price,p_volume,p_5_SMA,vol_5_SMA,p_10_SMA,vol_10_SMA,p_20_SMA,vol_20_SMA,p_30_SMA,vol_30_SMA
2016-04-27,107.61,0.015426075643527604,0.015426075643527604,-0.00650497165690922,,,,,,,,,,
2016-04-28,106.85,-0.0017781937295273664,0.004773046326626229,-0.008890968647636721,0.007112774918109466,-0.45739599878294224,,,,,,,,
2016-05-01,107.17,0.003919007184846501,0.005598581692637827,-0.01698236446766821,-0.002985910236073641,-0.1553939676285554,,,,,,,,
2016-05-02,104.5,-0.021148325358851583,0.006028708133971161,-0.023827751196172198,0.025550239234449768,0.5168825186699406,,,,,,,,
2016-05-03,104.29,-0.0031642535238278757,0.007095598811007742,-0.009492760571483405,0.0020136158787993352,0.4618055628164137,,,,,,,,
2016-05-04,104.67,-0.002579535683576939,0.0076430686920798685,-0.0026750740422279984,-0.0036304576287379264,0.09674630240787851,0.013509123913250987,0.6600813711077527,,,,,,
2016-05-05,104.27,-0.034429845593171526,0.002109906972283415,-0.06348901889325775,0.003836194495060896,-0.2037687164396057,0.011757936127361424,0.3035730492400204,,,,,,
2016-05-08,104.52,-0.00497512437810943,0.002726750861079319,-0.008993494068120889,-0.002391886720244929,0.6565684830187766,0.004401071565250492,0.9489198992047094,,,,,,
2016-05-09,104.96,-0.0018102134146341653,0.007240853658536661,-0.0027629573170731003,-0.004192073170731669,-0.23835954150106564,-0.004858993902439157,0.14807856690282817,,,,,,
2016-05-10,105.14,-0.0017120030435610056,0.008750237778200498,-0.003804451207913284,-0.0017120030435610056,-0.1251021747215455,-0.005687654555830424,-0.10239544918073762,,,,,,
2016-05-11,105.96,-0.003020007550018855,0.0033031332578332684,-0.009720649301623085,-0.007738769346923302,0.08349896037181992,-0.011778029445073668,-0.019638052138663764,-0.005303888259720613,0.2806481732247692,,,,
2016-05-12,104.92,0.007815478459778813,0.015916889058330108,-0.0023827678231033156,0.009912314144109757,0.18386438679550188,0.0004765535646205077,0.17190411302479403,0.0029832253145252174,0.5088476445841856,,,,
2016-05-15,106.49,-0.016527373462296824,0.0019250633862333277,-0.0192506338623345,-0.014743168372617133,0.022261283288178113,-0.013052868813973273,0.11295076984074526,-0.013616302000187819,0.40793431573382666,,,,
2016-05-16,105.7,0.007000946073793646,0.01059602649006619,-0.002034058656575244,0.007473982970671589,-0.2800378321493342,-0.0019489120151373607,-0.18054213393874918,-0.006887417218543246,-0.11613718150487462,,,,
2016-05-17,107.05,-0.011957029425502141,0.003549743110696113,-0.014198972442783675,-0.012610929472209209,-0.03675243364920444,-0.013152732368052478,-0.17713061737379443,-0.018290518449322835,-0.18043860219951846,,,,
2016-05-18,106.85,-0.006176883481516127,0.0020589611605053015,-0.014974262985493647,0.0018717828731866781,0.25228492756983334,-0.007730463266261367,0.053166187089169314,-0.013869911090313658,0.04177741712223648,,,,
2016-05-19,108.07,-0.0049042287406309,0.005181826593874339,-0.007402609419820516,-0.011288979365226215,-0.21752644908663088,-0.017285092995281026,-0.1839110520359959,-0.022985102248542666,-0.18490866308623577,,,,
2016-05-22,108.84,-0.011576626240352828,0.0024807056229327884,-0.013414185961043823,-0.007074604924660166,0.17912050440849114,-0.01844909959573726,0.03426995681521183,-0.026405733186328773,-0.036978272057811234,,,,
2016-05-23,111.66,-0.02462833602006087,0.0030449579079347977,-0.030806913845602635,-0.02525523911875327,-0.299093875345512,-0.03902919577288211,-0.24721556681778634,-0.04712520150456756,-0.303994059123743,,,,
2016-05-24,111.25,0.0022471910112360494,0.003865168539325836,-0.010337078651685427,0.0036853932584268723,0.5622964183545558,-0.024773033707865322,0.24479428179816298,-0.03759101123595521,0.14293846369709473,,,,
2016-05-25,110.39,0.005435274934323608,0.007337621161337182,-0.0019023462270132407,0.007790560739197483,0.08662025515829264,-0.009566083884410048,0.2949874310915106,-0.024558383911586157,0.2255842494881084,-0.03488993568257992,0.35162022365726897,,
2016-05-26,111.47,-0.0034089889656409023,0.0017044944828203956,-0.008881313357854137,-0.009688705481295412,0.4766160212256867,-0.012810621691935364,0.883312308591119,-0.03003498699201579,0.7870018717602361,-0.04299363057324834,0.9792377879738476,,
2016-05-30,111.81,0.002146498524282281,0.008407119220105619,-0.007244432519452615,-0.0030408729093999165,-0.5818402353375041,-0.009730793310080088,-0.3021029282589398,-0.027126375100617106,-0.27111163671134353,-0.043837760486539645,-0.2211346663004755,,
2016-05-31,110.8,0.001985559566787032,0.001985559566787032,-0.008303249097472931,0.0091155234657041,0.3288301607453754,0.004657039711190913,-0.0021059835987610187,-0.013456678700361047,0.023224439748398495,-0.03302797833935012,-0.008207649776064807,,
2016-06-01,110.45,-0.0019918515165232575,0.005341783612494266,-0.006518786781348984,0.0031688546853778643,0.05418931820856998,0.006283386147577508,-0.030869383253190108,-0.005712992304210185,0.06954837148674042,-0.02711181530104123,0.022057461167228398,,
2016-06-02,109.64,0.00346588836191164,0.006293323604523948,-0.010306457497263777,0.007387814666180326,-0.16951648568483002,0.012258299890550495,-0.18516845023610462,0.004733673841663455,-0.12746479701884583,-0.017115103976650947,-0.15295852578776203,,
2016-06-05,110.26,-0.001179031380373785,0.0054371485579538525,-0.003355704697986628,-0.005623072737166779,0.21648788694926413,0.00520587701795705,0.05976035957075254,0.0016143660438960872,0.08714481707652766,-0.020388173408307786,0.04322975047181554,,
2016-06-06,109.62,0.006476920270023667,0.009122422915526451,-0.000912242291552734,0.005838350665936964,0.19862583410761037,0.008866995073891104,0.36811386096798726,0.009459952563400709,0.27598905101782245,-0.011936690384966364,0.23809991078216064,,
2016-06-07,110.04,-0.0015448927662667922,0.0046346782988002655,-0.007179207560886969,-0.003816793893129833,0.11187156986470215,0.0010359869138489852,0.36632084054823477,0.006315885132678778,0.3913509230182255,-0.013390585241730424,0.3836924397616881,,
2016-06-08,110.04,-0.0036350418029807985,0.001382224645583241,-0.008633224282079244,0.0,-0.08237312373675831,-0.0003453289712836982,0.17680765600235904,0.004843693202471799,0.18708487233936544,-0.011082333696837643,0.2571506383368367,,
2016-06-09,107.51,0.01376616128732211,0.015812482559761865,-0.003906613338294118,0.023532694633057405,-0.011191178076209174,0.022416519393544387,0.11706464919218473,0.02736489628871719,0.15785725888703372,0.014468421542181975,0.22646863407710405,0.003097386289647286,0.33812758697518186
2016-06-12,107.23,0.0020516646460877475,0.010258323230439181,-0.0011190898069570743,0.0026112095495662846,-0.2646686770580403,0.02111349435792187,-0.2478614788125637,0.02736174578009898,-0.15276092660766039,0.017840156672572993,-0.10620070298425632,0.0056855979359009545,-0.023241462363907006
2016-06-13,106.86,0.0026202507954333765,0.007580011229646244,-0.004117536964252322,0.0034624742653939222,0.11838798654903449,0.018978102189780577,-0.1340339865731246,0.02695115103874235,0.0005287749262792296,0.02244525547445253,0.013185044944226343,0.009286293592862815,0.06429570223916303
2016-06-14,107.08,-0.0011206574523721091,0.009805752708255566,-0.003175196115054235,-0.002054538662682126,0.06717311766513712,0.01172954800149384,-0.039511357753760024,0.02021852820321257,0.024260218122158284,0.02051737019051192,0.09039320649855864,0.007116174822562549,0.08875290823701532
2016-06-15,107.49,-0.010977765373523019,0.0017676062889571131,-0.01902502558377528,-0.0038143083077495366,0.29710373386121325,0.002363010512605568,0.2986916176831689,0.01286631314540898,0.3116735834700022,0.017266722485812958,0.3995596032412474,0.004074797655595708,0.3848238059293527
2016-06-16,106.74,0.007588532883642474,0.014614952220348476,-0.0034663668727749064,0.007026419336706002,-0.3988986499168157,0.004628068203109903,-0.23445855450534914,0.017210043095371885,-0.2350376561870765,0.02462057335581802,-0.17837142685333485,0.012129161201673844,-0.17659069221905754
2016-06-19,107.31,0.008014164569937643,0.01779890038207066,-0.0005591277606933343,-0.005311713726586564,-0.20986180741730476,-0.0021433230826581884,-0.34522373145889784,0.009104463703289545,-0.39609560599995974,0.01912682881371719,-0.3426538576722944,0.007396017767837382,-0.34398139482648904
2016-06-20,107.83,-0.001669294259482479,0.004080497078734924,-0.004822405638505001,-0.004822405638505001,0.7726533727064602,-0.006807011035890209,0.2545426702432574,0.0015023648335341644,0.13188036456724883,0.013859779282203277,0.18283306576962643,0.0034776963739215905,0.17539332715682288
2016-06-21,107.13,0.008120974516942159,0.008120974516942159,-0.0007467562774199354,0.006534117427424713,-0.2983606322520914,0.0014935125548396488,-0.14297715056772142,0.006375431718472768,-0.20350750738919787,0.020013068234854714,-0.17727220631911844,0.011064438843772173,-0.17164243296297066
2016-06-22,110.62,-0.018531911046827054,0.0002711986982462111,-0.022509491954438743,-0.031549448562646965,-0.15803174627107597,-0.030012655939251953,-0.23904979814618665,-0.028005785572229547,-0.29655630986350834,-0.014215331766407657,-0.3159757398479406,-0.020180196468390532,-0.2962973992081651
2016-06-23,104.14,0.02035721144613034,0.031784136739005264,-0.005473401190704941,0.06222392932590748,-0.7351824937012621,0.036354906856154834,-0.7718663030501464,0.033032456308814684,-0.8020601963688925,0.04682158632609945,-0.8142258242262834,0.042542090775238295,-0.8114226629453205
2016-06-26,99.38,0.035822097001408704,0.035822097001408704,-0.0023143489635740755,0.04789696115918707,1.797673139167614,0.0807607164419395,0.07517257364994889,0.07912054739384167,-0.20840998774013553,0.09381666331253768,-0.36254432681056414,0.0918662373381629,-0.39621508102960523
2016-06-27,101.59,-0.010729402500246121,0.0004921744266168648,-0.016930800275617663,-0.021754109656462295,0.45285117971455735,0.041637956491779926,0.6271973786284863,0.047918102175410926,0.21246733834713383,0.06407126685697406,-0.023035918891986862,0.06629589526528168,-0.0952842253548557
2016-06-28,106.0,-0.030188679245283012,0.0002830188679245893,-0.040943396226415074,-0.041603773584905634,-0.14400107804579199,-0.013471698113208141,0.4552166441379175,-0.0006509433962264,0.06003520319635025,0.014981132075471804,-0.16555952799376505,0.02039308176100607,-0.214550376644564
2016-06-29,107.26,-0.011467462241282922,0.0005593884020136386,-0.021816147678538123,-0.011747156442289852,-0.15793814336509593,-0.027167630057804093,0.2631453099236516,-0.013397352228230464,-0.07323285349217945,0.0008204363229535883,-0.2835339771639206,0.00849959599726513,-0.3310246522267839
2016-06-30,107.86,-0.006953458186538142,0.011496384201743037,-0.006953458186538142,-0.00556276654923038,0.9170945470896468,-0.03880956795846524,1.507509427572805,-0.01909883181902472,0.8944304714403133,-0.006225662896347073,0.41794552359892756,0.0029544471228133418,0.3056110177293314
2016-07-04,106.17,0.008853725157765835,0.01582367900536874,-0.007817650937176235,0.015917867570876876,-0.06997511727003292,-0.01650183667702798,0.47332271002755233,-0.0024300649901103366,0.7404091988928958,0.008754827163982126,0.3076177028213636,0.01923644469561392,0.21496495630053092
2016-07-05,106.78,-0.015265030904663801,0.0010301554598239893,-0.019011050758569015,-0.005712680277205506,-0.17042667444131943,-0.009402509833302819,0.07835829094907587,-0.009196478741337333,0.4065809724602538,0.0010769807079975546,0.08695804888514758,0.01282075294999041,0.003445301597985173
2016-07-06,107.31,-0.005870841487279788,0.006057217407510862,-0.015748765259528397,-0.0049389618861243045,0.4019116762400061,-0.004622122821732133,0.4932214449274237,-0.015068493150684814,1.0170537238997128,-0.005190569378436316,0.5479666154040208,0.007178579194234702,0.41529539088980316
2016-07-07,108.87,0.0007348213465601106,0.003949664737760594,-0.0058785707724809955,-0.014329016257922267,-0.3247345045408794,-0.016478368696611234,-0.09243590804074298,-0.029016257922292565,0.3381060409379377,-0.020698998805915303,0.051146337608177994,-0.008585162732310803,-0.05857110604612492
2016-07-10,110.26,-0.005623072737166779,0.005895156901868148,-0.0077090513332125354,-0.012606566297841515,0.07500059427855033,-0.025956829312534624,-0.11040973525110698,-0.04284418646834742,0.4291820702199536,-0.033575185924179296,0.15104179230889092,-0.021803011064756128,0.02256195390570137
2016-07-11,112.98,-0.013276686139139682,0.0027438484687556386,-0.017967781908302394,-0.024075057532306543,-0.0898943206885141,-0.045158435121261054,-0.15127181353518881,-0.0604708798017346,-0.009633331490415675,-0.05562488936094889,0.06298579911716229,-0.045391514722369686,-0.06022059457867024
2016-07-12,113.86,-0.0014930616546636744,0.0004391357807833618,-0.014403653609696088,-0.007728789741788145,0.5962756752401088,-0.040576146144388536,0.4287644548132401,-0.05578780959072538,0.5115261187491447,-0.060398735288951455,0.7113138611442595,-0.05232741963815202,0.5304415819405595
2016-07-13,115.2,-0.0017361111111111605,0.0016493055555555358,-0.00998263888888895,-0.011631944444444486,-0.05483605398014735,-0.03944444444444517,0.25997584602384194,-0.056119791666666585,0.3741788192114779,-0.06828993055555554,0.609529033732152,-0.06275752314814798,0.42622991248717046
2016-07-14,115.64,0.0013836042891732792,0.0053614666205465955,-0.0065721203735732425,-0.003804911795226573,-0.4359664440833593,-0.029453476305777215,-0.28896572744375126,-0.051755447941888466,-0.2666777583294865,-0.06832410930473898,-0.0931455228434841,-0.06505534417156689,-0.19874166449038233
2016-07-17,116.86,-0.00735923327058019,0.0008557247989047223,-0.00735923327058019,-0.01043984254663699,0.9718335802774558,-0.02799931542016154,0.4680702594123358,-0.05448399794626024,0.4133045963875348,-0.07456358035255872,0.8424055942927671,-0.0733356152661303,0.6045547969456013
2016-07-18,116.58,-0.003860010293360805,0.0006862240521530172,-0.008577800651912826,0.002401784182535671,-0.09164653553135205,-0.014342082689998814,0.23775876345569968,-0.04449305198147169,0.2656998429405055,-0.06800051466803902,0.651950420005911,-0.06904557671413025,0.442804574510441
2016-07-19,117.11,0.002476304329263046,0.004867218854068822,-0.002988643156007109,-0.00452565963623941,-0.06536950412411846,-0.012654769020579493,0.058858350854844366,-0.03992827256425546,0.1669697260252081,-0.06826060968320369,0.5114155782783489,-0.07145988102353906,0.34508773692088646
2016-07-20,116.83,0.00017118890695888567,0.006333989557476549,-0.004450911580929473,0.002396644697423511,-0.021044832992326512,-0.004724813832064245,0.05763488393662297,-0.028785414705126855,0.11114192774827103,-0.062055978772575404,0.484773588974845,-0.06709749208251292,0.3211896538045076
2016-07-21,117.31,-0.0033245247634472452,0.0002557326741112753,-0.03622879549910496,-0.004091722785781293,0.27094490861655873,-0.0060182422640872035,0.36342702461650767,-0.024644105361861568,0.4221966110938318,-0.06175944079788587,0.8713057840910865,-0.06898530957860927,0.6892635404047505
2016-07-24,117.16,0.0008535336292250228,0.00315807442813254,-0.006828269033799961,0.0012803004438375343,0.17417492533430723,-0.001894844656880168,0.3466145716081932,-0.01619153294639797,0.5837109558042466,-0.0577031410037554,1.145350882897846,-0.06572493456242168,0.981350169175534
2016-07-25,117.55,-0.008081667375584911,0.0005954912803063372,-0.011484474691620505,-0.0033177371331348793,-0.23790563939634635,-0.004695874096130037,-0.010374710087370898,-0.013585708209272518,0.13879955520254184,-0.05529136537643542,0.35478398729150107,-0.06608818942294059,0.5035637172359015
2016-07-26,117.42,0.006046670073241334,0.006046670073241334,-0.00757962868335893,0.0011071367739736715,-0.06764719473628711,-0.001941747572816177,-0.08488507252060795,-0.008601601090103772,0.007122671858022844,-0.04650826094362104,0.20368408954378547,-0.06212456708113312,0.39259062656873245
2016-07-27,121.4,-0.028006589785832037,0.006836902800658962,-0.03204283360790772,-0.032784184514003334,-0.4799207032930195,-0.03415156507413597,-0.528023756968041,-0.03817133443163079,-0.47238745450668795,-0.07124794069192741,-0.38595496824557574,-0.08997254255903353,-0.27716544878723537
2016-07-28,122.2,-0.006792144026186553,0.00417348608837953,-0.006955810147299624,-0.006546644844517169,0.24274082628526972,-0.032995090016367246,-0.30197335571559414,-0.03939443535188192,-0.2833880636791658,-0.0710270049099836,-0.2298892016823455,-0.09202400436442981,-0.0821244410816595
2016-07-31,121.22,0.008166969147005432,0.012621679590826496,-0.0033822801517900958,0.008084474509156836,0.7949826109667752,-0.017109387889787886,0.4183614444581907,-0.026216795908265755,0.26420594663697483,-0.05735439696419731,0.35457716469407674,-0.08063850849694765,0.6771732625858571
2016-08-01,120.11,0.007160103238697868,0.0078261593539255,-0.007992673382732463,0.009241528598784354,-0.2943822753157467,-0.0012655066189332098,0.0256126032887507,-0.013587544750644942,-0.1095337493173898,-0.04308134210307235,-0.05215598141166222,-0.06812366441872719,0.17147735124269814
2016-08-02,120.51,-0.004066052609742021,0.0,-0.00838104721599875,-0.0033192266201975684,0.3648204631262344,-0.000331922662020534,0.4644045179430969,-0.013932453738278672,0.2434142453944197,-0.04047381960003338,0.2984073747531071,-0.06767626476364319,0.5830539184277925
2016-08-03,119.62,0.00359471660257471,0.009864571141949385,-0.0013375689683999825,0.007440227386724674,0.7378305070708326,0.012272195285068621,1.5041302312312936,-0.003753552917571956,1.13308026953595,-0.02759571977930131,1.2103422572830609,-0.057206152817254385,1.7489148547682203
2016-08-04,120.9,-0.0008271298593880427,0.0047146401985112,-0.004052936311000899,-0.010587262200165481,-0.5213316330575891,-0.001389578163772387,-0.06302120499334873,-0.011993382961124621,-0.02964272185074568,-0.03279983457402824,0.03655609368255064,-0.0637441411634958,0.2907784267604019
2016-08-07,120.16,0.0052430093209054895,0.006990679094540653,-0.001997336884154377,0.00615845539280957,0.34118470665904566,0.0025965379494004015,0.13918405385486765,-0.002921105193075424,0.33155289116927267,-0.02183754993342213,0.3671042817750956,-0.055126498002662894,0.7105756246070742
2016-08-08,120.58,-0.0011610549013103544,0.0030685022391774286,-0.0035660971968817234,-0.003483164703931063,0.16339396480327695,-0.002653839774424238,0.30800294165151754,-0.0039061204179792197,0.5624209173416543,-0.021139492453143283,0.5510682387548842,-0.05398905291093026,0.7419653851925418
2016-08-09,119.83,0.006592672953350531,0.009596928982725572,-0.004089126262204701,0.006258866727864465,-0.031223002182297566,0.004372861553867402,0.11768726393815676,0.004856880580823342,0.47953151347581247,-0.011841775849119829,0.44720496118972664,-0.04217085315307778,0.6205251940791097
2016-08-10,120.41,-0.002408437837388866,0.002325388256789296,-0.004982974835976983,-0.004816875674777843,-0.19021397741334545,-0.0015945519475132341,-0.13660396789664808,0.0020181048085712305,0.16531797361745038,-0.014122581180965321,0.15972111763231034,-0.04173518257066122,0.28389979699509604
2016-08-11,119.91,0.0024184805270619503,0.007672420982403505,-0.0019181052456007652,0.004169794012175876,0.3723449518474806,0.003886248019347338,0.2985271211711995,0.005370694687682809,0.43625960553041754,-0.007839212742890789,0.5836440524331545,-0.03373363355850212,0.7189258084924544
2016-08-14,120.26,0.0008315316813569673,0.0027856311325460403,-0.008647929486113481,-0.0029103608847498297,-0.3739363876731573,-0.0006818559787133971,-0.27216639315118796,0.000540495592882495,-0.18943400247148356,-0.008951438549809176,-0.062159838044864246,-0.03303952547258726,0.031024376270823995
2016-08-15,119.64,0.004012036108324901,0.0050986292209962425,-0.0004179204279505244,0.005182213306586414,0.27987388754824827,0.004663991975927262,-0.013214237010773289,0.004923102641257504,0.057578160667382194,-0.0023946840521567037,0.20918791763261968,-0.024573721163490436,0.3181804212444439
2016-08-16,120.1,0.0008326394671107629,0.00291423813488767,-0.008409658617818394,-0.0038301415487093093,-0.18539832572426973,-0.0007493755203999974,-0.1737882752400146,0.0006827643630313851,-0.18152114458347768,-0.00494171523730258,-0.023697050999844316,-0.024571190674438026,0.06235073174599526
2016-08-17,120.03,0.002249437640589713,0.002416062651003914,-0.00833125052070316,0.0005831875364492589,0.21712274410675447,0.0002832625177033865,0.07245076715066734,0.0009247688077984595,0.006886867321145074,-0.003115887694743469,0.18476169831285638,-0.020303257518953677,0.27695721395959483
2016-08-18,120.3,-0.005901911886949218,0.0037406483790523026,-0.010806317539484578,-0.0022443890274314038,-0.13049811964020785,-0.002593516209476787,-0.08319764670703833,-0.00098088113050665,-0.09310458071746297,-0.004023275145469962,0.016450177174234026,-0.018977556109725735,0.10417994035836942
2016-08-21,120.3,-8.312551953437719e-05,0.002743142144638444,-0.00390689941812139,0.0,1.0608568787576336,-0.001945137157107646,1.016852633602562,-0.0014796342477138014,0.8359250198168686,-0.002780548628429136,1.1050870757149216,-0.0158104738154613,1.237068121747115
2016-08-22,121.27,-0.0022264368763914577,0.005772243753607631,-0.005112558753195273,-0.0079986806299992,-0.5357060324579175,-0.009862290756164516,-0.18187731626111592,-0.009351034880844322,-0.18394845566289542,-0.009462356724664,-0.036067219410680806,-0.020923009263076775,0.007840838090673374
2016-08-23,120.94,-0.0003307425169505329,0.006862907226723891,-0.002480568877129108,0.0027286257648420076,0.17243668037134507,-0.0044650239788329715,0.000260331550004933,-0.00607739374896632,-0.009417809201057392,-0.005221597486356977,0.1323709953954575,-0.01596659500578801,0.16107436460561297
2016-08-24,121.09,-0.00404657692625332,0.0022297464695679725,-0.00404657692625332,-0.0012387480386489846,0.42840585882868476,-0.004310843174498813,0.37528938870539363,-0.006391939879428321,0.43478090822902105,-0.005000412916013053,0.6024968414500049,-0.015236600875382034,0.6527340995760615
2016-08-25,121.57,0.00016451427161312537,0.008061199309040035,-0.0047709138767787485,-0.003948342518713455,-0.6142757397253567,-0.006498313728716343,-0.4998605141231425,-0.009755696306654404,-0.46659242163594983,-0.009056510652299177,-0.4266782141384654,-0.017509802308683486,-0.37142124471530724
2016-08-28,122.6,-0.00668841761827077,0.002039151712887488,-0.00815660685154973,-0.008401305057096242,0.17133026610503022,-0.012773246329527255,-0.3247053120163125,-0.01672104404567698,-0.3080825135605969,-0.01763866231647626,-0.33028812394242146,-0.02415171288743856,-0.26990952200765594
2016-08-29,122.97,-0.0021956574774334436,0.0,-0.006993575668862273,-0.0030088639505571058,0.37658495458458785,-0.012002927543303676,0.10819591541475004,-0.017776693502480345,-0.01982434958914714,-0.020033341465398036,-0.05557956230036831,-0.025531972567834904,0.019343535456964434
2016-08-30,123.54,-0.00550429010846698,0.008175489719928652,-0.009308725918730776,-0.004613890237979645,-0.407135700322634,-0.013809292536830609,-0.34792266146989115,-0.01961308078355206,-0.4105409876541346,-0.02339728023312304,-0.44936541602266966,-0.028303923155792998,-0.39651331799569767
2016-08-31,123.94,-0.003388736485396171,0.003792157495562387,-0.010449411005325038,-0.003227368081329618,0.6316428156076599,-0.01279651444247254,0.2184074490208252,-0.020001613684040742,0.02292116337975414,-0.025326771018234773,-0.06650989769669724,-0.02971061266204078,0.0030863878129629985
2016-09-01,125.43,-0.006936139679502573,0.0009567089213107227,-0.008132025831140921,-0.011879135772941196,0.14824559914444313,-0.019979271306705515,0.4905130512032685,-0.02852587100374715,0.193133477057835,-0.0351829705812009,0.09854351627085833,-0.03934731191368357,0.14786657764046618
2016-09-05,125.79,-0.001351458780507242,0.0016694490818029983,-0.008506240559662981,-0.002861912711662251,-0.30821172454827295,-0.016646792272836164,-0.0783225816553409,-0.027227919548453716,-0.18200793458178066,-0.0361435726210354,-0.24988432812451078,-0.03994488168110877,-0.20582844680007095
2016-09-06,125.69,-0.00047736494550087993,0.0016707773092530243,-0.00604662264301048,0.0007956082425013555,0.28916744885497714,-0.010788447768319553,0.17330138977200482,-0.02208608481183849,0.13553935668796235,-0.03313708330018317,-0.011226862365135593,-0.036892354204789424,0.04157423387598702
2016-09-07,125.73,-0.0016702457647340685,0.006282510140777964,-0.0021474588403722628,-0.00031814205042557386,0.02271618828398969,-0.006776425674064113,0.20187731761633576,-0.018881730692754117,0.15808162654410984,-0.031412550703889375,0.0248246546638764,-0.03504069567061696,0.06548311790414796
2016-09-08,122.22,0.022336769759450315,0.027164130256913888,0.0,0.028718703976436055,-0.22687766276335863,0.025331369661265812,-0.18040345821325654,0.013213876615938647,-0.09693341433221314,-0.0011822942235314438,-0.1989918033522763,-0.005061910216549448,-0.1785430110369287
2016-09-11,124.24,-0.02374436574372174,0.0016902768834514692,-0.02648100450740498,-0.016258853831294218,0.028718405495347765,0.005891822279458392,-0.11771159890692329,-0.002350289761751223,-0.018240692377708756,-0.016693496458467627,-0.1626156365796918,-0.021018458896759018,-0.17616927844142505
2016-09-12,122.12,0.007861120209629924,0.010890926957091374,-0.004995086799868931,0.01735997379626597,0.04187283232050221,0.02140517523747043,-0.023549712829241454,0.017155257124140455,-0.008305713906933576,0.002149525057320467,-0.10435577955207354,-0.0034665356479965936,-0.15347997645042966
2016-09-13,121.52,0.0037030941408822127,0.01143844634628044,-0.003456221198156695,0.004937458854509691,0.23427615274782987,0.02040816326530548,0.18237366686108958,0.02178242264647845,0.20481671896732379,0.007862903225806184,0.11021518927207508,0.001700680272108901,0.05398272362819645
2016-09-14,124.11,-0.021996615905245376,0.0050761421319796,-0.021996615905245376,-0.020868584320360983,-0.1440193019751541,-0.007606155829506744,0.004215981511310307,-0.0007090484247840312,0.028205078967760144,-0.012412376117960089,-0.044980390783668334,-0.018824698520130023,-0.10809659572257024
2016-09-15,123.27,0.0019469457288878722,0.004948487060923101,-0.008112273870365838,0.006814310051107331,-0.2271157024288335,-0.0034720532165172235,-0.20460606208755183,0.006562829561126415,-0.24365195421525399,-0.00405613693518303,-0.25938703405744656,-0.011165192936913648,-0.3068813892451302
2016-09-18,124.68,-0.007779916586461488,0.008180943214629366,-0.007779916586461488,-0.01130895091434081,0.20465456732968668,-0.013057427013154488,-0.011754312715662074,-0.005357715752325798,-0.05376247172269888,-0.014019890920757394,-0.08336505929951166,-0.021372045770506,-0.14011438174855995
2016-09-19,124.78,0.006170860714858062,0.009456643692899336,-0.00040070524122448603,-0.0008014104824490831,0.08385397253122417,-0.013143131912166095,0.0657233037763012,-0.006755890367045714,0.053389825678483716,-0.013054976759096393,0.0030898098341820557,-0.021146551263557467,-0.06638473688390079
2016-09-20,127.56,-0.014581373471307613,0.0014894951395421074,-0.016698024459078087,-0.021793665725932887,-0.0908764006752465,-0.03047977422389536,-0.04315608286588035,-0.02919410473502637,-0.05731998868371502,-0.03280809031044252,-0.06228656315512948,-0.04127208111215652,-0.1443125477772792
2016-09-21,126.83,0.008436489789481971,0.012378774737838105,-0.002128833872112268,0.005755736024599889,-0.16463505952849866,-0.015374911298589256,-0.16481529414514506,-0.022131987700070743,-0.19759964195467128,-0.02476149176062481,-0.21029904056663962,-0.033919419695655706,-0.27413699619937537
2016-09-22,124.98,0.011281805088814156,0.014722355576892276,0.0,0.014802368378940667,0.24493312784920618,0.0035525684109452005,0.09791613230016494,-0.006777084333493333,0.039900742544913825,-0.007969275084013905,0.007782387998577445,-0.017752173681122363,-0.07643229980565236
2016-09-25,124.93,-0.006963899783879013,0.007924437685103536,-0.009685423837348939,0.00040022412551032893,-0.06797834801675828,0.0066917473785312875,-0.020423537541923387,-0.004170335387817081,-0.038282506350652445,-0.006015368606420157,-0.038650487611582185,-0.01613970490141159,-0.13298609402146377
2016-09-26,126.86,-0.01749960586473276,0.004177045562036907,-0.022308056124862086,-0.015213621314835168,-0.0031770030238099656,-0.008229544379631526,-0.014581172277069121,-0.01877660413053739,-0.039228227566734164,-0.01981317988333653,-0.055247311612631855,-0.02978874349676819,-0.12055503267450318
2016-09-27,127.56,-0.00431169645656948,0.0014111006585135755,-0.014659767952336145,-0.00548761367199746,-0.025167760669578598,-0.010410787080589956,-0.015672823991605855,-0.020445280652241937,-0.05721968717210413,-0.023522264032612705,-0.08303374734633129,-0.03338820947005339,-0.13828694598309788
2016-09-28,125.02,0.02015677491601342,0.02095664693649013,-0.004319308910574193,0.02031674932010885,-0.03327454804682817,0.009694448888177387,-0.03718891213250941,0.004287314029755462,-0.06342234161705773,-0.0018477043673016391,-0.10225403358593077,-0.01163813789793633,-0.15595506904361778
2016-09-29,126.56,-0.003713653603034106,0.005530973451327359,-0.0051359039190898015,-0.012168141592920456,-0.2822469061052991,-0.005451959544880203,-0.32185769811389764,-0.007213969658659836,-0.31595090404100945,-0.013408659924147082,-0.36460095480167454,-0.02236883691529712,-0.3889554635835968
2016-10-02,124.96,0.008802816901408494,0.012564020486555805,-0.0035211267605633756,0.012804097311139628,0.08944756468640347,0.00981113956466051,-0.18023681701871452,0.008130601792573966,-0.2303352448299575,0.0002720870678614151,-0.28323904972153935,-0.008109261630388387,-0.31471928644017944
2016-10-03,124.2,0.016264090177133594,0.022705314009661803,-0.008051529790660261,0.006119162640901621,0.06332276005670812,0.01603864734299476,-0.0718793469622162,0.014524959742351129,-0.14986580071975686,0.006203703703703267,-0.21241627745867908,-0.0007890499194848077,-0.25634696038564864
2016-10-04,124.15,-0.002335884011276712,0.008779701973419263,-0.002335884011276712,0.000402738622633958,0.26185104261851033,0.012162706403543888,0.22576970025769705,0.014466371325010163,0.11207641612076413,0.005968586387433916,0.006324021063240259,0.0006604913411192292,-0.03208992632089924
2016-10-05,125.04,-0.008317338451695466,0.0022392834293025743,-0.017994241842610337,-0.00711772232885477,0.21157502198009137,-0.0004958413307744047,0.481651751390473,0.004518554062700186,0.352775968593358,-0.0018074216250805186,0.23227834892030685,-0.005694177863084016,0.1803818838467619
2016-10-06,123.86,0.009607621508154418,0.009607621508154418,-0.003512029710963982,0.009526885192959744,0.10446390957721619,0.009058614564831036,0.5765305608766726,0.01264330695947069,0.4515075762995229,0.007423704182140556,0.36489294618562007,0.004881855858765105,0.3097008163167978
2016-10-09,124.65,0.0028078620136382515,0.006097071801042908,-0.0014841556357801933,-0.006337745687926222,0.7222431365033299,-0.0016686722823909816,1.385856622335996,0.00532691536301666,1.4603697949107568,0.0016967509025265226,1.3224285130858755,-0.0007460890493383721,1.2758908533102744
2016-10-10,122.75,0.014501018329938997,0.014501018329938997,-0.006109979633401208,0.01547861507128312,-0.30560981753715555,0.0132790224032584,0.3661528809547574,0.020659877800407678,0.620168822095162,0.017368635437881697,0.5701967056243928,0.015557365919891097,0.5366413866563582
2016-10-11,123.37,-0.0065656156277863476,0.003323336305422586,-0.012807003323336286,-0.00502553294966368,0.042206939823490996,0.00583610278025426,0.21134280548515183,0.012199075950393379,0.627863977478184,0.012511145335170282,0.611361133355899,0.010494177406716654,0.5767478761960585
2016-10-12,122.67,-0.0029347028613352366,0.00440205429200291,-0.011575772397489192,0.005706366674818719,-0.25606439535386494,0.010304067824243646,-0.1982046343428785,0.014559386973180377,0.15957135276429324,0.01904296078910872,0.1894033995990645,0.01636912040433658,0.16564672143498238
2016-10-13,123.15,0.006902151847340665,0.01218026796589533,-0.002923264311814888,-0.0038976857490865546,-0.15035928049970515,0.0025172553796179997,-0.3228558755537929,0.008696711327649487,-0.040422996039304326,0.014486398700771064,0.006850020612316099,0.012172147787250953,-0.02737228626245647
2016-10-16,122.55,0.004814361485108165,0.008404732762137934,-0.000407996736026095,0.004895960832313362,0.4040858015392461,0.006266829865360757,0.010354448632204694,0.01085271317829517,0.2713667110191498,0.01940432476540166,0.3999817558894041,0.016912824697402185,0.3728068478670754
2016-10-17,122.89,0.009032468060867327,0.009520709577671038,-0.0032549434453577053,-0.002766701928553994,-0.15144416093429025,6.509886890682104e-05,-0.08194811266793,0.006094881601432567,-0.004846655823646628,0.015717308161770527,0.17127296059208863,0.013318143597254917,0.16388793556527115
2016-10-18,122.68,0.005135311379197871,0.0067655689598955515,-0.0026899250081513504,0.0017117704597326977,-0.06384930400184385,0.002005216824257916,-0.10028659432352327,0.006749266384089125,-0.12314359749212511,0.016685686338441252,0.0922343065744411,0.014264753831105148,0.08112908695689303
2016-10-19,122.12,0.0032754667540124682,0.008761873566983214,-0.001351130036030157,0.0045856534556174555,-0.09443433638542842,0.0054700294792005,-0.13182246547154974,0.010162135604323996,-0.22187146203293562,0.019349819849328265,-0.01649322502366546,0.018094224260290392,-0.018633240498483028
2016-10-20,123.99,-0.02290507298975719,0.0004839099927413937,-0.02451810629889506,-0.01508186144043866,-0.39532790641789795,-0.010581498507944431,-0.4578855681911621,-0.007428018388579316,-0.5221616894445411,0.0020767803855148426,-0.41188289871478867,0.001768959862354258,-0.40290650819784635
2016-10-23,124.64,0.0033697047496790145,0.008263799743260636,-0.0016046213093710016,-0.005215019255455755,0.26192429646288895,-0.014393453145058022,-0.21765048446853252,-0.012499999999999512,-0.33152954670862234,-0.003546213093710282,-0.23206259883624591,-0.0029819212665813666,-0.23132778536561305
2016-10-24,124.25,0.0012877263581487775,0.006760563380281637,-0.0007243460764587706,0.003138832997988006,0.34038086879832163,-0.007935613682092724,0.1695734066765784,-0.009408450704224913,-0.017212086972553498,-0.0005352112676060283,0.042678900843224454,0.0002548625083835798,0.039970954522372315
2016-10-25,123.32,0.0005676289328575557,0.0065682776516380326,-0.005919558871229191,0.007541355822251017,0.024051397385746576,0.0017515407071033717,0.2249315743043987,-0.0007216996432041212,0.03914093319510181,0.005943885825494322,0.06382464031656343,0.00837387825710878,0.06469587414309164
2016-10-26,122.86,0.010092788539801445,0.01424385479407464,-0.0033371316946116947,0.003744098974442389,-0.20187677175519314,0.0065440338596776115,-0.014128043101070631,0.002979000488360972,-0.14419348954592848,0.007984698030278015,-0.15617106133918912,0.012637690596342566,-0.14589634253625305
2016-10-27,122.28,0.008423290807981765,0.012021589793915544,-0.00359829898593389,0.004743212299640254,0.5418009445190182,0.012528622832842506,0.5706090462966487,0.007891723912332615,0.36305792107994717,0.011882564605822488,0.3061132879370032,0.01710009813542679,0.3281581335695536
2016-10-30,121.85,0.0077964710709890195,0.013295034878949563,-0.002215839146491594,0.0035289290110791516,-0.6030599560475118,0.013295034878949341,-0.46638842674360603,0.01073450964300382,-0.4709270199943374,0.013697168649979385,-0.5015187337369053,0.02041854739433724,-0.48016061982895386
2016-10-31,120.93,0.01075002067311659,0.013230794674605084,-0.0033076986686513266,0.007607706937897918,0.5381306935160899,0.01638964690316702,-0.07786067299413213,0.01784503431737372,-0.08900996899309677,0.02012321177540688,-0.2125758789851503,0.02740152705421872,-0.1754392644611783
2016-11-01,119.46,0.011217143813828878,0.011300853842290293,0.0,0.012305374183827267,-0.17394051188720716,0.023338355935041077,-0.20015609325578465,0.02872928176795586,-0.21996780833557172,0.03130755064456703,-0.35190686618463685,0.03896980858306831,-0.31136630249475117
2016-11-02,122.5,-0.024897959183673435,0.0016326530612245094,-0.02579591836734696,-0.024816326530612276,-0.3856363452665611,-0.00835918367346944,-0.461989862930657,0.0005714285714286671,-0.4955042013269121,0.0037999999999998035,-0.592378296231435,0.010982312925170046,-0.5699907806553733
2016-11-03,122.59,-0.0008972999428991102,0.008320417652337042,-0.005465372379476308,-0.0007341544987355952,0.5714864103181554,-0.009674524838893972,0.00962338944209673,0.00014683089974698582,-0.11280077640203545,0.0020270821437309294,-0.3084309679621696,0.009062729423280791,-0.29733692866927586
2016-11-06,125.46,-0.004702694085764292,0.009883628248047227,-0.007249322493224852,-0.02287581699346397,0.18627842605752343,-0.031834847760242146,0.31942346222454865,-0.02384823848238482,0.04797167223736443,-0.021401243424199135,-0.14991273140500094,-0.014655401455975325,-0.15117662185256886
2016-11-07,126.42,-0.007040025312450515,0.009610821072615128,-0.013684543584875808,-0.007593735168486049,0.04693182023587106,-0.03347571586774234,0.28603046899776996,-0.03061224489795933,0.09970265531514921,-0.02851210251542502,-0.07567570121254852,-0.02199810156620796,-0.10370803090829128
2016-11-08,125.63,-0.003024755233622556,0.014884979702300516,-0.016715752606861423,0.006288306933057486,-0.41971195999651,-0.018657963862134697,-0.252628828697393,-0.022789142720687883,-0.3480484805834987,-0.020942450051739336,-0.44965827014847304,-0.015964870386584895,-0.4764220944142248
2016-11-09,126.33,-0.003087152695321782,0.010686297791498545,-0.017098076466397494,-0.0055410432992955005,0.49454247732623435,-0.014327554816749521,0.20790574782098137,-0.026375366104646525,0.05928470040986644,-0.025472967624475595,-0.12434144895481214,-0.021926699912926395,-0.1920071294338067
2016-11-10,125.46,0.0020723736649130853,0.008847441415590573,-0.0057388809182209455,0.00693448110951711,-0.08092822461390559,-0.0013868962219031333,-0.01716720433698904,-0.01685796269727402,-0.008853223205877336,-0.017256496094372742,-0.1759107978084531,-0.014796216589616829,-0.249895915059004
2016-11-13,123.72,0.021823472356935048,0.02416747494342064,-0.004203039120594831,0.014064015518913564,-0.044277996946863074,0.017297122534756237,-0.05876105729419967,-0.0004607177497574222,-0.0032354614536762583,-0.0025016165535080015,-0.19459945884743135,-0.0012366634335595483,-0.2820570724226039
2016-11-14,121.93,0.012302140572459708,0.012876240465840905,-0.008775526941687928,0.014680554416468317,-0.21220890528318204,0.02937751168703362,-0.22660076515832484,0.015746739932748444,-0.22740887057049608,0.01262199622734328,-0.34294718593031726,0.013086743760080788,-0.4304270005527404
2016-11-15,122.36,-0.007191892775416764,0.006538084341287886,-0.010787839163125201,-0.003514220333442286,0.8579364679476902,0.018421052631579116,0.5855139591874126,0.012994442628309955,0.5107786455351213,0.008671134357632893,0.27682234386093496,0.008908139915004831,0.08123940178182898
2016-11-16,123.97,-0.012261030894571201,0.0012099701540695396,-0.012724852786964558,-0.012987012987012991,-0.04456912284080017,-8.066467693768065e-05,0.33877084801246404,0.00217794627732526,0.4112510776852416,-0.004557554246995443,0.23009151024730956,-0.004675862439837641,0.03542658830016765
2016-11-17,121.8,0.015353037766830946,0.016420361247947435,-0.0013957307060755708,0.017816091954022895,-0.2510321706854347,0.013858784893267861,-0.03150909975311822,0.021239737274220127,-0.023844617831346726,0.013936781609195315,-0.07234683950581677,0.012764094143404403,-0.21775125986664268
2016-11-20,121.73,0.0020537254579808817,0.010432925326542275,-0.004025301897642386,0.0005750431282345314,0.024542526790181984,0.00842848927955342,-0.007945677470053036,0.02117801692269783,0.0010421221249459212,0.013620307237328433,-0.05103805868149658,0.012782387250472427,-0.1813012422047371
2016-11-21,120.81,0.007615263637116065,0.021024749606820547,-0.0009105206522639353,0.007615263637116065,-0.2932673412078325,0.0128135088154957,-0.3092132019693209,0.025867063984769567,-0.28234161605076347,0.020134922605744565,-0.32350703654408086,0.019689319316833487,-0.40477601157441256
2016-11-22,120.21,-0.0014141918309623636,0.007736461192912492,-0.006072706097662306,0.004991265285750002,-0.19359474031934432,0.016005324016305167,-0.43692563152684927,0.026320605606854786,-0.3872241603565657,0.023795857249812924,-0.431903809333514,0.024240911737792192,-0.501181687781996
2016-11-24,119.92,0.004252835223482299,0.007505003335557037,-0.006337558372248253,0.0024182788525684007,0.8685194906998799,0.014876584389593273,0.2696741560657838,0.02428285523682483,0.18182224561815086,0.024974983322214817,0.12253467786810335,0.02583944852123632,-0.020103197978668108
2016-11-27,118.4,0.007432432432432412,0.010388513513513331,-0.000506756756756821,0.012837837837837762,-0.400418202979396,0.021064189189189397,-0.21679922054374967,0.032018581081081354,-0.2916251765741148,0.03689189189189168,-0.32130227858871074,0.038234797297297174,-0.4041228358324592
2016-11-28,119.61,-0.012289942312515678,0.003093386840565149,-0.012373547362260706,-0.010116211019145505,0.3743534553890113,0.005049745004598538,0.17145573320634266,0.015675946827188758,0.020997611851628184,0.024780536744419157,-0.020201837436170655,0.026408048379455318,-0.15406633535921233
2016-11-29,118.99,0.009412555676947765,0.01630389108328445,-0.00361374905454237,0.005210521892595965,-0.13277314360484138,0.006723254054962879,0.03716286391887458,0.017514076813177848,-0.10950278050376183,0.029178922598537715,-0.1543194154808636,0.03093257136454053,-0.24910257196597974
2016-11-30,116.26,0.027008429382418653,0.029330810252881534,-0.006279029760880794,0.0234818510235677,-0.46270166744065144,0.02723206605883366,-0.4509858351167939,0.038878376053672836,-0.5235035614743957,0.05251161190435205,-0.5353058594815245,0.05402259303859158,-0.5859959371976551
2016-12-01,115.69,0.005359149451119372,0.011323364162848959,-0.007692972599187442,0.004926959979254963,0.6094563481592374,0.02546460368225456,-0.02543586425212574,0.03872417667905648,-0.12040143047896124,0.0563142881839398,-0.20387441275178908,0.05736594923214344,-0.2926866299013595
2016-12-04,114.28,0.017588379418971067,0.021263563178158806,-0.0011375568778438927,0.012338116905845187,-0.10764817548707517,0.030714035701785436,-0.06216663399580902,0.044294714735737095,-0.17091535066216657,0.06636769338466908,-0.2918039598657247,0.06853634348384086,-0.35155452148237076
2016-12-05,113.57,0.010125913533503672,0.011182530597869222,-0.00792462798274185,0.006251650964163247,-0.11346346229091353,0.02990226292154663,-0.15434460384890147,0.044201813859294115,-0.22967130450532736,0.06937571541780407,-0.3542589709152234,0.07236652871943905,-0.4138638635663512
2016-12-06,114.34,-0.004023089032709537,0.0020990029735874494,-0.015392688472975369,-0.006734301206926752,0.38090657874850864,0.012401609235613398,0.280099390782403,0.030033234213748594,0.1299511302900942,0.056974811964316974,-0.07000995163245882,0.06191767243892521,-0.1645803164982872
2016-12-07,114.22,0.0018385571703729564,0.010681141656452509,-0.0019261075118193194,0.0010506040973559116,0.25226718361315115,0.00532306075993727,0.6168777141806756,0.02545088425844888,0.4128421333958958,0.05279723340921039,0.19041243453012258,0.0601412478842005,0.06921651003881535
2016-12-08,115.0,-0.006869565217391349,0.004173913043478361,-0.01256521739130434,-0.00678260869565217,-0.0782006727550909,-0.00504347826086915,0.26887741309782265,0.01328695652173928,0.24892311808328915,0.04069565217391302,0.08495865649637846,0.050313043478261044,-0.0004980357074844122
2016-12-11,113.5,0.013215859030837107,0.013215859030837107,-0.0037004405286343856,0.013215859030837107,0.45938587707617695,0.006889867841410213,0.7755888212025253,0.022343612334801977,0.8548693917093648,0.04945814977973573,0.5992649445281824,0.06188546255506644,0.47653535475960584
2016-12-12,116.69,-0.023481018082097793,0.006684377410232312,-0.02810866398148948,-0.02733738966492416,-0.45184920628550895,-0.02197274830748086,-0.1431762669513177,-0.009803753535007176,-0.03241120483550086,0.015644014054332134,-0.12999626350910898,0.030348216071071743,-0.18330378622159316
2016-12-13,114.93,0.012094318280692518,0.018794048551292075,-0.0028713129731141596,0.015313669189941592,0.6067207650089228,-0.0015661707126071178,0.2882524162644633,0.0028191072826939667,0.5937633117527417,0.02813886713651792,0.4209588330576357,0.044630064677049885,0.32147955407911866
2016-12-14,114.3,0.002624671916010568,0.014960629921259905,-0.0022747156605423813,0.005511811023622082,-0.06867571889993418,0.004969378827647253,0.10968579173903081,0.004794400699912771,0.4469049889143393,0.030743657042869632,0.30228221830645263,0.048638086905803624,0.23495865200855182
2016-12-15,113.1,0.008488063660477607,0.012643678160919603,-0.0011494252873562871,0.010610079575596787,-0.3582861576112971,0.015773651635721198,-0.3011747760955029,0.013722369584438843,-0.1632355623451679,0.03811671087533175,-0.15559003405557637,0.05824344238137358,-0.20694764015777856
2016-12-18,112.6,0.003197158081705176,0.00896980461811725,-0.002930728241563041,0.00444049733570151,1.4352670448798888,0.016909413854352184,0.8147434340106208,0.015923623445825985,1.0453704678798545,0.03789964476021335,1.1185645275480125,0.06015985790408562,0.9299093949596362
2016-12-19,112.32,0.004807692307692291,0.004807692307692291,-0.004896723646723666,0.00249287749287741,-0.3918945994853996,0.017841880341880945,0.06927919165378471,0.016960470085470192,0.14385332746619528,0.03639155982905984,0.2703554712119234,0.059837962962963065,0.16191075525030652
2016-12-20,111.7,0.006803939122649982,0.009489704565801338,-0.0001790510295434089,0.005550581915845898,0.884468968286021,0.015666965085049833,0.8559636666913604,0.0214861235452104,1.0022872013745672,0.037931960608773574,1.3992184419501075,0.061799462846911624,1.2016496239774983
2016-12-21,109.7,0.017411121239744753,0.017593436645396476,-0.0015496809480400886,0.01823154056517784,-0.3762833277687685,0.028295350957156407,0.07428574835447854,0.037702825888787705,0.15688816118954496,0.05270282588878761,0.44911642659544015,0.0766848982072319,0.3637610198257495
2016-12-22,109.02,0.005044945881489626,0.009080902586681372,-0.0004586314437717842,0.006237387635296354,0.6816628337604882,0.026270409099248493,0.7672441300138486,0.040029352412401575,0.9063951674050494,0.054448725004586196,1.3573018429281314,0.07852993334556357,1.2618209124196604
2016-12-26,109.43,0.0016448871424654676,0.007219226903042886,-0.0024673307136983125,-0.003746687380060454,0.7808217649421954,0.014968472996436555,1.4607748962192564,0.030668006945079096,2.1726137124492255,0.045517682536781345,3.130952439405437,0.0692162417374882,2.9828561650969365
2016-12-27,108.68,0.008097165991902688,0.010581523739418452,-0.0006440927493559512,0.006900993743099049,-0.2309171115192502,0.016139124033861307,0.7171125491340393,0.034035701140964436,1.3058943682521154,0.04860599926389364,2.0153683551039325,0.07167832167832167,2.0014165479439514
2016-12-28,108.61,0.0031304668078446785,0.007513120338827006,-9.207255317189578e-05,0.0006445078722032704,-0.19498077233980515,0.010091151827640754,0.10745436280653364,0.02732713378141982,0.6268899829624828,0.04425006905441453,1.350455162865122,0.06775312279409507,1.3694422297361095
2016-12-29,107.54,0.008090013018411613,0.011577087595313174,-0.0030686256276735158,0.009949786126092652,-0.26905716366339527,0.01439464385345035,-0.21338508636109765,0.031671936023804914,0.12127499906573869,0.04981402268923163,0.6557920667577697,0.07424834170231231,0.6880121645875563
2017-01-02,108.39,0.00018451886705417309,0.005673955161915156,-0.004797490543408056,-0.007842051849801579,-0.3691603880278437,0.0024541009318208573,-0.5485944025868523,0.017344773503090716,-0.3250671721435512,0.03755881538887329,-0.039923477596011336,0.06126641449088166,0.06270948353217887
2017-01-03,111.74,-0.02720601396098077,0.004116699480938069,-0.029085376767496007,-0.029980311437264984,0.0672896192105672,-0.02872740289958775,-0.413282748190441,-0.01737068194021829,-0.3317495668210787,0.0031859674243777114,0.0011172208002045991,0.024801622814867974,0.14389743610667582
2017-01-04,112.59,-0.011990407673860948,0.00959232613908867,-0.013899991118216493,-0.007549515942801399,-0.19063763834063885,-0.03195665689670446,-0.41258225585230157,-0.025552891020517055,-0.43099336669433297,-0.005515587529976607,-0.21903797804162273,0.014086508570920975,-0.07517972082728819
2017-01-05,114.6,-0.016928446771378725,0.01186736474694583,-0.016928446771378725,-0.01753926701570674,-0.17565753952950247,-0.04211169284467675,-0.40376352623579315,-0.04240837696335087,-0.5200661509493887,-0.023385689354276318,-0.3798805834713369,-0.006358347876672554,-0.23267070468758277
2017-01-08,113.28,0.009004237288135597,0.009975282485875647,-0.004149011299435013,0.01165254237288127,0.4774829731324073,-0.020374293785310305,0.07939990346972703,-0.028689971751412635,-0.19926033678339683,-0.011890889830509122,-0.07932519306054586,0.0033927730696798886,0.13589089397758358
2017-01-09,111.35,0.014638527166591864,0.014638527166591864,-0.004669959586888206,0.017332734620565837,-0.051611566097160555,0.006915132465200369,0.08747824141004568,-0.008639425235743459,-0.23105556339648892,0.004813650651099621,-0.13199396417668297,0.018709773985930322,0.05351585330758102
2017-01-10,111.97,-0.004465481825489004,0.0010717156381174764,-0.012771278020898391,-0.005537197463606369,0.2129878542510122,0.0066267750290260885,0.31963262001156756,-0.01204786996516971,-0.00751285907075383,-0.0023801018129862017,0.04435280508964712,0.010517698192968439,0.2823949103528052
2017-01-11,112.59,-0.006217248423483479,0.004174438227195987,-0.01492139621636035,-0.005506705746513907,0.12228127523347854,0.0014921396216365235,0.4509201970818524,-0.015232258637534857,0.18730019844927415,-0.008553157474021522,0.1749736252000289,0.0030494123219941827,0.40934572321475704
2017-01-12,112.42,0.004447607187333169,0.010585305105853093,-0.004091798612346653,0.0015121864436933308,0.37828166134459695,0.00300658245863783,0.8419794997930417,-0.010265077388365684,0.7047683915580087,-0.008877423945917617,0.5545964431795003,0.002484729881989889,0.9209543622084939
2017-01-16,113.94,-0.01755309812181849,0.004037212568018367,-0.01755309812181849,-0.01334035457258198,-0.4917875667142749,-0.014200456380550786,-0.2294675224846202,-0.020124626996665507,-0.12666606853171614,-0.02320080744251396,-0.22683368776870605,-0.012810836112573831,-0.04634179855946474
2017-01-17,114.4,0.0001748251748250329,0.0019230769230769162,-0.012762237762237838,-0.0040209790209790874,-0.033596790474533345,-0.017010489510489224,-0.236864080838048,-0.018470279720280258,-0.1173712988138278,-0.02728583916083971,-0.24839260093771298,-0.01745629370629387,-0.11727740644596107
2017-01-18,114.4,-0.0013986013986014845,0.0076048951048950375,-0.001486013986014001,0.0,0.6608761902537845,-0.01167832167832139,0.29354689303138404,-0.013216783216783767,0.4793106501563653,-0.026717657342657852,0.2177409844296414,-0.01783216783216801,0.44807444685106135
2017-01-19,116.0,-0.00991379310344831,0.0013793103448276334,-0.01370689655172419,-0.013793103448275779,-0.2915403720970632,-0.02112068965517222,-0.12066511195380258,-0.024534482758621134,0.017507339848604975,-0.039366379310345256,-0.13491344872584088,-0.031344827586206936,-0.008741365036056492
2017-01-22,116.11,-0.0018086297476530566,0.0020670054258891124,-0.010421152355524876,-0.000947377486865908,0.6062358547809179,-0.016174317457583243,0.47778818600160333,-0.022521746619585392,0.5938035635986767,-0.03869175781586465,0.38252946413148914,-0.03156489535785045,0.540182166062104
2017-01-23,116.92,-0.004618542593226138,0.0025658569962367928,-0.01163188504960655,-0.006927813889839207,-0.17973748169892134,-0.01667807047553882,0.22394489513436544,-0.028002052685597634,0.1891824731069509,-0.043465617516250776,0.13704401704588798,-0.037769414984605065,0.22799629073920014
2017-01-24,120.43,-0.02499377231586819,0.0009133936726728464,-0.02848127542971024,-0.029145561737108694,-0.26733139734515865,-0.0403886074898282,-0.1762586806710834,-0.053308976168729205,-0.15472422815558529,-0.06834675745246221,-0.17493531918518146,-0.06506684380968208,-0.11254721300217463
2017-01-25,121.12,-0.003963011889035695,0.008999339498018344,-0.003963011889035695,-0.005696829590488783,0.004552279013926963,-0.03589828269484796,-0.19980306881093934,-0.051205416116248736,-0.15556748402691534,-0.06894402245706766,-0.14762088272767748,-0.06889861294583899,-0.11499925799857491
2017-01-26,120.69,0.0028999917143095466,0.003479990057171367,-0.0022371364653243075,0.0035628469632944526,1.0816719568178939,-0.02132736763609222,0.7960597302370758,-0.04024359930400245,0.7855514165127861,-0.06078382633192503,0.8472827501179325,-0.06347667578092642,0.8546469142949116
2017-01-29,120.62,0.0029016746808157023,0.0029016746808157023,-0.013016083568230918,0.0005803349361630517,-0.04751989439139859,-0.012982921571878303,0.5166680804364308,-0.032971314873155744,0.6428046187858192,-0.055260321671364854,0.7685155682559206,-0.061827778698944624,0.6991784230458609
2017-01-30,120.18,0.001580961890497612,0.009152937260775484,-0.004326843068730324,0.0036611749043102826,-0.41211405774572707,-0.0018638708603757603,-0.13153714590711285,-0.02260775503411583,-0.0407516840231108,-0.04680479281078409,0.04088488645262345,-0.056814777833250285,-0.017735156117091422
2017-01-31,119.57,0.009199632014719406,0.01037049427113823,-0.004181650915781598,0.005101614117253517,0.6783360817704731,0.008681107301162783,0.505267714342134,-0.012402776616208366,0.5620532590884779,-0.036656351927741304,0.7661325631606546,-0.05036380362967319,0.6391810311194575
2017-02-01,120.42,-0.010463378176382654,0.0010795548912141406,-0.013494436140176091,-0.0070586281348613555,-0.023378570644025043,0.0001328682943035897,0.2815444033196164,-0.015080551403421683,0.4051945000012771,-0.03881415047334347,0.6734497727917117,-0.055275978519625846,0.5339817943877807
2017-02-02,122.6,-0.008238172920065234,0.002977161500815839,-0.012152528548123875,-0.01778140293637842,-0.3000521173686719,-0.018792822185970448,-0.2304581769290801,-0.02768352365416027,-0.03831565246386426,-0.05236541598694944,0.1405961672726168,-0.06994834148994022,0.06846014183433469
2017-02-05,122.88,-0.006184895833333259,0.0023600260416667407,-0.008056640625,-0.0022786458333333703,-0.03985617957468435,-0.0179199218749998,-0.19246376164742884,-0.024527994791667118,-0.1051422067800567,-0.05045166015625013,0.06516963874945936,-0.06927897135416683,0.01275689575851624
2017-02-06,125.84,-0.0046884933248569904,0.02105848696757784,-0.006675143038779474,-0.023521932612841745,-0.5025636843617602,-0.037428480610298576,-0.5632418598912019,-0.04209313413858917,-0.5436817743795517,-0.0694969802924349,-0.49232623881523585,-0.08820989616444175,-0.4915477617235883
2017-02-07,125.08,0.007355292612727826,0.013351455068755902,-0.0035177486408698444,0.006076111288775277,1.5516198897050013,-0.02252958106811631,0.34513030802852596,-0.029141349536297434,0.2995621536939672,-0.05882235369363609,0.34171224161184965,-0.07836851081974205,0.3337029080083349
2017-02-08,126.21,-0.007923302432453871,0.0019808256081135234,-0.00942476824340377,-0.008953331748672855,0.07869940559432331,-0.022549718722763568,0.48700463255669657,-0.03414943348387678,0.3331051526910431,-0.061809682275572486,0.40881472593644164,-0.08237857539022253,0.4433647419580524
2017-02-09,126.29,-0.0006334626652942932,0.0021418956370258257,-0.006572175152427029,-0.0006334626652942932,-0.19447962755755988,-0.013999524903001048,0.21067761729229484,-0.030730857550083868,0.012783776261906299,-0.05676617309367327,0.11372780387323478,-0.07853089450207207,0.17537213636280446
2017-02-12,126.53,0.0032403382597012698,0.006638741800363501,-0.003635501462103896,-0.001896783371532429,0.03902115166149467,-0.010037145341025955,0.24567401556990465,-0.02814352327511338,0.08552352944069308,-0.0531415474591006,0.15231409307517918,-0.07563950578255485,0.23676995785404809
2017-02-13,126.92,-0.004412228175228461,0.003978884336589994,-0.005633469902300736,-0.00307280176489122,-0.189879076082626,-0.007327450362433208,-0.014496208777023845,-0.026473369051371654,-0.09970063840433974,-0.050492436180271105,-0.059379810741639005,-0.07377350562033824,0.009715613124207767
2017-02-14,128.33,-0.014104262448375371,0.00272734356736537,-0.01581859269071939,-0.010987298371386345,0.3819727460426703,-0.01655107924881194,0.12251573296627671,-0.03191771214836814,0.24106395044735018,-0.05586768487493188,0.2781871438403303,-0.07891633548923349,0.40512341362697857
2017-02-15,128.61,-0.0028769147033668174,0.0027214058004820796,-0.00901951636731213,-0.0021771246403856637,0.09128390866201541,-0.0136381307829877,0.2226335737512648,-0.027214058004821462,0.37159110846205423,-0.05250758105901576,0.3468699604163612,-0.07575357022522866,0.5068973348939267
2017-02-16,130.39,-0.015415292583787044,0.00023007899378790775,-0.017869468517524245,-0.013651353631413232,-0.3786413711432117,-0.023422041567604968,-0.24310941399069042,-0.034212746376256487,-0.14407785780526883,-0.05999309763018634,-0.17041176409096948,-0.08405808216376487,-0.07956474038189199
2017-02-20,130.76,-0.003364943407769938,0.0037473233404712314,-0.006347506882838694,-0.0028296115019884605,0.051286298194480606,-0.01991434689507532,-0.15987996172465135,-0.030988069746100466,-0.08286165533817869,-0.05715050474151118,-0.1322368157673085,-0.0821122667482409,-0.04485659958014343
2017-02-21,130.78,-0.0060406790029056134,0.00045878574705615627,-0.00649946474996177,-0.0001529285823521631,0.4054861230632085,-0.013595350971096876,0.23753414622306357,-0.025110873222206065,0.301035750378422,-0.051693684049549105,0.2400834734486912,-0.07813376153336382,0.3082348848259113
2017-02-22,130.78,-0.0030585716470409308,0.003670285976449028,-0.010628536473466954,0.0,0.27023784832194453,-0.007692307692308109,0.47425374598494296,-0.0213335372381106,0.45141781255780833,-0.04639470867105078,0.5615629431978071,-0.07367334454809593,0.6344248495346365
2017-02-23,130.82,-0.006115272894052781,0.0010701727564592645,-0.010090200275187255,-0.00030576364470258355,-0.2652585471031542,-0.004250114661367044,0.043128286604810384,-0.01727564592570019,0.04537658943735279,-0.0427304693471946,0.10671391517715123,-0.06900575854864166,0.17138358919125962
2017-02-26,129.99,0.0033848757596737222,0.005769674590353047,-0.0018455265789676378,0.00638510654665736,0.025686059971104402,0.005508116008923425,0.09928563583058025,-0.007454419570737003,0.08492738072103889,-0.03288714516501279,0.10742948241337658,-0.05822755596584328,0.19001027259336878
2017-02-27,129.47,0.004093612419865611,0.0053294199428439715,-0.0019309492546535356,0.004016374449679505,-0.33917396047142834,0.00892870935351775,-0.32833671938957465,-0.0006101799644712136,-0.2906954524485339,-0.025411292191241053,-0.26021766607087893,-0.049965242913416086,-0.21846313758415414
2017-02-28,130.0,0.00846153846153852,0.009230769230769154,-0.0013846153846154285,-0.004076923076923089,-0.4195713007943015,0.0028307692307689702,-0.5972727685183085,-0.0024230769230777494,-0.571442170896352,-0.025980769230769085,-0.5568693834198066,-0.04946666666666655,-0.5383459775590649
2017-03-01,130.0,0.001153846153846283,0.0053076923076922355,-0.002306923076923151,0.0,0.21922722836630593,0.0016307692307688804,-0.354671874320891,-5.3846153847070255e-05,-0.41755222471146514,-0.022203846153846074,-0.4304547510954644,-0.045348717948717865,-0.42365524907575336
2017-03-02,129.64,0.0036254242517743673,0.0069415303918543,-0.0013884603517431149,0.002776920703486674,0.633647764488886,0.003208886146251144,0.2658199536704209,0.00401110768281332,0.041606818242332144,-0.01546590558469585,-0.01873043882389669,-0.038686619356165686,-0.04990859684525306
2017-03-05,130.43,-0.010043701602392097,0.0030667791152343415,-0.010043701602392097,-0.006056888752587697,0.5552704196684364,-0.0046768381507324985,1.0360049241364253,-0.0012803802806113929,0.6710812394668784,-0.017894656137391718,0.5547757472477417,-0.040614378082752034,0.486502587346743
2017-03-06,130.69,-0.003290228785676086,0.003902364373708611,-0.003290228785676086,-0.001989440661106401,0.029834389801048022,-0.00598362537302044,1.057987477465253,-0.003236666921724085,0.6508454972505993,-0.016852857908026486,0.5803721867912457,-0.03884255362562816,0.5026896957243752
2017-03-07,130.58,0.003675907489661512,0.005437279828457431,-0.001837953744830867,0.0008423954663805411,0.17994053064958826,-0.003277684178281892,1.2273171698688627,-0.0024506049931084517,0.8716381518755718,-0.013034155307091622,0.8349145318694724,-0.034311022617042,0.766510978956999
2017-03-08,131.06,-0.002441629787883315,0.003509842820082376,-0.004272852128796023,-0.0036624446818250833,-0.07040696273406377,-0.006043033725011693,0.5565761832537175,-0.0062566763314521046,0.7043399435837101,-0.014840531054479023,0.5862050831360655,-0.03437356935754621,0.6210993616548777
2017-03-09,131.69,-0.00144278229174577,0.0029615004935834577,-0.007897334649555665,-0.004783962335788594,-0.3953458074812318,-0.009188245121118044,-0.2849525984094047,-0.010798086415066521,0.02984256038013844,-0.017283013136912495,-0.04999815724763079,-0.036302427417926,-0.042574007934977454
2017-03-12,132.59,-0.004449807677803785,0.0027151368881512816,-0.004826910023380426,-0.006787842220378648,0.3379397892520615,-0.012821479749604348,-0.05997130855686161,-0.01685647484727426,0.40029253345901594,-0.0218870201372654,0.2891522378064233,-0.040186539960278544,0.26839396340598687
2017-03-13,132.17,0.0012862222894758357,0.006885072255428781,-0.004539608080502355,0.003177725656351882,0.4080897134691308,-0.006415979420443696,0.3479125794237088,-0.011765150941969393,0.9596563890167205,-0.016395551184081092,0.8003591122306455,-0.034135330760888705,0.7942693826143823
2017-03-14,130.35,0.010740314537782902,0.014576141158419764,-0.010970464135021119,0.013962408899117706,-0.7654854824075771,0.009727656309934662,-0.6955959491001955,0.004104334484080541,-0.5712384447719552,-0.0004986574606827832,-0.585313897779306,-0.017695946809870633,-0.5809240723882748
2017-03-15,131.74,-0.00918475785638384,0.0007970244420827388,-0.00918475785638384,-0.01055108547138317,1.54973969597726,-0.0012752391073330704,0.1594615105357473,-0.006224381357219588,0.10985775968609035,-0.009742674965842024,0.12424206729283815,-0.025487070492383967,0.11222141547714681
2017-03-16,129.99,0.01007769828448346,0.012616355104238641,-0.0009231479344565807,0.013462574044157183,-0.5190182271264633,0.013216401261634925,-0.4116474537797057,0.00849296099699881,-0.5121075321049408,0.004900376952073238,-0.45629750493305943,-0.009246865143472616,-0.4608461750774421
2017-03-19,129.69,0.0017734597887268944,0.004163775156141414,-0.0037011334721257505,0.0023132084200787606,0.7070308938861483,0.012938545762972709,0.16075887453059856,0.011095689721642987,-0.09470013405240174,0.007756958901997013,-0.019515921001833636,-0.004495335029686132,-0.04343678331313161
2017-03-20,128.2,0.01801872074883004,0.02176287051482073,-0.0033541341653665624,0.011622464898596085,0.18575882823493584,0.02018720748829894,0.4495890794684494,0.02226989079563113,0.1171355224655044,0.01919656786271462,0.15896035178519896,0.00891835673426944,0.1387282378498087
2017-03-21,128.49,-0.0018678496381041576,0.0015635458012295267,-0.00941707525877511,-0.0022569849793759866,-0.4792221162116398,0.011705191065451759,-0.20156424624762515,0.0180247490077039,-0.4040228649977261,0.015900070044361225,-0.4015815022031327,0.00802137650141388,-0.40862740663467423
2017-03-22,129.15,-0.004723190089043872,0.006891211769260552,-0.009833526906697698,-0.005110336817653827,1.3787555734625743,0.0036546651180788814,0.7600070800005123,0.011204026325976724,0.5791932991521467,0.009821912504839325,0.48965539727769314,0.0035540069686408327,0.3951108016198608
2017-03-23,129.69,-0.0016192458940551546,0.008558871154291214,-0.006168555786876473,-0.004163775156141525,-0.12592216368507192,-0.004518467113887703,0.5023607797474126,0.005520857429253567,0.39594003696797464,0.004988819492636187,0.30946393383221094,0.00042151797876988084,0.21742875793576477
2017-03-26,128.45,0.0007006617360840739,0.004904632152588739,-0.00373686259244832,0.009653561697158475,-0.14412180038347921,0.004624367458154532,0.08183996842960828,0.013670688984039892,0.17870279141849843,0.014250681198910042,0.12123361480114747,0.010982223952251235,0.04579036760399258
2017-03-27,128.72,-0.0031852082038532625,0.003884400248601594,-0.006875388440024888,-0.002097576134244994,0.48124237868806974,0.0005904288377867051,0.5731662720251882,0.008328154133001142,0.7815427793513257,0.011525015537600991,0.67379062280232,0.009420965402941572,0.5530060927482747
2017-03-28,128.31,0.0023380874444705046,0.0029226093055880753,-0.004364429896344779,0.003195386174109638,0.0007257203290793601,0.00459823864079123,0.499704417467391,0.00886135141454214,0.8029363264346858,0.014464967656456995,0.6325292515653995,0.013215389811134237,0.5437277059446655
2017-03-29,129.4,-0.008346213292117599,0.0007727975270479526,-0.010432766615146805,-0.008423493044822261,0.20633103252750606,-0.004142194744977679,0.4139777458957019,-0.0012132921174660138,0.8841995236381706,0.005266615146831244,0.8374146544351655,0.005038639876352002,0.8372913320736277
2017-03-30,130.74,-0.012085054306256837,0.005966039467645734,-0.014226709499770673,-0.010249349854673406,-0.544122764284223,-0.013966651369130334,-0.3861927817964126,-0.013240018357045136,-0.1689992344630803,-0.005266177145479833,-0.21146263711135505,-0.004989546682984236,-0.16872149653235913
2017-04-02,129.35,0.008735987630460018,0.01832238113645146,-0.00533436412833399,0.010746037881716353,-0.13514187446259673,-0.0017471975260928696,-0.41685419481636166,-0.0020564360262859127,-0.3270685419481636,0.00584847313490533,-0.31284399950865993,0.006251771678907225,-0.26926986856651514
2017-04-03,128.82,0.00038813848781260596,0.0012637789163174595,-0.009470579102623833,0.004114267970811936,0.19237762970090966,0.0037571805620237875,-0.23432410086509992,0.001785437043936522,-0.1707532074167324,0.00956761372457704,-0.1502109839056115,0.010122651762148438,-0.12164048469420763
2017-04-04,130.17,-0.005454405777060578,0.011292924637013035,-0.01286778827686863,-0.010371053238073191,-0.0862115347552358,-0.0064991933625265785,-0.2212968167801619,-0.008127832833986881,-0.22205588301426193,-0.0016209572098024871,-0.20367444135723156,-0.0008501702901334562,-0.19532238175796246
2017-04-05,129.96,0.0006925207756232066,0.005386272699291927,-0.006078793474915467,0.001615881809787556,0.6678620338653889,-0.0020313942751625236,0.45947615906531447,-0.005232379193598757,0.23629116957360763,-0.00016543551862091554,0.3749566107377682,0.0006078793474910693,0.36396501774448753
2017-04-06,130.05,-0.0025374855824683573,0.004075355632449096,-0.005151864667435668,-0.0006920415224913601,-0.08301921551569735,-0.0018608227604774985,0.39030555484481755,-0.005297962322184602,0.1374627331576388,-0.0012802768166089162,0.27055671263720793,-0.00029475842624671067,0.2569521957543348
2017-04-09,129.59,0.0035496566093062842,0.005787483602129884,-0.005710317154101419,0.0035496566093062842,0.18913165975189594,0.0006173315842263882,0.5483270067946902,-0.0014893124469490537,0.3519361155498977,0.0016320703758008204,0.49931821860574366,0.003055791341924241,0.4949209192811561
2017-04-10,129.2,0.002012383900928949,0.003173374613003377,-0.005340557275541724,0.0030185758513932015,0.01852170927287844,0.004009287925695881,0.3770542524193379,0.0024071207430331754,0.33653643292852986,0.0034945820433438524,0.5239665364701158,0.005980392156862635,0.5174368757455519
2017-04-11,128.93,0.0076010238113704,0.0076010238113704,-0.003955634840611344,0.002094159621499836,0.24073786413739762,0.0067013107887994305,0.5366848097742083,0.0048786163034195695,0.6631766176920677,0.0044442720856279205,0.9052557593728707,0.00801727035342159,0.8506432113556679
2017-04-12,128.28,0.0019488618646710254,0.007639538509510269,-0.000155908949173722,0.005067040848144799,0.06487331924859552,0.009869036482693438,0.359876512880984,0.01045369504209459,0.7507310961529012,0.008980355472404167,0.8658501613193796,0.01284689741191114,0.8714314024140586
2017-04-16,130.76,-0.010247782196390331,0.0007647598654023646,-0.012006729886815504,-0.018966044661976045,-0.25610108224079764,-0.011853777913735875,-0.05792394465379391,-0.00956714591618324,0.2985464128158364,-0.011479045579687597,0.362107013061695,-0.00680126440297768,0.33472697877794366
2017-04-17,130.52,-0.0029880478087650486,0.004443763407906642,-0.005669629175605317,0.0018387986515475685,0.030041738929646122,-0.008948820104199284,-0.06884589224177962,-0.007730615997549206,0.26384688363547837,-0.00936638063132067,0.3194154416470689,-0.004688936561446644,0.3573147285965632
2017-04-18,130.57,0.003905950830972005,0.004671823542927278,-0.0019912690510835995,-0.0003829363559775256,-0.20492614572898415,-0.007903806387379197,-0.2646152034833833,-0.0072145209466195626,-0.07809645156269329,-0.009427893084169137,0.02585528074999699,-0.0050471011717851955,0.07916435518696052
2017-04-19,131.87,-0.007810722681428683,0.0024266322893757852,-0.007810722681428683,-0.00985819367558971,0.016938765156511604,-0.015606278911049598,-0.21248237025011418,-0.015674527944188332,-0.09933945512657905,-0.018294532494122717,0.04010750342448377,-0.01488587245014028,0.10517034481592336
2017-04-20,131.52,0.0028892944038929613,0.009960462287104566,-0.0009884428223846387,0.002661192214111985,-0.2266684243275966,-0.008515815085159084,-0.3383600866589612,-0.011762469586375723,-0.343413675700573,-0.014397049878345447,-0.2371305871450643,-0.01193734793187362,-0.13671204413612137
2017-04-23,133.9,-0.004555638536221207,0.00500373412994759,-0.00926064227035106,-0.017774458551157557,-0.378104606898221,-0.02129947722180825,-0.5237415780286767,-0.02816280806572191,-0.573203699104015,-0.031030619865571096,-0.5154331846775386,-0.029385113268608376,-0.4538705892667556
2017-04-24,135.61,-0.008996386697146419,0.008406459700611935,-0.020647444878696297,-0.012609689550918124,0.018003370074296532,-0.029009660054569286,-0.39311578867885544,-0.03757834967922824,-0.5122575523643178,-0.041696777523781314,-0.4802122143335459,-0.04108104122114886,-0.4294248287309431
2017-04-25,134.23,0.012962825001862521,0.013186321984653304,-0.00044699396558145477,0.010280861208373793,0.8119849533234378,-0.011443045518886086,0.31860590507343756,-0.023198986813678713,-0.008981108841767727,-0.029177531103329768,-0.019216917519620624,-0.03047257195361186,0.06810805474868364
2017-04-26,135.09,-0.003109038418832033,0.0014064697609001975,-0.006292101561921615,-0.0063661262861797185,0.3233152474940888,-0.012317714116515832,0.7708269655694062,-0.025693981789918663,0.34766728408664505,-0.03331852838848137,0.31789545154047283,-0.03613640289189923,0.4329643901538389
2017-04-27,134.19,0.002384678441016419,0.005663611297413995,-0.0017885088307624253,0.0067069081153587895,-0.40970928262150486,-0.0008942544153820453,0.0247663137407661,-0.014568894850585878,-0.19117321963203637,-0.024308815858111177,-0.21976942862004512,-0.0284944233301041,-0.19635242714487222
2017-04-30,135.02,-0.0030365871722707327,0.0035120722855872533,-0.006665679158643245,-0.006147237446304299,0.5110512822419817,-0.0030810250333291878,0.5798778796922661,-0.01624944452673771,0.3084105129286667,-0.028532809954080363,0.22041839008162945,-0.03386165012590725,0.22804063877116132
2017-05-01,135.46,-0.00450317436881742,0.004872287021999044,-0.00450317436881742,-0.003248191347999363,-0.015356497977783823,-0.004665583936217965,0.3237782487796612,-0.01630001476450693,0.3009142341837172,-0.030108519120034982,0.17725148083131592,-0.03576209459126933,0.16691321034744178
2017-05-02,135.36,-0.002068557919621794,0.0028812056737588243,-0.005171394799054485,0.0007387706855792597,0.2690692564540005,-0.004151891252955786,0.3992682036337567,-0.011923758865249101,0.6720629567918854,-0.027135047281323432,0.44938377488499315,-0.033628841607565185,0.4673709808399107
2017-05-03,136.61,-0.004831271502818479,0.007027304004099122,-0.007978918087987674,-0.009150135422004269,-0.624516135464622,-0.011609691823439738,-0.5102634366657777,-0.017458458385184894,-0.38458163944396395,-0.03364321791962477,-0.4710414085848099,-0.04072420271820021,-0.45418736098890744
2017-05-04,137.55,-0.007197382769901894,0.0036350418029806875,-0.008942202835332758,-0.006833878589603715,0.898754725625051,-0.016154125772447014,0.15071284290952724,-0.02072700836059671,0.2651172674386686,-0.03790621592148269,0.028577560829703197,-0.04531200775475597,0.03520361125782556
2017-05-07,136.86,0.004530176823030585,0.007452871547566797,-0.003141896828876223,0.005041648399824572,-0.05379824493839014,-0.006283793657753223,0.023294958899889195,-0.011383895952068346,0.17753635779039212,-0.030282770714598395,-0.019570065434170947,-0.038452920259145706,-0.014585867198308122
2017-05-08,137.31,-0.003641395382710688,0.0028402883985141347,-0.003641395382710688,-0.0032772558444394972,0.31270162996962036,-0.006860388901027581,0.38450964531936327,-0.012468137790402012,0.4360964673018499,-0.030980991916101597,0.2952104358499261,-0.039863569052994485,0.2988088743835491
2017-05-09,137.87,-0.006818016972510277,0.0005077246681655101,-0.010009429172408768,-0.004061797345325302,0.08006714801260673,-0.008210633205193996,0.46861744680094586,-0.015246246464061253,0.4034713033673052,-0.032117211866250384,0.40074893906648,-0.041621334107008856,0.3902150734251495
2017-05-10,137.34,-0.00029124799766999665,0.0004579874763359637,-0.006189019950487817,0.003859035969127733,0.08238783568888808,-0.0007281199941756578,0.5990420178924121,-0.008795689529635276,0.4746470103948617,-0.025225717198193776,0.5148331228155052,-0.03570215038104951,0.5053268111749001
2017-05-11,136.7,0.0016093635698610775,0.004681784930504973,-0.0024140453547913943,0.004681784930504973,0.009889707209145504,0.0050182882223841485,0.2599609131010514,-0.0025091441111931845,0.47369268480913207,-0.017585954645207624,0.5351839693745262,-0.02898561326505711,0.5180472466592454
2017-05-14,138.38,-0.010984246278363807,0.0007226477814712418,-0.013007660066483462,-0.012140482728718038,0.08678160312678651,-0.008411620176326351,0.2679237370590888,-0.012805318687672429,0.49572269228274424,-0.02647058823529358,0.6766954988331872,-0.039015753721635904,0.6537328705302976
2017-05-15,139.02,-0.004603654150482028,0.003093080132354986,-0.008128326859444868,-0.004603654150482028,-0.39595558487567706,-0.010789814415192667,-0.3167856075461246,-0.014933103150626792,-0.12187424826691351,-0.02821176809092152,0.005605605286369331,-0.041607922121517316,-0.023707262075718827
2017-05-16,136.56,0.010325131810193344,0.013620386643233617,-0.000512595196250687,0.018014059753954426,0.11283559811678723,0.009534270650263243,-0.18962387457956753,0.005418863503221072,-0.008433897425133341,-0.007593731693028127,0.1343145366953733,-0.021983011130638386,0.06851432165840077
2017-05-17,137.45,-0.006038559476173044,0.00589305201891599,-0.008948708621316803,-0.006475081847944653,0.08429510543485064,0.001091305929428632,-0.07762564608325939,-0.00021826118588685883,0.10076512970042417,-0.011840669334302723,0.22904898083492475,-0.026438704983630323,0.144682995444112
2017-05-18,138.14,-0.003257564789344025,0.0061531779354280225,-0.007962936151730049,-0.004994932676994357,0.20902301814759472,-0.003749819024178813,0.16354449696653894,-0.004604024902274073,0.18509722495467074,-0.014756768495728378,0.48089511030526033,-0.029544906133873616,0.3580348613186295
2017-05-21,138.78,-0.0025219772301483534,0.003026372676178113,-0.004035163568237521,-0.004611615506557198,0.24927927090114377,-0.006268914829226757,0.4641638213920367,-0.008769275111688901,0.43000026570658023,-0.01691526156506662,0.8066961379548565,-0.0320555315367248,0.6886111517051718
2017-05-22,138.2,0.0027496382054994495,0.0074529667149059176,-0.003907380607814703,0.004196816208393628,-0.2589431194467007,-0.00151953690303952,0.0700765463092865,-0.0032199710564411177,-0.0035898003888847896,-0.011023878437046997,0.24982198675822676,-0.025887602508441798,0.2359776268182825
2017-05-23,139.51,-0.008888251738226494,0.0015052684395384652,-0.012508063938069025,-0.009390007884739426,0.06910543433641725,-0.012070819296108204,0.069060700790468,-0.011941796287005757,0.0602695064574188,-0.01938212314529364,0.2572215073626154,-0.032977325400807556,0.3209916988572772
2017-05-24,140.69,-0.005544104058568533,0.0014926434003839084,-0.006112730115857445,-0.008387234345013872,0.5007848921587792,-0.016163195678442377,0.5151277843925923,-0.019063188570617395,0.5858146785693836,-0.025730329092330084,0.8521764714012943,-0.03864524841850869,0.9794524118403205
2017-05-25,140.21,0.0029955067398901303,0.006418943014050438,-0.0029955067398902413,0.0034234362741600854,-0.47961253437128804,-0.008173454104557942,-0.29438283757845285,-0.013315740674703425,-0.1974841655740468,-0.02039797446687064,-0.05326306314452589,-0.03255830539904425,0.025158173002492124
2017-05-29,140.81,-0.0054683616220440046,0.0007762232795964774,-0.007492365599034212,-0.004261061004189992,0.5300933750709471,-0.009459555429302213,0.14912780231338751,-0.015027341808111272,0.2676624158657437,-0.02243448618706012,0.41329844018508344,-0.0338564969344034,0.5875911307046602
2017-05-30,142.81,-0.01386457530985219,0.0008402772915061529,-0.01593025698480499,-0.014004621525103289,-0.557600106281087,-0.020488761291226454,-0.48691441938043967,-0.02711994958336361,-0.44105593876873916,-0.03409775225824474,-0.38536993538972397,-0.04504119692831965,-0.30193355530871013
2017-05-31,143.7,-0.0034098816979817315,0.01113430758524725,-0.004279749478079187,-0.006193458594293544,-0.20074749750111465,-0.020139178844815864,-0.5204113626736017,-0.030508002783577792,-0.5343481383720943,-0.03752261656228206,-0.49536271918754815,-0.04810484806309423,-0.4301933546141635
2017-06-01,144.16,-0.0006936736958934597,0.0033296337402886067,-0.007491675915649143,-0.0031908990011099148,0.5306973055400492,-0.017452830188679602,-0.08911000449303585,-0.028648723640400497,-0.21807817201519464,-0.037701165371808676,-0.18306576510953476,-0.04810627081021068,-0.10520403601690109
2017-06-04,144.4,-0.0014542936288088892,0.0019390581717451116,-0.004432132963989033,-0.0016620498614958734,1.012060528649748,-0.01427977839335226,1.0617559335266944,-0.025616343490305726,0.6187549438921744,-0.036686288088642605,0.5725947429518503,-0.04685133887349935,0.811204671714145
2017-06-05,143.93,0.00048634753004939135,0.0029875633988745154,-0.0036823455846591857,0.0032654762731882947,-0.44790355086190925,-0.005238657680817549,0.06471824888172995,-0.018085180295978276,-0.12219288693278285,-0.031160981032446244,-0.1541045615587342,-0.04075592301813369,-0.02179341024157655
2017-06-06,146.01,-0.011232107389904655,0.002123142250530785,-0.0130812958016574,-0.014245599616464544,-0.20995004514532767,-0.01513594959249387,-0.09581055840550734,-0.028545990000685695,-0.272454703441127,-0.042541606739264215,-0.3338906982701386,-0.05213113257082813,-0.25184709985768083
2017-06-07,145.61,0.0026783874733877777,0.005562804752420769,-0.004876038733603538,0.0027470640752693676,-0.05909464291862809,-0.008035162420163777,-0.16311268232114662,-0.020513700982076388,-0.2784572066611998,-0.03692397500171707,-0.35609311176180003,-0.0471464871918138,-0.3118460523347858
2017-06-08,146.81,-0.007560792861521781,0.004972413323343083,-0.013793338328451754,-0.00817383012056394,0.33667492593893655,-0.013541311899734731,0.04807084314082766,-0.024364825284382108,0.026746234955319137,-0.04215993460935885,-0.10945628753538672,-0.05235111141384552,-0.07038837991149616
2017-06-11,145.69,0.00480472235568663,0.009197611366600356,-0.009197611366600356,0.007687555769098742,-0.17674450254169005,-0.0023199945088890894,-0.15425731151516275,-0.012663875351775267,-0.11156063017211115,-0.03154643420962322,-0.2538221234517497,-0.04238451506623642,-0.22888891981909953
2017-06-12,146.5,-0.004095563139931757,0.0025938566552901055,-0.011535836177474335,-0.005529010238907839,0.13723293491948474,-0.006075085324232399,0.08653295532090022,-0.014382252559727915,0.038505737018720065,-0.033832764505119295,-0.1262372754964931,-0.045062571103526516,-0.12684755921686708
2017-06-13,147.41,-0.006444610270673556,0.0050878502136897374,-0.008140560341903469,-0.006173258259276837,-0.0013103029153361812,-0.008723967166406998,0.09903641799014284,-0.016606743097484222,0.081155964688566,-0.03704294145580356,-0.10655700344613184,-0.0483617122311919,-0.12225474560334237
2017-06-14,148.44,-0.010441929399083838,0.00033683643222848225,-0.01468606844516307,-0.006938830503907312,0.32849072585443717,-0.013715979520345312,0.4133118815000103,-0.020331447049313778,0.4014177810652959,-0.04089867960118565,0.18933438259088065,-0.05228150543429433,0.1731850138954678
2017-06-15,148.49,0.0022897164792241576,0.004579432958448315,-0.0043100545491280284,-0.00033672301165066365,-0.35294179817488935,-0.01023637955417922,-0.17096159537139366,-0.017469189844434907,-0.1642916674215933,-0.03722136170785906,-0.23530346541530023,-0.04966439939838829,-0.23826647702909187
2017-06-18,149.4,0.001204819277108582,0.006693440428380271,-0.003882195448460579,-0.00609103078982598,0.13486935952454182,-0.014016064257028504,-0.014604214662130466,-0.020555555555556437,-0.03877362362075065,-0.03939089692101738,-0.11438707311702856,-0.052802320392681845,-0.15499011461223944
2017-06-19,147.22,0.014603994022551303,0.014671919576144443,-0.00244531992935737,0.014807770683331167,-0.12370757093907758,0.005624235837521807,-0.1554276765256144,-0.0026558891454974143,-0.11390365378667078,-0.021342208939002627,-0.20836831863350125,-0.03609337499433962,-0.2567530137909151
2017-06-20,145.22,0.013772207684891846,0.01700867649084148,-0.002892163613827159,0.013772207684891846,-0.1817476479640261,0.020465500619748944,-0.28499175290030676,0.01334526924665913,-0.2581111223734446,-0.0049579947665611135,-0.32982876133784245,-0.020440251572327095,-0.38742472409842466
2017-06-21,145.38,-0.0010317787866281902,0.002201128078139991,-0.004814967670931258,-0.0011005640390699956,0.22566322374097791,0.016329618929701306,-0.04997688486252139,0.01168661438987395,-0.06894658219727834,-0.003638739854175288,-0.1479036377353491,-0.01970468198284958,-0.22968101612236913
2017-06-22,146.7,-0.006271301976823351,0.002862985685071706,-0.010497614178595738,-0.008997955010224934,-0.12362791992826083,0.003012951601908398,-0.105265554199926,0.0024267211997264226,-0.19031759344001387,-0.010603271983639861,-0.2345041639970148,-0.026818904794364773,-0.3130229740724293
2017-06-25,146.27,0.006153004717303512,0.012511109591850644,-0.0006836671908116987,0.002939768920489305,0.8093880996357323,0.003514049360770599,0.6644962636003395,0.005298420728788278,0.5188554761327697,-0.005640254324195126,0.4453158597897968,-0.02182493562133969,0.27436539708275487
2017-06-26,146.09,0.00424395920323084,0.009993839414059957,-0.0036279006092134747,0.0012321171880347315,-0.0008708089337838842,0.0004654664932570718,0.5844020226625044,0.006934081730439301,0.46317730743491903,-0.002341022657266212,0.4359679876321272,-0.018436123850594344,0.2779129055872136
2017-06-27,148.9,-0.013431833445265329,0.001007387508394908,-0.015580926796507688,-0.01887172599059772,-0.22511339508632078,-0.019932840832774135,0.13646362622095554,-0.012343854936199938,0.10616987586854587,-0.019395567494963073,0.12206053222435553,-0.035233937765838275,-0.004358512419153637
2017-06-28,146.04,0.02102163790742284,0.02629416598192269,-0.001164064639824658,0.019583675705286296,-0.23005418900818597,0.004300191728293212,-0.20270361445097151,0.008018351136673818,-0.15235381280238458,0.0018933168994796912,-0.14873751140502822,-0.014085182141878816,-0.2337807330817704
2017-06-29,145.99,0.002671415850400649,0.005822316597027255,-0.00191793958490305,0.0003424892115897471,-0.2735204077148147,0.0055483252277546136,-0.4128234519778481,0.006719638331391442,-0.35587036224139745,0.003037879306801994,-0.3917535676855918,-0.011582985135968449,-0.43613786347496186
2017-07-02,145.72,0.004803733186933723,0.013175267636563293,0.0,0.0018528685149603596,2.2238335025177642,0.006437002470490727,1.0325094134884165,0.006869338457314189,1.178154872928324,0.005524293164974159,1.0241372844148637,-0.0077980602067895255,0.8747246238632835
2017-07-04,147.53,-0.009896292279536367,0.006032671321087202,-0.009896292279536367,-0.012268691113671792,-0.5165186655480958,-0.006656273300346238,-0.05562085925266891,-0.007978038365079376,0.007381359353807682,-0.006364807157865915,-0.02072740958151098,-0.0182584333129987,-0.0976979036465574
2017-07-05,146.35,0.006286299965835518,0.010386060813119213,-0.0040997608472839175,0.008062862999658416,0.2220362001199514,0.0033208062862992715,0.23335713321994733,0.00023231978134496956,0.2220828807251447,0.002876665527844491,0.2057169461429904,-0.008349846258968285,0.12361273743669643
2017-07-06,148.79,-0.015323610457692038,0.006788090597486418,-0.018952886618724296,-0.016398951542442308,-0.24132811717819558,-0.016560252705155487,-0.07421275756384837,-0.015410981920829236,-0.11859854184754104,-0.01345520532293809,-0.09734538697525263,-0.02278602952707398,-0.14249505257248807
2017-07-09,148.8,-0.0016801075268817467,0.0031586021505376483,-0.005107526881720559,-6.720430107542974e-05,0.08178322079626787,-0.012930107526882284,-0.009277235613333712,-0.013185483870968961,-0.0456844446671657,-0.0124529569892472,-0.02694641705368961,-0.020772849462365794,-0.05678358451433929
2017-07-10,147.9,0.0027721433400946793,0.0043948613928330715,-0.006355645706558444,0.006085192697768749,0.5453433806345886,-0.003123732251521849,0.35692150889381,-0.0057606490872222915,0.43998823401568554,-0.005770791075050519,0.5144786557300469,-0.012986251972053275,0.48801922193785696
2017-07-11,149.44,-0.0064239828693790635,0.002944325481798682,-0.00950214132762306,-0.010305139186295498,-0.17540701129548397,-0.010479122055675139,0.16024529337668736,-0.014915685224840436,0.1835977048548849,-0.015277034261241718,0.22345968098265656,-0.021442273376160004,0.2210851437315231
2017-07-12,149.65,-0.002004677581022407,0.0024056130972267553,-0.009087871700634853,-0.0014032743067157183,-0.3139564626311788,-0.009315068493151335,-0.2421701134221378,-0.014059472101571324,-0.17862976278295473,-0.015676578683594844,-0.16652718541820355,-0.02089319523332256,-0.15439493119207714
2017-07-13,149.47,-0.0016725764367431228,0.003478958988425873,-0.005887469057335837,0.0012042550344550929,0.048015260618303746,-0.003706429383823595,-0.14656591657015228,-0.012370375326153482,-0.11450203050346419,-0.013741888004281444,-0.11626728001398101,-0.01818871122410337,-0.1143472126366134
2017-07-16,149.51,-0.001672128954585017,0.0030098321182530086,-0.006287204869239504,-0.0002675406327335983,0.20862935893787005,-0.003063340244800261,0.033633162743823775,-0.010340445455154446,0.0653450902262771,-0.013661293558959064,0.09018036305314037,-0.017164961095133324,0.05704855685093779
2017-07-17,149.87,-0.0072062454126911035,0.0019350103422965947,-0.011209715086408223,-0.002402081804230405,0.9130180189435186,-0.004510575832388786,0.9362940286138903,-0.010368986454928564,0.8981746488326381,-0.015690264896243145,1.0677854026696254,-0.01833589110562517,1.018851289497054
2017-07-18,150.19,-0.0011984819228977317,0.0010320261002729758,-0.0054264598175644,-0.0021306345295958318,-0.3452427262831371,-0.004008256208802741,0.21924702891101355,-0.009714361808377037,0.24106285446512543,-0.017631000732405422,0.32120972452195207,-0.019213440752824273,0.3218574916135377
2017-07-19,151.12,-0.0052276336686076785,0.0033748014822656547,-0.0060217046056114665,-0.0061540497617788015,-0.14752968789720045,-0.009145050291159973,0.024290271467699354,-0.014048438327158075,0.024630107818720992,-0.02269388565378483,0.1052685146781398,-0.023868448914770135,0.12156033560591739
2017-07-20,153.85,-0.019174520636983994,0.005264868378290544,-0.019174520636983994,-0.017744556386090293,-0.5798031344921027,-0.02481637959051064,-0.5992208745544585,-0.02844328891777781,-0.5682097783817386,-0.038118297042573523,-0.5472444491026525,-0.040082331275051786,-0.5326408130768213
2017-07-23,154.79,-0.006589572969829982,0.002454938949544516,-0.006912591252664857,-0.006072743717294382,1.3051263537906137,-0.025079139479294965,0.13486642599277965,-0.031074358808709346,0.10195158752198474,-0.041223593255377944,0.0974444598722577,-0.044137218166548364,0.1102486654941528
2017-07-24,155.15,0.0051563003544954356,0.014695456010312524,-0.0033515952304222774,-0.0023203351595231236,0.31634581524368177,-0.020534966161779522,0.48485928149914526,-0.029461811150500283,0.43142841128282505,-0.040841121495326926,0.41810240519763453,-0.044640670319046394,0.462106348264429
2017-07-25,154.58,0.004657782378056696,0.010350627506792609,-0.0011644455945142296,0.0036874110492948198,-0.2497591165473676,-0.01009186181912336,0.15726590424997045,-0.021192909820158645,0.07575066962857324,-0.03443200931556456,0.06314638583404175,-0.03907793159960371,0.08253218635633686
2017-07-26,153.45,0.0319322254806127,0.0319322254806127,-0.010361681329423056,0.007363962202671992,-0.2591044828686241,0.002919517758227075,-0.11524047999143894,-0.01063538611925785,-0.19465228254663403,-0.02455522971651969,-0.20366404256716997,-0.030246551536874278,-0.19893401461033944
2017-07-27,153.47,0.0,0.0040072978432268425,-0.007688799113833356,-0.00013031862904810954,0.4505321443062573,0.0058252427184462,0.3678740655667805,-0.008288264807455148,0.1741952502448756,-0.023199973936273932,0.17449494676592026,-0.02906105427770944,0.17303353529240506
2017-07-30,153.59,0.00605508171104896,0.008137899602838727,-0.0007161924604467407,-0.0007813008659418585,-0.2956097014104234,0.00454456670356107,-0.24026651405129462,-0.006458753825119734,-0.1959210450738983,-0.021544371378344973,-0.18609548472104676,-0.028727998784643383,-0.17001846101606866
2017-07-31,154.63,-0.004074241738343143,0.007825130957770154,-0.004074241738343143,-0.006725732393455308,-0.26803351887957017,-0.00376382332018399,-0.4069506643548102,-0.010502489814396498,-0.39484051786800634,-0.025667722951561722,-0.41663589425637393,-0.03416111578175873,-0.3904484971160047
2017-08-01,152.02,0.015524273121957588,0.017629259307985645,-0.005920273648204244,0.017168793579791952,0.01913526584014069,0.012656229443493983,-0.27650823084356857,0.009617155637415387,-0.31149788550330804,-0.006009077752927028,-0.37000171389868586,-0.016432048414682376,-0.3648985461458617
2017-08-02,151.92,-0.0015797788309634964,0.0035545023696683664,-0.0025671406003158204,0.000658241179568364,0.4615240682058246,0.009952606635070804,0.1846398068507622,0.011486308583464222,0.08511339972838394,-0.003877040547656474,-0.05297725215029425,-0.014731437598736186,-0.056565489663497726
2017-08-03,151.03,0.008806197444216401,0.011275905449248613,-0.0005959080977289144,0.005892868966430376,0.19658736965647994,0.013878037475997695,0.39025233602672316,0.01797656094815525,0.3236227147564663,0.003836986029265965,0.14718855234054073,-0.007446644154583071,0.11980011736559382
2017-08-06,150.95,0.004041073203047363,0.006558463067240838,-0.0013911891354752015,0.0005299768135145211,0.42533968676370093,0.011182510765153753,1.0046896654669268,0.016647896654520933,0.7086998930657444,0.005110963895329945,0.6202863676196384,-0.005672960141327232,0.5866381508652323
2017-08-07,148.28,0.01766927434583221,0.019355273806312523,-0.0014162395468033662,0.018006474237928227,-0.6108118476287014,0.025829511734555943,-0.2866985116844638,0.032364445643376705,-0.35017823928235525,0.023934448340976466,-0.38092516654530306,0.013186763780235644,-0.3948255351769254
2017-08-08,150.77,-0.020295814817271385,0.0007959143065594532,-0.024540027857000823,-0.016515221861112983,0.3561661885201366,0.00046428334549264427,-0.029577030492708323,0.0107581083769972,-0.038856537023755244,0.007149963520594271,-0.11981156679924365,-0.0031018549225093617,-0.15303951319611986
2017-08-09,148.34,0.01307806390724009,0.017325064042065463,-0.00020223810165831413,0.016381286234326664,0.6225462375734627,0.015167857624376113,0.4721238923424651,0.02474720237292649,0.60120659045902,0.02409666981259284,0.45577563302194224,0.014280257067097901,0.397523563723162
2017-08-10,148.41,0.0043123778721112505,0.010713563776025836,-0.0008759517552725526,-0.00047166632976214373,-0.046222974322321586,0.009864564382453755,0.316215301499879,0.020820699413785393,0.4673870360832868,0.023172292972171826,0.3617980681304591,0.013676077532960518,0.3268154984006195
2017-08-13,150.54,-0.008967716221602196,0.003520658961073453,-0.008967716221602196,-0.014149063371861281,-0.00504374979738198,-0.007904875780523568,0.27689841283452865,0.003015809751560239,0.4530364461381273,0.008343297462468646,0.3340666971334394,-0.00014171205881052806,0.30430881734193793
2017-08-14,151.5,-0.0015181518151814455,0.005808580858085888,-0.006138613861386144,-0.006336633663366342,0.1358939362082503,-0.014732673267327079,0.49297592277803304,-0.005353135313531987,0.5924322282447945,0.002293729372937481,0.505791706906239,-0.0054763476347634565,0.44283684135293666
2017-08-15,152.27,-0.0009850922703094067,0.0049254613515465895,-0.007289682800289077,-0.005056806987587925,-0.16872420262664167,-0.01548565048926287,0.01298726177545162,-0.012438431733106436,0.21193660511503887,-0.0022394430945030797,0.2644556137059346,-0.009240165495501662,0.2073574273394556
2017-08-16,149.97,0.010402080416083148,0.019337200773487995,-0.0002000400080015563,0.015336400613456203,0.0588566188733064,0.0016136560645458875,-0.023512116678115702,0.002873908114955581,0.18661346766916664,0.013756084550243575,0.34518657812714015,0.0070080682803228544,0.27046612206005327
2017-08-17,150.1,0.0002664890073282855,0.004796802131912026,-0.006062624916722159,-0.000866089273817372,-0.408113667841269,0.002918054630246303,-0.4159682795479328,0.0007061958694196679,-0.32049520195362735,0.012495003331112864,-0.20658662290066132,0.006939817899178413,-0.24924560576186394
2017-08-20,149.99,0.0010667377825188673,0.0036669111274083566,-0.006333755583705747,0.0007333822254815825,1.0987044360887608,0.005907060470697667,0.3983105067310877,0.0008200546703105438,0.492087383999948,0.0119874658310557,0.6083586276763624,0.007969420183567832,0.5876238470347066
2017-08-21,152.84,-0.014524993457210145,0.0017501962836952156,-0.016749542004710793,-0.01864695105993197,0.1516163627090099,-0.013569746139754257,0.5545868863198862,-0.01847029573410186,0.7172386096274281,-0.008453284480502088,0.8290009707300221,-0.010566605600628165,0.8050357305428959
2017-08-22,151.29,0.0025117324343975067,0.00760129552515032,0.0,0.010245224403463649,-0.0022460205887707696,-0.001692114482120588,0.49938036694454646,-0.0054002247339554055,0.5151669815572608,0.0009418996628995924,0.8135426087267974,0.0006587789455130277,0.794412955385027
2017-08-23,151.45,-0.001980851766259395,0.0017827665896334999,-0.006734896005282098,-0.0010564542753384032,0.25222432149084195,-0.004040937603169481,0.7495016884473573,-0.006107626279300948,0.7474004264567646,-0.0012017167381970228,1.2313611109553788,8.803785628064276e-06,1.228267056869
2017-08-24,151.27,0.004759701196535904,0.008990546704567892,-0.0017848879487010194,0.001189925299133865,-0.07786120364163374,-0.0008990546704571445,0.4680791812355567,-0.002869042110135167,0.5471835585372116,-0.00067429100284222,0.9765154087015262,0.001595381326987333,1.004214107108699
2017-08-27,151.99,-0.0030923087045200415,0.0003947628133429415,-0.0050003289690112585,-0.004737153760115742,0.020821422351540164,-0.00409237449832256,0.13429747050327823,-0.005710902033029375,0.5141119846319748,-0.006131982367260758,0.9791811284310223,-0.0027545671864375176,1.0007861687773656
2017-08-28,150.92,-0.0009939040551284473,0.0036443148688047877,-0.0062894248608533765,0.007089848926583819,-0.4030704771105592,0.005618870924993358,-0.3652193910500422,0.002299231380863409,-0.13690243044434758,0.0003843095679836317,0.13540735801406067,0.004863503843095973,0.175116884298808
2017-08-29,153.54,-0.019278363944248977,0.0029308323563892458,-0.019538882375928046,-0.017063957274977226,-0.20337040584571753,-0.01404194346750054,-0.44684554607016036,-0.015181711606096826,-0.30319038317557656,-0.01789435977595366,-0.13824272945152483,-0.012055490425947446,-0.053598822156507686
2017-08-30,154.33,-0.002138275124732747,0.001555109181623715,-0.005637270783386272,-0.005118901056178404,-0.12953516906418505,-0.01617313548888788,-0.44199185171430755,-0.019399987040757738,-0.3801476012073153,-0.022429210134127797,-0.2768749613156678,-0.016389122875223983,-0.16882696968483346
2017-08-31,153.72,0.006049960967993817,0.006115014311735667,-0.003382773874577194,0.003968253968253954,0.5304901085600993,-0.008521988030185002,0.040852298752578564,-0.01267239136091669,-0.004861522070320534,-0.01776606817590387,0.10940458558037469,-0.011789834330817706,0.28424639646818406
2017-09-04,153.18,0.0,0.011881446664055328,-0.002480741611176396,0.003525264394829586,0.06543344447294186,-0.0018279148713933324,0.18423978608000158,-0.006828567698133781,-0.02506898729968743,-0.01342538190364262,0.16950785101593002,-0.008334421377899526,0.30523120046608976
2017-09-05,151.2,0.01514550264550274,0.016600529100529338,-0.0004629629629628873,0.01309523809523827,-0.5349336514089758,0.012817460317460228,-0.4190182727829962,0.008287037037036482,-0.5426026981208136,0.00023148148148188774,-0.4543045960825892,0.004296737213404178,-0.3973639297067556
2017-09-06,151.4,0.0023778071334212836,0.006109643328929826,-0.0021796565389696765,-0.0013210039630120463,1.0468023975378107,0.01184940554821634,0.38324436190930444,0.005871862615587142,0.0653154991121696,-0.00012549537648598452,0.10642679609060735,0.002100396301189189,0.2707838791239472
2017-09-07,151.93,-0.005594681761337372,0.004409925623642286,-0.010465345882972432,-0.0034884486276575144,0.02099715421916426,0.005502534061738729,0.34058688171199214,0.0024353320608168083,0.1124568112944957,-0.0034061738958729437,0.09575325487625586,-0.002093069176594242,0.28942141175040503
2017-09-10,152.77,0.004123846304902701,0.006153040518426467,-0.00409635399620345,-0.005498461739870453,-0.027813273767385405,-0.003168161288211291,0.18959540555367926,-0.002762322445507004,0.11870022225039456,-0.0077109380113896675,0.06298319266450281,-0.00791167550347971,0.23075006048965396
2017-09-11,153.6,-0.00455729166666663,0.00026041666666665186,-0.007291666666666696,-0.005403645833333193,0.5172390901369084,-0.009791666666666976,0.8028736639811533,-0.007174479166667247,0.7502824810672148,-0.011653645833333282,0.6076868213517896,-0.013424479166666226,0.8601629918878544
2017-09-12,153.46,-0.001303271210739032,0.0016942525739604974,-0.003323341587384454,0.0009122898475171226,-0.06877141924173114,-0.008340935748729739,0.5981368231836641,-0.005219601199010215,0.6329280123260701,-0.009754985012381034,0.4678970544876977,-0.012522264216516366,0.6869254253730632
2017-09-13,153.72,-0.0043585740307050536,0.0002595628415300588,-0.005952380952380931,-0.0016913869372885415,0.018773224295216773,-0.007077803799115379,0.2470120293976581,-0.005249804839969396,0.6116744424150522,-0.010792349726775896,0.47841902805567527,-0.014446179200277132,0.6462838705301559
2017-09-14,154.0,-0.002012987012987022,0.0026623376623375883,-0.004740259740259711,-0.0018181818181818299,-0.42974138050117827,-0.005870129870130025,-0.3377825010291182,-0.006941558441559081,-0.1339890835183597,-0.012120129870129892,-0.1750362148338538,-0.01587012987012948,-0.1016471725109227
2017-09-17,154.43,0.0009713138638864915,0.001942627727772983,-0.003683222171857903,-0.0027844330764748015,0.2923462344092165,-0.0059573916985042885,-0.09197800628391883,-0.009920352263161902,0.08497976768542315,-0.013566016965615435,0.0738433066742834,-0.018161410779425013,0.15148088641340585
2017-09-18,155.61,-0.004691215217531131,0.00032131611078978217,-0.009575220101535997,-0.00758306021463917,-0.049463552814367984,-0.011361737677527128,-0.1484528781715092,-0.01697191697191769,0.024858817779909614,-0.019654906497011848,-0.023144833952513877,-0.024878435404750765,0.08444080679001997
2017-09-19,155.83,0.0010909324263619347,0.0034332285182570033,-0.003465314766091354,-0.0014117949047038891,0.3833270997616638,-0.010177757813001453,0.2707647575244947,-0.01680035936597646,0.4242531842075201,-0.019235705576589934,0.3602324991823327,-0.025258294295064654,0.5057101081407316
2017-09-20,155.75,-0.0019903691813804025,0.0022471910112358273,-0.005457463884430136,0.0005136436597110716,0.19032743583725442,-0.006626003210272735,0.5156643158643761,-0.013322632423756642,0.4770351577198335,-0.017772070626003167,0.6163692771376095,-0.023141787051898843,0.7079832277148788
2017-09-21,156.82,-0.007078178803723967,0.004144879479658137,-0.00768396888152012,-0.0068231092972834695,-0.34612569137319715,-0.010814947073077397,-0.029017638009722235,-0.01728095906134497,-0.07657960733778224,-0.023051906644560693,0.04878820137610829,-0.028748458955064615,0.07882415704539891
2017-09-24,155.52,0.006815843621399198,0.008937757201646024,-0.006331018518518472,0.008359053497942304,-0.19381316354866707,0.0010802469135802184,-0.26922430350711124,-0.005922067901235395,-0.2600219169903808,-0.013159079218107106,-0.14044367176361072,-0.01881215706447159,-0.1330948845953932
2017-09-25,155.07,0.0029019152640743506,0.007222544657251584,-0.0021925581995227983,0.0029019152640743506,0.17697611579436412,0.005391113690591531,-0.09871645220269554,-0.0012639453150199431,-0.11437987282405937,-0.00892500161217502,0.036993359206155985,-0.014436491047053468,0.022906886346808264
2017-09-26,154.77,0.007753440589261418,0.008819538670284732,-0.00012922400982107174,0.001938360147315299,0.19004674870268579,0.006642114104800534,0.06742403507734362,0.0016217613232529793,0.09213496745195515,-0.00600891645667756,0.25448135622126355,-0.011550472744502271,0.21313621582615738
2017-09-27,155.53,-0.005143702179643883,0.0,-0.007908442101202229,-0.004886517070661567,-0.2021571239517791,0.00036005915257497634,-0.12903591109901613,-0.0024303992798825336,-0.11808931357853458,-0.009628367517520608,-0.01147775829414055,-0.015679718810946985,-0.036305331761962156
2017-09-28,156.31,-0.006589469643656809,0.00025590173373424285,-0.009052523830848869,-0.004990083807817847,0.5056538059928362,-0.004913313287697729,0.4351091108555718,-0.00625039984645992,0.3761082913676197,-0.013933849401829512,0.46490295015662797,-0.019896359797837215,0.44540646161844477
2017-10-01,157.52,-0.004253428136109849,0.003428136109700386,-0.007046724225495238,-0.007681564245810124,-0.21708288167558776,-0.013204672422549746,0.06775435337702018,-0.012417470797360108,0.015208426575326284,-0.02087988826815612,0.09722350138019697,-0.026083460301337014,0.11649255745647058
2017-10-02,159.21,-0.011808303498523909,0.002135544249733057,-0.013881037623264869,-0.010614911123673076,0.12630539173407307,-0.02116701212235428,0.13113854635306188,-0.020959738709880993,0.13364982283969318,-0.030079768858739753,0.22676038485745575,-0.03486799405397445,0.21658270006293856
2017-10-03,159.6,-0.0016290726817042023,0.0013784461152881455,-0.0036967418546366426,-0.002443609022556359,-0.0029937032006913666,-0.018370927318295815,0.07578760830567433,-0.021096491228071,0.1015565513584964,-0.030560776942355483,0.21177247274655198,-0.03530075187969883,0.20889521554614632
2017-10-04,159.04,0.004275653923541345,0.006036217303823088,-0.003332494969818911,0.0035211267605634866,-0.19924046804847972,-0.00884054325955741,-0.14754018656803214,-0.01527917505030274,-0.11216844627445499,-0.02450641348088478,-0.09493980738362762,-0.030487089201877482,-0.03119501244562306
2017-10-05,158.45,0.006184916377406147,0.00867781634585052,-0.002776901230672091,0.0037235721047650383,0.10802945672094211,-0.0007194698643104847,-0.06874102675798222,-0.009536131271695392,0.02535899412051279,-0.01846323761438906,0.0012222941083981365,-0.025246660355526807,0.08161248997961112
2017-10-08,159.17,-0.001633473644530925,0.002513036376201594,-0.0053402022994282206,-0.004523465477162758,0.46766538988981887,-0.002550731921844629,0.43133872416891283,-0.012992398064962773,0.4963544710833687,-0.020855060627002042,0.46088806922967795,-0.028189985550040264,0.6026285209880045
2017-10-09,158.8,0.0027707808564232383,0.004282115869017389,-0.0006926952141058651,0.002329974811082991,-0.16867941617684523,0.001851385390428062,0.11303852842851447,-0.008394206549119265,0.16694483493881562,-0.016558564231737738,0.18595273812556412,-0.024267422334172672,0.3295927117501589
2017-10-10,159.0,-0.00213836477987428,0.0011949685534591303,-0.006226415094339632,-0.0012578616352200145,-0.6508128076924344,7.547169811328303e-05,-0.6168801318677939,-0.0072955974842775495,-0.6051089435751239,-0.016160377358490075,-0.5845497079427064,-0.024067085953877743,-0.5344879452468989
2017-10-11,161.12,-0.011171797418073504,0.0033515392254219734,-0.013033763654418995,-0.013157894736842146,0.832484112322559,-0.013828202581926519,-0.0699828545900194,-0.017732125124131914,-0.16627767514680258,-0.027386420059582584,-0.178807760109151,-0.035236676597152794,-0.1178132827288838
2017-10-12,161.82,-0.0033370411568408587,0.0070448646644420965,-0.007848226424422067,-0.0043257940922011295,0.003151211732762782,-0.015523421085156364,-0.03997880350852401,-0.01852675812631388,-0.15531860345401882,-0.02930725497466269,-0.15731379891595088,-0.03784863840481134,-0.12181462154169154
2017-10-15,162.46,-0.0039394312446141555,0.00043087529237961775,-0.0054782715745415045,-0.0039394312446141555,-0.052714411652780235,-0.015252985350240333,-0.04950729637370899,-0.01900160039394394,-0.16298842485911147,-0.030724486027329245,-0.2062844333191186,-0.04010217899790669,-0.18030061964835387
2017-10-16,161.68,0.006679861454725211,0.007360217714002859,-0.0033399307273628276,0.004824344383968393,0.2190073686247176,-0.006432459178624561,0.2792193593655665,-0.011213508164275687,0.0521176928581919,-0.02356506679861403,-0.020471710868313453,-0.0336693880917035,0.004991829474965126
2017-10-17,161.15,0.005088426931430412,0.0070741545144275,-0.00018616196090603943,0.0032888613093391417,-0.10561972977678069,0.0004095563139929759,0.1903965574216524,-0.00642879304995414,-0.041120589274675434,-0.018470369221222027,-0.1252845099611063,-0.028733064432722832,-0.10060687813754965
2017-10-18,159.44,0.006522829904666239,0.0094706472654289,-0.003198695434018961,0.010725037631710954,-0.31779708025874864,0.013835925740090183,-0.3105031319515955,0.005199448068238244,-0.3265888751713897,-0.006275087807324997,-0.3918784384618448,-0.01623599264090947,-0.40661908053562723
2017-10-19,161.55,-0.00792324357783969,6.190034045183701e-05,-0.009439801918910584,-0.013060971835345159,0.38592033495039413,-0.0014856081708449764,0.03686129876069133,-0.007681832250078013,-0.01285080396373739,-0.018112039616217435,-0.11435164469080361,-0.027425977509542565,-0.16049101877459515
2017-10-22,162.1,0.0014805675508946514,0.0062307217766812695,-0.0035780382479949635,-0.0033929673041331876,0.5657352380629042,-0.005206662553978947,0.6308169277516547,-0.009136335595312017,0.5824475579512993,-0.019984577421344296,0.4016280839072779,-0.028747686613201373,0.32206462644347766
2017-10-23,161.9,0.0009264978381717803,0.0046324891908584576,-0.004941321803582532,0.001235330450895633,-0.24956977716425832,-0.004422483014206335,0.13166416909668266,-0.006102532427425089,0.20133525418468423,-0.016741815935762294,0.030377380122431186,-0.025626930203829223,-0.017276081463243997
2017-10-24,160.92,0.006089982600049781,0.008513547104151087,-0.004598558289833354,0.006089982600049781,-0.3073016397624546,0.001913994531444363,-0.2152086142679629,0.0018767089236884082,-0.14958233827992207,-0.008631618195375945,-0.2863295504591351,-0.017973734360758664,-0.3118876962063497
2017-10-25,165.0,-0.011636363636363556,0.007090909090909037,-0.017575757575757578,-0.02472727272727282,-0.5159273189867342,-0.023139393939394015,-0.5977909271442429,-0.021733333333333715,-0.610650249029395,-0.03128181818181763,-0.6444449514173278,-0.04074949494949487,-0.6589336949365965
2017-10-26,162.16,0.01615688209176125,0.016465219536260678,-0.0022200296003945796,0.017513566847557893,0.5077774843774061,0.0008263443512581681,-0.25666301510062106,-0.0022076961026152864,-0.3203594616447972,-0.011396151948692257,-0.41519169550740276,-0.021630899523104596,-0.44757401154488174
2017-10-29,156.25,0.03372799999999998,0.034175999999999984,-0.0006399999999999739,0.03782400000000008,-0.0016267947058734578,0.0394623999999999,-0.17681370365564097,0.035750399999999516,-0.27954061608930936,0.02786880000000047,-0.38391443165065586,0.017115733333333383,-0.4363518763378823
2017-10-30,156.47,0.00038346008819578614,0.008244391896210068,-0.020579024733175633,-0.0014060203233846602,-0.379752847575319,0.030523423020387463,-0.4123599416417465,0.030325301974818863,-0.5290315633456799,0.026017766984086865,-0.6008768240579869,0.016073368696874812,-0.6398786354262445
2017-10-31,156.56,0.0033214103219214586,0.009772611139499343,-0.002874297393970271,-0.0005748594787940986,0.8312261107485281,0.022994379151763056,0.3276844763104272,0.02640521205927371,-0.011390886414472834,0.02455288707204928,-0.20033966971833828,0.01567237267927113,-0.2990586713708753
2017-11-01,155.5,0.004501607717041667,0.009131832797427464,-0.0010289389067523746,0.006816720257234676,0.1679549434000891,0.024360128617363364,0.5909347088737555,0.030450160771703594,0.19705919300732488,0.030559485530547104,-0.034327663778383255,0.022752411575562848,-0.1589176459275825
2017-11-02,158.69,-0.01543890604322884,0.0006931753733696588,-0.02514336127040151,-0.020102085827714444,-0.26543127598176763,-0.008204675782973014,0.022188045054620797,0.007253135043165271,-0.1273180379115928,0.008727708110152443,-0.27840509968910176,0.002140441531707893,-0.36787469663016925
2017-11-05,158.64,-0.0035930408472011344,0.00605143721633894,-0.007375189107412972,0.0003151790216844308,0.7361701875160087,-0.012266767523953392,0.7841102409394294,0.005767776096822441,0.5884021135974573,0.009121280887544714,0.3012526120808927,0.0028492183560264728,0.12828464536520667
2017-11-06,159.07,-0.0020116929653610782,0.0034575972842145752,-0.005569874897843663,-0.00270321242220406,0.047647120378707,-0.011931853900798317,0.7241585239629127,0.0008738291318282077,0.7017117032177449,0.006226818381845023,0.3882485010552448,0.0007921041051111022,0.18179477589131143
2017-11-07,160.06,-0.00899662626515052,0.002717730850930966,-0.013807322254154708,-0.0061851805572911145,-0.08222586939405807,-0.014794452080469811,0.24140894516436995,-0.007084843183806644,0.5714549109401208,8.746719980057271e-05,0.289751695427765,-0.004564954808613186,0.08778778531301223
2017-11-08,157.91,0.0093091001203216,0.013045405610790928,-0.009245772908618832,0.013615350516116731,0.39591731629715277,0.00305237160407823,0.6122430071531253,0.005889430688366115,1.16774682529464,0.014039642834526411,0.7493122964996275,0.010104912080721506,0.5328226107247767
2017-11-09,156.94,0.004842615012106588,0.006053268765133124,-0.001401809608767679,0.006180706002293812,0.10830993022465507,0.012323180833439418,0.6291014530277912,0.007588887472919081,1.1345231282539392,0.019284439913342943,0.9210917789255801,0.016853574614502653,0.6910980900415298
2017-11-12,158.03,-0.008416123520850527,0.004809213440486015,-0.009681706005188917,-0.00689742453964437,-0.1393396336306223,0.0031259887363159766,0.1296797686514628,-0.0026640511295330516,0.7069165261254691,0.010709991773714123,0.6337205813087805,0.009972789976586904,0.4586052151335438
2017-11-13,159.3,-0.010420590081607228,0.0038920276208409543,-0.014814814814814947,-0.007972379158819876,-0.16093624507591697,-0.005637162586315081,-0.09916051554671668,-0.009497802887634132,0.3343758366160554,0.0012617702448214363,0.3571943137729843,0.0020276208411800223,0.22445507522284958
2017-11-14,158.82,-0.006485329303614118,0.0025815388490113556,-0.01315955169374139,0.003022289384208676,-0.26540703414056266,-0.0023422742727615686,-0.3419779784123199,-0.004722327162826612,-0.16156507949638643,0.0035385971540113914,0.00023697126299082605,0.005074927590983602,-0.09389282952194478
2017-11-15,160.1,-0.0072454715802623415,0.009244222361024512,-0.0072454715802623415,-0.007995003123048128,0.17319730345143936,-0.011867582760774598,-0.18594392475446597,-0.011267957526546635,-0.036931600212779525,-0.005212367270455376,0.18822054529756627,-0.0031230480949407946,0.0811383209532468
2017-11-16,160.59,-0.004358926458683743,0.004408742761068618,-0.010523693878821794,-0.003051248521078631,0.17237696445228257,-0.012155177781929094,0.02712132938179801,-0.011420387321751768,0.10789387529907546,-0.008042219316270804,0.37619321591076194,-0.005944745417938213,0.2758194587713243
2017-11-19,162.19,-0.006412232566742615,0.004500894013194312,-0.010049941426721665,-0.009864973179604108,-0.11688246440735484,-0.017399346445526875,-0.04518016954791959,-0.020001233121648365,-0.09970348546765972,-0.018123805413403526,0.21140751505086142,-0.015311260455844078,0.13161842143928992
2017-11-20,163.7,-0.0061698228466706695,0.00366463042150289,-0.00922419059254731,-0.00922419059254731,-0.4433808402449725,-0.02138057422113626,-0.44055153113100076,-0.026872327428223097,-0.4965689706753734,-0.027153329260842463,-0.314971958592954,-0.023779271024231385,-0.3608638621214384
2017-11-21,163.22,0.004778826124249402,0.008148511211861331,-0.003430952089204742,0.002940816076461239,2.362404950554773,-0.013111138340889505,1.2195769035614044,-0.02117387575052143,0.8577434028677167,-0.02374096311726448,1.3948629833195545,-0.019907691050933485,1.2235061462055326
2017-11-23,164.14,-0.004020957719020335,0.0029852564883636745,-0.004873888144267036,-0.0056049713659070965,1.2204564972463618,-0.013281345193127514,3.3629933109050363,-0.024734982332155986,2.9327966562403978,-0.028512245643962042,4.1831726716198006,-0.024544088379838458,3.7720639022609506
2017-11-26,164.4,-0.003588807785888104,0.0023722627737226,-0.005231143552311468,-0.0015815085158151776,-0.624352021072726,-0.009927007299269985,0.39082270941391495,-0.022487834549879016,0.40342520588082964,-0.03031021897810182,0.7752884551353671,-0.025474452554744675,0.756113482943769
2017-11-27,165.83,-0.005125731170475878,6.0302719652627346e-05,-0.013447506482542448,-0.00862328891032993,-0.3444058318586818,-0.01386962552011084,-0.1378312144919438,-0.02641862147982943,-0.08031049175747407,-0.03799674365313854,0.11379910007450866,-0.03335946451184968,0.14111182903356
2017-11-28,164.73,0.009045104109755453,0.01906149456686701,-0.006616888241364638,0.006677593638074519,-0.03739108508671163,-0.002865294724700873,-0.17458325161796429,-0.015182419717113538,-0.09219678928641473,-0.02866508832635173,0.040401899532121144,-0.026222707865395933,0.09797405031176365
2017-11-29,165.48,-0.00036258158085566983,0.006889050036258171,-0.013536379018612377,-0.004532269760696206,-0.3520024690461494,-0.0061397147691562015,-0.5649157014390667,-0.016364515349287623,-0.40390908100649936,-0.03057167029248198,-0.37687771564818506,-0.030021754894851482,-0.28422237149462015
2017-11-30,166.17,-0.005476319431907073,0.002346994042246031,-0.02328940241920907,-0.004152374074742671,0.5682139769445613,-0.007546488535836615,-0.11103546384669194,-0.016440994162605027,-0.02998564136047399,-0.03191310104110201,-0.01586928608236915,-0.03318087901947819,0.1444204553830346
2017-12-03,167.46,-0.0004777260241252135,0.009196225964409388,-0.031111907321151322,-0.007703332139018415,-0.132078440029191,-0.012767227994744834,-0.09668142139605984,-0.020392929654843628,-0.16127394211555468,-0.036184760539829997,-0.1555651879539468,-0.03928898443409401,-0.016409076657051602
2017-12-04,167.89,0.0008934421347310817,0.01911966168324497,-0.002322949550300657,-0.002561200786228901,0.15064471034237648,-0.011650485436892954,0.14143764956758664,-0.01880993507653861,-0.008154673616869945,-0.03604145571505091,-0.05401525885558578,-0.04057617090555343,0.13806550566678522
2017-12-05,168.62,-0.0034396868698850502,0.004625785790534964,-0.005011267939746156,-0.004329261060372569,0.58307376999988,-0.013485944727790189,0.814293687659789,-0.019677381093583746,0.5701946274891074,-0.037471830150634045,0.5008612851535776,-0.04358518167081815,0.8220028186877599
2017-12-06,169.53,-0.007727245915177261,0.0023594644015809685,-0.010440629976995242,-0.0053677815135964035,0.22340329848842222,-0.01419217837550868,1.0711952202204498,-0.0220373975107655,0.695441588120302,-0.03982186043768032,0.8087469598656376,-0.04739770738709004,1.2169906723324062
2017-12-07,171.21,-0.006950528590619731,0.0,-0.010571812394135849,-0.009812510951463183,-0.41604622795414936,-0.019134396355352967,-0.02797408627760345,-0.027948133870685732,-0.011961944043681227,-0.04647800946206371,0.029060166655590525,-0.05506882386153478,0.269545695230786
2017-12-10,171.7,-0.0024461269656376183,0.0034944670937684386,-0.006260920209667953,-0.0028538147932438696,-0.1969870941864449,-0.01606290040768754,-0.24024231323409673,-0.026604542807222353,-0.1481407331025424,-0.04532615026208453,-0.16592353946713811,-0.05655989128324612,-0.027656491094581237
2017-12-11,172.57,-0.004114272469142866,0.008692124934809087,-0.0064901199513240915,-0.005041432462189244,-0.1286071088376698,-0.016109404879179334,-0.34579372520194707,-0.027281682795387896,-0.22124063393011173,-0.045862548531030445,-0.2551140054152572,-0.05947345038728258,-0.16636095214522684
2017-12-12,169.01,0.020886338086503864,0.024909768652742414,-0.00041417667593623975,0.021063842376190856,-0.3549902421513903,0.010153245370096764,-0.5511183549147725,-0.002804567777055067,-0.4830573850513823,-0.021463227027985976,-0.506395357837773,-0.03644360294262683,-0.46838153881482214
2017-12-13,167.59,0.008413389820395079,0.014380332955426844,-0.0014917357837579415,0.00847305925174524,0.6526383958553199,0.019177755235992855,-0.034209120854520325,0.008198579867533251,-0.06602809491828976,-0.010275076078524514,-0.13924689788608524,-0.025785150267518153,-0.1398445744987048
2017-12-14,169.05,-0.0008873114463177068,0.0055598935226264246,-0.003490091688849506,-0.008636498077491894,-0.27024368385861364,0.008080449571132853,-0.21282890552889178,0.0007394262052640155,-0.34186530232644985,-0.016228926353149542,-0.37275322035401426,-0.032024055999211654,-0.3772634274283104
2017-12-17,170.91,-0.008308466444327367,0.0028084956994909316,-0.01023930723772748,-0.010882920835527332,0.3508412699913934,-0.005418056286934592,0.18645203799507581,-0.008466444327424272,-0.058929252614289385,-0.02431689193142539,-0.12818833760509973,-0.039915745129015634,-0.14763300535836077
2017-12-18,172.0,-0.0033720930232559176,0.0012209302325580929,-0.008488372093023333,-0.006337209302325619,0.24684038761449623,-0.012639534883720938,0.5003448279250673,-0.012744186046512174,0.17874252291400716,-0.027499999999999636,0.10357701238884465,-0.043631782945736663,0.046820962995937965
2017-12-19,170.01,0.006293747426622032,0.013528615963766866,-0.003352743956237858,0.011705193812128645,-0.26854655822428597,-0.0017528380683489164,0.05205320529177726,0.0012293394506199817,-0.14050136032173322,-0.013231574613257635,-0.19412585401968785,-0.02981785385173452,-0.23414485419818887
2017-12-20,168.78,0.009776039815144077,0.014634435359639708,-0.001184974523047666,0.007287593316743557,0.982601124107896,0.0067069558004502206,0.8931761178375173,0.009349448986846198,0.8073205246596895,-0.004171110321127602,0.5618135360375767,-0.020586957380416604,0.5386232053416027
2017-12-21,167.83,0.008520526723470034,0.010784722636000499,-0.0011916820592267063,0.005660489781326383,-0.1978949245460302,0.01382351188702824,0.39300624801391804,0.014615980456413658,0.467597658080696,0.0031222069951741815,0.2606290536076392,-0.013311088601561494,0.22080396599141783
2017-12-25,167.42,0.005196511766814016,0.008003822721299736,-0.004479751523115527,0.002448930832636531,0.5799370436522628,0.014848883048620198,0.8977817188202637,0.015081830127821716,1.3082184581654528,0.006680802771473537,1.047789394221236,-0.008919683032692416,0.936105266769848
2017-12-26,169.4,-0.008559622195985939,0.002892561983470987,-0.009681227863046149,-0.011688311688311748,-0.1663826302176643,-0.001133412042503168,0.36671444099519146,0.0006906729633997521,0.8326241956900731,-0.004194214876032554,0.6978864376108418,-0.018441558441558703,0.6076461006211666
2017-12-27,169.85,-0.002119517221077283,0.00047100382690623555,-0.007359434795407682,-0.002649396526346659,0.6811581731438479,-0.006841330585811267,1.1187866516495615,-0.003826906093612359,1.9115999544424898,-0.005781571975271627,1.808033307601777,-0.018810715337062356,1.6921135731851873
2017-12-28,169.4,0.005017709563164052,0.009970484061393003,-0.00017709563164114428,0.002656434474616276,-0.4237822796698786,-0.004391971664699068,-0.06966123026978788,-0.0006847697756793281,0.4338798898039484,-0.001629279811097506,0.5687678926390614,-0.01412829594647802,0.5246917325251901
2018-01-01,168.12,0.009635974304068595,0.01296692838448732,-0.0007732571972400848,0.007613609326671433,-0.2719723690385436,0.003925767309064687,-0.326090575701657,0.008000237925291032,-0.016092401910299148,0.007137758743755107,0.09078284892795185,-0.004524545959235682,0.08893519295168417
2018-01-02,170.82,-0.014986535534480705,0.00216602271396793,-0.016801311321859247,-0.015806111696522573,0.16491652504743315,-0.011602856808336393,-0.1983770064786161,-0.008476759161690994,0.050673093335114494,-0.008210396909026585,0.26375209336727257,-0.018694141981813517,0.26231914172560256
2018-01-03,173.38,-0.01199677010035749,0.0036336370977043675,-0.012083285269350541,-0.014765255508132458,0.11128887935904475,-0.022274772176721802,-0.03912395074353392,-0.023168762256316033,0.10433461298981905,-0.02188545391625285,0.37652105247966094,-0.031216595531972535,0.39716051877173153
2018-01-04,175.7,-0.012066021627774481,0.0005122367672167893,-0.012066021627774481,-0.013204325554923124,0.05606650467257168,-0.03065452475811037,0.03312721181453715,-0.035281730221969676,0.12414539405499081,-0.033238474672736995,0.4299222399312541,-0.041885790172643045,0.4596538416502882
2018-01-07,177.18,-0.009369003273507204,0.0014674342476577173,-0.011556044700304802,-0.008353087255898006,-0.27364991670708305,-0.03214809797945606,-0.18763300508192227,-0.040128682695564244,-0.25752335364696455,-0.03931594988147591,0.039805526854058026,-0.047631410618204084,0.01782398133114027
2018-01-08,177.24,0.0005077860528097666,0.007109004739336511,-0.0040058677499436035,-0.0003385240352065111,0.04642067112761139,-0.02369668246445522,-0.0919397386320383,-0.03571428571428614,-0.19583377924391954,-0.03748307379823934,0.11034185252403783,-0.04532836831415055,0.07922372943065037
2018-01-09,175.61,0.010022208302488345,0.013837480781276668,-0.003416661921302966,0.009281931552872713,-0.03154787153906724,-0.004248049655486752,-0.12816410962153446,-0.021405386936963033,-0.21783278538237072,-0.026832184955298266,0.07389415232858676,-0.03398060095286948,0.06841729608905123
2018-01-10,176.4,-0.0025510204081633514,0.0005102040816327147,-0.010884353741496655,-0.004478458049886558,0.3103280751886226,-0.0032766439909300837,0.17806587824830555,-0.02114512471655372,0.07840497187986961,-0.03008219954648461,0.3913406518942062,-0.03618858654572976,0.4121182804882091
2018-01-11,177.64,-0.0037716730466110793,0.0016888088268409707,-0.009457329430308414,-0.006980409817608502,0.004016024739949442,-0.006834046385949311,0.1790629744166432,-0.02403737896870095,0.08976750070283934,-0.0357746003152436,0.35342163339893173,-0.04093297305411725,0.4029597038703028
2018-01-15,175.83,0.01296707046579093,0.015867599385770204,-0.004265483705852224,0.010294034010123188,-0.15443304581204265,0.00559631462207788,0.0023220404859454202,-0.009560370812717212,-0.0409339271557263,-0.023394756298697028,0.06384238508359985,-0.028612864698857154,0.17205738381378355
2018-01-16,176.79,-5.656428531020108e-05,0.0029413428361333427,-0.01040782849708699,-0.005430171389784411,-0.19457137031112237,-0.0013914814186323232,-0.2132130545208425,-0.011301544204989411,-0.21264066752634803,-0.02636744159737492,-0.16274889356703648,-0.03193619548617033,-0.08187540108095215
2018-01-17,178.64,-0.012259292431706204,0.005765785938199652,-0.012259292431706204,-0.010356023287057758,-0.05870155850826564,-0.012236901030004521,-0.23449354113443543,-0.01668719211822689,-0.2496024654978981,-0.03428403493058607,-0.24205633878968924,-0.03997984773846852,-0.13604553120996532
2018-01-18,181.14,-0.006845533841227658,0.006072650988186101,-0.016064922159655493,-0.013801479518604443,0.019461090221592148,-0.022524014574362483,-0.18766227144656422,-0.02594126090316906,-0.20732776558499477,-0.04547863530970453,-0.23461307027544465,-0.05117220566044689,-0.12242774895708075
2018-01-21,182.15,-0.004776283283008498,0.00010979961570134478,-0.013011254460609467,-0.005544880592918022,0.24619882973985696,-0.02273950041174866,0.09803143972221484,-0.0270820752127372,0.029155184829435354,-0.048262421081525675,-0.04211597046758886,-0.05400860096989679,0.09490433487772876
2018-01-22,182.93,-0.003826600338927566,0.004045263215437522,-0.009621166566446293,-0.004263926091947701,0.12527762175420887,-0.02197561908926937,0.277350960274968,-0.027704586453835334,0.18186247481436046,-0.04900235062592195,0.04453645540789153,-0.05557681444632767,0.2409594075341348
2018-01-23,183.11,0.00027305990934411994,0.007591065479766179,-0.006416907869586597,-0.0009830156736387874,-0.018955201621770557,-0.015182130959532691,0.23668497562035995,-0.02552017912730098,0.13769352682013158,-0.046073398503631346,0.029446409026912423,-0.05406586205013397,0.22718698471838494
2018-01-24,181.89,0.009566221342569792,0.015833745670460253,-0.001594370223761521,0.006707350596514505,0.05682599851206582,-0.0016273571939083853,0.23928547100331388,-0.015756776073451273,0.18696374596127363,-0.03547473747869534,0.08236236942174924,-0.04554034489709913,0.29061394873794955
2018-01-25,183.8,-0.005386289445049042,0.0022306855277476334,-0.01196953210010887,-0.010391730141458222,-0.31401673065117597,-0.008465723612622655,-0.21602862352369878,-0.022568008705114884,-0.2029168690043155,-0.041561479869422824,-0.24858540786688776,-0.05361080885019964,-0.1272775278462417
2018-01-28,181.04,0.01524524966858154,0.02375165709235527,-0.0006076005302694254,0.01524524966858154,0.02411537848007428,0.009589041095890316,-0.19658255998348517,-0.0035793194874067513,-0.14830507361289658,-0.0229728236853729,-0.21042291054789763,-0.03711518633082933,-0.11379640490064524
2018-01-29,180.34,0.0024952866807141927,0.012476433403570963,-0.0018853277143173752,0.003881557058888596,-0.1263547850010206,0.012276810469113775,-0.2665811911860788,0.0021736719529770188,-0.22687526181647966,-0.016077963846067966,-0.2827024051455802,-0.031154116298842904,-0.2531351165682797
2018-01-30,181.1,-0.0014908890115956641,0.007454445057978987,-0.0021535063500827123,-0.004196576477084379,-0.01921145708457661,0.0051684152401987316,-0.20933670060470988,0.00045831032578624864,-0.21129451001296906,-0.01718663721700664,-0.2750089046156864,-0.03287318240382853,-0.26831208420000907
2018-01-31,182.0,-0.00879120879120876,0.005384615384615321,-0.014175824175824192,-0.0049450549450549275,0.12841624500883242,-0.0020109890109890616,-0.025693410524615823,-0.0021208791208798816,-0.09194218456410241,-0.01848076923076869,-0.16821312342530415,-0.03544871794871807,-0.1885717042113766
2018-02-01,177.33,0.023797439801499953,0.025545592962273656,-0.00011278407488868325,0.026335081486493994,-0.014895478713658372,0.02439519539840962,0.022984404703703554,0.026053121299271842,-0.10614007255579994,0.010519934585236923,-0.16747845804177985,-0.007962555687136996,-0.20562165936907972
2018-02-04,166.36,0.06419812454917029,0.07246333253185844,-0.008235152680932889,0.06594133205097386,-0.5539307539214248,0.08416686703534504,-0.5414891207971065,0.0914222168790566,-0.6000672973266057,0.07834214955518193,-0.6208370742885939,0.05852167989099932,-0.6443066514849001
2018-02-05,179.96,-0.07785063347410548,0.005779062013780756,-0.07790620137808402,-0.07557234941098023,-0.5506926071154119,-0.014080906868192855,-0.7423063736334601,0.00016670371193527878,-0.7910232278196445,-0.005745721271393167,-0.8133441916120469,-0.02214936652589472,-0.833514392220015
2018-02-06,182.69,-0.015873884722754417,0.01472439651869295,-0.041983688215008974,-0.014943346652799727,1.3201243156033704,-0.02922984290327868,-0.03948832442415928,-0.016404838797964505,-0.31539619156705323,-0.01984235590344241,-0.470638314408092,-0.034721842100461586,-0.5461163703545466
2018-02-07,173.31,0.05475737118458257,0.06843228896197551,-0.0009232012001615386,0.05412267035947149,-0.09246052460856524,0.0251456926894007,-0.04061175164223052,0.036587617563902164,-0.3177846331873908,0.034778720212336856,-0.49129979873811513,0.020379666493566262,-0.5688303450821592
2018-02-08,177.5,-0.014084507042253502,0.007661971830986047,-0.04197183098591539,-0.023605633802816883,0.11063113905300659,-0.008845070422535128,0.19530952053807527,0.007284507042252919,-0.16261021390965724,0.00970422535211335,-0.3990930496955398,-0.0026009389671362015,-0.49184034468621773
2018-02-11,180.36,-0.001996007984031989,0.01674428919937898,-0.012308715901530376,-0.015857174539809393,0.3845202674879218,-0.02437347527167899,0.802050122086313,-0.01218119316921773,0.23453528903427112,-0.006001885118651185,-0.11951896252733163,-0.01691986397575229,-0.26313345203641514
2018-02-12,181.94,-0.01396064636693406,0.002638232384302386,-0.01396064636693406,-0.008684181598329066,0.15043326654349576,-0.01745630427613487,0.9685056224232367,-0.021133340661757205,0.4641863016111629,-0.013886446081124992,0.0467229275967469,-0.023531567183320612,-0.12272398004267171
2018-02-13,186.03,-0.02596355426544117,0.0019351717464923812,-0.03252163629522131,-0.02198570123098431,-0.0439608176846048,-0.03692952749556522,0.36095814999049547,-0.041794334247164944,0.4176097154587197,-0.033924635811427684,0.02167593959350511,-0.0427529609919548,-0.14400174954464628
2018-02-14,188.92,-0.008575058225703924,0.0016938386618676748,-0.022284564895193593,-0.01529748041499035,0.024155403639708473,-0.048126190980309236,0.2842744885906321,-0.05384289646411222,0.47301387887150215,-0.046257675206435866,0.06344131858425595,-0.05423636106994156,-0.10969667788613979
2018-02-15,189.28,-0.002535925612848655,0.009034234995773494,-0.006683220625528397,-0.0019019442096366301,0.1752404922172579,-0.033442519019442174,0.33725343261419205,-0.051986475063398596,0.7640436014750855,-0.04535608622147014,0.265959707716251,-0.05284763313609475,0.06480300074296852
2018-02-19,187.9,0.0028206492815328055,0.013730707823310206,-0.003938265034592936,0.007344332091538064,0.3881957323442262,-0.013805215540181104,0.6251352561232972,-0.03866418307610464,1.4684035727228157,-0.036178818520488876,0.7687992155358019,-0.043070782331027346,0.4985799705825926
2018-02-20,187.58,0.00010662117496518242,0.019405053843693176,-0.00029320823115475125,0.0017059387994455832,-0.2161400524511602,-0.004083591001173059,0.14254668011225435,-0.025541102462949605,0.8037086763308918,-0.03300191918114859,0.3891952531616487,-0.039270355759320696,0.18161978673649015
2018-02-21,187.85,0.00191642267766845,0.007931860527016221,-0.0041522491349480495,-0.0014373170082511155,0.16335440854153394,0.000489752462070614,0.27051800302277784,-0.022885280809156527,0.6720914997740206,-0.03315411232366161,0.6365708481758849,-0.03880578475734209,0.3826924104951621
2018-02-22,191.67,-0.017895340950592087,0.0012521521364845523,-0.019930088172379623,-0.019930088172379623,-0.07716159841274539,-0.017550999113058907,0.07582836195073739,-0.0396671362237182,0.419534282134147,-0.05118693587937517,0.5209472132003325,-0.05611728491678425,0.27966333028667023
2018-02-25,193.3,-0.004345576823590269,0.0002069322296947007,-0.00957061562338346,-0.008432488360062163,-0.1424651949850012,-0.022990170719089598,-0.14140266133374368,-0.038266942576306695,0.09912522113683564,-0.05665804449042866,0.31834839627720934,-0.06130712191757204,0.10194446581032235
2018-02-26,193.14,0.000776638707673305,0.01206378792585694,-0.002329916123019471,0.0008284146215182808,0.016845487352197264,-0.018018018018017945,-0.12730411196328373,-0.029289634462048575,0.032617190249671246,-0.05341721031376123,0.34871773914757354,-0.057612785198992045,0.13578074430493015
2018-02-27,191.8,0.011470281543274119,0.021532846715328402,-0.0004171011470281982,0.006986444212721432,0.01638377298974847,-0.005693430656934395,-0.05889556994225542,-0.015844629822732492,0.014110474803490147,-0.04364963503649555,0.37927508362799234,-0.048335071254779316,0.1694178315229833
2018-02-28,189.52,0.008547910510763979,0.018309413254537832,-0.009867032503165896,0.01203039257070504,-0.27518914655162974,0.010721823554242116,-0.3108445175300868,0.001197762769100219,-0.2788350035925026,-0.029120937104262667,0.0008114388505375825,-0.03407731813704806,-0.1443915572254626
2018-03-01,189.02,-0.006136916728388564,0.002909745000528874,-0.01819913236694526,0.0026452227277535822,0.546234905678868,0.015162416675484014,0.1915188490808435,0.005692519310125377,0.13005010503883496,-0.02432546820442194,0.5693981515303239,-0.029277325150777633,0.34349195771362795
2018-03-04,190.37,-0.01560119766769974,0.0033093449598151636,-0.02274518043809426,-0.007091453485318033,0.30063859150653593,0.005179387508535971,0.5514876713947854,-0.0013867731260182037,0.42248280113511916,-0.029400640857277116,1.0423927540547835,-0.034343646582969956,0.7478890713288908
2018-03-05,190.99,-0.0015184041049270958,0.0021467092517932773,-0.014136865804492471,-0.0032462432588094003,-0.006281320240244637,-0.0011518927692549807,0.4410783374479532,-0.0040578040735121945,0.362947119459081,-0.029137651185925262,1.0148323791407199,-0.03586749742569417,0.7282532748074728
2018-03-06,189.7,-0.0036900369003689537,0.0021613073273591965,-0.013863995782814942,0.006800210859251532,-0.575089402922053,0.003373748023194567,-0.4278023149595589,0.004343700579862553,-0.42428310085393306,-0.016043753294675,-0.18399268141246095,-0.027757863292918517,-0.2657289532710616
2018-03-07,192.5,-0.012987012987012991,0.0009870129870128697,-0.015298701298701256,-0.014545454545454639,-0.24798219444816472,-0.013402597402597305,-0.5118647996691446,-0.009163636363636707,-0.5358889382751664,-0.02782597402597331,-0.45145003098089487,-0.04072727272727272,-0.43226822096074624
2018-03-08,194.96,-0.0052831350020516865,0.006052523594583414,-0.009899466557242498,-0.012617972917521536,-0.2397925418214184,-0.02279441936807547,-0.5739664712585613,-0.019280878128847267,-0.5999370643806212,-0.03757693885925251,-0.5786293013698707,-0.051225892490767255,-0.5504431227031996
2018-03-11,195.96,-0.009287609716268741,0.0038528271075728426,-0.010614411104307053,-0.005103082261686098,1.536616550422523,-0.021718718105735668,0.42872647031694555,-0.02260665441926968,0.1893641220669935,-0.03696417636252225,0.10162928642888058,-0.05384432197047018,0.2072001362291489
2018-03-12,195.89,0.006942671907703479,0.009546173873091979,-0.0028587472561130145,0.0003573434070143211,-0.06814540843144634,-0.015661851038847985,0.4036182185675363,-0.020899484404512947,0.11554040875211657,-0.031908213793454765,-0.0057661143424242445,-0.05143703098677821,0.1319430128151302
2018-03-13,192.38,0.02126000623765467,0.02630211040648711,-0.0022351595799979807,0.018245139827424817,0.5811913897107253,0.00739162075059796,1.354044305980994,-0.0016061960702780098,0.7883353371039068,-0.01020896143050154,0.5610062935820102,-0.03155733444224951,0.8053868671134203
2018-03-14,192.71,-0.00010378288620216392,0.007628042135851887,-0.006771833324684784,-0.0017124176223340948,0.345671196646127,0.00844792693684826,1.8618392842069724,-0.003014892844170558,1.364106524858614,-0.009195163717502397,1.062462086041473,-0.03113313614584945,1.4171092541008976
2018-03-15,192.51,0.0028569944418472826,0.012752584281336077,-0.0029608851488234222,0.001038907069762729,-0.6130208188723805,0.009713781102280716,-0.11105314934373811,-0.00032206119162681013,-0.14092804883160948,-0.006430834761829929,-0.22519344331551472,-0.028116288331342054,-0.07429992655877504
2018-03-18,190.45,0.009871357311630469,0.016644788658440657,-0.004200577579417053,0.01081648726699913,0.582715817481845,0.018062483591494205,0.10739950575754542,0.012323444473614664,0.4212231294439599,0.005258598057233499,0.23948920524848272,-0.015764417607420977,0.48622040662987986
2018-03-19,195.65,-0.01972910810120121,0.0037822642473803736,-0.02540250447227188,-0.02657807308970106,-0.10008963714017205,-0.01462816253513921,-0.04202803254231402,-0.014541272680808182,0.30204730917989764,-0.021160235113723003,0.10992886408962477,-0.039688218757986116,0.3385429880907702
2018-03-20,193.81,0.011970486559001126,0.015014705123574723,-0.0002579846241164141,0.009493834167483728,-0.12383196300870836,-0.005520870956090995,-0.19093085601468562,-0.002781074247975357,0.1694277654808638,-0.009867911872451951,-0.015578151984422917,-0.025533598197547414,0.14519122720485034
2018-03-21,189.08,0.015654749312460137,0.02194838163740198,-0.0007404273323461386,0.025015866299978873,0.1382030960623759,0.020869473238840586,0.0005923332284247795,0.02433890416754747,0.28682058566754653,0.01654855087793572,0.13110426070085546,0.0012851702982863422,0.1975048284953007
2018-03-22,186.49,0.01860689581210795,0.026167622928843448,-0.0013405544533219294,0.013888144136414926,0.036123563321996066,0.031154485495200834,0.13005812812223327,0.036731192021019154,0.2191630511855973,0.030996300069709326,0.18255327075846983,0.016333315459273967,0.21103942910786078
2018-03-25,191.28,-0.0074759514847344555,0.007685069008782852,-0.016415725637808576,-0.025041823504809657,-0.33272438863609755,-0.0009619406106230466,-0.3088912875999291,0.006341488916770555,-0.3108896313131232,0.0038242367210379324,-0.20734975933585997,-0.006820716576049102,-0.21690880995240536
2018-03-26,187.87,0.02400596156917012,0.028370681854473778,-0.006759993612604487,0.018150848991323798,-0.121225347361537,0.01805503805823183,-0.3259675241511054,0.022116357055410152,-0.37276579370948393,0.021506893064353605,-0.2900409871109536,0.013651283689075644,-0.31993160358078143
2018-03-27,187.28,0.005873558308415072,0.01366937206322083,-0.01318880820162327,0.003150363092695452,0.8299269137950749,0.012953865869286929,0.377664731972829,0.021054036736436688,0.2007539889627019,0.023318026484408838,0.3357081263159343,0.018181332763776092,0.2560613863366654
2018-03-28,191.06,-0.014079346802051695,0.003977808018423401,-0.019575002616978976,-0.019784360933738143,-0.21093145807950198,-0.013922328064482237,0.045178945997357056,-0.0018161833978862507,-0.03850608788149312,0.0018894588087516873,0.050749520377511015,-0.001031089710038735,-0.01647004632054261
2018-04-01,186.63,0.019128757434496046,0.02186090124845963,-0.015431602636232111,0.023736805443926423,0.048791923722464325,0.011605851149333102,0.12191485017065107,0.02099340941970662,0.06271203323517116,0.026083695011520636,0.09271546973708267,0.023579631713372518,0.029299131482839913
2018-04-02,189.2,-0.011152219873150071,0.0007928118393234485,-0.016966173361522063,-0.013583509513741987,0.08571978135727809,-0.0019873150105705895,0.2424018873229863,0.004016913319238258,0.1204870177021502,0.01151427061310839,0.1973155935890345,0.00927237491191013,0.11430730693923863
2018-04-03,189.46,-0.016362292832260095,0.0038530560540483982,-0.01931806186002316,-0.001372321334318638,-0.024802328664754292,-0.005552623245011934,0.12481739507750178,0.001979309616804814,0.10278841633922342,0.009817375699356479,0.18387374044789428,0.007873253809071556,0.08647149133379939
2018-04-04,189.74,0.005850110677769527,0.009275851164751714,-0.0027932960893854997,-0.001475703594392308,0.2698614346322541,-0.005344155159691999,0.2751094125918947,-0.0027616738695065424,0.40400562488341296,0.007924001264889347,0.5253102534545679,0.006659990864692267,0.3920798516612378
2018-04-05,187.32,0.0005338458253256739,0.012652146060217806,-0.009555840273329008,0.012919068972880643,0.07052080303781283,0.010132393764681114,0.34090560905772915,0.007948964339098197,0.45933443387145,0.020956117873158986,0.5817503881240196,0.020049469713147028,0.4850765461126836
2018-04-08,187.77,0.0033019119135111463,0.018586568674441972,-0.0007988496564946823,-0.002396548969484047,-0.6553262849657847,0.0037279650636417028,-0.572951663042239,0.004596048357031757,-0.5081843470612133,0.01712999946743432,-0.4855438812237235,0.017510784470362806,-0.4887492377289211
2018-04-09,191.51,0.00292412928828778,0.006422641115346517,-0.014255130280403039,-0.019529006318207864,2.0638543845343587,-0.01468330635475934,0.6171886118687289,-0.014354341809827864,0.6782603100309079,-0.004610725288496043,0.5360972204498411,-0.0030390057960417716,0.6283366606033209
2018-04-10,189.45,0.003219846925310188,0.00802322512536291,-0.00459224069675368,0.010873581419899692,0.24181563506804138,-0.0015307468989177453,0.9089109761878862,-0.00351543942992949,0.957076687334899,0.005038268672473922,0.8750022494665073,0.007486583971144878,1.0052881488255996
2018-04-11,192.17,-0.005463912161107309,0.0058281729718479,-0.0093406879325596,-0.014154134360201853,-0.1961245356470821,-0.015673622313576274,0.40868368295423996,-0.016797627101005075,0.42384838856987406,-0.010862777748867347,0.4658214121078843,-0.007413574786213406,0.5927876001262384
2018-04-12,190.76,0.007391486684839466,0.013786957433424174,-0.005713986160620688,0.007391486684839466,0.04974654150701552,-0.005850283078213225,0.4517737561381381,-0.006966869364647299,0.4678372335229315,-0.0036066261270698563,0.5370273789569953,-1.223177465559111e-05,0.6594943522897394
2018-04-15,191.66,0.0043827611395179655,0.007200250443493594,-0.00448711259522061,-0.004695815506626344,-0.029899218218338186,-0.006928936658666229,0.38767641209381365,-0.011786496921632694,0.35890055838406143,-0.008794218929353392,0.5005028095106692,-0.004492330168005765,0.5786111456199814
2018-04-16,193.95,-0.002732663057489093,0.0046403712296985145,-0.005310647073988095,-0.011807166795565815,0.07323602982820465,-0.014642949213714784,0.035391259203322756,-0.02086104666151123,0.3999079667736454,-0.02071667955658618,0.5556897182367377,-0.015792730085073425,0.6858507567176391
2018-04-17,194.67,-0.0023629732367594913,0.0045461550315919474,-0.006986181743463216,-0.0036985668053629572,0.1989214912392383,-0.015780551702881618,0.219521800758804,-0.02204243078029544,0.6151443905944531,-0.02343966712898693,0.8430078709637261,-0.01881988322117778,1.0204730877358763
2018-04-18,193.94,0.003299989687532312,0.006393730019593757,-0.004805609982468706,0.003764050737341318,0.010456169139792415,-0.006692791585026336,0.22149010773499223,-0.01567495101577865,0.5433297073844996,-0.020016499948437128,0.8206296715061887,-0.014494173455708026,1.033902288064244
2018-04-19,192.96,0.005959784411276869,0.009897906301824078,-0.005441542288557311,0.005078772802653342,-0.42131815519814186,0.0001865671641791966,-0.33065035915998586,-0.008499170812604318,-0.13550423018002666,-0.015005700663349275,0.021622804260289286,-0.008756564400221212,0.13991793307371014
2018-04-22,192.05,0.0055193959906274515,0.00999739651132514,-0.004061442332725873,0.004738349388180074,-0.19217818785152085,0.007216870606612913,-0.41564536164588417,-0.0008643582400422734,-0.28610956123252873,-0.009328299921894767,-0.17752595499063495,-0.003979866354248185,-0.11275759817302167
2018-04-23,189.07,0.02089173322050053,0.024329613370709158,-0.006717088908869684,0.015761358227111666,-0.07189737451665612,0.023504522134659256,-0.3848580899430375,0.01714708837996448,-0.4203255264455352,0.007756386523510406,-0.22895631843171793,0.01120572627421934,-0.2195163512593038
2018-04-24,189.58,-0.007701234307416427,0.005749551640468198,-0.016984914020466313,-0.0026901571895771026,0.04452391995501803,0.015602911699546418,-0.258366219006926,0.013123747230719962,-0.34996288215830207,0.004462496043887043,-0.2029822857853565,0.007273974047895093,-0.18038122333842055
2018-04-25,190.25,-0.022023653088041995,0.010670170827858039,-0.029960578186596476,-0.003521681997371795,-0.2939388949871936,0.006675427069645412,-0.3998125686059275,0.00962417871222021,-0.5044849066959385,0.0013745072273330106,-0.45062904774972556,0.0026211125711781413,-0.42082224966459325
2018-04-26,187.07,0.018388838402736862,0.01945795691452412,-0.0009087507350189483,0.01699898433741387,0.5219479597377104,0.019842839578767313,0.12044745158640646,0.025760410541507905,-0.15813578081276358,0.01919067728657775,-0.12827179829873725,0.019285116088451515,-0.08998461624135101
2018-04-29,188.6,0.0002651113467657673,0.01182396606574776,-0.0022269353128313574,-0.008112407211028683,-0.08041518238643452,0.0053234358430540585,0.05949091188416378,0.015482502651112728,-0.19035977992645015,0.009864793213150147,-0.19957207920855458,0.01001944149876266,-0.1476778655810218
2018-04-30,190.03,-0.005420196811029898,0.001105088670209975,-0.009524285639109564,-0.0075251276114297605,0.6611143955698087,-0.00587275693311573,0.7739015966722524,0.006230595169183006,0.4142985955749128,0.0027837709835294433,0.3379337257670747,0.0017330596923290642,0.40607035310530226
2018-05-01,187.98,0.00702202361953419,0.014576018725396267,-0.0006915629322268302,0.010905415469730784,-0.2343284408390297,0.005989998936057006,0.2488028749238771,0.015118629641450276,0.09045458838241571,0.013940312799234578,0.010004266142137341,0.012582898889952565,0.07061472068709862
2018-05-02,189.63,-0.010388651584664843,0.0011601539840742081,-0.0238622580815272,-0.008701154880556894,-0.264616357292193,-0.0044507725570848145,-0.11942425454362582,0.0027580024257758406,-0.16688224291903253,0.004727627485103136,-0.26022839667307684,0.002424018703088393,-0.21391217213530256
2018-05-03,192.17,-0.018473226830410527,0.0037987198834366076,-0.023312691887391268,-0.013217463704012,1.1412663615501968,-0.018254670343966328,0.7532066715382741,-0.01273872092418249,0.9083664730843686,-0.008580943955871723,0.6241040088201737,-0.011550536851052229,0.6916990799499165
2018-05-06,193.38,-0.003050987692625906,0.00356810425069809,-0.005016030613300249,-0.006257110352673512,0.2152441845791444,-0.019122970317509647,0.9260003957181429,-0.019324645775158467,1.2523106667850703,-0.013530354741958073,0.9583790979807469,-0.017202744165201733,1.0291782409030268
2018-05-07,194.83,-0.0046194117948981095,0.00025663398860542586,-0.012626392239388218,-0.007442385669558127,-0.5916500462826007,-0.021516193604681155,-0.3306187236181224,-0.025940563568239816,-0.13464152455840672,-0.019432325617203983,-0.2699972643961155,-0.023338294923780034,-0.18424109788902565
2018-05-08,197.41,-0.012765310774530247,0.003951167620687812,-0.019603870118028444,-0.013069246745352259,0.539044868185935,-0.029441264373638587,0.15385288718086798,-0.035753001367712645,0.3278502925121778,-0.031406716984954564,0.15519046336866316,-0.03550309845836941,0.2457445638427207
2018-05-09,200.63,-0.012211533668942787,0.002841050690325364,-0.014318895479240368,-0.01604944425061061,-0.11456454946457306,-0.03561780391765945,-0.014220891361038546,-0.04732592334147512,0.13043576263663104,-0.04496834969844932,0.03484098443655337,-0.049397730482314106,0.07103171988570178
2018-05-10,199.99,0.001450072503625055,0.007250362518125941,-0.002900145007250443,0.0032001600080002746,0.24164225841210185,-0.0215310765538278,0.11272856836840917,-0.03908695434771814,0.2924084138778822,-0.03979698984949187,0.29712972920023817,-0.044130539860326556,0.32949109192896797
2018-05-13,199.07,0.008439242477520592,0.010649520269252033,-0.007032702064600382,0.004621489928166023,-0.005846207188812236,-0.00915255940121562,0.13810489998416164,-0.028155925051490116,0.2305330824911287,-0.03304114130707725,0.2920396660288598,-0.03821771236248572,0.30227452382073494
2018-05-14,198.39,0.00025202883209840543,0.0012601441604920272,-0.008770603357023954,0.003427592116538092,-0.12622960630156865,-2.016230656765039e-05,0.04915863136870624,-0.01954735621755177,0.01650458928344345,-0.027859267100155627,0.1301084297693762,-0.032830955861350763,0.12320698777936512
2018-05-15,198.18,-0.003582601675244712,0.004944999495408053,-0.007013825814915831,0.0010596427490159321,-0.0008987210508123455,0.004632152588555982,-0.04565801888995813,-0.014290039358159978,0.027641744752010977,-0.02570895145826968,0.13945927261516622,-0.030260369361187034,0.1151882611958659
2018-05-16,197.66,0.003996762116766028,0.005868663361327409,-0.004755640999696387,0.0026307801274916276,0.25932366103992055,0.00805423454416676,0.2133750123531155,-0.006536476778306821,0.27556083144703214,-0.02225791763634466,0.4563311482044452,-0.026238658976694085,0.39430258623258974
2018-05-17,197.92,-0.001263136620856864,0.004749393694422066,-0.0045472918350847324,-0.0013136620856911696,-0.47785040878747165,0.0037287793047695583,-0.40372291771481994,-0.0037843573160878385,-0.38435544023053536,-0.022602566693613046,-0.2349577022144984,-0.02618398005928335,-0.27596595454695305
2018-05-20,200.62,-0.010617087030206362,0.002791346824843055,-0.010617087030206362,-0.013458279334064516,0.626036960493366,-0.011843285813976867,0.10918658346676668,-0.014325590668926913,0.08574900386865547,-0.03452048649187467,0.26491010595101705,-0.03752866115043374,0.19899412959246776
2018-05-21,200.03,0.004299355096735402,0.007348897665350185,-0.005199220116982373,0.0029495575663651685,-0.005025939692699155,-0.007378893166025247,0.11686417937148419,-0.007798830175474225,0.11599664076010252,-0.029530570414437296,0.2339343854976248,-0.03254845106567372,0.13227752489614186
2018-05-22,200.94,-0.00836070468796657,0.00034836269533200515,-0.010699711356623842,-0.004528715039315179,-0.20175360653968943,-0.010241863242759108,-0.11850584852850643,-0.009704389369961652,-0.15403795990124458,-0.031198367671941285,-0.03906594112756323,-0.035516406224080366,-0.09400835232068838
2018-05-23,199.82,0.005955359823841544,0.014663196877189533,-0.008768391552397059,0.005605044540086146,-0.01197787373733017,-0.0019317385647084073,-0.09926608970746276,-0.002387148433590669,-0.14542421080932355,-0.022925633069762252,-0.061676800423901224,-0.02819370767023688,-0.09138161636889852
2018-05-24,200.36,-0.007885805550010061,0.0012477540427231482,-0.010830505090836606,-0.002695148732282049,0.5466397531717311,-0.002465561988420961,0.496347402302195,-0.005480135755640436,0.3365471925709056,-0.023170792573367405,0.3960491716826391,-0.02954016104345558,0.4194280276166402
2018-05-28,197.2,0.010547667342799327,0.016075050709939198,-0.009178498985801253,0.01602434077079118,-0.395146743083746,0.01599391480730228,-0.21269314475444068,0.010644016227180142,-0.19922023488279317,-0.004148073022311682,-0.178022891393106,-0.012366463826910423,-0.14286046354741078
2018-05-29,199.52,-0.0035084202085005067,0.004310344827586077,-0.008570569366479597,-0.011627906976744318,0.5548170181813208,0.0007518043303929023,0.30680360137679585,-0.0020449077786692804,0.2940099805155345,-0.01357257417802682,0.26671063687637453,-0.02292502004811592,0.34995468066112645
2018-05-30,197.5,0.009113924050633049,0.010481012658227762,-0.0030886075949367875,0.010227848101265868,-0.35987023839498467,0.01047088607594926,-0.18231578486430866,0.008734177215189431,-0.1857029422604648,-0.0010810126582273538,-0.19145241040574223,-0.011991561181434962,-0.13513401279370607
2018-05-31,200.32,-0.002246405750798708,0.0061401757188499495,-0.00803714057507976,-0.014077476038338643,-0.3242972016281508,-0.007188498402556087,-0.4366673208989744,-0.0058057108626202725,-0.434993110835172,-0.012767072683705472,-0.45016258823506206,-0.02542931309904184,-0.4047042590523231
2018-06-03,201.45,-0.0004964010920823769,0.0018366840407049168,-0.004045668900471533,-0.005609332340531181,0.5085918424737126,-0.012261106974435498,-0.03826341968572711,-0.010062050136510847,-0.06001062356139264,-0.015651526433357654,-0.157219111697672,-0.02984032431538053,-0.06900382537483762
2018-06-04,203.36,-0.010523210070810474,0.002999606608969252,-0.011304091266719163,-0.009392210857592564,-0.20849178038149774,-0.020466168371361393,-0.1776186601062032,-0.017623918174666242,-0.27269495611374983,-0.022615066876474854,-0.316322234483181,-0.03756064778389756,-0.26045418804646814
2018-06-05,206.19,-0.011348756001746008,0.00038799165817948733,-0.014210194480818727,-0.013725204908094368,0.6132088555529591,-0.027935399388913318,0.39022454256505523,-0.02977835976526555,0.23951694565876136,-0.03360977738978577,0.15308909888498134,-0.048941914415507104,0.19942916019928103
2018-06-06,205.31,0.0035068920169498696,0.00506551069114991,-0.005942233695387489,0.00428620135404989,-0.4415069875422165,-0.01727144318347884,-0.2049363211075661,-0.022619453509327814,-0.30526949068557596,-0.0267010861623882,-0.36977881359798737,-0.04208595132563808,-0.34002585070536806
2018-06-07,206.47,-0.0037777885407080936,0.0015498619654186196,-0.009299171792512162,-0.005618249624642746,0.7868460218600992,-0.015227393810239076,0.5182439875247655,-0.025994091151257392,0.3005710548019225,-0.030256211556157764,0.16704144507958185,-0.044928238162122436,0.1900535284879623
2018-06-10,207.42,-0.0010606498891139182,0.005544306238549845,-0.0036640632533024853,-0.004580079066628051,-0.3970168944332282,-0.013807733101918962,-0.19575158392456604,-0.027249059878507675,-0.22840323712796917,-0.03328994311059641,-0.2991112359756084,-0.04669591489088187,-0.3039771501780748
2018-06-11,207.49,0.004867704467685252,0.006337654826738648,-0.005325557858210095,-0.00033736565617625836,-0.036929098530994464,-0.008385946310665915,-0.18083163825635074,-0.024174659019712164,-0.20599922379695412,-0.03182563015085038,-0.3024112389797059,-0.04374829309043038,-0.3239394598324099
2018-06-12,207.35,0.0004822763443452782,0.006848324089703484,-0.0014468290330358347,0.0006751868820835671,0.7282869405296173,-0.0037328189052330263,0.43826495322345704,-0.018553170966964405,0.415340593933178,-0.02914154810706504,0.24759509676412694,-0.04006591110039415,0.17649242051603098
2018-06-13,207.29,0.007236239085339324,0.008152829369482362,-0.00482415939022629,0.00028944956341359074,0.17571500800916362,-0.002325244826089423,0.6906189875343409,-0.014491774808240043,0.6834954182215183,-0.026699310145206878,0.4657878958719248,-0.03700291057616567,0.38734388096921313
2018-06-14,208.68,-0.011740463868123552,0.0006229633889207609,-0.013609354034885945,-0.00666091623538434,-0.4986903353986276,-0.007073030477286357,-0.2636142032579274,-0.016364769024343917,-0.18275269012567275,-0.030999616637914174,-0.27013325437774527,-0.04033288607756713,-0.3107598858508558
2018-06-17,207.6,-0.0014450867052022698,0.0019749518304430502,-0.009720616570327523,0.005202312138728349,1.002350116888279,0.00022157996146399128,0.6380763849745226,-0.007220616570327798,0.6089570556280415,-0.023304431599228792,0.513845983691783,-0.0322816313423252,0.38433049552695553
2018-06-18,207.24,-0.005452615325226784,0.0003720324261724528,-0.010181432155954462,0.0017371163867978545,0.07164009207551336,0.0021327928971237586,0.5487378122078268,-0.002528469407450551,0.6696432374674661,-0.019272341246863278,0.5779407429333967,-0.02811876729074203,0.4879387334442762
2018-06-19,206.31,0.008724734622655328,0.012069216228006496,-0.0007755319664581872,0.00450777955503856,0.2274912597095875,0.00640783287286073,0.6099471668461252,0.0038485773835486015,0.9213853895725048,-0.0132470554020645,0.9243488908287139,-0.021498392386861354,0.8357461999861162
2018-06-20,206.67,-0.001209657908743389,0.00382251899162922,-0.007016015870711656,-0.0017419073885904801,-0.26128309314525633,0.003648328252769728,0.10767547113815112,0.002158029709197873,0.37836921606452334,-0.013446557313591234,0.4035926193448147,-0.021351268527927014,0.3235517793703029
2018-06-21,206.35,0.00717228010661497,0.008432275260479738,-0.0013569178580082886,0.0015507632662949966,-0.24763928873696717,0.004603828446813507,-0.16292983497390767,0.004371213956869013,-0.04246719056684167,-0.010528228737581413,0.04188906976114204,-0.01833777562394001,-0.0070799036697913875
2018-06-24,203.95,0.009414072076489477,0.009414072076489477,-0.010247609708261662,0.01176759009561179,-0.03209220689342829,0.014140720764892922,-0.2795958241197686,0.016131404756067447,-0.06022290536573116,0.002716352047070769,0.006164301928949012,-0.005851107297540237,-0.03723133006663948
2018-06-25,203.16,0.004036227603859022,0.014520574916322193,-0.0011813349084466296,0.003888560740303193,0.5045666794979999,0.014491041543610361,0.17187451434200374,0.018374680055128323,0.3552729607146017,0.007499015554243149,0.539764720368586,-0.001335564743715989,0.461682729742632
2018-06-26,201.83,0.013179408413020788,0.016499033840360555,-0.000594559778031023,0.006589704206510394,-0.057808084323683784,0.017133230936926758,0.10535549555820634,0.02294009810236286,0.1665395008205519,0.015614626170539658,0.42106025228172017,0.0059208244562254375,0.3735077912077227
2018-06-27,203.69,-0.011242574500466396,0.003387500613677652,-0.01153713977122095,-0.00913152339339185,0.5238589727966001,0.003446413667828274,0.7567629172809989,0.010889096175560331,0.7496223037326792,0.006907555599195092,1.166414382838635,-0.0027018181223101845,1.0826403895566683
2018-06-28,203.89,0.00617980283486208,0.018097994016381458,-0.001079013193388545,-0.0009809210848986671,-0.42362024156840394,-0.00046103290990251455,-0.053501792125333014,0.00813183579381005,-0.02235660276748086,0.00743783412624488,0.20971887919700105,-0.002779276407213205,0.18430570436345994
2018-07-01,204.32,-0.008564996084573173,0.0,-0.011158966327329711,-0.0021045418950665917,-0.48295980296624796,-0.004972592012529642,-0.5318357335952266,0.003665818324196879,-0.5340316982907884,0.006191268598277455,-0.4005372903767017,-0.0038615896632733238,-0.3849242581183072
2018-07-02,202.73,0.010605238494549418,0.012874266265476386,-0.0004439402160508754,0.007842943816899428,3.6974859375412983,0.0031963695555661253,1.5338750874022957,0.009919597494203902,1.4446351209455548,0.014790608198096189,1.889351096523371,0.005003370657195694,1.9155108739268436
2018-07-04,204.81,-0.0034178018651432884,0.0019286167667595944,-0.00795859577169078,-0.010155754113568727,-0.31298996505349275,-0.0074117474732682265,0.6020300998872534,-0.002538938528392598,0.6110026197499765,0.004330843220545999,0.8791935396008141,-0.0048597887472944246,0.9707985642823695
2018-07-05,206.37,-0.008043804816591504,0.005281775451858373,-0.010563550903716634,-0.007559238261375167,0.02860233165460535,-0.01202694190047049,0.552074751501856,-0.010805834181325191,0.6449823241156114,-0.0035954838397053157,0.8949987095415817,-0.011610214662984064,1.0045059072432072
2018-07-08,209.08,-0.009374402142720561,0.001100057394298748,-0.012674574325617027,-0.012961545819781928,-0.2323350030827145,-0.02226898794719767,0.19312287452374344,-0.023770805433327546,0.22009799512761652,-0.016256935144442153,0.37025988651960895,-0.02355557681270337,0.5096107698183348
2018-07-09,209.76,-0.003432494279176246,0.005053394355453822,-0.005244088482074694,-0.003241800152555152,-0.04402670112509077,-0.02049008390541618,0.07987683688613134,-0.025634057971014923,0.11018388487164699,-0.018823893974065142,0.2920063600215823,-0.025249491482329023,0.42202277927792653
2018-07-10,209.44,-0.0021008403361344463,0.003939075630251976,-0.0021485867074101384,0.0015278838808250317,0.18433573492560584,-0.013798701298701754,-0.06122614026440132,-0.02137127578304099,0.24752761929498845,-0.016766138273490827,0.4602954371714536,-0.022264132925897573,0.6830528360138486
2018-07-11,210.75,-0.0023724792408066353,0.0008066429418742693,-0.006026097271648934,-0.006215895610913402,-0.16113058194193575,-0.013561091340451248,-0.14776251886387193,-0.02447449584816197,0.0268425932918277,-0.02241518386714081,0.1544980507848237,-0.02640569395017789,0.38354715483086377
2018-07-12,210.65,0.0016140517446001645,0.005459292665559001,-0.004794683123664933,0.0004747211013529373,0.09902894920521321,-0.00745312129124176,-0.008404616743108884,-0.01977688108236475,0.1176374226676482,-0.0211440778542602,0.25227524126605316,-0.02416646886620788,0.517413243316911
2018-07-15,211.47,-0.0034993143235447777,0.000945760627985015,-0.004066770700335676,-0.0038776185747386727,0.7288206956898093,-0.007253984016645787,0.7829935173075655,-0.02028656547027996,0.9680343987279245,-0.024145268832458044,1.1462593970813773,-0.025877587049384587,1.573529084300092
2018-07-16,212.59,-0.008137729902629398,0.0019756338491931924,-0.01439390375840821,-0.0052683569311821055,-0.18524622838219063,-0.01023566489486849,0.32159519502023803,-0.021882496824874753,0.49121968140561756,-0.02863022719789221,0.618530180608365,-0.029261332455273847,0.9944088193507501
2018-07-17,214.26,-0.004993932605245943,0.002987025109679964,-0.004993932605245943,-0.007794268645570757,-0.29166711916682053,-0.015308503687109676,-0.14008644562939154,-0.02564641090264219,-0.13827744051432989,-0.03503687109119724,0.1214257012847384,-0.03509443355424868,0.37549218441734267
2018-07-18,211.27,0.010839210488947648,0.0143418374591755,-0.0006626591565296325,0.014152506271595477,-0.09460436075809342,0.0031902305107203155,-0.20692460853961314,-0.0063993941402005206,-0.18041210884688186,-0.019718843186443458,0.009532152601951838,-0.019718843186443902,0.20596842916021396
2018-07-19,212.33,-0.007676729618989464,0.0021664390335796035,-0.013281213205858955,-0.004992229077379506,-0.0779130702836005,-0.0013281213205865727,-0.26738752991948933,-0.008317242028918037,-0.22071425980996584,-0.023444638063391476,-0.06138402571262791,-0.023815130535800977,0.1029752892217306
2018-07-22,212.87,0.00014093108469959148,0.0037581622586553287,-0.002677690609292016,-0.0025367595245924246,0.11556025305829332,-0.002283083572133804,-0.14545794751720686,-0.008033071827876825,-0.093562033164594,-0.024592474280076715,0.044924800623037164,-0.025192214340520658,0.18818492371334217
2018-07-23,213.12,0.0019707207207206867,0.006381381381381335,-0.0011730480480480754,-0.0011730480480480754,-0.31768745039853696,-0.002139639639640367,-0.35381939891653147,-0.007418355855856595,-0.3794743970187364,-0.02420701951951909,-0.30546086228908587,-0.025334709709709635,-0.19687556790080862
2018-07-24,214.78,-0.008287550051215176,0.0014200577334948505,-0.010987987708352742,-0.007728838811807415,0.13879856574487937,-0.0093584132600808,-0.13888894346480674,-0.01352546792066367,-0.2583026671251043,-0.029614023652108634,-0.21393830738248443,-0.03198311450476443,-0.10472986557951447
2018-07-25,212.01,0.024998820810339106,0.024998820810339106,-0.0029715579453799545,0.013065421442384872,-0.13121440513854743,0.004075279467949056,-0.20386278658317492,0.001881986698740068,-0.32657684222744354,-0.014195085137493013,-0.3093375995247901,-0.018189393582063618,-0.24492103875901516
2018-07-26,203.86,0.04277445305601879,0.04743451388207598,-0.006720298243892864,0.03997841656038448,-0.36619129377374027,0.04494260767193081,-0.45666252311140976,0.042553713332678544,-0.5534922164991394,0.027712645933484215,-0.5545742469926769,0.021823800647503333,-0.5192492483720588
2018-07-29,200.88,0.01259458383114298,0.0195390282755874,-0.0029619673436878102,0.014834727200318643,0.24544508910405494,0.05201115093588138,-0.19310491183913037,0.05463958582238071,-0.36887023927261553,0.04300079649542066,-0.4025997889959928,0.03641311562458527,-0.3798123330899017
2018-07-30,200.44,0.007782877669127997,0.014019157852724007,-0.004564957094392308,0.0021951706246257086,-0.06688451255306538,0.04235681500698374,-0.15989745569164282,0.05167132308920297,-0.34449713872965004,0.04453951307124382,-0.4276728187803438,0.037391072972793093,-0.42755769322244896
2018-07-31,197.73,0.0056642896879584015,0.01466646437060648,-0.0005057401507105874,0.013705558084256442,0.03842031187984385,0.04381732665756255,-0.07128585155939926,0.05994032266221527,-0.24953285914227818,0.057874374146564156,-0.4175734656681498,0.05040206341981479,-0.3903294792254184
2018-08-01,197.28,-0.0029906731549067533,0.0047141119221412175,-0.006336171938361668,0.0022810218978102093,-0.1250740350879197,0.028913219789131306,-0.12873875052188666,0.053979115977290215,-0.2979777355001174,0.05902017437145224,-0.45855859895057227,0.05119120032441171,-0.4532411233571636
2018-08-02,198.08,-5.0484652665661045e-05,0.0003533925686591832,-0.009440630048465293,-0.0040387722132472215,0.6954811932655602,0.009884894991921689,0.5893765820762265,0.0426595315024223,0.2810250595064019,0.05284228594507323,-0.026553364024240245,0.04542609046849733,-0.038318668967516234
2018-08-05,198.53,-0.002669621719639359,0.0020651790661361247,-0.004231098574522751,-0.0022666599506371288,0.018433466045873148,0.0017730317836086584,0.4577245305832218,0.03311842038986468,0.3194611088482806,0.04836800483554171,0.01327113891817433,0.04161419768632757,-0.01677296490728042
2018-08-06,202.23,-0.014340107798051616,0.0031152647975078995,-0.015675221282697827,-0.01829599960441075,-0.363898248411739,-0.01887949364584951,-0.13175386549513535,0.007125550116203527,-0.14669841829465902,0.026578648073975808,-0.3477154260341183,0.02126786332393782,-0.3788376361347914
2018-08-07,201.35,0.004122175316612964,0.009138316364539323,-0.002681897193940852,0.004370499130866623,0.9853048688597479,-0.012813508815496144,0.7245582680195637,0.006118698783212473,0.7482160716087176,0.029195430841818082,0.3442742667691263,0.025446568992632645,0.24712409761549203
2018-08-08,200.95,0.0040806170689227095,0.00878327942274204,-0.0003981089823338335,0.0019905449116695006,0.09664417613636367,-0.007245583478477924,0.692102819055944,0.0014381686986804088,0.8878015734265734,0.02923115202786808,0.4827483063811189,0.027187525918553224,0.36612279647435897
2018-08-09,201.32,-0.004271806079872764,0.0030300019868865213,-0.007798529703953894,-0.001837870057619706,-0.13233811035622067,-0.005424200278164926,0.22672691569757442,-0.0058960858334996535,0.5858856809005595,0.024905622888933276,0.2820445681659005,0.02515398370753008,0.17918386501562522
2018-08-12,200.53,0.0038896923153641794,0.008427666683289203,-0.0006981499027577387,0.0039395601655611845,-0.11341801676858099,0.001725427616814601,0.047914434007859,-0.0032463970478240345,0.3004446405681984,0.02661696504263733,0.14235605917333838,0.028798683488754362,0.054591642326307754
2018-08-13,203.07,-0.005663071847146317,0.0018220318116906054,-0.006450977495444987,-0.012508002166740528,0.8596717467760844,-0.008834392081549014,0.9244740132864402,-0.015886147633821568,1.3143454474404064,0.01108238538435069,1.1758578546307152,0.01537893337272811,0.9573496157353132
2018-08-14,201.72,-0.0022308149910766906,0.009319849296054006,-0.006692444973230183,0.006692444973230183,-0.39548348918709186,-0.0013682331945279458,-0.09228266993611123,-0.00799623240134928,0.27162174133355066,0.015489292088043172,0.3147518919193457,0.021967744067684203,0.12642879725467449
2018-08-15,202.69,0.0014307563273965318,0.004538951107602829,-0.0022694755538014144,-0.004785633233015951,0.31677898695550066,-0.005782229019686058,0.20885912345070312,-0.010775075238049103,0.5678670136075266,0.007536138931373282,0.7397903112669197,0.016910881970825464,0.5055739688593102
2018-08-16,203.11,-0.000984688100044373,0.0019939934025896555,-0.005317315740239303,-0.002067845010093161,-0.010377176983045855,-0.006124759982276462,0.16885338504990788,-0.010157057751957854,0.3810698866391151,0.0033405543794005066,0.7086018054625633,0.014460144749150139,0.4918574100154689
2018-08-19,203.92,-0.0025500196155354704,0.002599058454295866,-0.003628874068261956,-0.00397214593958406,0.10876643877930658,-0.00831698705374706,0.22972308784528694,-0.011622204786191248,0.4659269713735703,-0.00290555119654734,0.8745864066270508,0.00989767228978633,0.657577681374105
2018-08-20,204.35,-0.0005872277954489524,0.00474675801321256,-0.002397846831416639,-0.0021042329336922183,-0.5531922518817087,-0.007085882065084981,-0.5063389050670217,-0.011064350379251797,-0.37764901356599345,-0.007193540494249806,-0.17023617532164992,0.0069309191746183,-0.2639875526234119
2018-08-21,202.92,0.004681647940075084,0.00931401537551757,-0.00039424403705889954,0.007047112162428482,0.8823881496791974,0.0011728760102498459,0.15881611620663416,-0.003050463236744072,0.13094317415206191,-0.0023580721466583965,0.5728607415062654,0.013138182534988774,0.40981091542388537
2018-08-22,202.85,0.0006901651466602043,0.008824254375153995,-0.0012817352723687447,0.00034508257332999115,-0.08284646837506027,0.002701503574068731,0.023335553735936987,-0.0019324624106488164,0.023264070814168036,-0.004937145674143162,0.4214087401365416,0.01241639963848451,0.2938504940615201
2018-08-23,202.85,0.00108454523046575,0.004190288390436336,-0.0019226029085530616,0.0,0.37145095886849555,0.00285925560759126,0.4455822720362821,-0.0009958097116102849,0.4083145868614615,-0.007194971653931348,0.9121939330037807,0.01111823186262395,0.7715554335881409
2018-08-26,204.2,-0.0010284035259547908,0.006856023506366382,-0.004407443682663992,-0.006611165523996099,-0.36911753315686124,-0.0040254652301671134,-0.10983406762131698,-0.006851126346719472,-0.1445447794174599,-0.014005876591576705,0.13263108976841442,0.0031603003591249568,0.11076757013703165
2018-08-27,203.14,0.0066948902234913454,0.013242099044993738,-0.0014275868858915075,0.005218076203603372,-0.27318515256151177,0.0014472777394896053,-0.3046696894462386,0.00013783597518890467,-0.38435467353897834,-0.008043713694988464,-0.20188685024657704,0.007201929703652521,-0.18018208424983928
2018-08-28,206.27,-0.017889174383090123,0.001163523537111466,-0.01948901924661861,-0.015174286129829961,0.09064848105083145,-0.01492218936345635,-0.26032945026012566,-0.015004605614001743,-0.26569294889042583,-0.022441460222039078,-0.14682007544634879,-0.009608765210646464,-0.08521609112792117
2018-08-29,205.67,0.00024310789128212384,0.005105265716925267,-0.0011547624835901438,0.0029172946953859302,0.22130402755907252,-0.0087907813487631,-0.006026782760582772,-0.009918801964312385,-0.07441633254378877,-0.017513492487966076,0.01859630898978004,-0.008014456815935045,0.13086229432513052
2018-08-30,207.05,-0.009369717459550841,0.0016904129437333992,-0.009369717459550841,-0.006665056749577514,-0.12059169497491773,-0.01267326732673335,-0.09733681016517537,-0.015078483458102698,-0.16044276270428726,-0.02203574015938181,-0.14516120429748824,-0.015527650326008446,-0.002496621273258781
2018-09-03,207.76,-0.0013477088948786742,0.005679630342703135,-0.00688294185598759,-0.0034174046977279993,-0.09560778129853775,-0.012004235656527418,-0.09991343783354278,-0.016547939930689926,-0.20725148896573564,-0.023219098960338802,-0.22695424834308442,-0.019739122063920034,-0.09351453212432792
2018-09-04,204.99,0.01404946582760136,0.017220352212303114,-0.0015610517586224226,0.013512854285574916,0.03939358581448049,0.0048197473047457695,-0.016639653748475425,-0.0013854334357781273,-0.1254975815993714,-0.007768671642519265,-0.1907469056687019,-0.007323934500870211,-0.047192388494988524
2018-09-05,207.02,-0.007390590281132314,0.0016182011399863416,-0.009467684281711963,-0.009805815863201617,0.07480377835061147,-0.003246063182301917,0.03518184855441153,-0.01086851511931286,-0.08109100314797235,-0.016831707081441438,-0.15456039590185544,-0.018366985476443776,0.022048739194459932
2018-09-06,206.88,-0.002223511214230478,0.011214230471771058,-0.0027552204176334305,0.0006767208043310102,0.22734717338707733,-0.0018464810518180608,0.24963155185931618,-0.008217324052591346,0.1667776179779603,-0.014796017014694351,0.05073948167138842,-0.018953016241299414,0.25451713732790116
2018-09-09,208.25,-0.0017286914765907158,0.0009603841536613977,-0.009075630252100786,-0.006578631452581085,0.10000489422521097,-0.007250900360144641,0.3546916439702483,-0.012806722689076011,0.29298154877095417,-0.019853541416566478,0.16239508831430993,-0.02622809123649472,0.36497939354817666
2018-09-10,209.46,-0.005681275661224117,0.0006683853719087196,-0.008354817148858995,-0.0057767592857824734,0.1720894393143524,-0.011839969445240794,0.502481565777152,-0.015931442757567527,0.5468252516294674,-0.023861357777141157,0.3556218178097228,-0.03115471529965952,0.5434093131326914
2018-09-11,209.99,-0.0027144149721416433,0.00533358731368172,-0.00552407257488452,-0.0025239297109386216,-0.31195509439074576,-0.012714891185295119,-0.07188076374524899,-0.01591028144197404,0.03943524497217399,-0.02419877137006532,-0.08363429706443026,-0.032238043081416756,0.0320897244567524
2018-09-12,211.87,-0.005711049228300458,0.0012743663567280628,-0.009392552036626256,-0.008873365743144346,0.33156394307459136,-0.01675555765327852,0.19051745077122595,-0.021409354793033852,0.34565083685009723,-0.03122433567753813,0.250428758723255,-0.03932285520995582,0.34336137748239004
2018-09-13,213.95,-0.008880579574666925,0.0004206590324842274,-0.009768637532133528,-0.00972189763963538,-0.3495196763162588,-0.02178078990418375,-0.2841062154263502,-0.028305678896938913,-0.16196568205778294,-0.038270623977564644,-0.19320940486431104,-0.04645945314325761,-0.15166709631081965
2018-09-16,211.35,0.007239176721078877,0.010787792760823312,-0.0012301868937780736,0.012301868937780958,0.07485088219345681,-0.003056541282233871,-0.1807266104027918,-0.012434350603265143,-0.08181477810595061,-0.023775727466287866,-0.11100452666641514,-0.03209999211418646,-0.11030102960639787
2018-09-17,213.55,-0.011425895574806777,0.00046827440880359283,-0.01765394521189423,-0.010302036993678376,0.4061978046532413,-0.010423788339968043,0.22214646817305805,-0.02059470849918099,0.28775856771778896,-0.03190353547178637,0.27504741222802553,-0.040000000000000036,0.2498945153571861
2018-09-18,212.97,0.003145983002300845,0.008357984692679787,-0.00450767713762501,0.0027233882706485524,-0.32485831226835205,-0.0038878715312024026,-0.1614773426914965,-0.015208714842466442,-0.17057279463552466,-0.027006151101093834,-0.13302915217417954,-0.03503466841965208,-0.16550701626521414
2018-09-19,213.1,0.0036602534021585864,0.004458000938526663,-0.006945096198967549,-0.0006100422336930977,0.2675269763000552,-0.0016987329892077518,0.09229103451078169,-0.01206475832942322,0.046971328456545836,-0.025577193805724763,0.08392040422920499,-0.03394337556702609,0.03649229023778022
2018-09-20,211.46,0.016740754752671894,0.016740754752671894,-0.005060058639931975,0.007755603896717922,-0.5848869115448898,0.007207036791827548,-0.5334048378671077,-0.0015274756455126992,-0.574511974115491,-0.015612881868911077,-0.5465761912723127,-0.024598820895992746,-0.5691789827603627
2018-09-23,210.3,0.0009034712315738602,0.004564907275320884,-0.005801236329053716,0.005515929624346105,1.8819221745489587,0.01039467427484464,0.611600472951817,0.006157869709937591,0.3955205400915307,-0.008135996195910544,0.39652584864684015,-0.017552702488508265,0.3027638896236069
2018-09-24,206.82,0.016439415917222755,0.019824001547239067,-0.002127453824581793,0.016826225703510334,-0.5007566056671192,0.02638042742481317,-0.2393143725098038,0.02407890919640221,-0.30733243682699574,0.01035441446668628,-0.2975989904310796,0.0004254907649168249,-0.35303924689660815
2018-09-25,205.28,0.006527669524551749,0.008524941543258002,-0.0026305533904910083,0.007501948558066962,0.237355034095857,0.027523382696803544,0.06222465199792637,0.0304754481683549,-0.07615471508475602,0.018572194076383663,-0.10778291700853782,0.008952000519615755,-0.18625502576435626
2018-09-26,204.03,0.009606430426898127,0.01426260843993532,-0.0007841984021957904,0.006126550017154342,0.1816181895787914,0.02628044895358439,0.2700971281095448,0.03448022349654423,0.11196344468226993,0.025336960250943674,0.050310419643108784,0.015494453430051403,-0.016880726987602346
2018-09-27,195.39,0.03843594861558941,0.04345155842161841,-0.000255898459491144,0.044219253800092284,-0.6253888439084672,0.06237780848559216,-0.5147101356071752,0.07621167920569105,-0.573507869532191,0.07010338297763474,-0.609460855239624,0.06079294402647739,-0.6302583405234679
2018-09-30,199.41,-0.014593049496013255,0.0006519231733614905,-0.015570934256055269,-0.020159470437791538,0.46111448763089413,0.02484328769871036,-0.22899559706897776,0.04520836467579348,-0.2925568873768174,0.045953061531518236,-0.38222228061316577,0.03818765357805565,-0.42330345113325396
2018-10-01,196.7,0.011692933401118433,0.012811387900355964,-0.0018810371123537672,0.013777325876970004,0.454912031381153,0.027890188103710356,0.29646995271219256,0.05353838332485994,0.09107656635667793,0.058421453990849415,-0.07129235333715622,0.05186409083206289,-0.13045822356301306
2018-10-02,195.7,0.009810935104752172,0.01538068472151255,-5.109862033725321e-05,0.005109862033725099,-0.0666255029433872,0.022800204394480383,0.17941715580908824,0.05031170158405707,0.056175838394118216,0.06100408788962719,-0.13072261726813017,0.056009197751661244,-0.17243038948070366
2018-10-03,192.99,0.01595937613347842,0.01901652935385245,-0.0036271309394270146,0.01404217835120991,-0.20096628238502545,0.027234571739467306,-0.03815482831287964,0.056111715632934045,-0.1419139085161769,0.07349603606404487,-0.29946309036816665,0.0693438347410058,-0.3392042890789636
2018-10-04,193.6,-0.0026859504132230594,0.006146694214876014,-0.009607438016528858,-0.003150826446280952,0.4926463989697465,0.012592975206610735,0.5569236348632018,0.04239669421487591,0.352671063623891,0.06649018595041345,0.07307287729935896,0.06426480716253469,0.014604324733393348
2018-10-07,190.01,0.01320983106152318,0.01836745434450826,-0.011052049892110949,0.01889374243460873,-0.27969695132069006,0.02984053470869874,-0.07539605375655489,0.05269196358086403,-0.08796288460013457,0.08314562391453117,-0.21875565184187573,0.08275003070013898,-0.26204085830472834
2018-10-08,187.82,0.0015440315195400789,0.011553615163454545,-0.001650516451922046,0.011660100095836512,-0.0659393533480398,0.031838994782237506,-0.1674907503772054,0.054163560856138826,-0.09823248796179651,0.0909194973911196,-0.24709579895328626,0.09309622688389618,-0.2910582000043156
2018-10-09,182.17,0.03266179941812597,0.03266179941812597,0.0,0.031014986002086076,-0.23213817146303894,0.05409233133885838,-0.32219768181581376,0.07642861063841444,-0.2977423728910771,0.11881484327825698,-0.39889451071841153,0.12400139064244065,-0.4440226213583106
2018-10-10,180.03,0.0069988335277453295,0.02788424151530311,-0.00649891684719206,0.01188690773759915,0.040479022738710624,0.051591401433093376,-0.21488598817213067,0.07638726878853519,-0.22157492077953345,0.1243876020663226,-0.3458478380222434,0.13347960525097702,-0.4068583142202976
2018-10-11,186.47,-0.016946425698503798,0.0031104199066873672,-0.018179868075293593,-0.03453638655011526,-0.11287676986211681,0.0013728749932955253,-0.2684390802143378,0.026342038933876655,-0.263002414962355,0.07701775084464013,-0.3908596277763906,0.0896426592302606,-0.460526585909102
2018-10-14,184.22,0.010042340679622175,0.010150906524807324,-0.0036369558137009372,0.012213657583324267,0.6538775283866627,0.005862555639994715,0.38295413917746157,0.034035392465530334,0.19765654071612748,0.08271360330040212,0.05065328360103849,0.09947707451235854,-0.07470365652028621
2018-10-15,189.89,-0.019958923587339972,0.001000579282742775,-0.025962399283795734,-0.02985939227974088,0.0742046755803718,-0.030270156406341342,0.4651850551352299,-0.0048396440044237155,0.25673555859837616,0.04324082363473636,0.14286647547581532,0.0626397739041904,0.0028230564984903506
2018-10-16,190.63,-0.008655510675129818,0.00524576404553323,-0.013061952473377825,-0.003881865393694617,0.13981980694239082,-0.03186277081256961,0.6109613125415978,-0.012275087866547962,0.43893733444706995,0.03298536431831334,0.3276674513447475,0.0553900225567856,0.14707687313973983
2018-10-17,186.92,0.014872672801198306,0.020329552749839497,-0.0020329552749839275,0.01984806334260658,-0.14502081011656565,-0.003595120907340821,0.22871757895355938,0.0046169484271345596,0.21729145391259985,0.04751230472929646,0.1373716696748215,0.07377666024680818,-0.01870412818634626
2018-10-18,188.34,-0.0051502601677816395,0.009610279282149303,-0.006424551343315321,-0.007539556121907265,0.1267604300423777,-0.0037910162472133413,0.26370166240365167,-0.0061803122013381895,0.3454169435044392,0.03266433046617867,0.3018764437161554,0.06212346465611862,0.11396358249306626
2018-10-21,188.93,0.000317577938919289,0.010956438892711473,-0.007304292595140982,-0.0031228497327052684,-0.25928088667099314,-0.004922458053248202,-0.20480781612771215,-0.012067961678928985,0.0017418117698357882,0.023320806647965098,-0.06288936247254007,0.05553555990754977,-0.1678463617003283
2018-10-22,183.85,-0.008158825129181424,0.007152570029915761,-0.013870002719608254,0.027631221104161163,-0.17588125028895174,0.027696491705193615,-0.32385049741729666,0.014642371498504003,-0.17087135237823048,0.04578460701658993,-0.2048766648874244,0.08119844075786431,-0.29997508010092655
2018-10-23,177.81,0.03644339463472246,0.0465665598110343,-0.005005342781620903,0.03396884314717963,-0.13403016785446997,0.05581238400539812,-0.35737219834988987,0.04687587874697674,-0.2684929948795174,0.07484955851751907,-0.30001792510128356,0.11312449618506681,-0.3747152797839889
2018-10-24,177.17,0.01868262121126607,0.01986792346334032,-0.03623638313484212,0.0036123497206073107,-0.3981243026033858,0.04515437150759083,-0.5541441548751018,0.048196647287915395,-0.5568268128889162,0.07097984986171513,-0.5641058879099665,0.11109104250155255,-0.6121502018314291
2018-10-25,171.41,0.0006417361880870498,0.012484685840966181,-0.030920016335102884,0.03360364039437602,0.16061429078099843,0.06889913073916265,-0.33362562877631263,0.08175135639694275,-0.433490974986239,0.09913365614608272,-0.4512906678599169,0.14167979308869616,-0.5186267474483472
2018-10-28,172.25,0.003889695210449906,0.02229317851959367,-0.011378809869376005,-0.004876632801161129,0.10326735419238631,0.04402902757619631,-0.12563754727718157,0.06773294629898396,-0.344138225558131,0.086812772133527,-0.3843065703667836,0.127880019351718,-0.44479024481577023
2018-10-29,176.61,-0.020780250268954248,0.0005095974180395757,-0.022705396070437756,-0.024687163807258994,0.2643748531504493,-0.0006341656757838932,0.2193139188991493,0.03459600249136496,-0.10506598809244094,0.05229318838117902,-0.1971188672302734,0.09265613498669412,-0.2707405207229653
2018-10-30,182.32,-0.021226415094339646,0.013355638437911432,-0.021226415094339646,-0.03131856077226847,-0.2291528407797766,-0.03987494515138312,-0.03601843163012075,-0.005089951733216469,-0.2766582008383358,0.01382733655111923,-0.3631187646816395,0.05168202427965518,-0.42031417199255205
2018-10-31,182.77,-0.0027903922963288252,0.0032828144662691017,-0.008644744761175271,-0.0024621108497019373,0.6185295990061854,-0.03730371505170538,0.6407908702681386,-0.012086228593314319,0.27069126203067184,0.0076708431361824925,0.07608569881464589,0.04350276303550915,-0.02736449033720645
2018-11-01,182.98,0.0274893430976062,0.03011258060990274,-0.008033664881407776,-0.0011476664116295554,0.13630081584400355,-0.032287681713849326,0.6326455757699172,-0.015488031478850472,0.4752343799591858,0.003721718220571102,0.22887173946790718,0.03677997595365645,0.12555349620045853
2018-11-04,183.21,0.001255389989629263,0.005840292560449711,-0.007423175590852149,-0.0012553899896294851,0.39868474952926314,-0.02087222313192616,1.010085110647358,-0.01964958244637327,1.1011154399962026,-0.00043665738769682605,0.7412296123870188,0.0302967450830558,0.5618525791931044
2018-11-05,183.45,-0.005287544289997226,0.013191605342055102,-0.005287544289997226,-0.001308258381030103,-0.39738884639263294,-0.010204415372036868,0.02965628886906524,-0.0240501499046063,0.2433201359503494,-0.0035977105478325333,0.03966872167259616,0.02402652857272658,-0.05107364259777614
2018-11-06,186.72,-0.009907883461867995,0.003695372750642578,-0.009907883461867995,-0.017512853470437073,-0.14516091052516222,-0.020212082262211717,-0.15313479822560983,-0.04135604113110558,0.06212842592609369,-0.022217759211653476,-0.10488376168541702,0.0019208797486434115,-0.18147334218475564
2018-11-07,188.16,-0.008397108843537282,0.00047831632653072553,-0.015837585034013557,-0.007653061224489832,0.44815723430053866,-0.023033588435374952,0.13222887398526728,-0.04395727040816355,0.5388026433052726,-0.028491709183673164,0.3000747585593633,-0.009034863945578064,0.20887711988059632
2018-11-08,186.27,0.005019595211252392,0.00864336715520464,-0.011059215117839694,0.01014656144306647,0.14812095969064387,-0.007333440704354932,0.2573097882964481,-0.028356686530305653,0.6065824008528977,-0.016451924625543346,0.47434978594736554,-0.0018199387985181614,0.4021593993174608
2018-11-11,182.21,0.02310520827616469,0.02310520827616469,-0.0010976345974426094,0.022281982328083094,-0.1686167336024117,0.018396355853135482,0.012389080292848131,0.0014488776686238936,0.2218609472492914,0.005408594478898188,0.19637592391358782,0.018753087097305388,0.14007333303287361
2018-11-12,180.07,0.010662520131060171,0.012912200810796026,-0.004276114844227186,0.011884267229410828,-0.1700938036207148,0.029388571111233608,-0.11202200127897499,0.01888154606541881,-0.05114014230804598,0.0167990226023218,-0.0012236756868516663,0.0276762740415768,-0.05649718776152879
2018-11-13,179.08,0.01837167746258661,0.02825552825552813,-0.00982800982800991,0.005528255528255421,0.005065585813435858,0.03130444494080753,-0.10363607979420209,0.026446280991735405,-0.06360166179617888,0.01967835604199286,0.02078145876549442,0.030262080262080326,-0.03915722547356515
2018-11-14,181.1,-0.014908890115957973,0.00314743235781334,-0.024295969077857582,-0.011154058531198108,0.1831322711186365,0.011363887355051672,0.024314021518156093,0.013208172280507746,0.04543034150204561,0.005115958034235701,0.23230290106552998,0.01571139333701499,0.1496965380317381
2018-11-15,181.33,-0.006452324491259098,0.01003694920862519,-0.008658247394253693,-0.001268405669221928,0.47049729076680613,0.002294159819113295,0.5233121227398454,0.011002040478685027,0.5201192698468933,0.0022362543429108594,0.826159747107956,0.012237357304362595,0.6907897274718819
2018-11-18,177.28,0.0214350180505416,0.0244246389891698,-0.00219990974729245,0.022845216606498298,-0.2632392269822701,0.019618682310468483,0.09189048826258395,0.033167870036100666,0.08715409491124326,0.023155460288808882,0.3433993933861421,0.033055054151624796,0.24615295896031486
2018-11-19,175.5,-0.0014245014245014564,0.0062678062678063196,-0.013561253561253483,0.010142450142450077,-0.3054056893478829,0.024341880341879563,-0.25118832565227056,0.040267806267805906,-0.22829115024419178,0.030213675213675684,-0.06861305758984138,0.041114909781576614,-0.13452874037697793
2018-11-20,177.64,-5.629362756132128e-05,0.0109209637469041,-0.005741950011258656,-0.01204683629813097,0.5399391806569291,0.006856563836972862,0.185509734244669,0.023260526908353674,0.20724255578685757,0.015452600765593738,0.4431467996827314,0.02626097725737475,0.345768941856059
2018-11-22,174.75,0.007153075822603716,0.010071530758225977,0.0,0.016537911301859776,1.5032057829529042,0.021859799713876082,1.781803194672917,0.034987124463518926,1.876581298584008,0.032197424892704385,2.5407162210108702,0.04236909871244676,2.327204356567644
2018-11-25,177.4,-0.0007891770011274613,0.0029627959413753846,-0.012514092446448744,-0.014937993235625724,-0.5904268982757026,-0.0005636978579490748,-0.016353889760635787,0.011967305524238636,0.10720984406903056,0.01609639233370941,0.33664590620656054,0.02580608793686623,0.3271918236178002
2018-11-26,177.04,-0.004801174875734282,0.0005083596927248912,-0.012483054676909022,0.002033438770899343,0.40633328172575744,-0.002971079981925806,0.4373490220364351,0.009014911884319687,0.560651287609021,0.0198542702214195,0.7876985085410537,0.026184289802681393,0.8353658117011578
2018-11-27,183.19,-0.03226158633113163,0.0002729406627000053,-0.035536874283530695,-0.03357170151209132,-0.555207767118659,-0.036705060319887295,-0.408914851106965,-0.027681642011027074,-0.33469769645506764,-0.013076587149953078,-0.24807408199767877,-0.009572938843095291,-0.18979061381343443
2018-11-28,180.35,0.014028278347657297,0.016301635708344975,-0.0005544774050456613,0.01574715830329909,1.0665168948662678,-0.013008039922374093,0.22661624518048495,-0.01064042140282806,0.3988828781990952,0.004288882728029408,0.5501912152008257,0.004785140005544974,0.7028472454132386
2018-11-29,182.86,-0.014163841189981374,0.0016132560428743226,-0.017280979984687916,-0.013726348025812185,-0.556426390333734,-0.023591818877831128,-0.48476381412166325,-0.023526194903205067,-0.4157354570030939,-0.010034999453133242,-0.35177040514016966,-0.010880819570527556,-0.24557800255639384
2018-12-02,185.2,0.0029157667386610076,0.005966522678185759,-0.010259179265658669,-0.012634989200863811,0.6414596591862829,-0.027170626349892868,0.09693358836682542,-0.03491360691144718,0.01136895374789404,-0.022518898488120498,0.08367039615156391,-0.024109071274297955,0.26292281368532366
2018-12-03,177.62,0.03918477648913421,0.03991667604999449,-0.0013511991892805053,0.0426753743947752,-0.4012217507873257,0.02312802612318343,-0.3361379803265778,0.008450624929625006,-0.38007042294300564,0.019820403107758455,-0.3540886338048326,0.01694816649776687,-0.2398499579624196
2018-12-05,173.49,0.005706380771225872,0.012392645109227995,-0.01521701538993614,0.023805406651680183,-0.3400962910819523,0.048152631275576896,-0.48282365040861885,0.0326531788575708,-0.565699788982835,0.04248659865121929,-0.5562905688073996,0.038983995235075675,-0.4906494821376922
2018-12-06,169.14,0.036301288873122894,0.038311457963817075,-0.005616648929880452,0.025718339836821702,0.3427255288721962,0.06363958850656193,-0.19668995382882137,0.05802293957668203,-0.36142130119309135,0.06635331677900003,-0.3716763568235344,0.06366323755468817,-0.2945778856742294
2018-12-09,169.12,-5.912961210974288e-05,0.00656338694418146,-0.018152790917691508,0.00011825922421948576,0.20896601654820146,0.05050851466414308,0.119561952074551,0.0531220435193942,-0.16897854688819547,0.06128192999053961,-0.2288527693912329,0.06208017975402069,-0.13933337823224134
2018-12-10,166.8,0.024040767386091177,0.026199040767385995,-0.003417266187050516,0.013908872901678526,0.22077872904807339,0.04864508393285272,0.35382689765442277,0.06439448441246953,0.10638580753760896,0.07033573141486849,-0.038802416327519684,0.07524380495603489,0.025530500870134754
2018-12-11,169.15,0.0018918120011823802,0.011882944132426854,-0.003754064439846383,-0.013892994383683077,-0.12222900644480039,0.012320425657699197,0.22643792547125297,0.043340230564587134,-0.0057609128123999875,0.04971031628731937,-0.14393037868306535,0.059396984924622975,-0.12035899826891538
2018-12-12,169.54,0.0013566120089656408,0.0061932287365813465,-0.0028901734104045396,-0.002300342102158681,0.1932434422978868,-9.992007221626409e-16,0.42814537419976206,0.03628642208328392,0.25080437368987574,0.04344402500884792,0.03590776726531075,0.05635051708544658,0.035540365984930045
2018-12-13,166.62,0.006601848517584941,0.01746489016924735,-0.002040571359980814,0.017524906973952703,-0.026480974986115013,0.012783579402231515,0.18089870846439227,0.04625495138638791,0.19489739470181955,0.058570399711919796,0.004066955562063823,0.07344856559836743,-0.0009014146755699226
2018-12-16,166.29,0.0006013590715014949,0.006614949786517554,-0.006915629322268413,0.0019844849359553773,-0.25219193506477433,0.011762583438570173,-0.19242711078665498,0.04007456852486602,-0.07513889060740664,0.056924649708341324,-0.2512574807079194,0.07243169563212848,-0.2681699160400951
2018-12-17,167.99,-0.0032144770522055666,0.010119649979165368,-0.010833978212989037,-0.01011964997916548,0.27200166202719056,-0.0018453479373784498,0.04482468446140975,0.01968569557711719,0.17895914497934529,0.041820941722721994,-0.02646222193309289,0.058309026330932046,-0.05832825316815182
2018-12-18,167.01,0.0043111190946649725,0.02203460870606544,-0.012514220705347023,0.005867912101071848,-0.24577950842278162,0.005436800191604085,-0.20743328823825713,0.015364349440152969,-0.09266448590623899,0.0439404826058325,-0.24980670712429665,0.061527253857054376,-0.2856172558373328
2018-12-19,165.56,0.004409277603285799,0.01020777965692199,-0.006462913747281918,0.008758154143512886,-0.1493944038649372,0.01165740517032976,-0.29749488577042615,0.017848514133848248,-0.2245273334450757,0.0499818796810827,-0.34449642256359714,0.06756261576870393,-0.3767511285859909
2018-12-20,161.6,0.024504950495049638,0.04294554455445554,0.0,0.024504950495049638,-0.24384481614680054,0.03152227722772172,-0.4074102201209443,0.037883663366336195,-0.4312481087352825,0.07263613861386164,-0.49390372053285503,0.09003300330033004,-0.5195364559487068
2018-12-23,159.0,0.01132075471698113,0.012075471698113072,-0.003270440251572415,0.01635220125786163,0.9316645084916078,0.04207547169811221,0.35274805985469926,0.0501132075471693,0.1576659951251791,0.08513207547169821,0.039854242067600465,0.1025911949685534,-0.04370447061784766
2018-12-25,164.92,-0.0329856900315304,0.0002425418384672806,-0.04996361872422983,-0.03589619209313599,0.020837546829401754,-0.00417171962163565,0.3417467084545107,0.006281833616298638,0.1706077722378494,0.04140492359932124,0.09856100431344883,0.0571186029590105,-0.015259170783973763
2018-12-26,169.14,-0.036242166252808294,0.00017736786094357804,-0.04239091876551959,-0.02494974577273268,0.2668520591857353,-0.0326475109376857,0.710793392244413,-0.019936147570060347,0.49213245265528993,0.011732884001419253,0.4117437514265243,0.02653620275117241,0.2616018566378384
2018-12-27,168.3,0.007189542483660105,0.013666072489601833,-0.011170528817587733,0.004991087344028422,0.3853936740859485,-0.0252881758764123,1.201999594831459,-0.015050505050505314,1.0202164128491273,0.01443553178847301,0.9824223353562398,0.02907110318875028,0.7470908311533504
2018-12-30,169.94,-0.0048252324349770115,0.004589855243027019,-0.00900317759209135,-0.009650464869954023,0.20149386410874004,-0.03146993056372949,1.2571336350128894,-0.025285394845239617,1.3606305003957955,0.00026479934094414403,1.3266855710252163,0.01683143070103177,1.071263329001452
2019-01-01,169.85,-0.003414777745069042,0.008360317927583294,-0.016779511333529507,0.0005298793052692652,-0.30642458531114414,-0.02113629673241202,0.1273976131948822,-0.022814247865764026,0.5735512222118648,-0.002269649690903486,0.6097273795569167,0.015576489058973575,0.4128363746418411
2019-01-02,164.37,0.029932469428727737,0.030601691306199497,-0.002311857394901695,0.03333941716858302,-0.13201033121561256,0.02470037111394907,-0.10702097078768502,0.011930400924742735,0.2981557862707471,0.027036563849851092,0.36493031398842524,0.04715377907566265,0.22088203963782127
2019-01-03,172.26,-0.030361082085219926,0.003831417624521105,-0.03262510159061882,-0.045802856147683646,-0.19379779662348906,-0.022872402182747997,-0.3235308469116107,-0.03652037617554871,0.029292662619592624,-0.026050737257633516,0.1035419259435797,-0.00409071558496843,-0.007696768384541586
2019-01-06,173.64,-0.009963142133148972,0.009675190048376026,-0.009963142133148972,-0.007947477539737346,0.06940247801648836,-0.027044459801889964,-0.23549154138074424,-0.04115411195577068,0.06885171613929497,-0.035334600322505905,0.16720162762301238,-0.012969361898179987,0.0694606100254005
2019-01-07,175.23,-0.002682189122867107,0.00011413570735618883,-0.012440792101808928,-0.009073788734805688,0.2760288096129233,-0.02977800604919345,0.07159101900408338,-0.04524339439593694,0.28324382896465106,-0.04404496946869785,0.42479137842334924,-0.022279290075900016,0.3569384693094171
2019-01-08,173.66,0.008522400092134008,0.015115743406656668,-0.002188183807439792,0.009040654151790894,0.11455997900160764,-0.014914200161235458,0.2696301376925829,-0.02876310031095264,0.23475913562867845,-0.033649084417827435,0.5371679355799321,-0.013902645015163695,0.5131658669883088
2019-01-09,177.15,-0.02105560259666961,0.0008467400508045397,-0.023990968106124777,-0.019700818515382523,-0.0897165039540968,-0.03001975726785311,0.14401729975118438,-0.03962178944397421,0.07036158954619443,-0.051405588484335074,0.36452740348000323,-0.033534669300969155,0.39452487431819905
2019-01-10,175.98,0.005284691442209333,0.009887487214456314,-0.00460279577224687,0.006648482782134479,0.38016003329037895,-0.009046482554836643,0.5468635693135724,-0.026287078077054216,0.41972445144973114,-0.042158199795430895,0.8615522129956139,-0.02715649505625639,0.9260983355137615
2019-01-13,177.02,-0.01519602304824308,0.003163484352050716,-0.017003728392272155,-0.005875042368094108,-0.2706535759637285,-0.010665461529771658,-0.004655760610784876,-0.0281437125748506,-0.004182396554957557,-0.045856400406733444,0.31880220927086333,-0.03307159266372928,0.40598745044816753
2019-01-14,181.62,-0.028631208016738352,0.0008259002312520636,-0.030283008479242368,-0.025327607091729987,-0.039961571579461674,-0.03200088096024767,-0.10264387808185016,-0.047957273428036795,-0.02599326677996361,-0.0679633300297321,0.2534535756229672,-0.0586939764343134,0.3319075234811715
2019-01-15,185.0,-0.014054054054054022,0.0040000000000000036,-0.01621621621621616,-0.018270270270270283,-0.27076689164132617,-0.04277837837837928,-0.34276907256585365,-0.059037837837838,-0.2641522557935819,-0.08093783783783759,-0.0949089043059228,-0.07566306306306314,-0.0220283901048568
2019-01-16,185.32,-0.008525793222533884,0.003669328728685528,-0.010630261169868316,-0.0017267429311460525,0.6929561261663293,-0.032192963522556406,0.23404892516997577,-0.05248758903518236,0.2994678026093198,-0.07747679689186249,0.5140778214606285,-0.07687423555651485,0.6448946492938255
2019-01-17,188.64,-0.011291348600508844,0.0009011874469890824,-0.016046967769295928,-0.017599660729431643,-0.17245267414013776,-0.040564037319763324,-0.010720150639565218,-0.05805767599660727,0.04792558169577621,-0.0891194868532652,0.22743590481680132,-0.09309973141080008,0.3549338506302744
2019-01-21,187.29,0.003417160553152998,0.0063003897698756806,-0.005499492765230429,0.007208073041806706,-0.6449410859666017,-0.020129211383417056,-0.6285348980923205,-0.04252229163329613,-0.6409520025187441,-0.07677932617865313,-0.5779349139965045,-0.08460142025735473,-0.5271728052745387
2019-01-22,187.6,-0.00031982942430708317,0.005970149253731405,-0.004477611940298498,-0.0016524520255863928,0.5922817546554575,-0.01079957356076855,-0.2009696926395843,-0.03682835820895536,-0.34132954664983695,-0.07251332622601248,-0.3073053023492124,-0.08366204690831536,-0.24252364857936526
2019-01-23,188.57,-0.005674285411253033,0.005250039773028625,-0.007159145145038903,-0.005143978363472468,0.4950907520985588,-0.009545526860052944,0.32092885522095327,-0.035222994113591866,0.04961209671915667,-0.07039030598716622,-0.006193070379239107,-0.08511251347863735,0.1283578771001661
2019-01-24,189.31,0.003063757857482363,0.006602926416988009,-0.0041730494955364295,-0.003908932438856927,0.5733033689401699,-0.009645554909936904,1.0202601374913756,-0.031118271617981308,0.6891704301110406,-0.06621414610955545,0.5472654379024677,-0.08526402901766061,0.7574524601582187
2019-01-27,188.16,-0.0004783163265306145,0.0010097789115646183,-0.01636904761904756,0.006111819727891099,-0.392794943023981,0.0006483843537405942,0.21450637791257998,-0.018734056122449272,0.006668688701173542,-0.054025829081632226,-0.08661528431316967,-0.07568558673469383,0.05243728858400898
2019-01-28,186.35,0.007405419908773858,0.009551918433056139,-0.0031660853233163033,0.009712905822377271,0.4447597868776594,0.009852428226454713,0.8102968723764123,-0.002667024416420971,0.5154141838569246,-0.03973437080761966,0.327444497684076,-0.06330739647616479,0.5111736335502506
2019-01-29,189.01,-0.010687265224062159,0.0020633828897942408,-0.01809428072588748,-0.014073329453468064,0.004323652005241652,-0.005354214062748719,0.3590027960603437,-0.011766573197185548,0.5074778778897353,-0.048473625734087866,0.33670324825050857,-0.07352521030633286,0.5027850921751167
2019-01-30,191.65,-0.01570571354030792,0.0010435690060004443,-0.021549699973910763,-0.013775110879206909,-0.2514805505714698,-0.017584137751109674,-0.14331039901284304,-0.02152361074876119,0.11362740739554877,-0.0566057918079832,0.008882656900184527,-0.08239325158709432,0.11260088412277569
2019-01-31,193.83,-0.0089253469535161,0.006861682918020806,-0.013774957436929358,-0.011246968993447903,0.4154478765118126,-0.025455295877831907,0.20196185922548837,-0.029097662900480215,0.5439099130977416,-0.06159263271939319,0.4394229118313795,-0.0883523362396601,0.5515723489698132
2019-02-03,194.41,-0.0016460058638958497,0.0024690087958438856,-0.011830667146751628,-0.0029833856283112414,-0.2365360226022083,-0.023712771976750924,-0.07218720015543667,-0.027616892135178484,0.17663577893379423,-0.05681549303019362,0.08489997750957845,-0.08664163366081956,0.16774114988601752
2019-02-04,194.9,-0.001539250897896416,0.0034889687018984095,-0.005130836326321164,-0.0025141097998974127,0.05779259308268214,-0.01975371985633745,-0.055312922091313554,-0.027101077475628732,0.25016431427559893,-0.053504361210877205,0.13197156719007452,-0.08425175303574473,0.21119394668414104
2019-02-05,192.95,0.009173360974345846,0.011090956206271096,-0.0005182689816014552,0.010106245141228376,-0.17468473110434302,-0.0009847110650436086,-0.19711583202001548,-0.013324695516973462,-0.11871810496512569,-0.03842964498574741,-0.07737923526852386,-0.06992830612421175,-0.030403448531591604
2019-02-06,195.0,-0.02051282051282055,0.010410256410256391,-0.03943589743589737,-0.010512820512820542,-0.2823249698166319,-0.007446153846154657,-0.3816144099735187,-0.020953846153846212,-0.40078972864985296,-0.043994871794871715,-0.3317146946310292,-0.0743470085470086,-0.33482538115535043
2019-02-07,193.59,-0.019732424195464615,0.0006715222893745043,-0.02262513559584689,0.007283434061676752,0.29985298110213776,0.0032439692132848474,-0.11223616664887415,-0.010501575494602067,-0.18244508738493315,-0.031520223152022186,-0.1010192967045116,-0.06140640873323355,-0.12878580887398772
2019-02-10,194.13,-0.002060474939473589,0.0069025910472364504,-0.006645031679802127,-0.0027816411682892728,0.2141032329969781,0.0002060474939464818,0.1696785556617746,-0.011049296862926994,0.0435389734071705,-0.02997991036934,0.10589948424951046,-0.05909442126410147,0.05451432453835858
2019-02-11,195.25,0.002509603072983424,0.005428937259923217,-0.0029193341869397926,-0.005736235595390493,0.3368947598038181,-0.005818181818182722,0.5667380887040594,-0.013664532650448313,0.37364183783327354,-0.030896286811779583,0.5005050998149361,-0.0602253521126761,0.40822197828488593
2019-02-12,197.18,-0.0059843797545390265,0.00314433512526624,-0.0093822902931332,-0.009788010954457915,-0.19421543834979527,-0.01519423876661008,0.22221757595001312,-0.018805152652398904,0.10090649558304898,-0.03575920478750361,0.199865868421351,-0.06486797173479397,0.1347607154062196
2019-02-13,195.87,0.00040843416551794576,0.00444172155000766,-0.005411752693112781,0.006688109460356362,0.3658574363164304,-0.004288558737939319,0.6092511311735356,-0.008071680196048536,0.5225863941653324,-0.025338234543319405,0.636704136890875,-0.053977978591242426,0.5649583703614787
2019-02-14,198.32,-0.004336425978216929,0.0033783783783785104,-0.008622428398547655,-0.01235377168212981,-0.06699495020200097,-0.015711980637354572,0.25474374826698254,-0.018197862041145818,0.36719618343294136,-0.03463846308995544,0.4835872984619387,-0.06129151539599309,0.45019664195809206
2019-02-18,197.65,0.0012142676448265721,0.003339236023273351,-0.0015178345560334927,0.003389830508474523,0.09207398508225273,-0.007589172780168019,0.22465275106379212,-0.012598026815077379,0.48911341788433105,-0.02807740956235749,0.6166596141744245,-0.05238384349439262,0.5685176088730546
2019-02-19,198.02,0.0006059993940004116,0.0022219977780022493,-0.00454499545500453,-0.0018684981315019167,-0.19982162588792418,-0.005888294111706882,-0.09994806629834252,-0.012806787193212932,0.15295840568271513,-0.027618422381577412,0.2774163378058405,-0.04988048345285012,0.2305451986319389
2019-02-20,198.15,-0.0031794095382285947,0.001968205904617548,-0.005803684077718918,-0.0006560686348725531,0.15176792285427543,-0.003744637900581327,0.06030373220077667,-0.011879888973000519,0.3139635724986547,-0.02554882664647984,0.3465415600046544,-0.04640255698544893,0.40052840118491795
2019-02-21,201.88,-0.013522884882108177,0.0005944125222905328,-0.014761244303546639,-0.018476322567862025,0.11354190075332893,-0.021190806419656205,0.11775394227245761,-0.027560927283534875,0.4002493212752132,-0.04094016247275578,0.4275945912568506,-0.060237104550558196,0.5485235416105703
2019-02-24,201.94,0.005100524908388637,0.01153808061800543,-0.001980786372189791,-0.0002971179558284298,-0.15332624830730734,-0.015529365157968655,-0.06136049640892027,-0.024442903832821772,0.06464123485147155,-0.03792958304446836,0.1788296422633231,-0.055858175695751355,0.30274601895815834
2019-02-25,201.48,9.926543577520874e-05,0.005658129839190007,-0.0022831050228309113,0.0022831050228311334,0.10685592696978286,-0.009688306531666635,0.05024783259133758,-0.018071272582886766,0.11403334854321878,-0.03259876910859605,0.3093352963888063,-0.04960128383296947,0.43437936869173166
2019-02-26,201.72,-0.002974419988102328,0.002825698988697223,-0.007336902637319009,-0.0011897679952409534,-0.0007327625432264062,-0.007069204838390797,0.057121162713098306,-0.015595875470949871,0.06906339106958681,-0.030448145944873772,0.27473509638718685,-0.04651827615837145,0.4344413878440414
2019-02-27,200.37,0.007635873633777601,0.013025902081149843,-0.000798522732944007,0.006737535559215413,-0.20691895012870787,0.0033138693417169574,-0.1935067180696226,-0.005734391375954662,-0.15831022806553263,-0.0200803513500023,0.004728961676329746,-0.03598509424231866,0.1290550246188884
2019-02-28,201.84,0.001436781609195359,0.008174791914387747,-0.0023038049940546923,-0.007282996432818045,0.21094355975222956,-0.0017934998018241943,0.018513049463054765,-0.011395164486722398,0.011884351933112214,-0.02440299246928246,0.22188224894304254,-0.03990949927335208,0.36342775849784004
2019-03-03,199.89,0.01545850217619682,0.01800990544799652,-0.0075541547851317725,0.009755365450998088,0.0777581324704224,0.00790434739106427,0.11940529010406342,0.0012356796237931178,0.09698720351339207,-0.012336785231877312,0.2911071678771098,-0.027735254389914532,0.44010664720015136
2019-03-04,197.96,0.012275207112547815,0.014977773287532914,-0.0003536067892504491,0.009749444332188162,0.08587270013328552,0.015659729238229003,0.18408139043050875,0.011790260658718577,0.181814046007456,-0.001177005455647473,0.3951488780475332,-0.015802855795783777,0.5581075240405702
2019-03-05,197.32,0.0035475369957429503,0.006993715791607569,-0.006137239002635186,0.0032434623961079545,0.05434217281071563,0.015386174741535807,0.22246635909913492,0.015229069531724981,0.2375845726462602,0.0029621933914456555,0.43927097059011855,-0.011036218663423303,0.6245902750396628
2019-03-06,196.48,0.0003562703583062099,0.002239413680781732,-0.007787052117263826,0.004275244299674297,-0.19307203524261018,0.015248371335504052,-0.043416212688427325,0.01921315146579783,-0.035512277807489,0.007865940553746231,0.13734261835915196,-0.0051065418023887865,0.21661732580379067
2019-03-07,196.33,-0.0065705699587430555,0.0013752355727600918,-0.006825243212957743,0.0007640197626443967,0.6603556066594225,0.012061325319614014,0.5199611102248203,0.01914124178678711,0.601868485134895,0.009534966637803954,0.841868665737566,-0.002838757873648401,0.9489730731450852
2019-03-10,197.24,-0.0005069965524235887,0.007097951733928021,-0.003092678969783047,-0.004613668627053369,-0.22402112435081278,0.00180490772662667,0.07808839106676335,0.01162543094706936,0.20524266492888277,0.005214459541675431,0.32798380871297717,-0.006127898330291592,0.4726294763797261
2019-03-11,197.5,0.0015189873417722488,0.004607594936708814,-0.0016202531645569396,-0.0013164556962025342,-0.18489957163255588,-0.0021974683544311313,-0.15226787244169449,0.007913924050632515,-0.04716515944788191,0.004815189873418113,0.035363636363636264,-0.00609789029535901,0.19352555925749648
2019-03-12,199.7,-0.014171256885327943,0.0022033049574361474,-0.015473209814722,-0.011016524787180737,-0.05843442876413352,-0.01365047571357103,-0.1817430390922251,-0.005182774161242132,-0.1031696834708411,-0.005410615923885365,-0.046174402502476064,-0.015488232348523034,0.10246850617776371
2019-03-13,201.6,-0.008978174603174627,0.00024801587301603867,-0.012996031746031811,-0.009424603174603252,-0.21657343963508746,-0.020585317460317998,-0.3272893754888977,-0.015560515873016212,-0.2931312064556266,-0.013680555555555363,-0.2534923272023043,-0.022559523809524085,-0.13875922615244107
2019-03-14,203.18,-0.007530268727236944,0.00039373954129340305,-0.013731666502608597,-0.007776355940545376,-0.30457699538540417,-0.023161728516586932,-0.5008401982567082,-0.022610493158775835,-0.5038380740776913,-0.02026282114381317,-0.4805392484801133,-0.028094956852708908,-0.39767982681023184
2019-03-17,205.72,-0.01108302547151474,0.004909585844837583,-0.01108302547151474,-0.012346879253353982,0.15142065804462312,-0.02856309546957092,-0.26969056676761083,-0.03402683258798389,-0.37532731866888713,-0.03058283103247106,-0.37335171168294023,-0.03822671592455795,-0.29853342419427453
2019-03-18,207.86,-0.002164918695275797,0.004089290868853901,-0.007408832868276871,-0.010295391128644305,-0.1329024193328211,-0.03040508034253886,-0.2768222026342373,-0.041167131723275685,-0.4213267327891167,-0.03878331569325488,-0.4402690644830397,-0.04622181596587471,-0.3815029726500594
2019-03-19,206.28,0.0028117122357960156,0.008726003490401535,-0.007465580764010049,0.007659491952685782,0.33630152559609794,-0.012933876284662249,0.09676567372947886,-0.029023657165018646,-0.15423596086103641,-0.028946092689548064,-0.2182405382356717,-0.03674293840087928,-0.16159478876821098
2019-03-20,209.77,-0.021213710254087914,0.0036706869428420053,-0.025027410973923803,-0.016637269390284648,0.203289221485065,-0.02308242360680801,0.38545837674356265,-0.040906707346141324,0.06824119389693317,-0.043132955141345186,-0.04881489094331315,-0.05096057586880898,0.011827807789304146
2019-03-21,205.49,0.008905542848800296,0.01613217188184346,-0.0013139325514623934,0.0208282641491071,0.4449405823843846,0.005216798870990802,0.9682625770401407,-0.014462990899800743,0.5630746506362005,-0.020375687381380847,0.38434984974269937,-0.02846529433711309,0.44519688256218615
2019-03-24,205.01,0.004975367055265689,0.005268035705575436,-0.005609482464269955,0.0023413492024779714,0.1602574380784405,0.009823911028729704,0.9774595798034384,-0.007687429881469421,0.8422694977670651,-0.01720159992195469,0.599298182898268,-0.024484984472302296,0.6103927196770764
2019-03-25,206.13,9.70261485471191e-05,0.003298889050599163,-0.007276961141027494,-0.005433464318633896,-0.06664180596632274,0.0036481831853678592,0.596009612258942,-0.009309658953087996,0.7077971415919109,-0.021796924271090923,0.46782273012196884,-0.027938679474118322,0.4587304605322071
2019-03-26,205.18,0.003021737011404735,0.007213178672385245,-0.0045813432108392504,0.004630080904571621,-0.25607263249919243,0.00660883127010381,-0.03825781288498642,-0.0005166195535630802,0.24900530927581044,-0.01613461351008849,0.08105159798433692,-0.021488449166585544,0.06375310498641196
2019-03-27,207.66,-0.00857170374650873,0.0012520466146586084,-0.01040161802947126,-0.011942598478281718,0.5295684253576449,-0.006472117885004902,0.34846284946184025,-0.009814119233362506,0.9076646059660285,-0.0270514302224788,0.6563972680944081,-0.03158046807281145,0.6251715350661085
2019-03-28,210.55,-0.007409166468772321,0.0034196152932794988,-0.01173118024222275,-0.01372595582996916,-0.4883394563031356,-0.022113512229874566,-0.38991923964713415,-0.020527190691047692,-0.07446628748057416,-0.03867489907385402,-0.1744024748034555,-0.04321380511359152,-0.18499741464027786
2019-03-31,212.9,-0.00413339596054485,0.003381869422264039,-0.007374354156881147,-0.011038046031000448,0.23258508072325212,-0.028154062940348168,-0.15693515730910756,-0.027876937529356938,0.0837858941178542,-0.04724048849224982,0.030900940157397194,-0.051476436511664336,0.01533468899100332
2019-04-01,213.22,-0.000984898227183173,0.0013131976362441566,-0.01435137416752652,-0.0015007972985647822,0.577710557236069,-0.02221180001876033,0.4343035868547731,-0.025968483256730512,0.6206579557733278,-0.045619547884813594,0.6345737884330671,-0.05062064221617746,0.6032378820159126
2019-04-02,213.6,0.004213483146067398,0.006226591760299716,-0.002808988764044895,-0.0017790262172284743,-0.19689787250180135,-0.01731273408239742,0.1306572111191171,-0.02519194756554366,0.15308115813354806,-0.04374531835205975,0.30054018421809925,-0.04987983770287141,0.27664005341982834
2019-04-03,212.65,0.006395485539619106,0.007618151892781588,-0.0008934869503879339,0.004467434751939781,0.4811206047750265,-0.005003526922173207,0.6087990405011598,-0.01739478015518514,0.602387513298839,-0.035645426757582754,0.9267801445856381,-0.043193040206912725,0.8704578545200634
2019-04-04,214.53,-0.004335058033841488,0.0021442222532979116,-0.006805574977858608,-0.008763343122174083,-0.18590316901645232,-0.009070992401995603,0.27983237015209617,-0.024663217265651016,0.2143484640431017,-0.0403276930965365,0.5351044257023465,-0.04932488074705954,0.5005547762536935
2019-04-07,213.65,0.0029955534753101087,0.003978469459396283,-0.004446524689913467,0.004118886028551261,0.17218542002326886,-0.0012637491223970176,0.2931612020393428,-0.016414696934238804,0.4014848925309227,-0.032115609641937604,0.805662108519017,-0.043435525391996355,0.746088527067746
2019-04-08,214.81,-0.01112611144732556,0.0020483217727294,-0.01303477491736893,-0.005400121037195671,-0.3593295969764395,-0.0059587542479405675,-0.27284562732112505,-0.017704017503841096,-0.11489277248252938,-0.0335226479214189,0.1456261596156312,-0.04678397964092307,0.10074100932809871
2019-04-09,212.68,0.012601090840699714,0.014199736693624176,-0.0011754748918563207,0.010015046078615697,0.16449784176046478,0.005491818694752126,-0.08970090446114587,-0.00378502915177803,0.051274243440010414,-0.019773838630806728,0.330526681015725,-0.0351482665663595,0.27929952287420257
2019-04-10,213.13,0.00473889175620501,0.00473889175620501,-0.002252146577206404,-0.0021113874161309276,-0.39428286462322115,0.0025055130671414183,-0.4552154879156499,-0.0023694458781031713,-0.38072124957700326,-0.018798385961619313,-0.2035332609044117,-0.03547130859100067,-0.2299669795358612
2019-04-11,214.93,-0.001070115851672715,0.0,-0.007956078723305282,-0.008374819708742431,0.7699525129309583,-0.005443632810683274,0.165579566689952,-0.00817940724887245,0.18275245946702512,-0.024333503931512457,0.4084191824557599,-0.04157012360613532,0.36601249004906733
2019-04-14,216.47,-0.004804360881415448,0.00027717466623555786,-0.008777197764124334,-0.00711414976671132,0.18872339245538106,-0.012149489536656954,0.40039541273264967,-0.013211992423893149,0.31496153044812947,-0.028560539566683363,0.5801797494120522,-0.04637286152045683,0.6085531861102909
2019-04-15,216.95,0.0009218713989398442,0.0045632634247523285,-0.001060152108780743,-0.0022124913574556038,0.098243372934675,-0.011735422908504933,0.5487833987136834,-0.01374971191518859,0.36697060435806805,-0.02823231159253259,0.6439450607518713,-0.04593531535684092,0.7472659051488328
2019-04-16,215.39,0.010585449649473055,0.010585449649473055,-0.00506058777101992,0.00724267607595519,-0.15226707862173672,-0.00259064951947674,0.2061645336269491,-0.004874878128047544,0.14311991772062704,-0.019083987186034435,0.2928932168360121,-0.03608647879041116,0.4658122878531401
2019-04-17,217.2,-0.009806629834254177,0.0016114180478823403,-0.01436464088397782,-0.008333333333333304,-0.05550708056981979,-0.008406998158379864,0.10398315003637815,-0.012343462246777848,0.055948627645328264,-0.025161141804788012,0.16719661102734173,-0.04134591774094509,0.376820975287423
2019-04-21,217.16,-0.003407625713759521,0.002808988764045006,-0.005065389574507195,0.00018419598452745767,-0.1308677049264837,-0.004475962424019708,-0.1882651056493324,-0.010066310554430857,-0.0646703362793335,-0.0232708601952476,-0.01516017802012748,-0.037988886842266645,0.18348418458037163
2019-04-22,217.99,-0.004587366392953762,0.0002752419835772013,-0.009587595761273437,-0.003807514106151766,-0.17588709662192403,-0.006220468828845971,-0.31595688237437725,-0.012629019679802789,-0.2169672275079727,-0.02431304188265493,-0.18884735499536465,-0.03846659632704852,-0.01811433710773047
2019-04-23,218.38,-0.01007418261745574,0.0037549226119608647,-0.01007418261745574,-0.0017858778276398368,0.2292810754854493,-0.006603168788351099,-0.06811214423983025,-0.012404982141222543,0.011880567637952089,-0.023083615715724703,0.014447367688086965,-0.037016515553927265,0.21486556431883908
2019-04-24,219.2,-0.006021897810219001,0.003010948905109556,-0.011496350364963437,-0.003740875912408681,0.3233344595632275,-0.009014598540146523,0.31127929477531713,-0.014470802919708703,0.31933485886291724,-0.023943886861313657,0.34602128574500113,-0.03744373479318708,0.5980071362021482
2019-04-25,220.27,-0.004857674671993606,0.00013619648613061308,-0.012416579652245074,-0.004857674671993606,0.15168966602874545,-0.010369092477414688,0.48703663743548575,-0.016298179506969546,0.48425071368181993,-0.02550279202796546,0.5108730796033805,-0.03916859611688672,0.813019254374949
2019-04-28,219.7,0.0021847974510698087,0.005553026854802079,-0.001069640418752793,0.00259444697314537,-0.4436345637025819,-0.005006827492035182,-0.2107114846599928,-0.010496131087847749,-0.25670759368981866,-0.02010468821119671,-0.16683430115558073,-0.03384311940524931,-0.019467250016975024
2019-04-29,220.66,-0.0029910269192422456,0.000951690383395265,-0.008927762168041364,-0.004350584609806973,-0.046958131578429096,-0.007033445119188464,-0.22090298039237755,-0.012639354663283697,-0.2706839456084722,-0.022294480195776067,-0.22396459054891404,-0.035550922988609734,-0.09776235327733118
2019-04-30,219.45,0.007017543859649145,0.011619958988380086,-0.0006835269993163973,0.005513784461153026,-0.0428061148001756,0.0008749145591246954,-0.2529914637332096,-0.005285942128048116,-0.2660741521410688,-0.015135566188197336,-0.26031264335209836,-0.027963849016480413,-0.15769731757084904
2019-05-01,217.17,-0.005433531334898878,0.012156375189943391,-0.02039876594373058,0.01049868766404205,-0.18902192208457824,0.012368190818252467,-0.35746000267910705,0.00630842197356829,-0.3679294142656626,-0.003361421927521868,-0.38579017641337465,-0.015979800770517527,-0.339654060303205
2019-05-02,217.88,-0.00390123003488152,0.003350468147604202,-0.011290618689186793,-0.003258674499724612,0.21658016403025515,0.007205801358545427,-0.09032451774042127,0.0038461538461531664,-0.1728446672453191,-0.005789884340003493,-0.2316387083060245,-0.017520347591946428,-0.20139974846332354
2019-05-05,219.61,-0.023541733072264592,0.001935248850234439,-0.02741223077273358,-0.007877601202131101,0.16023910548160725,-0.0029051500387057283,0.1712906948425026,-0.00375210600610254,-0.002242872718566047,-0.012431127908565043,-0.0816068200758997,-0.024028960429852808,-0.07845303507832657
2019-05-06,214.6,0.013839701770736346,0.013839701770736346,-0.009366262814538673,0.023345759552656276,-0.09786222176899761,0.020288909599253557,0.04867960210996669,0.020647716682198558,-0.09059729857512355,0.011808014911463438,-0.16084102012626422,0.0009490525007767037,-0.16584699960136828
2019-05-07,214.73,-0.00633353513714896,0.009034601592697866,-0.006426675359754053,-0.0006054114469333793,-0.1316398530045121,0.014026917524332161,-0.08736861171375332,0.018451078098076,-0.2087453460149813,0.011416662785824538,-0.2534216701617674,0.0018317577112345607,-0.2671267856208467
2019-05-08,213.12,-0.0025337837837837718,0.002909159159159236,-0.012293543543543617,0.00755442942942941,-0.06692771143161247,0.017257882882881992,-0.1291805032159884,0.024432244744743814,-0.2331185585401523,0.019038569819820106,-0.2939194797332265,0.010745120120120077,-0.30548499468320967
2019-05-09,214.33,-0.00905146269770929,0.001632995847524743,-0.022955255913777894,-0.005645499930014508,0.47873341263943825,0.0077357346148454464,0.2783186661468451,0.01581206550646108,0.20956249465461307,0.01338823309849313,0.07082273974824194,0.006273814522776311,0.03572173553746549
2019-05-12,208.68,0.011932144910868248,0.014423998466551513,-0.013178071688709991,0.027074947287713202,-0.4147479697099511,0.03161778800076598,-0.28160163606307365,0.04046866014951034,-0.2703286752426499,0.0411131876557409,-0.38965964323580093,0.03458405213724358,-0.3898572063460283
2019-05-13,211.83,-0.01208516263041115,0.013170938960487044,-0.01208516263041115,-0.014870414955388767,0.3764114613344596,0.005957607515459484,0.08995379533229064,0.01979417457394983,0.051045152446771436,0.02415616296086487,-0.12657922615234296,0.018905096854395786,-0.15607260920967714
2019-05-14,211.72,-0.004959380313621864,0.007651615341016438,-0.008832420177593114,0.000519554128093791,-0.09337542912397057,0.003863593425277978,-0.00550252120472694,0.01615341016436722,-0.04292975670536614,0.023592480634800683,-0.18986362943157709,0.019266011713584108,-0.23537071227548734
2019-05-15,215.29,-0.01119420316782016,0.0051093873380092525,-0.03051697710065493,-0.016582284360629806,0.3921885728741281,-0.015578986483348767,0.38238882765350013,-0.004287240466348541,0.345837813053377,0.005404338334339842,0.16316992519243967,0.00213200798922375,0.08380957651211252
2019-05-16,212.94,0.001361885977270605,0.011129895745280338,-0.0020193481731943796,0.011035972574434005,-0.475038180248717,-0.0026768103691188205,-0.32716346837916543,0.0058185404339241575,-0.32242526394171944,0.016476472245703144,-0.3843738142779902,0.013456059609905813,-0.43126019720928466
2019-05-19,211.83,0.0004248689987251808,0.007222772978331626,-0.0058065429825804316,0.00524005098427982,0.5799000020606544,0.0012368408629552796,0.21033755392826303,0.008757022140394533,0.12273566861679508,0.020797337487608036,0.01609076058754888,0.01881225511022988,-0.06768384940237904
2019-05-20,216.93,-0.0016134236850596784,0.0013368367676207527,-0.014705204443829833,-0.02350988798229836,-0.3709784041940194,-0.01939796247637582,-0.2941375405503177,-0.018545152814272936,-0.28820756106556744,-0.004430000460978301,-0.3551216833581379,-0.005554787258562732,-0.40718831098180575
2019-05-21,217.6,-0.0038143382352940902,0.012591911764705976,-0.0040900735294117085,-0.003079044117647034,0.31744120790709696,-0.017729779411765678,0.019916464269885248,-0.020496323529412663,-0.014240195108168763,-0.007738970588235139,-0.12564838769520714,-0.008114276960784261,-0.19150298336348914
2019-05-22,213.99,0.010140660778541033,0.011589326604046768,-0.006635824103930155,0.016869947193794088,0.23096407656506335,0.004336651245384182,0.2660992349417679,-0.0026309640637424137,0.21783931961700276,0.008818169073321336,0.09667762928452195,0.009053382556817313,0.004728958669147021
2019-05-23,214.33,0.004665702421499551,0.004665702421499551,-0.011407642420566466,-0.0015863388233098297,-0.17953033682320796,0.0015303503942507568,0.06405716547963891,-0.0038072131759447903,-0.023121131707164122,0.006002426165259367,-0.08470878296010886,0.007656417673680638,-0.17051924788040096
2019-05-27,214.52,-0.0006992355025172703,0.012959164646652921,-0.00191124370688045,-0.0008856983031885202,-0.19961612043201826,0.0019392131269799773,-0.19994064235513065,-0.00468953943688355,-0.19457423438991206,0.0037269252284171106,-0.24513405353105833,0.0069504008950214136,-0.3387758102747288
2019-05-28,216.54,-0.010667775006927172,0.006557679874388267,-0.010852498383670417,-0.009328530525537948,0.28719091867269175,-0.004922877990210739,0.11481223927730588,-0.011277362150181047,0.04121132823699969,-0.00683245589729331,-0.005021019347491662,-0.0025060804778177515,-0.1273225672275865
2019-05-29,217.16,-0.002808988764044895,0.011374102044575451,-0.0043746546325289515,-0.002855037760176815,0.6870621033211337,-0.008123042917665635,0.7556381879968279,-0.011931294897772227,0.7730083961706267,-0.01061659605820553,0.6903010058508856,-0.005343218517836368,0.4981950458687261
2019-05-30,213.88,0.00883673087712733,0.009304282775388195,-0.0027585561997381935,0.015335702262951223,-0.3301179745795587,0.006676641107161485,0.07486242384136177,0.00576491490555342,0.14217438331469778,0.004020946325042463,0.1149576249914428,0.009943270369677792,0.007460770219595458
2019-06-02,212.97,0.006667605766070173,0.014368220876179727,-0.007606705169742267,0.004272902286706959,0.28914987827163374,0.010874771094518954,0.3971874805111062,0.009400385030754688,0.4971565336185624,0.007538620462976375,0.4209905241321046,0.014022319262493976,0.31363310635023156
2019-06-03,214.83,0.0025601638504864077,0.004235907461713984,-0.02020202020202022,-0.008658008658008698,-0.32240448922184906,0.0008564911790702734,-0.12116402116402114,0.0006749522878544134,-0.05226047756186403,-0.002327421682259967,-0.04827444339198406,0.0045865723285078985,-0.10746566480944619
2019-06-04,220.27,-0.017750942025695715,0.0028147273800334105,-0.018613519771189968,-0.024696962818359314,-0.0448213596210979,-0.023580151632089486,-0.21226984053243692,-0.022676714940755627,-0.08052971043907464,-0.028051936260043986,-0.08022892380147995,-0.02057626246576172,-0.13779135254600516
2019-06-05,222.01,-0.0028377100130624333,0.001981892707535682,-0.007387054637178481,-0.007837484797981964,0.7191988069566264,-0.027872618350526235,0.3738813581735647,-0.028832034593037292,0.5304463045376759,-0.03439259492815583,0.5966122910177398,-0.027910154197258175,0.4933854962481721
2019-06-06,224.67,-0.009658610406373724,0.00244803489562484,-0.011706057773623546,-0.011839586949748515,-0.19518879992918814,-0.03506476165042216,0.11200703060293327,-0.03836738327324596,0.1764460049273231,-0.04420483375617523,0.2597629700503903,-0.038880728772569983,0.19845411737762997
2019-06-09,227.13,-0.005415400871747411,0.0022454101175537478,-0.009157751067670472,-0.010830801743494933,0.13766969247958416,-0.036014617179590314,0.22995195143354485,-0.04408048254303787,0.32670735449963795,-0.05201426495839334,0.4102773941564888,-0.0484876502443532,0.3753473371088063
2019-06-10,222.69,0.026898378912389553,0.028335354079662256,-0.00592752256500062,0.01993803044591136,-0.006763225201110723,-0.004077417037138598,0.21789778004277038,-0.019273429431048372,0.26517200977333677,-0.03023934617629831,0.3968009230373548,-0.028489529540317582,0.3767134297648589
2019-06-11,224.2,-0.006556645851917953,0.001358162355040271,-0.009277430865298752,-0.006735057983942916,0.5830609559785416,-0.0037734165923301033,0.7717926388370524,-0.022234611953613537,0.8607382651541711,-0.03364629794825991,1.1453894713428863,-0.03458816532857545,1.1683400123904994
2019-06-12,224.45,0.0008019603475162285,0.004744932056137241,-0.006994876364446401,-0.0011138338159946137,-0.05225924357813161,-0.001381153931835133,0.3996041210003447,-0.019910893294721177,0.637082214564274,-0.03196703051904615,0.9808296130354237,-0.03513774411524451,1.023120750836211
2019-06-13,224.9,-0.0011560693641619046,0.0035571365051132453,-0.011938639395286832,-0.0020008892841263393,-0.2203118100891861,-0.0012094264117402664,0.03442697618314705,-0.018630502445532215,0.2521581977248699,-0.03107381058248082,0.4975606494720288,-0.036327256558470356,0.5516728719465172
2019-06-16,224.17,0.004728554222242165,0.007449703350136172,-0.0009813980461257366,0.00325645715305356,-0.12775501129279754,0.0022482937056680363,-0.15386998521427153,-0.010518802694384544,0.04630824538234535,-0.02577508141142859,0.2960625860324071,-0.03203967227253113,0.32688633456082017
2019-06-17,226.23,-0.004199266233479104,0.0037130354064447424,-0.005436944702294055,-0.00910577730628126,0.03380404106122126,-0.009494761967910548,-0.1280469041431742,-0.014578084250542411,0.07831763540016845,-0.03216416920832743,0.28563774135650744,-0.039926918033269865,0.35893053094140304
2019-06-18,230.57,-0.015266513423255357,0.0029492128204016144,-0.01821572624365697,-0.018822917118445637,-0.2957158792262028,-0.0250683089734155,-0.39362127668232083,-0.028182330745544437,-0.28107427218775793,-0.047258966908097055,-0.10655152647953037,-0.057041245608708824,-0.04814436737766459
2019-06-19,231.28,0.0053614666205465955,0.01859218263576623,-0.0038913870632999448,-0.003069872016603248,-0.15632015260430354,-0.022552749913526626,-0.39885949776705754,-0.026712210307852757,-0.40708287560002865,-0.04723495330335514,-0.2673656801518879,-0.05763432491640741,-0.19565028976508336
2019-06-20,228.7,0.00944468736335824,0.010843900306077847,-0.0005247048535197418,0.011281154350677891,-0.11821080374975734,-0.005553126366420802,-0.3672375976019453,-0.01167905553126436,-0.4392549841566501,-0.033495846086576186,-0.3522722950318019,-0.044591167468299164,-0.2885894976522887
2019-06-23,228.85,0.00039327070133277076,0.005025125628140836,-0.0016167795499235638,-0.0006554511688879883,0.9009152024178557,-0.002883985143108836,0.4033886007510763,-0.010565872842474122,0.13730488149654851,-0.03091544679921343,0.26085927199125325,-0.042948073701842615,0.3601807303772313
2019-06-24,227.98,0.007369067462058121,0.01193087112904645,-0.00039477147118172073,0.0038161242214229674,-0.3062734149840277,0.005026756733044868,-0.030546373492480794,-0.00603561715940093,-0.2140387934812511,-0.024032809895604634,-0.14597168983612874,-0.03717285141971516,-0.05932591459278369
2019-06-25,226.4,0.009496466431095474,0.01243374558303878,-0.004505300353356945,0.0069787985865723545,0.2539414634995669,0.013586572438160527,0.2931462933702451,0.0032376325088327995,0.019552466516059575,-0.014249116607773948,0.046883719209356745,-0.027611896348645693,0.16554799618694416
2019-06-26,226.99,-0.0002643288250583353,0.0036124939424644342,-0.005771179347107802,-0.002599233446407334,0.37793352256625035,0.007277853649938715,0.7184334153542569,0.001599189391602085,0.46311997396922777,-0.014639411427816329,0.41860487957019243,-0.027999765041044622,0.5961167766026942
2019-06-27,227.79,0.0004390008341015328,0.007243513762676068,-0.003160806005531369,-0.0035120066728125954,-0.6322744568918316,-2.6340050047868324e-05,-0.4423092552943362,-0.0008033715264067487,-0.45606601054593965,-0.015942315290399245,-0.48018999894683967,-0.029178922106618876,-0.4234671141035814
2019-06-30,232.26,-0.007190217859295522,0.004456212864892839,-0.010720743993799964,-0.01924567295272539,0.890604671915135,-0.0200551106518575,0.11567472562297776,-0.018789287867046478,0.14258212546285476,-0.03188667872212192,0.020180471694966062,-0.04606906053560689,0.12224677808542106
2019-07-01,234.98,-0.012809600817090816,0.0029364201208612606,-0.012809600817090816,-0.01157545323006215,0.04893882947024042,-0.028496042216360595,0.20523931421123232,-0.026704400374500947,0.21338904264474157,-0.038988424546770095,0.0760894097269682,-0.0543705847306154,0.15065228080496396
2019-07-02,238.14,-0.008062484252960411,0.0001679684219366706,-0.014130343495422748,-0.013269505332997422,0.05277038780018617,-0.03550852439741503,0.2140902921596144,-0.03594524229444962,0.291042272718377,-0.04750986814478897,0.11332245078390035,-0.06367822849304339,0.20549726075179375
2019-07-04,237.0,0.006962025316455733,0.008396624472573944,-0.009535864978902908,0.004810126582278418,0.1204309563149184,-0.020962025316457522,0.3473341252858575,-0.028113924050634176,0.41275507900822794,-0.039158227848101634,0.2187418015501117,-0.056191279887482626,0.3150512683923665
2019-07-07,232.39,0.01200568010671721,0.013554800120487043,-0.0058952622746244465,0.01983734239855428,0.046831349621598184,0.0070743147295475595,0.43970348966737105,-0.00637290761220477,0.40267736948346977,-0.016872498816644765,0.276596072183253,-0.03468594460461605,0.3535474346770364
2019-07-08,231.48,-0.00449282875410395,0.0017280110592707842,-0.007300846725419086,0.003931225159840901,-0.30484598698888776,0.015007776049764887,-0.20060672218900566,-0.0008726455849329406,-0.09803678816441197,-0.011340072576464744,-0.12234852360199999,-0.028241460745348834,-0.06864908886859389
2019-07-09,234.76,-0.006602487646958477,0.005293491225081048,-0.006602487646958477,-0.013971715794854345,0.1618972109589878,0.00016186743908486179,-0.04803794334671829,-0.013711875958426822,0.07699908173436598,-0.024226869994888767,0.03235010567688823,-0.03938348384165413,0.0744927909240749
2019-07-10,238.44,-0.012455963764469002,0.0005032712632109249,-0.016524073142090256,-0.01543365207180003,0.2725657797040868,-0.015458815634962542,0.21211076554127462,-0.02609042107029158,0.3378880548026575,-0.036755577923167526,0.3190841982987973,-0.051379802046636724,0.33605408283591176
2019-07-11,241.26,-0.007377932520931774,0.00012434717731912848,-0.013470944209566404,-0.01168863466799297,-0.46168793620483306,-0.02671806349996042,-0.3696378276532386,-0.03248362762165424,-0.2946208314469412,-0.04506341706043304,-0.28282243857832523,-0.05944209566442871,-0.29367559334814564
2019-07-14,240.89,0.0002490763418987463,0.004275810535929292,-0.004690937772427239,0.0015359707750426388,1.3681436596045824,-0.021686246834656697,0.6920840373302666,-0.02507368508447938,0.7892646291299925,-0.04010751795425316,0.7672694944491132,-0.054662570744600125,0.7083347339555044
2019-07-15,240.03,-0.0014164896054660314,0.0037807774028246754,-0.0040411615214764884,0.0035828854726491777,-0.06869012743156366,-0.01109861267341783,0.5180572535812322,-0.016122984626922854,0.460669386436958,-0.033337499479231925,0.6332945030103112,-0.04752461497868343,0.5618607688513804
2019-07-16,240.42,-0.0014557857083437042,0.005573579569087439,-0.002953165294068638,-0.0016221612178686229,-0.40006267119665406,-0.005590217120041929,-0.17990330447229175,-0.014487147491890173,-0.15851987240381604,-0.03160718742201152,-0.030810257515354045,-0.04531791586945089,-0.07098597081209279
2019-07-17,241.11,-0.002032267429803891,0.005391729915805943,-0.005184355688275022,-0.002861764339927908,0.1683975764183565,-0.003741031064661282,-0.019929870435861252,-0.015051221434201234,-0.00559962394291702,-0.03143585915142477,0.14484093801756948,-0.04451218669210488,0.07611887376909432
2019-07-18,239.93,0.009002625765848427,0.011961822198141236,-0.0013337223356811867,0.0049181011128245355,-0.32338419651746353,0.003384320426789378,-0.31416318001441035,-0.008969282707457227,-0.32739516208439545,-0.024475888800900347,-0.23572335074966277,-0.03691771211047712,-0.2835308625381161
2019-07-21,241.46,-0.003892984345233108,0.004100057980617855,-0.00724757723846603,-0.006336453242773099,0.2928445283232368,-0.004075209144373537,-0.12521954196252127,-0.014035451006378818,-0.07947186670276873,-0.028866064772633093,-0.014954919639357023,-0.040546398299235564,-0.056343344904834836
2019-07-22,243.42,-0.00538164489359938,0.002136225453947871,-0.011872483772902731,-0.008051926711034385,-0.007499496122903904,-0.011625996220525958,-0.04663465250529697,-0.018248295127763603,-0.0613897782639955,-0.03406457973872312,-0.04890370382254705,-0.045972667269192136,-0.06205676781309988
2019-07-23,243.09,-0.0032086881401950373,0.000617055411576084,-0.017400962606441972,0.0013575219054671184,-0.05868299985463987,-0.0074951663992777195,-0.02889041170884943,-0.01200378460652518,-0.12290100978065732,-0.02975646879756466,-0.09537792678759871,-0.0424438136766907,-0.11196609271456504
2019-07-24,242.35,0.0015267175572519776,0.002682071384361384,-0.006581390550856159,0.003053435114503955,0.1840193298695434,-0.0022611924902017355,0.1604987142105163,-0.005549824633794831,0.05442694916409718,-0.023676500928409228,0.06590053879105628,-0.03671411869885177,0.05963015903705293
2019-07-25,244.35,-0.005361162267239594,0.0007366482504604921,-0.007489257213014078,-0.008184980560671185,0.17622755254554567,-0.009412727644773522,0.3726230773174395,-0.012089216288111992,0.2631495646892883,-0.028403928790668886,0.2521531547045499,-0.04212263829206764,0.262327668970183
2019-07-28,243.3,0.00443896424167689,0.006905055487052891,-0.00131524866420063,0.004315659679408057,0.12303433818536114,-0.0015043156596812324,0.3882887005816529,-0.006555692560625714,0.33325917505683655,-0.020643238799835317,0.41313605361835304,-0.03526236470749433,0.42752610548485825
2019-07-29,241.93,0.0033480758897201923,0.0033480758897201923,-0.0032447402141114745,0.005662795023353873,-0.21285224565684735,0.005671061877400518,0.020181744233339183,6.613483238870899e-05,0.0625049096508048,-0.011891869549042644,0.04633042821451405,-0.027264084652585563,0.12210299614587572
2019-07-30,244.95,-0.009797917942437118,0.015329659114104999,-0.011839150847111513,-0.012329046744233407,-0.6157758064890602,-0.007944478464994686,-0.6202299585481679,-0.01148805878750847,-0.5804353960426984,-0.022100428658909488,-0.6001782598445868,-0.036840171463564,-0.5683033830005221
2019-07-31,257.22,-0.017728014928854785,0.02181012362957757,-0.019477490086307503,-0.04770235595987882,-0.025108470822567508,-0.053821631288393235,-0.5270167215695014,-0.056881268952648556,-0.5375146688070647,-0.06681051240183455,-0.5813757948142937,-0.08035922556566366,-0.5581981365536806
2019-08-01,253.95,0.011813349084465408,0.016440244142547744,-0.0050009844457569175,0.012876550502067596,0.7203220204830907,-0.029927151013980913,0.023742832902639677,-0.038393384524513685,-0.09717846437474309,-0.051037605827918386,-0.22633908747883658,-0.0650193607665549,-0.21083173648494669
2019-08-04,244.18,0.029445491031206528,0.029445491031206528,-0.007944958637071009,0.0400114669506102,-0.231214761306605,0.016749938569905476,-0.14679065236989386,0.005823572774181773,-0.3027117890807688,-0.009597428126791319,-0.38909778007025575,-0.024514702268818023,-0.39338530554880735
2019-08-05,245.82,-0.001952648279228697,0.0049833211292815704,-0.01338377674721336,-0.006671548287364715,-0.3020451081779014,0.010682613294278553,-0.31934127740207496,0.0002196729314121182,-0.48329820955096336,-0.013806850541045801,-0.553598918683053,-0.028923602636074963,-0.5736970483031363
2019-08-06,248.68,-0.01881936625382019,0.006675245295158394,-0.027465015280682015,-0.011500723821779024,0.7331449876463427,0.0021875502653994072,0.4064564920070306,-0.010318481582758054,-0.0006133653479218903,-0.022265562168247932,-0.1767606398832321,-0.0378170071309849,-0.2219393709801869
2019-08-07,257.78,-0.023392039723795333,0.0031422142912560513,-0.02571960586546651,-0.03530141981534629,-0.17806434626325762,-0.030297152610755163,0.06401382855115023,-0.043087128559237686,-0.15701438375374188,-0.054080999301729604,-0.30849522926432804,-0.06910673183851845,-0.35507138455315723
2019-08-08,256.19,0.002537179437136494,0.00714313595378413,-0.011827159530036324,0.006206331238533869,0.3064399621328253,-0.023841680003124588,0.3077730900781124,-0.03112533666419559,0.1650448737985173,-0.0444357703267102,-0.05820885421885491,-0.05924639265128728,-0.13679693852167474
2019-08-11,253.705,0.003606550915433271,0.007705800043357414,-0.008297037898346571,0.009794840464318666,0.683882746984311,-0.012514534597270477,1.2026057065148956,-0.016968526438187248,1.0344002619053616,-0.032133777418655196,0.5857885491953965,-0.0461953844031453,0.48167090583998573
2019-08-12,258.37,-0.012578859774741602,0.0027867012424040993,-0.022758060146301773,-0.018055501799744467,-0.22372554654342924,-0.02297093315787635,0.5254978662178198,-0.030690482641174688,0.5906696146680663,-0.047129117157564404,0.24219678886797147,-0.060073408935505834,0.11696909094818908
2019-08-13,248.61,0.017979968625558174,0.03099231728409957,-0.0028961023289491017,0.03925827601464138,-0.2360275998028586,0.02548167813040303,-0.05347103364846095,0.013975704919350296,0.22736353181892865,-0.006032540927556895,-0.03545790582015329,-0.019672713621066373,-0.14507830896445983
2019-08-14,253.17,-0.00944029703361371,0.00355492356914322,-0.01694513567958289,-0.01801161275032581,0.4566858042914981,0.006955800450288319,0.357720280298399,-0.0028419638977771333,0.6899213102057422,-0.02231800766283487,0.4228477242615625,-0.03553541098866364,0.26074908681113795
2019-08-15,256.68,-0.00802555711391617,0.0038569424964938204,-0.010441016051114249,-0.013674614305750454,-0.6515002865920415,-0.010405952937511675,-0.5895973154362415,-0.018055555555556713,-0.4633047701653136,-0.03333820321022252,-0.5031242892062462,-0.04677224559763127,-0.5599894385525434
2019-08-18,260.68,-0.005025318398035883,0.003567592450514079,-0.008899800521712464,-0.015344483658124908,0.9736930314965344,-0.025214822771215673,0.004631103875115228,-0.03207572502685396,0.1567221188033472,-0.04495837808807701,0.03149290549842565,-0.058882537977597016,-0.08510059896488009
2019-08-19,261.24,-0.0059332414637881525,0.007387842596845884,-0.008574490889603492,-0.002143622722400873,0.307135745623901,-0.021964477109173597,0.41927341792454853,-0.027834558260604325,0.47281830753672915,-0.043327017302097315,0.36525698151368324,-0.05729023120502208,0.21532464340180035
2019-08-20,264.62,-0.007558007709167813,0.003797898873856731,-0.00891844909681816,-0.012773033028493641,-0.11196051405379726,-0.0322878089335672,0.26027008929153017,-0.03442483561333354,0.18056847464427994,-0.052179540473131,0.21349725594212954,-0.06558272239437679,0.07801398359268497
2019-08-21,263.32,0.007595321282090284,0.011013215859031034,-0.009304268570560437,0.004936958833358762,0.0730163730013691,-0.015350144311106373,0.3172979375553915,-0.0236043597144171,0.24024530146396206,-0.04341200820294666,0.3063873716621919,-0.05718960453693844,0.16400968457113252
2019-08-22,257.04,0.019335511982570663,0.023926237161531194,-0.0062247121070651,0.0244319950202303,-0.24527119460670366,0.016604419545593663,0.01582947955534153,0.002406240273886029,-0.11136144158844818,-0.015961523498288166,-0.007762640098750384,-0.03092838987446822,-0.11322403256984559
2019-08-25,257.2,0.006104199066873983,0.010847589424572313,-0.007153965785380967,-0.0006220839813373402,0.06363090246268999,0.016251944012439345,-0.10149134927646919,0.002113141524104689,-0.04849813983447404,-0.014106726283048099,0.08010086712964459,-0.029486132711249224,-0.05472215717856321
2019-08-26,257.26,0.006841327839539835,0.008318432713985802,-0.005675192412345376,-0.0002332270854388252,0.28423761934865266,0.013309492342375107,0.15393338956899028,0.0032379693695081535,0.2740777320249257,-0.011635116224830822,0.41877854616095567,-0.027599186296613065,0.23866803476875176
2019-08-27,258.72,-0.006686765615337098,0.0008696660482372387,-0.016929499072356302,-0.005643166357452212,-0.014329681152283613,0.0045145330859590604,0.14087747043059107,-0.002852504638220288,0.25750546880178793,-0.014249961348175688,0.40698529342133916,-0.03086670274170278,0.23461617376427157
2019-08-28,260.75,0.0014573346116970587,0.005906040268456536,-0.0048705656759346905,-0.007785234899328808,-0.05028415299563538,-0.007831255992332142,0.0663483529558837,-0.006738255033558405,0.16880747476618874,-0.019283796740172554,0.2830067604939648,-0.03607222754873751,0.17386442977687167
2019-08-29,260.19,0.009838963834121195,0.01018486490641446,-0.002363657327337787,0.002152273338714039,-0.24112939827532665,-0.0076713171144187076,-0.18547602553908837,-0.0016872285637432594,-0.0998817912851786,-0.016494676966831823,-0.0668186704249576,-0.03148148148148133,-0.10359060108767482
2019-09-02,258.67,0.0029767657633277267,0.01012873545443993,-0.0020876019638923493,0.0058762129354001935,0.11418197026729016,0.0005953531526632361,-0.08586548039998476,0.005536011133875807,-0.08627915288392074,-0.009509220242007399,0.044667541158130986,-0.023179469336735314,0.0034667629874656214
2019-09-03,259.2,0.004783950617283983,0.005478395061728536,-0.008834876543209691,-0.002044753086419604,-0.12785723665274384,-0.0003163580246935416,-0.2056170490463829,0.00270447530864093,-0.2045293990468472,-0.008739390432098704,-0.1028953707228496,-0.022963605967078138,-0.1176432525686888
2019-09-04,264.83,-0.009477778197334086,0.0024921647849565076,-0.015708190159725022,-0.02125892081712799,0.25756601471376883,-0.020103462598650146,0.07688306965812708,-0.019382245213912075,0.04083608768211855,-0.027286372389835,0.08726052177916332,-0.041748165489811084,0.1238160609323391
2019-09-05,267.75,-0.008328664799253094,0.0029878618113912125,-0.01042016806722701,-0.010905695611578059,0.06874857939984946,-0.026225957049488602,0.17641416009662292,-0.029998132586369075,0.11663637538606908,-0.03487861811391224,0.15144560271329066,-0.049492063492063476,0.20522385687184208
2019-09-08,260.76,0.03133149256020862,0.0337858567264917,-0.00452523393158466,0.026806258628623958,0.012355248589370316,0.00524620340542814,0.1927509016931166,-0.0022971314618819294,0.13483968947647207,-0.007095605154164852,0.13746278852149407,-0.02076558265582662,0.2269457576432985
2019-09-09,252.35,0.027065583514959357,0.03372300376461279,-0.0059639389736476645,0.03332672874975229,-0.4745307993185264,0.039199524469979874,-0.40710284078543013,0.032427184466018,-0.4185452633265986,0.026900138696255294,-0.40773023562809907,0.014036721484710357,-0.34978579479259664
2019-09-10,252.0,0.003968253968253954,0.006666666666666599,-0.01107142857142851,0.001388888888888884,0.46181193344155624,0.03562698412698162,-0.02323723125080568,0.0319365079365066,-0.09649449435850233,0.028057539682539767,-0.08864644257788501,0.01664219576719561,-0.01643277683125144
2019-09-11,251.88,0.007185961569001087,0.02147848181673817,-0.002898205494680006,0.0004764173415912065,0.10673321222981857,0.03040336668254473,0.07102230186687608,0.03033984437033377,0.030766020644876324,0.027282833095124914,0.02472091981392599,0.018459186914403736,0.10343263003285341
2019-09-12,250.07,0.008197704642700199,0.011336825688807117,-0.004038869116647303,0.007237973367457018,-0.05441319733842265,0.02750429879633476,0.027913049722867234,0.035062182588873725,-0.007362353028222524,0.03537209581317269,-0.032327589020884506,0.026754508737553362,0.020755980243453376
2019-09-15,249.5,-0.003246492985971905,0.007675350701402683,-0.0075751503006011855,0.00228456913827646,0.18042535629026557,0.015679358717432423,0.25733439053043683,0.03314629258516888,0.19456942051670212,0.0371162324649299,0.1619280175499287,0.028144956579826186,0.17870150279540709
2019-09-16,256.12,-0.02389504919568952,0.003338278931750871,-0.024832109948461745,-0.025847259097298125,-0.2164936004175595,-0.01936592222395983,-0.006863433085150139,0.0022684679056679258,-0.08399514010114284,0.008907933781040267,-0.13893302946665909,0.0009910718933832108,-0.0802272872631381
2019-09-17,254.69,0.009501747222113277,0.012917664611881152,-0.01546978679963873,0.0056146688130669364,0.20182898904090152,-0.010899524912641234,0.09385945391566852,0.006894656248771502,0.11503288052067018,0.013677411755467439,0.041065214376479586,0.008173989294174566,0.09878406039222276
2019-09-18,256.73,-0.004752074163518194,0.0028434542125967965,-0.006816499824718658,-0.007946091224243501,0.07722413159656982,-0.016663420714371546,0.14316329623733104,-0.002862929926383151,0.17789865174141029,0.004346979316791844,0.1309174898400729,0.0013146106804811097,0.14748832589126093
2019-09-19,252.78,0.013213070654323866,0.020689928000632962,-0.002749426378669151,0.015626236252868075,-0.3178410270508548,0.0025397578922359276,-0.23822005659491974,0.009514202072947509,-0.19931063453617293,0.018480496874752728,-0.22853626411910533,0.018022918479837502,-0.22285280580927413
2019-09-22,252.46,0.0013071377643982807,0.008001267527528944,-0.002376614117087783,0.0012675275291134103,0.8496121125646159,0.005957379386831052,0.4767674110993123,0.0048641368929720485,0.542980601792644,0.01768398954289796,0.4605926310702273,0.018653119966199005,0.43525372042808064
2019-09-23,251.78,0.0068710779251728304,0.01517197553419658,-0.004448327905314131,0.002700770513940798,-0.13262511727293724,0.011025498451026294,0.23236476422317542,0.004281515608863806,0.31974187121506636,0.01952299626658216,0.24267784375585189,0.020910450922763113,0.2314434052924197
2019-09-24,254.58,-0.010095058527771261,0.0030638699033702643,-0.016301359101264845,-0.01099850734543173,0.11691338141289354,-0.003503810197189816,0.28332910434213,-0.00698798020268776,0.36182654199812925,0.007245266713803211,0.3728518936502494,0.009429910702595024,0.3845407899472455
2019-09-25,256.0,-0.008320312499999982,0.004414062499999982,-0.011484374999999991,-0.005546874999999951,-0.021206087800498374,-0.009117187500002344,0.19411088642215968,-0.011488281250001009,0.280907454708319,0.0011347656250000338,0.33859799982957806,0.003337239583333318,0.3523690020693091
2019-09-26,246.35,0.044611325350111475,0.04915770245585538,-0.013436168053582276,0.039171909884311074,-0.5419779822277645,0.02910493200730424,-0.4710639067504985,0.028906028008929274,-0.4295582166841977,0.03979906636898711,-0.3891218354806928,0.043639807861443725,-0.38656359023907316
2019-09-29,244.98,0.005918850518409791,0.017511633602743215,-0.002857376112335608,0.00559229324842847,-0.23155980160554523,0.029610580455544877,-0.5633157519944962,0.03314148093721814,-0.5352264269430818,0.0426749122377339,-0.5124882367420356,0.04854818080387524,-0.5142038345386444
2019-09-30,242.85,0.007617871113856367,0.008956145768993284,-0.0032736256948733278,0.008770846201358928,0.0909126818670587,0.032480955322212735,-0.378250285780405,0.040341774758079874,-0.43047873454641217,0.04868849083796589,-0.442852098416188,0.05613890604625604,-0.46875865237997383
2019-10-01,236.44,0.020089663339536434,0.023092539333446238,-0.0029182879377431803,0.027110472001353303,0.8702298335945078,0.05291828793774056,0.3798526975598837,0.06293351378785195,0.14093067681516303,0.07377347318558636,0.08644075069024693,0.08225765521908301,0.022639927368604207
2019-10-02,239.62,-0.013271012436357643,0.0003755946915950936,-0.025603038143727552,-0.013271012436357643,0.012108903854563202,0.023804356898419643,0.4567075533186764,0.0412110842166753,0.16228740690614596,0.05477422585760805,0.09326216120483344,0.06444509362045436,0.043018895569483906
2019-10-03,244.44,-0.01566846669939448,0.0030273277695958,-0.01579119620356728,-0.019718540337096968,0.05160798927477672,-0.009785632466047578,0.5893473688892277,0.013680248731793965,0.23598938279135373,0.02881893307151051,0.15464927789002836,0.04004663721158552,0.10141830171256228
2019-10-06,245.58,-0.008876944376577933,0.0068613079240980035,-0.008876944376577933,-0.004642071829953687,0.1244387129961384,-0.015937779949510178,0.6367430886235117,0.005578630181609423,0.351509268156764,0.01929717403697362,0.304458860386444,0.03265602519206201,0.24401555826251387
2019-10-07,241.85,0.0071945420715320285,0.014392805457928537,-0.009137895389704442,0.015422782716559835,0.059081683032530474,-0.0002646268348178715,0.42805760430991935,0.018242712425055485,0.450960008777223,0.03187926400661567,0.38207493365062484,0.047002963269243914,0.30799228588020977
2019-10-08,248.79,-0.014711202218738673,0.0030547851601754328,-0.01925318541742027,-0.02789501185738974,-0.17103163744620398,-0.028956147755137773,-0.04340691176781908,-0.01415249809076069,0.20321149363464097,0.0009847662687407777,0.10446770825901153,0.015740182483218845,0.07698134234056919
2019-10-09,250.97,-0.012272383153364985,0.004422839383193322,-0.012750527951547963,-0.008686297166992096,0.07862951649295868,-0.0275491094553163,0.020869318124156377,-0.02502291110491428,0.3260244036926907,-0.008349603538271522,0.18423785819878136,0.005792192957989606,0.1682761861590627
2019-10-10,252.99,0.008182141586623892,0.012016285228664936,-0.0013439266374165593,-0.007984505316415702,-0.10347896961540648,-0.026340962093366338,-0.10624470686354426,-0.03479584173287642,0.20549856891028684,-0.016447290406735426,0.05710237504027904,-0.0032596808833025293,0.05058005572720203
2019-10-13,251.37,0.0040975454509288856,0.00958746071528016,-0.0009945498667303099,0.0064446831364124435,0.9783123241316829,-0.013263317022718546,0.7860775290538962,-0.025933882324861157,1.2675413834274298,-0.009527787723276449,1.086804626424196,0.0021349670472476934,1.0887262784014209
2019-10-14,253.45,0.0011836654172421301,0.010455711185638261,-0.0036890905504044502,-0.008206746892878258,-0.2647301129000773,-0.016792266719277027,0.2133172903540299,-0.031406589070824054,0.4392427302033348,-0.01728743341882022,0.5067281806842381,-0.007249293088709252,0.506422522225445
2019-10-15,252.3,0.0023781212841855748,0.0023781212841855748,-0.01553705905667857,0.00455806579468887,0.22832820587848812,-0.0031153388822861006,0.44956223592252864,-0.022790328973445795,0.551173083097281,-0.013337296868807025,0.8112113121001159,-0.0034139252212975757,0.8319432534570246
2019-10-16,253.0,0.0004743083003952986,0.00454545454545463,-0.0025296442687746667,-0.002766798418972316,-0.32333529499117253,-0.003098814229252178,-0.11762522068650694,-0.01922529644268911,-0.005551400018700026,-0.016539525691699586,0.20257155926131665,-0.007080368906456025,0.2160942109093842
2019-10-17,250.48,0.00570903864580008,0.010220376876397319,-0.005589268604279662,0.010060683487703725,-0.11520874122641245,0.008551580964544891,-0.23412968120672006,-0.004016288725648076,-0.13903056217466547,-0.007389811561801296,0.0615744848584141,0.0013347705738315785,0.07306705316141127
2019-10-20,251.42,0.002585315408479838,0.002585315408479838,-0.008630976056001827,-0.0037387638214938512,0.38054193259433444,0.002784185824513674,0.03806561415295051,-0.0053376819664319175,0.18567909528608229,-0.011558348580065214,0.4400849848841115,-0.004698645029565518,0.48555981039823815
2019-10-21,246.18,0.020838410918839756,0.0288000649930944,-0.0008936550491510653,0.021285238443415233,-0.10673921305835055,0.02416930701112685,-0.027446940449280866,0.01820619059224815,0.03645176131703698,0.009269640100739274,0.2854009221659899,0.015221924337205595,0.3198212678282091
2019-10-22,243.91,0.007092780123816089,0.012135623795662465,-0.010495674634086405,0.009306711491943842,-0.3294825288692973,0.027739740068054575,-0.3354003743502354,0.029457586814807257,-0.3088946071971549,0.01751465704563171,-0.13986702586047917,0.023827094693397832,-0.13983114671752794
2019-10-23,248.4,-0.011352657004830902,0.007004830917874294,-0.017644927536231925,-0.018075684380032264,0.32992953977880846,0.002407407407404305,0.01817927220834825,0.00888486312399217,-0.06164038530146265,-0.003025362318840541,0.16840813414199074,0.004235104669886969,0.14540334760375795
2019-10-24,249.27,-0.005295462751233715,0.0031692542223291653,-0.00595739559513786,-0.0034901913587676026,0.38032580219433876,-0.004781963332935235,0.4128762286524712,0.004332651341917071,0.2877021490338212,-0.00802944598226829,0.6225639933421319,0.00026477313756134713,0.5735459304272461
2019-10-27,248.59,0.004344502996902477,0.006637435134156711,-0.006798342652560407,0.0027354278128646214,-0.3750927045732204,-0.0030331067219145913,-0.18181343993205257,0.005583490888610321,-0.2342839975750638,-0.004728669697091625,-0.03562209769292557,0.002893653539294716,-0.03120233343693679
2019-10-28,256.22,-0.006322691437046446,0.007919366169697906,-0.016079931309031403,-0.029779096089298296,-0.047818299691232524,-0.034930918741709394,-0.16134846770028688,-0.02544688158613828,-0.22451921280780607,-0.03366247755834828,-0.13427219884184727,-0.027090000780579437,-0.07430637203731583
2019-10-29,254.65,0.006518751227174491,0.010367170626349953,-0.014333398782642837,0.006165324955821783,0.17321510984831878,-0.0210956214411967,0.04670618335640908,-0.018350677400354676,-0.050800088349623795,-0.025079520911054365,-0.033353830789843886,-0.02107860462072142,0.08244357756389364
2019-10-30,257.99,-0.013295088956936318,0.004612581883018718,-0.013295088956936318,-0.01294623822628782,-0.055368740663765625,-0.025442846621965054,-0.06443398064558026,-0.030148455366488358,-0.06882209196596745,-0.03417186712663267,-0.09404202117295568,-0.033757122369084236,0.020434716719707424
2019-10-31,258.8,0.004675425038639824,0.009969088098918055,-0.0035935085007727796,-0.0031298299845440303,0.11506307399142712,-0.02108191653787006,0.06323223087751373,-0.031255795981454115,0.0510723257487633,-0.03364567233384841,0.006022196975526306,-0.03661901081916563,0.1402758629013885
2019-11-03,256.34,0.015175157993290389,0.01642350003901094,-0.003940079581805311,0.009596629476476659,-0.029145284347131373,-0.004252165093238447,0.08363770272372428,-0.018713427479130296,0.009161930257677753,-0.02157096044316109,-0.030084978515877325,-0.02659098593014486,0.08995893012672518
2019-11-04,251.19,0.01898960945897521,0.02143795533261672,-0.008400015924200699,0.020502408535371552,0.12426955189960975,0.022333691627848262,0.1862844721110617,0.00336398741988031,0.15875035818388428,0.0006309964568655957,0.09133861963341738,-0.006118874159003251,0.23282854931409847
2019-11-05,253.39,-0.009076917005406582,0.00299932909743883,-0.01168159753739284,-0.008682268439954122,-0.23364553919686692,0.009487351513474351,-0.14435435933433438,-0.003370298748964995,-0.11106040195274425,-0.0062137416630489994,-0.1653603316060921,-0.014825631108831061,-0.056225552519063915
2019-11-06,255.59,-0.0028952619429555293,0.002073633553738352,-0.013204741969560674,-0.008607535506084063,0.14289930202469092,-0.00018780077468139034,0.005099157496635698,-0.008239758989006862,0.0012115258960523345,-0.013867913455142933,-0.04413570924763188,-0.023460750942264408,0.08956363201022377
2019-11-07,255.3,-0.001175088131609936,0.004700352526439522,-0.007745789267528447,0.0011359185272228345,0.7626460627879306,-0.0009322365844138814,0.748363181499222,-0.004296905601254508,0.7700115934954388,-0.011842929886408116,0.6827941849467614,-0.022405013709361654,0.9303373300383397
2019-11-10,255.07,-0.0055278943035245165,0.0078801897518328,-0.010585329517387332,0.0009017132551849549,0.2874071571935255,-0.002775708629007001,1.0744529589900904,-0.0010350099972565863,1.2479451839573912,-0.010499078684282459,1.1013005848458541,-0.02035388978189001,1.390504077686173
2019-11-11,255.13,0.0023125465448987637,0.007823462548504523,-0.0028024928467840216,-0.00023517422490493267,-0.1891737819151138,-0.004005800964217543,0.4818205269477098,0.001269940814485837,0.6967945553619941,-0.010006663269705451,0.69124983678188,-0.019265995113602274,0.8201848531461555
2019-11-12,258.62,-0.013726703271208729,0.004060010826695493,-0.015660041760111376,-0.013494702652540491,-0.05684797986321166,-0.014399505065350038,0.28222321677985596,-0.012663367102313083,0.4896322873457226,-0.02304152811074145,0.5741746590052355,-0.030917949114531162,0.6226802193500198
2019-11-13,260.0,-0.006807692307692292,0.0007307692307692015,-0.010653846153846125,-0.0053076923076922355,0.402675812149645,-0.015607692307695431,0.52268036242066,-0.016376923076923844,0.9846226118976948,-0.027011538461538365,1.2004374369334543,-0.03321794871794881,1.2287480224227245
2019-11-14,262.89,-0.00490699532123684,0.00030430978736362135,-0.011639849366655297,-0.010993191068507713,-0.4731372670890178,-0.023074289626843103,-0.34887678859207893,-0.02642550116018194,-0.038402176277597455,-0.03637643120696843,0.1251317442629647,-0.041261871251600746,0.1428206221022552
2019-11-17,264.08,-0.003332323538321691,0.0047712814298697115,-0.007459860648288297,-0.0045062102393214065,0.043769389925463864,-0.021728264162378053,-0.2635085947039293,-0.02926385943653531,-0.019907878304830984,-0.03836905483186881,0.15514894474783536,-0.04325330707866293,0.1790128891597138
2019-11-18,267.87,-0.008586254526449455,0.009631537686191072,-0.008763206032777027,-0.014148654197931876,-0.31055045358627886,-0.02884234890058912,-0.4356758906792373,-0.04010900810094564,-0.34620933178490465,-0.049611751969238505,-0.20477691286574828,-0.05448787347096229,-0.19396017002896115
2019-11-19,268.1,-0.0014919806042522632,0.016971279373368064,-0.00525923162998887,-0.0008578888474450874,0.04685251595544093,-0.020171577769491966,-0.30488224370331785,-0.03471092875792736,-0.2955128274805663,-0.04638194703468845,-0.15697503400956703,-0.052063906502548885,-0.15076758080703778
2019-11-20,264.39,0.014410529899012925,0.021029539695147426,-0.002080260221642316,0.014032300767805372,0.1470316875743276,0.0007488936797881429,-0.10098975716423064,-0.015601951662318148,-0.2038823992020562,-0.028425810355913295,-0.04717612306747998,-0.036327647288727394,-0.02844285878697206
2019-11-21,265.21,0.013724972663172741,0.01519550544851267,-0.0049394819199879425,-0.003091889446099283,0.10018444032701224,0.0009652728026816604,0.1089386028961774,-0.015327476339505819,-0.1360264294125343,-0.028415218129029363,0.04413948246972765,-0.03762050199213185,0.06397631397905745
2019-11-24,265.85,-0.004062441226255542,0.007297348128644021,-0.0041376716193343155,-0.0024073725785218603,-0.24988088095852445,0.0003009215723122072,-0.16076448305501967,-0.013970283994735322,-0.32879024126156964,-0.0277562535264243,-0.21141025864266028,-0.03840511566672944,-0.21168419286362172
2019-11-25,266.9,-0.0013862869988759963,0.0016110902959909357,-0.0068939677781939546,-0.003934057699512716,-0.5775147968567129,-0.0023079805170505008,-0.6186682494566126,-0.013810415886101102,-0.6912023407456946,-0.028347695766203995,-0.6674408627319846,-0.040379667790682916,-0.6602966170651507
2019-11-26,265.5,0.0053107344632770115,0.008926553672316428,-0.011148775894538554,0.005273069679849307,1.405238199413188,0.002222222222219239,0.1968428282802286,-0.004177024482110658,-0.06725337159623201,-0.021212806026365105,-0.13475136890667616,-0.033630885122410414,-0.12706708661484878
2019-11-28,264.65,-0.0009068581144906496,0.00923861704137563,-0.0021348951445304687,0.003211789155488365,0.18289732438894202,0.003476289438878899,0.42475018718716906,0.001621008879650887,0.15828489934705692,-0.01601927073493259,0.02729488615119391,-0.028864538069147794,0.04860977254975096
2019-12-01,262.19,0.0115183645447956,0.01701056485754604,-0.003165643235821247,0.009382508867614936,-0.4692040082637742,0.013089744078718768,-0.2428992091238854,0.012792249895112962,-0.3560794845392583,-0.005516991494717183,-0.4592779600537116,-0.01827173678121463,-0.4440725532843587
2019-12-02,264.0,-0.014962121212121149,0.00011363636363626028,-0.017234848484848575,-0.006856060606060588,0.46106704188023917,0.0038560606060578095,0.25853449783334814,0.005583333333331941,0.020439720006463435,-0.011693181818181575,-0.1776681396308022,-0.02352398989898985,-0.1693745694426716
2019-12-03,268.46,-0.017768010131863132,0.0019369738508532297,-0.019034493034343902,-0.016613275720777643,0.3133400260862318,-0.014199508306640185,0.6706896184161819,-0.011152499441258734,0.38787125882542184,-0.02668553974521315,0.09053952568020929,-0.03818445950979654,0.10582366404964527
2019-12-04,271.54,-0.00729174338955596,0.002209619208956237,-0.010311556308462921,-0.011342711939309247,-0.3342614448993969,-0.02423215732489037,-0.14045562192399075,-0.022151432569788354,-0.09023708777686101,-0.034545554982691073,-0.2733435111647564,-0.04635903857013102,-0.26311937093131355
2019-12-05,274.38,-0.002769881186675427,0.0049930752970333,-0.008637655805816769,-0.010350608644944859,-0.03179079549131225,-0.029929295138132028,-0.12945850026046257,-0.03101902471025697,-0.09704084577244942,-0.04123113929586675,-0.2892771571232443,-0.0528731443010908,-0.2853173249852071
2019-12-08,272.06,0.011504815114312894,0.011504815114312894,-0.000514592369330269,0.008527530691759155,0.44055217936651614,-0.014504153495555006,0.35302066443640223,-0.019084025582593145,0.35099633068137037,-0.02960192604572498,0.04387661083807659,-0.041613369599843075,0.04392816845393743
2019-12-09,271.66,0.0011043215784434235,0.006902009865272785,-0.0031473164985644786,0.001472428771258194,0.1326041340767321,-0.005786645071047425,0.3553518490021492,-0.015118162408894631,0.5468211756529111,-0.025088345726275385,0.20552616587465677,-0.03740582590983832,0.19251797945292726
2019-12-10,272.15,0.002204666544185274,0.0056953885724784215,-0.0034356053646885654,-0.0018004776777510445,-0.23831380329619833,-0.0019474554473659644,-0.025718481811294436,-0.014756568069080656,0.1562883459393667,-0.023795700900238415,-0.06344572419489058,-0.03631330761222351,-0.09991831435183451
2019-12-11,270.29,0.006659513855488353,0.008453882866550577,-0.00033297569277457306,0.006881497650671253,-0.280128074385961,0.007651041473969666,-0.26999745751109894,-0.006034259499057781,-0.26273907079015524,-0.013929483147730126,-0.3073530734779292,-0.027717143315204695,-0.3534875776599975
2019-12-12,271.2,-0.007817109144542811,0.0010324483775812077,-0.011098820058996983,-0.003355457227138481,0.20973978479214006,0.0033480825958676075,-0.08450917114284062,-0.007603244837759204,-0.07117974953255357,-0.015086651917403882,-0.12409569570760504,-0.029057276302851598,-0.20378197822323962
2019-12-15,272.61,0.0026044532482298877,0.005007153075822668,-0.004988811855764719,-0.005172224056344321,0.24809240166714486,-0.004174461685194086,0.12208426843055542,-0.010333443380655005,0.19538286958135775,-0.018126627783280003,0.1355891112498524,-0.03246395950258618,0.000715679822711035
2019-12-16,271.56,0.009095595816762225,0.009095595816762225,0.0,0.003866548828988181,-0.29947309473360695,8.101340403321444e-05,-0.20521645079213102,-0.0026697599057310395,-0.2095861887579752,-0.012540506702018006,-0.19608857800591628,-0.027027790052536083,-0.29738373656509776
2019-12-17,269.45,0.010725552050473208,0.01156986453887554,-0.0020411950269066947,0.007830766375951148,0.04833757863515453,0.007838188903318777,-0.07872890025100054,0.007945815550193691,-0.15052136354426837,-0.003419929485989903,-0.13155474704465664,-0.01752582420981008,-0.2519761461746949
2019-12-18,272.48,-0.012918379330593255,0.00014679976512033122,-0.013578978273634967,-0.011120082207868531,0.019881464461771747,-0.005350851438640558,-0.019253336063227433,-0.002899295361128762,-0.0968560720237045,-0.014212052260716423,-0.10285359236994607,-0.026217214719123083,-0.22442610612842262
2019-12-19,271.66,0.00309210041964203,0.008282411838327342,-0.004270043436648829,0.003018478981079209,-0.19202078665798006,-0.0007362143856319836,-0.2287258419944408,0.0004564529190886901,-0.2686253295782012,-0.010430317308400272,-0.26525763263288815,-0.020935483079339456,-0.3688954764817488
2019-12-22,271.37,0.005711758853226279,0.007609536794781935,-0.0017319526845267497,0.0010686516564102355,0.8354046754668252,0.0006706710395374404,0.5054229117741322,0.0005232708110682882,0.3758766266017681,-0.0080333124516343,0.39146412432925803,-0.01791526943533439,0.1834181737078553
2019-12-23,272.5,-0.002422018348623989,0.0020183486238531945,-0.005321100917431099,-0.004146788990825656,1.8373128137496808,-0.004388990825690664,3.2085217604015996,-0.0038788990825701086,2.8920198566323494,-0.01101651376146795,2.9638886082276863,-0.020022018348623938,2.394204227998525
2019-12-25,273.56,-0.0008407661938880651,0.0028147389969293,-0.004130720865623605,-0.003874835502266416,-0.17426833820010101,-0.007559584734612934,1.8973069576481434,-0.007431642052933007,2.0808984126287133,-0.013633206609153459,2.175698399455508,-0.02169542330750107,1.7929611902723197
2019-12-26,274.29,0.0005468664552115143,0.0020780925298042874,-0.006926975099347477,-0.0026614167486966878,-0.3450734198765695,-0.007204054103324031,0.5643670591212622,-0.009559225637100877,0.8980125156013645,-0.015044296182872174,0.8975915663482168,-0.0220593775444482,0.8209153663133235
2019-12-29,271.94,0.008972567478120252,0.010296388909318166,-0.003419872030595017,0.008641612120320774,0.2712884680419343,0.002706479370446546,0.6644641665676498,0.0004706920644246271,1.2129135628695993,-0.004916525704199426,1.36231032181996,-0.011687627172660697,1.3167127018801015
2019-12-30,273.05,-0.0056399926753342156,0.0009155832265153041,-0.008057132393334498,-0.004065189525727986,-0.15330562842925577,-0.0011646218641303552,-0.027646089197409074,-0.0033253982787048164,0.729368591306232,-0.007626808276872343,0.9611480509832144,-0.014247695782213299,0.9652801832547844
2020-01-01,277.84,-0.011769363662539556,0.00021595162683563096,-0.014828678376043625,-0.017240138209041023,-0.41323034587982077,-0.01717535272099313,-0.5059221418484159,-0.02034984163547482,-0.03422480144945317,-0.02278109703426412,0.09016147415550746,-0.03002327478644773,0.1454504944275674
2020-01-02,276.91,-0.008522624679498825,0.004658553320573411,-0.010400491134303746,0.0033584919287852344,0.8617042860765913,-0.010017695280057803,0.16499010905401978,-0.014791809613233009,0.6980892721278216,-0.017000108338449227,1.0080677149378645,-0.02510924126972669,1.1458977653788711
2020-01-05,279.04,-0.012327981651376163,0.00010751146788989807,-0.015302465596330417,-0.007633314220183429,-0.33248311316016677,-0.015173451834865181,-0.19165572854651847,-0.01963876146789123,0.018103820912030555,-0.022989535550458573,0.3155607785157639,-0.03147099579510715,0.4075720382900041
2020-01-06,280.98,0.007616200441312504,0.020321731084062877,-3.558972168837826e-05,-0.00690440600754505,-0.30893326085040573,-0.018592070610010447,-0.411649732751702,-0.024072887750019034,-0.35074036318938395,-0.028400597907324188,-0.11675607440991276,-0.03686027475265152,-0.035331709486970175
2020-01-07,285.01,-0.010806638363566101,0.006315567874811467,-0.013631100663134554,-0.014139854741938795,0.2573633969006752,-0.026125399108805736,-0.11605188162078095,-0.034602294656328914,-0.24997979809866766,-0.0409810182098872,0.0949238309865783,-0.04853864776674499,0.22076637775986407
2020-01-08,289.58,-0.01346778092409684,0.004558325851232725,-0.01346778092409684,-0.015781476621313573,-0.2339039639620688,-0.033234339388081735,-0.2666727270814895,-0.045127425927205866,-0.4289733156429324,-0.05387975688928781,-0.16462681117500422,-0.06127494992748128,-0.06297326956374527
2020-01-09,288.94,0.005883574444521367,0.006818024503357112,-0.0029417872222607944,0.0022149927320549434,0.556510299422905,-0.022966705890498762,0.19520876576487023,-0.03710112826192402,0.00047956779259661353,-0.04868311760227029,0.32071865005349975,-0.05645808818439835,0.4611267874648939
2020-01-12,294.24,-0.018624252311038703,6.797172376282745e-05,-0.019711799891245274,-0.018012506797172367,-0.12548448125990697,-0.03238852637303147,0.09916224369790871,-0.04921832517672753,-0.08419225852635892,-0.06296560630777592,0.13284205143938244,-0.07095681529816944,0.20498723389749607
2020-01-13,290.17,0.012682220767136432,0.014095185580866199,-0.0009304890236758734,0.014026260468001484,-0.2256340203124072,-0.008339938656652168,-0.13430595315871785,-0.029007133749182623,-0.2684663538635148,-0.045695626701588776,-0.15490657480548786,-0.05462430069729274,-0.0739066737938271
2020-01-14,294.38,-0.014878728174468336,0.006012636728038423,-0.014878728174468336,-0.014301243290984367,0.1700193740809819,-0.016278279774443627,0.009290108100144856,-0.03670086283035634,-0.07777577026101734,-0.0561213397649295,-0.021255988962981753,-0.06525465951038345,0.09008509091425698
2020-01-15,298.19,-0.006707133035983803,3.353566517994011e-05,-0.013984372380026255,-0.012777088433549078,0.34795217559096714,-0.02256279553305196,0.37535491751376027,-0.04185586371105765,0.2972159879302443,-0.06453100372245868,0.31268179882324887,-0.07359960651486208,0.43187557060944526
2020-01-16,296.79,0.008861484551366372,0.008928872266585675,-0.00464975235014653,0.0047171400653660545,-0.6633915816680442,-0.012150005054081148,-0.5816372706382484,-0.030479463593787948,-0.5759761984238224,-0.055631928299471056,-0.5768750425658752,-0.06538966946325697,-0.5257910246051078
2020-01-20,296.2,-0.004861580013504341,0.004692775151924344,-0.00739365293720462,0.0019918973666441797,0.6505859396684763,-0.004881836596896338,-0.09801832483984507,-0.021836596893991533,-0.17609513262054644,-0.049135719108710285,-0.2750632848149752,-0.060339860454647676,-0.1861275105752257
2020-01-21,297.42,0.004976128034429372,0.007296079618048346,-0.0018156142828323896,-0.0041019433797324645,0.48515671858671916,-0.0076457534799299065,0.4350671621641118,-0.02007934906865816,0.2808304941164832,-0.049048483625849015,0.06935980039944845,-0.061430524734942704,0.20498389908121362
2020-01-22,297.19,-0.009421582152831509,0.0025236380766513467,-0.009421582152831509,0.0007739156768398203,0.15954432636614269,-0.001998721356710309,0.5941321204980241,-0.013789158450823735,0.4479195819446551,-0.04397859954910999,0.18092407391252907,-0.05811994571374113,0.37211116116791976
2020-01-23,294.83,0.013024454770545812,0.014618593765898913,-0.005121595495709341,0.00800461282773135,-0.0112284806163081,0.007896075704640904,0.5189380029066677,-0.0017637282501790086,0.4100531707489987,-0.031947223823898474,0.15405976392187437,-0.04773937523318539,0.34589104328886666
2020-01-26,293.13,-0.007266400573124554,0.0027291645345068893,-0.010643741684576824,0.005799474635826973,-0.09370207917484086,0.011448845222253867,0.3863874872568085,0.005816531914166756,0.22602256080322802,-0.02252413604885195,0.07109961963179678,-0.03958198296546489,0.214961934623501
2020-01-27,297.28,-0.010730624327233595,0.003868406889128151,-0.013051668460710375,-0.013959903121636086,0.045172092690089816,-0.005133207750271485,0.12559341535045299,-0.006815123789021271,0.2902114447906594,-0.03287809472551129,0.14625326814942152,-0.05063688554000745,0.2566209871900482
2020-01-28,297.31,0.005415223167737349,0.011452692475866888,-0.0010090477952305887,-0.000100904779523181,0.15866640903308293,-0.004507080152032494,0.16215198392988905,-0.005892839124147509,0.48398241002384834,-0.029109347146076603,0.34096490693419046,-0.04770665859428458,0.4172681503075826
2020-01-29,299.86,-0.010738344560795143,0.0008003735076369534,-0.01524044554125259,-0.008503968518642102,-0.16865557878258952,-0.01304608817448405,-0.07680654276439558,-0.011965583939172686,0.18069535199378173,-0.03313546321616745,0.12688249480626035,-0.05290246559505585,0.1527879089092985
2020-01-30,293.73,0.01627344840499778,0.020971640622340137,-0.003608756340857222,0.02086950600891968,-0.24435789170117417,0.009369148537770045,-0.28761306415991383,0.010519865182309296,-0.12017668273441129,-0.008393762979607144,-0.13701530984243726,-0.030044598781194143,-0.13590284187541568
2020-02-02,295.67,-0.0034497919978355718,0.005749653329725657,-0.004701187134305229,-0.0065613690939222424,0.20173616278067996,0.0020022322183490537,-0.06926343778635824,0.002381032908308711,0.09910245063870105,-0.012212940102140912,0.04326749868813695,-0.03390942604931213,0.02326041071106899
2020-02-03,297.92,0.003524436090225569,0.009965762620837815,-0.0003692266380236342,-0.007552363050483346,-0.22804657500496905,-0.0038600966702496686,-0.2682716658643183,-0.005565252416757205,-0.25411506508091375,-0.016524570354457535,-0.17839765598371826,-0.03827201933404989,-0.22501639335176848
2020-02-04,294.77,0.016283882348950174,0.018946975608101324,-0.01055059877192377,0.010686297791498545,-0.011517119173833246,0.0072191878413654376,-0.2124943971983002,0.005645079214301907,-0.2715134885583319,-0.0028123621806830368,-0.17153156693181604,-0.025117888523255805,-0.24039839157258935
2020-02-05,295.52,0.004940443963183716,0.011403627504060765,-0.010997563616675698,-0.0025378992961558877,-0.3303461237729287,0.0029439631835386226,-0.41586499426954016,0.0021961288576062277,-0.49374276813974416,-0.0030099485652407276,-0.44380029785384145,-0.024985336581844875,-0.5016676446718062
2020-02-06,295.48,0.0055164478137268436,0.007242452957898937,-0.0025043996209557218,0.00013537295248400305,0.4113420396947385,0.00014214160010594945,-0.0242952528278495,0.0017666170299164285,-0.20344665441459409,-0.0010965209151210242,-0.18044231723736714,-0.02212896529940034,-0.2747515989943228
2020-02-09,296.56,-0.0071823577016455475,0.0007755597518208646,-0.009492851362287613,-0.003641758834637132,0.27993923636997864,-0.0023199352576231957,0.2829745260861589,-0.0016623954680343722,0.07105241992692823,-0.003739546803344984,0.05283900981670597,-0.023107184605701492,-0.04039052350042116
2020-02-10,294.12,0.01040391676866581,0.01346389228886169,-0.005247178022575794,0.008295933632531005,-0.21565996572269408,0.006561947504417409,0.01835692910494835,0.0077859377124973594,-0.14768621096845436,0.005820753433972703,-0.165305320353887,-0.012396300829593754,-0.23195635810003357
2020-02-11,303.83,-0.027910344600598935,0.0010203074087482555,-0.03011552512918403,-0.03195866109337453,0.07868039515664749,-0.02810782345390761,0.11188398217956985,-0.025461606819603966,-0.0410693328501297,-0.026343679031036737,-0.08307858100199017,-0.04178323404535467,-0.153294259076189
2020-02-12,301.35,0.001891488302638189,0.008196449311431708,-0.012444001991040343,0.008229633316741092,0.16199816452305593,-0.014096565455453125,0.2865559753836422,-0.015277916044467599,0.16196751401261378,-0.016064376970300165,0.06746714842753998,-0.030370001659201007,0.00640358756080861
2020-02-13,307.65,-0.019242645863806196,0.00016252234682267996,-0.023078173248821554,-0.020477815699658564,0.13545442165204813,-0.030495693157811643,0.28462052929694415,-0.03495855680156135,0.33933805097269776,-0.035080448561676913,0.21439638258273108,-0.04715965111869591,0.15884870096790626
2020-02-17,306.74,0.000619417095911734,0.007139597052878699,-0.008019821347069245,0.002966681880419708,-0.06846093054768554,-0.019684423290085462,0.11679141189040476,-0.02755754058812121,0.22545037489346154,-0.03067581665253938,0.14021471213688796,-0.04109343417878375,0.07607385042538661
2020-02-18,311.16,-0.009705617688649082,0.005720529631057847,-0.012790847152590379,-0.014204910656896774,-0.21428054589969792,-0.027066460984704888,-0.1287784593484289,-0.037813343617432715,-0.03398553442588104,-0.04284612418048572,-0.15263846106137968,-0.051519047006899465,-0.14287358324694743
2020-02-19,303.41,0.022016413433967097,0.022922777759467383,-0.00952506509343809,0.025542994627731463,-0.29556441944663037,0.009017501071155287,-0.3921534626301,-0.008872482779078927,-0.3178828569006328,-0.015932236907155173,-0.40534349080465215,-0.023763224679477335,-0.3880899366519006
2020-02-20,293.25,0.027860187553282234,0.029428815004262532,-0.005439045183290747,0.034646206308610594,-0.09769234595850806,0.043689684569477416,-0.39383749557682435,0.02841261722080013,-0.3571112932004644,0.019183290707587508,-0.44109059790071625,0.012609263995452702,-0.4378490085046991
2020-02-23,290.9,-0.02093502921966306,0.006290821588174733,-0.026057064283258824,0.008078377449295404,0.043319747662984076,0.04655207975248987,-0.26914012695192,0.035940185630799926,-0.32280546704087654,0.026739429357167888,-0.38519968193471443,0.021733700011458135,-0.39536215179783274
2020-02-24,282.63,0.030499239288115154,0.03605420514453517,-0.005944167285850788,0.029260871103562902,0.4025786017534052,0.06532215263772168,0.16944740127652747,0.06463220464918673,-0.00719176341802763,0.05608746417577781,-0.09662607527583233,0.05178619868143208,-0.13566495757956998
2020-02-25,282.77,0.0033596208933057703,0.023234430809491835,-0.00502174912473019,-0.0004951020263818107,-0.016763405457526304,0.04774198111539163,0.20277778528039847,0.059178837924814154,-0.00023140332918281104,0.05370796053329596,-0.09413571160406331,0.05052162534922289,-0.1366270888421326
2020-02-26,267.15,0.0363091895938612,0.038293093767546305,0.0,0.05846902489238248,-0.3613040926265272,0.08774845592363567,-0.2208730551323116,0.11685944226090106,-0.3584279073337959,0.11260153471832335,-0.40875979145489494,0.11051344438205679,-0.4413346495705337
2020-02-27,265.91,-0.021398217441991663,3.760670903685259e-05,-0.033507577751871076,0.004663231920574384,-0.21229392081259657,0.06554849385130002,-0.35936656871571004,0.10827347598811499,-0.46029164472678474,0.11211876198713844,-0.5079892310566814,0.11280633798402873,-0.5479784621133627
2020-03-01,289.31,-0.06311568905326459,0.006774739898378845,-0.06944108395838366,-0.08088209878676844,-0.0730205896403402,-0.03953544640697082,-0.3549527653502771,0.006384155404236536,-0.44244936827848214,0.016300853755487177,-0.5121719719769524,0.019520007373865722,-0.5614151321979215
2020-03-02,280.14,0.03458984793317632,0.06246876561719139,-0.008852716498893298,0.03273363318340827,0.16199543036800024,-0.009231098736348642,-0.16752692452935136,0.0327800385521515,-0.27220355207653324,0.04877918183765284,-0.39750494360412525,0.05183598676851986,-0.4613994046695531
2020-03-03,296.06,-0.03725596162939959,0.0006079848679321209,-0.04772681213267582,-0.05377288387489032,0.8351890104517823,-0.06418969127879737,0.6992134973313171,-0.03174018779977139,0.4477001915219956,-0.010239478484090903,0.16315481450839564,-0.006598887612872195,-0.003638447839132364
2020-03-04,278.42,0.03907765246749517,0.039724157747288213,-0.012427268156023352,0.06335751741972562,-0.1944419500130372,0.0046476546225098225,0.36969795981957865,0.024182889160260235,0.17349523575622583,0.05213526327131701,-0.0585233278624141,0.056323779421975084,-0.1965070326736854
2020-03-05,271.06,-0.00800560761455038,0.004611525123588978,-0.026045893898029915,0.027152659927691447,-0.2737964616197508,0.040242012838483054,-0.0422614677187132,0.04277281782631048,-0.15071441338982483,0.07768759684202808,-0.3062797508559172,0.08266927371553545,-0.4050002848146642
2020-03-08,242.51,0.030225557708960515,0.06709001690651917,-0.0023215537503608052,0.11772710403694697,-0.3580233743182112,0.16695394004370634,-0.4052361075487987,0.15638530369881543,-0.44431998418207164,0.19951754566822033,-0.5477558692408127,0.2065371874699311,-0.6036597706181812
2020-03-09,259.17,-0.02569741868271802,0.0010032025311570436,-0.05206505382567439,-0.06428213141953165,0.2815794653601096,0.0558243623876189,-0.18672149655470882,0.06337924914148907,-0.22570534009624654,0.11219083998919643,-0.37922353198986536,0.12224923152113654,-0.45845735293341294
2020-03-10,240.36,0.04389249459144606,0.05995173905807949,-0.013022133466467078,0.07825761357963046,-0.09600230942226162,0.12100183058744896,-0.24369605735688604,0.13683641204859254,-0.25218566773245654,0.1914503245132304,-0.40978591386825014,0.20536417595828338,-0.4894084666934112
2020-03-11,221.46,0.012507902104217372,0.04483834552515131,-0.035175652488034004,0.08534272554863187,-0.2713644503023863,0.16636864445046196,-0.366608553252758,0.21470694482073394,-0.41378141621162,0.2809943104849637,-0.5485354057162906,0.29966585387880285,-0.6100175489878197
2020-03-12,248.1,-0.041797662232970545,0.007335751713018812,-0.09036678758565087,-0.10737605804111239,0.366413619403962,-0.004788391777512002,0.0312067899205426,0.06586054010479536,-0.1297942788589368,0.12684602982668314,-0.33381612163955543,0.14992207443235106,-0.42905294036536323
2020-03-15,222.16,0.002025567158804531,0.045732805185451975,-0.05613071660064817,0.11676269355419522,0.10126757869627157,0.09074540871443659,0.19279056006750683,0.182296543032048,-0.02584743115648014,0.2464350018005046,-0.22931980933299545,0.2764238986916321,-0.3444307685210428
2020-03-16,227.66,0.00421681454801015,0.015922867433892707,-0.03298778880787134,-0.024158833347975084,-0.0364724875139677,0.04651673548273427,0.09720275834820136,0.12423789862074908,-0.06304609799914807,0.1975467802863924,-0.2245519227563726,0.23510790945561943,-0.34885362069213877
2020-03-17,193.08,0.10265175056971199,0.13175885643256668,-0.036383882328568484,0.17909674746219184,-0.24019947572305023,0.20130515848352637,-0.15951106260951264,0.2984048062979061,-0.276215852752149,0.39154495545887746,-0.3853033003367672,0.4445704716525083,-0.4879174262631465
2020-03-18,207.78,-0.07214361343728948,0.01992492058908457,-0.10126094908075844,-0.07074790643950324,0.3158737423474576,0.07080565983251175,0.15790372571609157,0.15698334777168044,0.03803904189258711,0.26468139378188504,-0.1462424192110332,0.3255510636249863,-0.2959135827348994
2020-03-19,208.79,0.0106326931366445,0.02974280377412719,-0.017625365199482657,-0.004837396427031848,-0.13910530544402622,0.05252167249388995,-0.0805812267922692,0.117553522678288,-0.06938205530958874,0.23566262752047562,-0.24750111057029112,0.30525089004901096,-0.377014330076369
2020-03-22,192.05,0.0561312158292111,0.1040354074459775,-0.003801093465243488,0.08716480083311628,0.4229305435996078,0.10332725852642155,0.3329382672363179,0.18254100494662717,0.37026362061254514,0.32137984899765737,0.10162192590374675,0.40396945239954674,-0.09129420502934893
2020-03-23,218.66,-0.07262416537089544,0.003384249519802429,-0.08579529863715352,-0.12169578340803067,-0.05095839630074528,-0.058483490350318745,0.2308330785933761,0.015553827860604441,0.2530772945611943,0.1379699076191354,0.056298553077043456,0.2173450410073463,-0.12290479375152785
2020-03-24,227.19,-0.03107531141335451,0.03305603239579202,-0.04338659271974998,-0.037545666622650686,0.34222707650699546,-0.10175623927109778,0.6084783358278962,-0.04040670804172852,0.6671406336382673,0.08116554425811051,0.44984182640538295,0.16020951626391833,0.2042383813400266
2020-03-25,244.95,-0.05478669116146151,0.0065319452949581525,-0.059359052867932194,-0.07250459277403554,-0.2845843851452404,-0.13903245560318733,1.6468385695134202e-05,-0.1153582363747715,0.14632563786571096,-0.008569095733822918,0.04749866581958995,0.06698101653398503,-0.13082435065580122
2020-03-26,239.75,-0.0027945776850886173,0.02827945776850882,-0.012429614181438953,0.021689259645464087,-0.018558098880272156,-0.08935140771637418,-0.041381611982085786,-0.0863733055265915,0.06437043837270062,0.008304483837330956,0.03792918815925406,0.08193673965936576,-0.12898176278946316
2020-03-29,246.99,-0.022592007773594158,0.006639944937042008,-0.03230900036438733,-0.029312927648892706,0.16061214582652283,-0.09097534313130373,0.04928985762617688,-0.11653508239200083,0.21647814434858836,-0.02654763350742917,0.20490332009366785,0.041908579294706705,0.03487710631486651
2020-03-30,245.05,-0.00448887982044488,0.012772903489083776,-0.018598245256070234,0.007916751683329837,-0.33427116809937063,-0.03893899204244322,-0.3065246703492074,-0.09940828402366997,-0.20513375053003036,-0.027476025300958717,-0.2060565454535479,0.04190573352376892,-0.29749452944234234
2020-03-31,234.33,-0.001578969828873844,0.02180685358255441,-0.00392608714206466,0.04574745017710069,0.09865034253072902,0.027550889770832976,-0.178384125242794,-0.0507873511714263,-0.10984264568570878,0.009527162548542911,-0.11202175652088553,0.08079489039673216,-0.20175216372587101
2020-04-01,241.34,-0.033148255573050456,0.0014916715007871062,-0.046531863760669534,-0.02904615894588547,0.9849117081680627,0.003621446921352911,0.7912045451178837,-0.06126626336289187,0.7224526293839681,-0.032584735228308515,0.819383694868169,0.03879036490704513,0.6248937919016349
2020-04-02,238.8,-0.001968174204355133,0.011222780569514201,-0.011641541038525993,0.010636515912897826,-0.2160784135074466,0.011273031825792534,0.3016781583937844,-0.03722780569514372,0.2839408808031436,-0.030058626465661598,0.424169295069857,0.04117532104969124,0.2712963186276742
2020-04-05,255.83,-0.0297072274557324,0.005746003205253425,-0.04639799867099248,-0.06656764257514758,0.04118658893348459,-0.056787710589065954,0.28847418171131123,-0.08958683500762354,0.2659139810447477,-0.10093030528085056,0.4756991963944006,-0.03522782055792406,0.3253335491038316
2020-04-06,256.06,0.034366945247207736,0.035850972428337124,-0.0012497070998984672,-0.0008982269780519747,0.25976000253072895,-0.050730297586506046,0.57657025292059,-0.06549636803874215,0.5657677892090183,-0.09913692103413263,0.805873078081192,-0.04065974120648941,0.6717127958424185
2020-04-07,261.51,-0.007686130549500958,0.0022178884172687763,-0.024033497762991796,-0.020840503231233987,0.27176903666187613,-0.06209322779243909,0.6890547808549745,-0.07067033765439301,0.9108221412133011,-0.118505984474781,1.2449892306809742,-0.06403961607586839,1.1322629576401817
2020-04-08,283.55,-0.0726503262211251,0.00469053077058712,-0.0726503262211251,-0.07772879562687363,-0.5147692473430032,-0.11582436959972053,-0.33526590935464595,-0.1308023276318121,-0.09935506890893497,-0.1832939516840062,0.05173619860117906,-0.13928995474049377,0.03296788443201182
2020-04-12,268.44,0.04120101326180903,0.04459097004917312,-0.003985993145581901,0.0562881835791984,-0.05365767713639613,-0.03460736104902662,-0.30176022825629567,-0.06749739234093377,-0.15234605871304785,-0.12575808374310815,-0.0377274608881879,-0.08880569214722212,-0.017356122471088864
2020-04-13,277.34,-0.006273887646931375,0.005949376216918045,-0.021958606764260424,-0.03209057474579935,0.11392479350873952,-0.044212879498091495,-0.17007875516085247,-0.08707723372034415,-0.05708762149963309,-0.15014603014350603,0.062095125076121915,-0.11774236196245391,0.09432944549751121
2020-04-14,273.25,-0.011161939615736527,0.006111619396157453,-0.022360475754803377,0.014967978042085939,0.62053494508942,-0.014162854528822266,0.4034179620557179,-0.06230558096980887,0.5327116742184281,-0.12732845379688917,0.7058040696141283,-0.10599695028972367,0.7620473394682004
2020-04-15,274.55,-0.0013476598069568357,0.005809506465124681,-0.013330905117465042,-0.004735020943361867,0.2541914326388792,-0.006308504826081585,0.7465617317514093,-0.05647423055909773,0.7512685444656668,-0.12315789473684202,1.0766533755303676,-0.1110665938201919,1.1811948494006854
2020-04-16,282.59,0.0003184826073110436,0.014260943416256833,-0.015228776672918332,-0.028451112919777644,-0.5268017262706506,-0.02535121554195363,-0.17727963935237367,-0.06908595491701852,-0.2516727416000073,-0.13369015181004262,-0.07180752632012977,-0.1388949833091534,0.029718195173650264
2020-04-19,279.17,-0.004728301751620867,0.00537307017229649,-0.00959988537450307,0.012250599992835731,0.7674946944550254,-0.014098936132108442,0.44926136967275343,-0.042905756349178925,0.3857105932104572,-0.10967869040369649,0.6239966430605544,-0.1278480256952168,0.8390208473151826
2020-04-20,267.23,0.015043221195224943,0.023650039291995606,-0.004902144220334526,0.04468061220671338,-0.17690355329949237,0.03798226247052838,0.045784455914345434,0.014964637203905617,0.10349768587638097,-0.056730157542191906,0.27751538305677603,-0.08786812857837956,0.49588509007663983
2020-04-21,276.01,-0.011956088547516397,0.005036049418499333,-0.02394840766638895,-0.03181044165066471,0.6644641727157594,-0.002362233252420798,0.6077859122629361,-0.01319155103076064,0.8123265702421028,-0.0731169160537658,1.0922234953002121,-0.11389804717220509,1.4280269943812
2020-04-22,279.56,-0.009908427528974029,0.006224066390041472,-0.012626985262555568,-0.012698526255544462,-0.3426013604775382,-0.013056231220491932,-0.0005149487414212173,-0.018586349978538586,0.1575657382303055,-0.07462977536128157,0.3269871706233005,-0.12314231888205396,0.5579235846251296
2020-04-23,283.94,-0.004684088187645208,0.0020779037824891766,-0.0125378601112911,-0.015425794181869401,0.5072550561145612,-0.024751708107349057,0.5808535111833393,-0.027368458124956807,0.777435720202825,-0.07968232725223579,0.9841663896554331,-0.13206663379587347,1.2981050379695929
2020-04-26,291.19,-0.016243689687145957,0.002953398124935669,-0.020605103197225194,-0.024897833029980387,-0.136231051801617,-0.04810604759779069,0.12374415488528534,-0.05145094268347217,0.4115513747223667,-0.09590130155568488,0.6468117728738063,-0.1465240335634248,0.894892709165727
2020-04-27,295.83,0.014095933475306799,0.04252442281039803,-0.011222661663793376,-0.015684683771084673,-0.3675885302751756,-0.054909914477911825,-0.311158198943262,-0.05863840719332136,-0.18449384129906055,-0.1013876212689716,0.0020492013936759257,-0.15505526822837556,0.16438776397434984
2020-04-28,294.42,0.03002513416208119,0.031825283608450494,-0.003396508389375774,0.004789076829019745,0.1741432183662983,-0.030955777460772715,-0.1679347841413965,-0.04785001018952617,-0.07307177952139465,-0.08878982406086511,0.1633942546376279,-0.1426680705568022,0.3476090695903178
2020-04-29,292.88,-0.012325867249385447,0.007579896203223191,-0.014920786670308717,0.005258126195028856,-0.08567825979330401,-0.013288718929256649,-0.17257555129236546,-0.035615269052172494,-0.14456427790498583,-0.07557019939907084,0.01073617385564285,-0.13056200491669057,0.2069356774002793
2020-04-30,286.06,0.0056281898902328376,0.010382437250926246,-0.0068866671327694196,0.02384115220583083,0.6567074660683743,0.019548346500731784,0.40926829351646643,-0.0062154792700842565,0.47256993511852774,-0.04329686079843342,0.6085002503327803,-0.0982043394159745,0.9333336750845691
2020-05-03,285.77,-0.008643314553661963,0.008258389614025363,-0.016446792875389304,0.0010148021135878427,-0.03247027002898184,0.0220666969940837,0.36901502989943147,-0.003992721419324274,0.2959666766414102,-0.03450152220316982,0.5321026235779791,-0.08815830912972089,0.8135248428977897
2020-05-04,295.41,-0.019599878135472815,0.010646220507091853,-0.02396669036254706,-0.032632612301547126,0.13410764123588015,-0.01495548559629245,0.5325926502311391,-0.03426085779086818,0.4384584591528988,-0.058058291865542455,0.6893220790251557,-0.10922785281473324,0.9769169183057975
2020-05-05,289.36,0.018869228642521385,0.02792369366878633,-0.0015205971799834295,0.020908211224772044,0.16879019975236398,0.0053497373513937685,0.5688416992647622,-0.004330246060272214,0.5926367750347896,-0.031524744263201177,0.9150874395976463,-0.07869666390194585,1.2529489132141904
2020-05-06,295.58,-0.0034846741998780795,0.007409161648284757,-0.008999255700656184,-0.021043372352662515,-0.2969136401665904,-0.019229988497194372,-0.029525112593352776,-0.020765951688207274,0.10326524574857054,-0.04627173692401354,0.3158721959517239,-0.09011096826578369,0.5358800822371885
2020-05-07,297.65,0.00789517890139435,0.00789517890139435,-0.00628254661515204,-0.0069544767344196234,0.4940332315851992,-0.02423651940198468,0.3023533284531059,-0.022193851839409695,0.6004423281446389,-0.04718125314967225,0.9634127981657712,-0.0887798868917643,1.2647882012065517
2020-05-10,300.68,-0.022083277903418908,0.008638752161766572,-0.026722761740055945,-0.010077158440867429,-0.2882003301695498,-0.026360250099776272,-0.12240917265081908,-0.027487694559000686,0.11721092754703677,-0.0544382732473061,0.3198325802791284,-0.09212008336659239,0.556536032585468
2020-05-11,299.21,0.019217272149995024,0.026603388924167026,0.0,0.004912937401824857,-0.07935546547955419,-0.011610574512886163,-0.1904120851353981,-0.019538117041543734,0.021320808511729572,-0.04440526720363602,0.15089191835232318,-0.08087185143099151,0.389348722350531
2020-05-12,294.4,0.011345108695652195,0.02744565217391326,-0.008186141304347694,0.016338315217391264,-0.2021844046745056,0.00711956521738899,-0.32291217850738363,-0.002370923913044609,-0.23066139922252038,-0.02507812499999973,-0.1208636522283335,-0.05994225543478371,0.08392504824144376
2020-05-13,300.12,-0.029021724643475855,0.0004664800746367881,-0.033453285352525675,-0.019059043049446944,0.30176717530043695,-0.00871651339464452,-0.0012189036603927894,-0.021391443422631995,-0.007208295438433265,-0.04013561242169783,0.14609590484404533,-0.07237771558043571,0.354464077984767
2020-05-14,303.14,-0.015669327703371372,0.004915220690110189,-0.01916606188559744,-0.00996239361351181,-0.362289381305947,-0.015596753975063549,-0.36521247828808445,-0.0287523916342296,-0.39998286525848736,-0.045480636009764375,-0.26948537327509847,-0.07438477271227917,-0.17300054301644385
2020-05-17,311.63,-0.0018611815293777534,0.014841318229952272,-0.0032410230080544,-0.027243846869685284,0.08863917180409753,-0.03889227609665569,-0.18571573076237013,-0.04973205403844405,-0.3015866938729339,-0.06818823604916069,-0.22449189467868025,-0.09299168886179232,-0.09522605058103362
2020-05-18,311.09,0.0021537175736925374,0.019929923816259132,-0.0013500916133593055,0.0017358320743194877,0.4645975724277236,-0.030184191070110833,0.29107912190669327,-0.03976984152496155,0.07299984946152627,-0.06135362756758478,0.14756059970067548,-0.08361353091817048,0.3145041562690247
2020-05-19,314.0,0.004331210191082846,0.009761146496815254,-0.005159235668789841,-0.009267515923567005,0.5161164499853883,-0.031605095541403894,0.9404473866619651,-0.04367515923566967,0.6495943716806465,-0.06306847133757953,0.7024035198732517,-0.08623991507431117,0.9569174582396447
2020-05-20,310.76,0.011359248294503965,0.019468400051486645,-0.004923413566739532,0.01042605225897808,0.12393286517387692,-0.008894323593772735,0.9546302454172582,-0.02577551808469669,0.8425602549451268,-0.047187540223966984,0.8931198475541064,-0.07049813360792989,1.1596801513600967
2020-05-21,311.86,-0.002950041685371718,0.002469056627974142,-0.013916500994035852,-0.003527223754248743,0.15445337912793877,-0.0055666003976168055,1.0873784886526736,-0.024344257038415695,1.0392092282815115,-0.045546078368498666,1.1089632441884514,-0.06851258043139119,1.4616276932012142
2020-05-25,312.34,0.018953704296599927,0.02097073701735286,-0.0036498687327911616,-0.0015367868348593605,-0.6281325109906277,-0.0015111737209475562,-0.3826741675819454,-0.021294102580522223,-0.2551207730876016,-0.04254338221169229,-0.23028061425154478,-0.06692279780581067,-0.12593098652962254
2020-05-26,315.43,0.004628602225533296,0.004628602225533296,-0.023111308372697703,-0.009796151285546784,0.4292763322262678,-0.010842342199539723,-0.13808383273427427,-0.027185112386267418,0.10591586079622117,-0.04857020575087967,0.11678728351427248,-0.07142419342907658,0.21578562236072574
2020-05-27,318.8,-0.003230865746549627,0.014805520702634745,-0.012547051442910906,-0.010570890840652436,-0.3839610667449217,-0.018575909661232237,-0.474640849340903,-0.03238080301129331,-0.32512684808293935,-0.05555363864491836,-0.33461264776711463,-0.07725742367210453,-0.2753690180462026
2020-05-28,325.02,-0.013537628453633599,0.0030151990646729576,-0.020506430373515405,-0.01913728385945468,-0.002706103083647715,-0.034404036674668625,-0.3613425832360777,-0.04339117592763608,-0.3122482758761833,-0.06987723832379533,-0.3319046432512941,-0.09024470289007958,-0.2717033065895239
2020-05-31,327.3,-0.0038191261839291,0.006935533150015161,-0.012007332722273167,-0.006966086159486795,1.1395389824422741,-0.03241674304919284,0.633029848900001,-0.04244729605866271,0.5456821612674754,-0.07144668499847218,0.4302584780969041,-0.09144210204705239,0.582425853939952
2020-06-01,327.37,-0.004734703851910771,0.0013745914408773707,-0.012401869444359614,-0.00021382533524760827,-0.29754899849897887,-0.023190884931425515,0.18946101651123293,-0.03527201637291211,0.0020809751716330815,-0.06534654977548315,-0.005192441374049506,-0.08708393153516492,0.06505614475421795
2020-06-02,333.38,-0.009778630991661097,0.003779470874077706,-0.02027716119743228,-0.01802747615333855,0.20789655050704892,-0.031783550302959984,0.3595066792244632,-0.047942288079669715,0.16040708809591475,-0.07595686603875451,0.20583807501611529,-0.09872217889495549,0.2789472999808662
2020-06-03,327.39,0.011332050459696541,0.01896820306057001,-0.009316106173065775,0.018296221631693088,-0.11995461720115974,-0.003103332416997562,0.1761311981402207,-0.023714835517273825,0.006589742604655502,-0.053251473777451874,0.06159885267837795,-0.07549711353431765,0.10376617831658064
2020-06-04,333.37,-0.0026697063323034564,0.0038695743468220023,-0.011233764285928594,-0.017938026817050146,-0.20563935405533518,-0.015832258451572767,-0.15998454615699276,-0.03721090680025296,-0.17473881057354534,-0.06453040165581769,-0.14661911471556488,-0.08694343622201661,-0.12112038197397956
2020-06-07,331.98,-0.0033134526176276102,0.003313452617627499,-0.018339357792638067,0.0041869992168201975,0.3516737172848392,-0.006681125369000784,0.06268532008636263,-0.026369058377011756,0.1859857115273218,-0.054921983252002926,0.16411390405308168,-0.07771753318473074,0.18287129842545946
2020-06-08,327.61,0.004975428100485235,0.009920332102194784,-0.0028692652849424682,0.013339031165104931,0.15984665405749854,0.00942584170202121,0.27853930456841414,-0.0072403162296643675,0.4265786060829395,-0.037076096578248174,0.36396502686404286,-0.0605272529328581,0.3720253934257236
2020-06-09,331.18,-0.006642913219397251,0.00878676248565724,-0.015278700404613765,-0.010779636451476504,-0.14892662180648442,-0.0013104656078289922,0.033013905963423795,-0.013331119028927918,0.15054247205768578,-0.04339030134669952,0.15051461854550086,-0.06698874730760807,0.15804504442844558
2020-06-10,307.03,0.058528482558707795,0.06237142950200303,-0.0017262156792494654,0.07865680878090098,-0.31491345110598823,0.07581018141549434,-0.28308076551434325,0.0694068983486944,-0.21453988181582928,0.037059896427059646,-0.21688866756725322,0.010236784679020783,-0.22498769409498576
2020-06-11,316.91,-0.007888675018143942,0.004133665709507461,-0.021804297750149915,-0.03117604367170501,0.42006174738526036,0.029421602347666775,0.09585763207290343,0.03235303398441092,0.09312072094244406,0.00672115111545879,0.11303775052741516,-0.019932052212511264,0.0980897306551971
2020-06-14,319.65,-0.030189269513530403,0.003910527139058262,-0.03610198654778651,-0.008571875488815772,0.1679835165700605,0.010298764273421579,0.2103196667086693,0.020966682308774187,0.20113978232106855,0.0007179727827315574,0.2955743605090726,-0.025827206840816297,0.25785335417716726
2020-06-15,324.93,0.015603360723848159,0.015603360723848159,-0.0180654294771182,-0.016249653771581607,0.08246165912210257,-0.013707567783833197,0.28378856465734037,0.0020219739636218037,0.3110897632626617,-0.013002800603206688,0.34987612209406405,-0.03821130705075004,0.3560853445066765
2020-06-16,326.32,0.0009193429762197614,0.009974871291983378,-0.003585437607256714,-0.004259622456484369,0.024792485920930085,-0.01955136062760754,0.3060222491348348,-0.0029939936258898125,0.3040606254525122,-0.015169159107624175,0.3341812080317039,-0.03830800032687831,0.37983050150282294
2020-06-17,326.81,-0.006945931887029078,0.0029374866130167376,-0.010678987791071237,-0.001499342125394043,0.24523003659317655,-0.023995593770083423,0.5614252709132521,-0.006649123343840158,0.6019755691931961,-0.014315657415623573,0.6382608110331622,-0.036597207347797256,0.711364055646287
2020-06-18,323.73,0.026380008031384072,0.028634973589102053,-0.007568035090971037,0.009514101257220409,-0.6460749458680437,-0.0024897290952365925,-0.538762234736569,0.0026225558335637444,-0.45650659136882255,-0.0029592561702652675,-0.422409547053051,-0.023575201556853775,-0.3971488978931009
2020-06-21,326.36,-0.008119867630837163,0.001746537565878059,-0.017128324549577245,-0.008058585610981717,0.5428258504765193,-0.006348817257019745,-0.15602003348815108,-0.008410957225151172,-0.12155671637912147,-0.009006924868243504,-0.0590915503677385,-0.02856865628957883,-0.050605892974047384
2020-06-22,328.56,0.0030131482834185874,0.012113464816167596,-0.004717555393231154,-0.006695885074263441,0.47819009809269697,-0.008917701485271823,0.32021025665229175,-0.016761017774532316,0.32126658888326687,-0.013435902118334342,0.42972591778740976,-0.03216053891729653,0.42087097651094996
2020-06-23,317.97,0.02069377614240331,0.02663773311947648,-0.004937572726987027,0.03330502877629948,-0.30856494955834624,0.026373557253825952,-0.09131119460923554,0.01628455514671079,-0.09183932741425915,0.02197219863509159,-0.041989935195774986,0.0029960897778607,-0.025389737319892358
2020-06-24,327.82,-0.02879629064730649,0.001311695442620886,-0.03605637239948756,-0.030046976999572816,0.2317409126388752,-0.009560124458546926,0.1944153567873017,-0.01828137392471585,0.1338939289837393,-0.008347568787749116,0.18548354529775501,-0.0252333597706067,0.20021391190817828
2020-06-25,321.6,0.010261194029850706,0.01968283582089536,-0.0014303482587065819,0.019340796019900353,-0.5852738497921048,0.01022388059701207,-0.4787186291518458,0.007170398009949341,-0.5535898892194966,0.012234141791044983,-0.5253959312637506,-0.0029166666666676777,-0.5098905117742649
2020-06-28,321.29,0.012014068287216961,0.012014068287216961,-0.009492981418656066,0.0009648604064864674,0.9714496442192313,0.00987270067539936,0.10435925068213603,0.009601917271000238,-0.013459901099824978,0.012678576986523415,-0.0404594195920176,0.00027389585732406907,-0.000581172280436193
2020-06-29,329.48,-0.02388612358868525,0.003338594148354801,-0.027497875440087416,-0.024857350977297576,-0.2876397141172442,-0.018307636275345818,-0.21747484751159274,-0.0149963578972937,-0.2812982217535065,-0.013405973048439712,-0.30571142109994187,-0.022754036663834687,-0.3006377390137477
2020-06-30,334.52,-0.012256367332296958,0.0048236278847304526,-0.017427956474949102,-0.015066363745067424,0.8788854949025418,-0.032548128661966214,0.6596514128235398,-0.02847662322133282,0.4422489581052962,-0.027954980270237573,0.33191706579536917,-0.0356989118737302,0.3139501704608616
2020-07-01,333.25,0.01530382595648927,0.01812453113278334,-0.0019504876219054168,0.0038109527381844366,0.3532296021484538,-0.01892873218304869,1.1517243002297959,-0.022313578394599465,0.9602524986849026,-0.02407951987996959,0.795531991472632,-0.029680420105027028,0.7652507452218129
2020-07-05,341.02,-0.007096357984868851,0.008870447481086341,-0.010028737317459235,-0.02278458741422784,-0.4521343764101825,-0.03809747228901805,0.12616472069380036,-0.04270130784118309,0.07296878732836065,-0.04545627822415077,-0.03528776255465338,-0.04990714132113516,-0.035552412336418926
2020-07-06,341.19,-0.00527565286204168,0.01298396787713596,-0.00527565286204168,-0.0004982561036372957,0.5386585727322164,-0.027193059585570833,0.4385050026956443,-0.03811073009173849,0.5623313471919791,-0.04481080922653036,0.4714367900594909,-0.0474242113387463,0.5065845292580484
2020-07-07,354.32,-0.025203206141341195,0.0012135922330096527,-0.025203206141341195,-0.03705689771957554,-0.24803747273170806,-0.05200948295326513,0.0024720911335711637,-0.069569880334162,0.13183409646525712,-0.07890748475953913,0.09407319397473857,-0.07996443892526583,0.13929284083390514
2020-07-08,352.72,0.003458834202767047,0.011538897709231,-0.009299160807439422,0.004536176003628878,-0.00506198707874983,-0.03362440462690219,-0.12432320586694612,-0.05804604218643761,0.1460563122053431,-0.07094295758675406,0.09539933647634014,-0.07182373176079304,0.11674463069669994
2020-07-09,351.81,0.0034393564708221636,0.007191381711719291,-0.009323214234956412,0.002586623461527493,0.3746669547058401,-0.020778260993152275,0.24405439139722995,-0.045732071288480336,0.5547716089388157,-0.06547852534038223,0.5052780178104221,-0.06588973214708771,0.5329367593992782
2020-07-12,346.09,0.020023693258978792,0.02994885723366747,-0.005316536161114049,0.016527492848681158,-0.11167166330477507,0.006131353116238802,0.12876293759675206,-0.0230286919587398,0.35592975849819397,-0.04356381288104205,0.2917844927950328,-0.04727190422529859,0.32209214141836284
2020-07-13,351.64,-0.019082015697872712,0.0004834489819134369,-0.022153338641792586,-0.015783187350699612,0.2757474902309083,-0.00686497554317167,0.33649172296447216,-0.0314839039927205,0.5065649112450983,-0.054510294619496746,0.6310924381177514,-0.06031168240245777,0.6405698738847547
2020-07-14,354.8,0.006397970687711307,0.006397970687711307,-0.01288049605411501,-0.008906426155580682,0.1672975006906363,-0.009819616685459276,0.5214360788373178,-0.03155580608793773,0.6676101128197962,-0.058423055242389554,0.8816966312828052,-0.06639421270199253,0.9055984402734603
2020-07-15,349.51,0.0102143000200281,0.014720608852393235,-0.007610654916883508,0.015135475379817409,-0.00744431732584494,0.005441904380415696,0.34945270715341525,-0.00965351492088995,0.4650154906095074,-0.03989871534433875,0.8433756764337874,-0.04964760188072914,0.8561873665123385
2020-07-16,354.69,-0.009078350108545408,0.0011277453550988525,-0.014322366009755005,-0.014604302348529719,0.014595914295170376,-0.011051904479971064,0.2058035107578715,-0.019890608700556034,0.43156324496481746,-0.05065127294256899,0.8478061360718461,-0.062010957925701216,0.8597213628396028
2020-07-19,358.09,-0.015331341282917577,0.0034069647295373873,-0.015331341282917577,-0.00949481973805466,0.019546570425359233,-0.018833254209837946,0.16163518936911747,-0.023209249071463045,0.44374464103491995,-0.05577229188192867,0.8749642192293523,-0.06837573421951715,0.8635833803346493
2020-07-20,354.83,0.01175210664261761,0.0131612321393344,-0.0044387453146577105,0.009187498238593106,-0.017313132542858378,-0.003054984076884426,0.037559630029506685,-0.009424231322042176,0.3058039361426059,-0.042255446270044295,0.72521817622616,-0.05749419910003917,0.7818415013258238
2020-07-21,356.45,-0.0072099873755084865,0.00502174217982887,-0.007883293589563745,-0.004544816944873076,-0.04117209770962349,-0.005796044325994898,-0.0392445075199056,-0.010099593210829538,0.21630449474098112,-0.04261467246458084,0.5987035228054653,-0.05964090335250449,0.682106740882729
2020-07-22,348.26,0.01932464250847077,0.02693389995980011,-0.005857692528570491,0.02351691265146738,-0.5339338789020668,0.018532131166367538,-0.5491866578092877,0.013791420203295823,-0.4680928192235667,-0.016095733072990948,-0.2642046040236171,-0.03476617086850886,-0.22393191271663826
2020-07-23,349.97,-0.007457782095608212,0.006686287396062474,-0.01291539274794995,-0.0048861330971227135,0.5953697285037385,0.012841100665768934,-0.10665430222160299,0.00756350544332296,-0.1226832368503099,-0.016575706489127318,0.17839336065845246,-0.037855625720300656,0.2473545683541012
2020-07-26,351.32,-0.0033872253216440384,0.011912216782420604,-0.005493567118296738,-0.003842650574974238,-0.1839218544379536,0.006262097233289188,-0.22432700946529827,0.003168051918478021,-0.2800884832036623,-0.01720226574063477,-0.04738511349783592,-0.037478651941250996,-0.00720006362390313
2020-07-27,347.6,0.025805523590333612,0.025805523590333612,-0.011449942462600782,0.01070195627157644,-0.10873693181535005,0.013135788262367942,-0.23233234596861152,0.015408515535096923,-0.34715502733665704,-0.0024093785960870306,-0.2135362138023953,-0.023878020713464787,-0.11829601227588393
2020-07-28,359.86,-0.032318123714777935,0.0003890401822930212,-0.032318123714777935,-0.034068804535096975,0.14297785398402318,-0.025398766186852773,-0.012514597230371405,-0.02030789751570128,-0.20931830222105752,-0.03274051019841018,-0.10605056385659306,-0.0545443598436437,0.01372000407614804
2020-07-29,352.37,0.005647472826858069,0.012089564945937381,-0.010542895252149798,0.021256066066918322,-0.0729832442356404,-0.0027471124102530498,-0.013785704352907713,0.0019524931180285865,-0.22975798402754433,-0.007869568919033565,-0.205768936266839,-0.031143400402986243,-0.056894935132068225
2020-07-30,350.25,0.009735902926481188,0.012819414703783005,-0.01578872234118478,0.006052819414703814,-0.003955403526550771,0.005635974304066149,-0.0634026990018568,0.008833690221269785,-0.18882984225724497,0.0006837972876523324,-0.20195604873421824,-0.022799904829884032,-0.05418242428599063
2020-08-02,350.68,0.005931333409376016,0.013117371963043079,-0.0032508269647542054,-0.0012261891182845375,0.6539168081518674,0.0045625641610560486,0.6259240518075067,0.006330557773467804,0.4163163488263857,0.0018806319151367656,0.35022553055137906,-0.02177008478765119,0.5838933054180979
2020-08-03,345.77,0.007895421812187386,0.014836451976747433,-0.010527229082916367,0.014200190878329577,-0.39026035450647567,0.018457356045924245,-0.07637519338726084,0.018477600717238918,-0.12967493259072627,0.017504410446251173,-0.20450992352915176,-0.0052809671168702055,-0.07514231828964624
2020-08-04,347.39,-0.0010650853507585545,0.007369239183626419,-0.005008779757621151,-0.004663346670888635,0.5314929873421492,0.012654365410631252,0.3948312534778964,0.01112006678372901,0.4015250618405535,0.013418636115029914,0.23685060649099032,-0.008057226748035995,0.40668306721924896
2020-08-05,352.57,-0.015401196925433291,0.0004538105908047374,-0.017641886717531197,-0.014692117877300959,0.15897357841583482,-0.00929744447911296,0.517812836389542,-0.006305130895993272,0.638063996786352,-0.002453413506536939,0.40201472817371275,-0.020850705770013134,0.6212866517491473
2020-08-06,347.27,0.00786131828260439,0.012151927894721748,-0.016154577130186754,0.015261899962565106,-0.24397792965343956,0.00593774296656524,0.029123034708241846,0.010101650012957375,0.1482911615403688,0.012749445676275561,0.02981448286416244,-0.0025858841823370726,0.19882352382906987
2020-08-09,344.07,0.0027029383555672304,0.003603917807422974,-0.01043392332955495,0.009300433051413926,0.48911614858992203,0.01356119394309041,0.42727481503988907,0.01871130874531257,0.7041643406799183,0.021508704624059627,0.534372018909389,0.008574805514381278,0.7718313583055982
2020-08-10,343.71,0.0035495039422770436,0.017456576765296328,-0.005760670332547679,0.0010473946059177397,-0.2539190902596735,0.010776526723107027,0.03227110852196202,0.01766896511593985,0.20463424020919385,0.022284774955631637,0.1202576174145471,0.011810343991542682,0.23347567796021895
2020-08-11,349.19,-0.005011598270282636,0.010910965377015414,-0.006185744150748906,-0.015693462012085213,0.41910830884677175,-0.006265929723075936,0.3255871631188427,0.0005842091697920715,0.6262447932935189,0.005106102694808268,0.5919641370848427,-0.001928272096376138,0.7161657442511913
2020-08-12,356.13,-0.024541599977536355,0.0009547075506135538,-0.024541599977536355,-0.019487265886052874,-0.27503525519336114,-0.02462022295229538,-0.09430493030319465,-0.021910538286581738,0.10864484460595536,-0.015268300901355891,0.1476629874708466,-0.019533129287994666,0.18530834734501278
2020-08-13,352.27,0.006273596956879679,0.015556249467737926,-0.0040309989496691845,0.010957504187129263,0.35265310614258727,-0.011911318023109962,0.26184699473597317,-0.010125755812303905,0.42647933823664275,-0.0035384790075789763,0.5618268190238622,-0.006744826411560045,0.5886337374589607
2020-08-16,357.14,-0.010836086688693514,0.007588060704485811,-0.010836086688693514,-0.013636109088872694,-0.13682060700093412,-0.022584980679848043,-0.005073539888858947,-0.023058184465476583,0.1370264236974177,-0.017465139721117295,0.3417849848803889,-0.018513748109985628,0.3619260220909921
2020-08-17,360.12,-0.008247250916361248,0.005998000666444403,-0.010052204820615418,-0.008275019437965159,0.1062363828699131,-0.023414417416419364,0.12358889752912594,-0.029348550483173086,0.2476483960684588,-0.025727535266022117,0.4859226897290936,-0.025143470694954262,0.46651061698296936
2020-08-18,358.11,0.010276172125883054,0.013934266007651352,-0.0010052777079668784,0.005612800536147988,-0.4479676769708085,-0.008768255563935567,-0.4160470420348271,-0.01989332886543327,-0.3654173946083811,-0.019520538382061026,-0.1822989551478329,-0.017909767017583733,-0.1996547453420593
2020-08-19,361.22,-0.016887215547311984,0.0007197829577543224,-0.017191739106361847,-0.00860971153313772,0.38221537408893247,-0.012363656497427877,-0.059304982774242454,-0.025364044072865077,-0.08335168609297372,-0.027732406843474555,0.1558462003105714,-0.02601553992949901,0.10155918274983144
2020-08-20,362.01,-0.0006077180188391873,0.003742990525123613,-0.010110217949780287,-0.002182260158559046,-0.024768572519591303,-0.011706858926551544,-0.07978490896034551,-0.025101516532693324,-0.09158741722631092,-0.028064141874533433,0.08494910094187036,-0.02735836026629157,0.05702414821784885
2020-08-23,360.0,0.011333333333333195,0.01388888888888884,-0.004861111111111094,0.0055833333333332735,0.2829373180645496,-0.0007777777777804307,0.25484656811847195,-0.01556388888888982,0.1527896629731995,-0.020965277777777347,0.38286558888983646,-0.02098333333333391,0.352421932518842
2020-08-24,358.5,0.007419804741980451,0.007768479776848025,-0.003765690376569153,0.004184100418409997,0.10410770755913457,0.004998605299858072,0.3730996937357045,-0.007001394700140384,0.2787141699388396,-0.015658298465829334,0.48299845483293913,-0.015593677359368341,0.4723045880569847
2020-08-25,364.41,-0.01759007711094651,0.00823248538733834,-0.019908893828380236,-0.01621799621305675,-0.21779343089092784,-0.012189566696855003,0.06559058733830647,-0.01904722702450634,-0.031121248090291376,-0.030126780274964737,0.11220061977086382,-0.030931277041428284,0.1423306002959266
2020-08-26,363.98,0.004807956481125419,0.009780757184460587,-0.011264355184350872,0.0011813835925051919,0.13679327360296267,-0.007560854992035071,0.09914179998752437,-0.013706797076763477,0.12732943520983886,-0.028355953623825036,0.23473132824016463,-0.028906350165760597,0.30202238411509197
2020-08-27,366.83,-0.0032712700706049036,0.0006542540141210029,-0.009759289043971275,-0.007769266417686604,0.17245082566688485,-0.013766594880464722,0.2351403056314716,-0.019229615898373575,0.29704569075022125,-0.034322438186625503,0.39694541745255796,-0.03513616661668939,0.5249279546300216
2020-08-30,366.42,0.007368593417389935,0.007791605261721513,-0.005867583647180874,0.001118934555973894,-0.34352533892630166,-0.010032203482345126,-0.2517598898252619,-0.01415861579608202,-0.15176064790832244,-0.03097947710277793,-0.12218024688238338,-0.032952167821990064,-0.0033821875750186248
2020-08-31,368.39,-0.005890496484703633,0.0037460300225304888,-0.009636526507234233,-0.005347593582887611,0.3739963717482444,-0.011840712288609612,0.09522338052375279,-0.016911425391569646,0.1932261060525835,-0.03402508211406352,0.21495421285164973,-0.03736981640833592,0.3796502527334855
2020-09-01,378.41,-0.021854602151106017,0.0038579847255619804,-0.02292486985016251,-0.026479215665548006,-0.2621765493991459,-0.03277926059036729,-0.18311998380985817,-0.04075737956185199,-0.11896129480147855,-0.05661451864379885,-0.13912967740117477,-0.06166503704095272,0.015879062372180286
2020-09-02,353.69,0.06420877039215123,0.06500042410020068,-0.005485029262913832,0.06989171308207753,-0.42849592594300634,0.04273799089597996,-0.5202357397024924,0.03202521982526951,-0.5150458647095382,0.01370550482060584,-0.5064671399907619,0.005986409944677806,-0.41625743091744793
2020-09-03,345.18,0.024566892635726312,0.03285242482183204,-0.021415203661857674,0.024653803812503705,0.05987708965813665,0.062483342024448385,-0.37406034725546533,0.0552870965872867,-0.43807730115516486,0.03885943565675887,-0.44864377336766736,0.03131216563338857,-0.3821029497602749
2020-09-07,340.66,-0.0029354781893971005,0.01247578230493751,-0.016468032642517505,0.013268361416074681,0.19847042195897568,0.06387013444489842,-0.10676045599092476,0.0643486173897716,-0.2780517174046454,0.05233664063876042,-0.31848213787588575,0.044527290162233335,-0.24665932097273102
2020-09-08,351.78,-0.01643072374779686,0.013019500824378971,-0.019614531809653668,-0.031610665757007106,0.255362189255661,0.015594974131557304,0.18763827882333572,0.02520609471828883,-0.03797019469051344,0.018586900903974524,-0.11471810788695591,0.01049898610874167,-0.0541877895582199
2020-09-09,344.48,0.020610775661866976,0.02962436135624702,-0.005660705991639703,0.021191360891778865,0.23247978339713748,0.02747329307942148,0.5444937900753419,0.044980840687411705,0.23100027765908937,0.04134347422201601,0.09813932443961049,0.032317309180987186,0.14904519321284182
2020-09-10,348.79,-0.004214570371857018,0.006966942859600422,-0.008866366581610774,-0.012357005648097719,0.0068864318172270345,-0.004679033229166185,0.5303233320248051,0.02635396657014133,0.2398516389678753,0.02780039565354553,0.11732262078416089,0.01809111499756222,0.1396629887848022
2020-09-13,353.09,-0.0016143192953638197,0.010535557506584858,-0.0030870316349937976,-0.012178198193095069,0.07909257452981189,-0.019575745560624247,0.44010729291716677,0.009552805233792094,0.3506011779711884,0.014244243677249857,0.20201049169667873,0.005354631019474976,0.20657054488462068
2020-09-14,357.2,0.000615901455767176,0.009322508398656115,-0.007194848824188083,-0.01150615901455776,-0.19528145601648317,-0.026427771556553292,-0.004432251434292933,-0.0059098544232931705,0.10196895310764531,0.0026889697648380118,-0.026774265369041927,-0.0059481149682723,-0.05005574486587483
2020-09-15,357.54,-0.004670806063657218,0.006978240196900964,-0.005286121832522306,-0.0009509425518824388,-0.14106191879215735,-0.018101471164068017,-0.2054747928531221,-0.00943390949264522,-0.053096479826611365,0.0017438608267608124,-0.15523428746768142,-0.006285543808618899,-0.18026494488148148
2020-09-16,351.73,0.002644073579165962,0.01839479145935785,-0.007619480851789762,0.016518352145111326,0.15368104315439268,0.0013931140363321326,-0.06620530277628556,0.003843857504334691,0.13599112007468905,0.017924260085861565,-0.0033110254917676496,0.011244420436129277,-0.06282970960749579
2020-09-17,351.01,0.003190792285120203,0.010711945528617317,-0.006438563003902997,0.002051223611863051,-0.3103492443369327,0.007578131677157707,-0.3375837178055555,-0.0016979573231541423,-0.21471146745890723,0.01910344434631539,-0.32260662280803554,0.013730852872187338,-0.35185548142627376
2020-09-20,350.89,-0.0142779788537718,0.0009119667132149178,-0.025079084613411684,0.00034198751745573297,0.017222111459721523,0.009188064635638371,-0.2434639048328594,-0.002120322608225811,-0.21892080014830517,0.017997093106102202,-0.29279648789599055,0.013929341579032029,-0.32536117319640756
2020-09-21,350.17,0.0033126766998885504,0.009252648713482081,-0.016006511123168754,0.0020561441585513762,0.5003128964502981,0.010006568238281943,0.2672429558940639,0.0015620984093429602,0.1527982913361139,0.018502441671188752,0.08570961897477547,0.01635872100217939,0.025316974380974466
2020-09-22,343.06,0.021745467265201324,0.026540546843117907,-0.0010785285372820752,0.020725237567772448,0.1971713300716984,0.026840785868358807,0.5068169217600265,0.025091820672767717,0.33090129496854837,0.038178452748790725,0.31267121620242033,0.03801570182086644,0.23775004777274322
2020-09-23,345.87,-0.007719663457368409,0.007300430797698487,-0.010928961748634003,-0.008124439818428919,-0.027518970173144863,0.010125191545954149,0.37711176822786197,0.014242345389885447,0.2606740062806241,0.027511781883367226,0.2838034127982991,0.029519761760198326,0.1974756839648577
2020-09-24,352.85,-0.021935666713901125,0.005738982570497209,-0.023607765339379472,-0.019781776959047814,0.10412889756090982,-0.013178404421144485,0.4707432285439155,-0.005427235369138028,0.3851359350520349,0.004558594303528896,0.41429691702910953,0.008840394879787938,0.3289168986919453
2020-09-27,355.55,0.00466882295035842,0.011615806496976466,-0.0012093938967796536,-0.007593868654197644,-0.2150852335152107,-0.01963718183096841,0.0034217834573646577,-0.011837997468711392,0.0743239164793621,-0.0046350724230060925,0.10902933864934194,0.0008718886232592649,0.03671006661777776
2020-09-28,356.98,-0.0029133284777859147,0.009356266457504647,-0.006807104039441958,-0.004005826656955591,0.272703687106415,-0.020953554821000697,0.14628172687177154,-0.01510728892375024,0.3867895252888398,-0.010202252227014874,0.43133442388751675,-0.0028311576745667644,0.331231236796264
2020-09-29,360.6,-0.009983361064891949,0.00862451469772596,-0.013810316139767131,-0.010038824181919037,-0.42213196546316023,-0.027004991680534607,-0.370437687951534,-0.025055463117028,-0.218226370312103,-0.02144758735440866,-0.18251005409888899,-0.012856350526900151,-0.2319587133738905
2020-09-30,363.73,0.00318917878646241,0.012135924999312708,-0.0067220190800868496,-0.008605284139334146,0.5402735083746946,-0.025733373656285585,0.08680831921306353,-0.03260385450746517,0.21938640555413924,-0.030939158166771397,0.2929836254854623,-0.021307013444038736,0.2057970579855748
2020-10-01,362.98,-0.008567965177144754,0.0069425312689403995,-0.016291806711113632,0.002066229544327447,-0.09362853026719942,-0.013879552592431454,-0.01163771779608036,-0.027299024739655953,0.0868190219902687,-0.030959006005839784,0.16418800456658245,-0.01876871085642995,0.0762547228791215
2020-10-04,364.97,0.0020001643970737337,0.002767350741156749,-0.008192454174315689,-0.005452502945447635,0.40321233365245623,-0.013705236046800406,0.44135412335941004,-0.02932295805134766,0.443508393184757,-0.03496999753404306,0.573500154475793,-0.02395813354522358,0.5094181284653752
2020-10-05,354.31,0.03646524230193893,0.03646524230193893,-0.0007338206655188584,0.03008664728627486,-0.33416548785164457,0.02128644407439606,-0.09898770053611738,0.0038553808811485624,-0.11749378423748658,-0.003142728119442384,-0.0008514769261245281,0.005686169362045801,-0.005260689545413366
2020-10-06,354.9,0.0028740490278953423,0.011073541842772539,-0.008509439278669984,-0.001662440123978537,0.10250063698904377,0.018083967314734606,0.04766666013344567,0.0033530571992104186,-0.023497055850639437,-0.0028768667230194556,0.08140600981663115,0.0034798534798528014,0.10554068470022315
2020-10-07,357.2,-0.004283314669652816,0.010012318029115397,-0.005935050391937313,-0.00643896976483771,0.28079943051513645,0.00833706606942708,0.22964118508795983,0.00020716685330279816,0.2646193183753902,-0.008860582306829845,0.3722978606662759,-0.0033174692049280363,0.4262926523422814
2020-10-08,356.76,0.00622267070299376,0.008268864222446437,-0.0019621033748177252,0.0012333221213141066,-0.32042205465897844,0.005919946182305624,-0.19097424974288735,0.004616548940463483,-0.15241429984938804,-0.005855477071419646,-0.07578803195507955,-0.002761894083791905,-0.036198981622742266
2020-10-11,360.09,0.004304479435696562,0.011108334027604139,-0.005304229498180879,-0.009247688077980487,0.160394673212503,-0.006837179593992104,-0.037209177368223045,-0.003587991890916742,0.01572838926611042,-0.013942347746395689,0.08166343334021464,-0.012652392457441763,0.12835679144667322
2020-10-12,354.0,0.017203389830508398,0.017203389830508398,-0.004406779661016991,0.017203389830508398,-0.4010220986052436,0.007491525423726886,-0.39233426046067266,0.014836158192089721,-0.3956864864132368,0.004009887005650636,-0.3492501532978518,0.0036986817325792565,-0.31884188695822047
2020-10-13,351.51,0.01556143495206408,0.01661403658501892,-0.0033284970555603755,0.007083724502859212,0.430595909979814,0.014451935933541993,-0.03539377167325397,0.021177206907341928,-0.06433288179458785,0.010666837358824344,-0.045672376733557396,0.009630830796657497,-0.009817413563448452
2020-10-14,347.45,0.001036120305079935,0.011771477910490713,-0.006245502950064763,0.011685134551734144,-0.1704407591941678,0.024354583393292106,-0.1774824931626089,0.03049359620089165,-0.2440989368748725,0.021608864584833354,-0.2133656549371442,0.019809085240081847,-0.17023256343789028
2020-10-15,348.17,-0.0004882672257805476,0.010942930177786803,-0.004250797024442088,-0.0020679553091881298,-0.15674188968702985,0.01663555159835517,-0.23229275528150362,0.023686704770657485,-0.33477897145763136,0.018881580836948464,-0.328500370817706,0.01473609635139872,-0.29424084080266133
2020-10-18,341.15,0.02374322145683716,0.03250769456250935,-0.0021398211930234723,0.020577458595925746,0.5955116198873509,0.032519419610140377,0.3220298459021049,0.040410376667154635,0.12141737607594694,0.039431335189800354,0.07250397246658058,0.03507743416874254,0.11765086920949597
2020-10-19,340.15,0.0005291783036895925,0.01090695281493459,-0.002498897545200496,0.002939879464942008,-0.29623891131238855,0.02441863883580586,-0.06346883556526739,0.03646626488313909,-0.19031761636876354,0.04105541672791535,-0.26444396435631123,0.03772551325395601,-0.23087124258335212
2020-10-20,337.91,0.013613092243496716,0.020138498416738093,-0.001893995442573626,0.006628984049007025,0.4757796863697972,0.023012044627265693,0.3456030674803541,0.03914651830368965,0.23188255370548538,0.04647391317214722,0.10577891388161276,0.044554269874620855,0.13390694092338085
2020-10-21,337.25,0.0009785025945143744,0.007620459599703366,-0.008717568569310608,0.001957005189028971,-0.2967167239742664,0.016948851000739396,-0.07605102072062375,0.036142327650110495,-0.13386607505336479,0.04775833951074948,-0.2186056917756598,0.04522757598220828,-0.2073068589014787
2020-10-22,337.43,0.004652816880538202,0.006682867557715744,-0.006816228551106973,-0.0005334439735649177,0.4426919377248921,0.0103606673976806,0.33795461184937103,0.029677266395992552,0.3143584737610887,0.04592211717986028,0.1527956820691867,0.04395578342174611,0.1586832448608786
2020-10-25,333.55,-0.0011692399940038678,0.008349572777694325,-0.009443861490031624,0.011632438914705334,-0.22272460929928084,0.015673812022183542,-0.06595562034158142,0.035859691200718746,0.008445382758769604,0.05577724479088664,-0.09793692076105376,0.054964273222404714,-0.0989637805009077
2020-10-26,330.85,-0.00256914009369813,0.015656641982771502,-0.006060148103370078,0.008160797944687825,-0.398889664948608,0.019368293788723845,-0.4167855280916233,0.036291370711801996,-0.3807905910490056,0.061068460027203564,-0.4528551710545853,0.061604956929121046,-0.45253945753203684
2020-10-27,326.7,-0.00517294153657788,0.008769513314967892,-0.014018977655341214,0.012702785430058317,-0.014331316785301307,0.026623813896539117,-0.3659262885846931,0.042369146005508895,-0.3685860187461525,0.07054790327517702,-0.43089101977652144,0.07240179573512817,-0.4449210466098673
2020-10-28,325.74,0.005126788236016422,0.011266654386934416,-0.01912568306010931,0.002947135752440433,0.716361875045761,0.022766623687601406,0.27117288922180993,0.0378246454227289,0.16240435250319618,0.06849941671271642,0.004762296328420401,0.07240641820674898,-0.024823686448553373
2020-10-29,322.73,0.002261952715892468,0.021844885817866144,-0.011433706194032167,0.009326681746351317,-0.3980666587110877,0.025172745019053977,-0.2517363051036847,0.04077712019334956,-0.3075739597628514,0.07257924580919095,-0.38771205460058467,0.07972402111155774,-0.4110763355880167
2020-11-01,327.92,0.0019821907782384685,0.023115089046108928,-0.0065564771895585405,-0.015827030983166623,0.11209252910008227,-1.8297145647494517e-05,-0.05126802237070005,0.01654671871187996,-0.20771181398869998,0.04946633325201333,-0.29121470458053433,0.05976051069366406,-0.33723116465427383
2020-11-02,334.75,-0.008304705003734036,0.009350261389096337,-0.015474234503360718,-0.02040328603435393,0.10705613167817374,-0.023784914115013156,0.12098658459319278,-0.008146377893951673,-0.07391437546276935,0.02251979088872358,-0.18186753882253948,0.035850634802090164,-0.2611964930118177
2020-11-03,351.1,-0.03648533181429792,0.01876958131586437,-0.037083452007975026,-0.04656792936485343,-0.2621509856045805,-0.06702363998860927,-0.21032180894964936,-0.05587297066362962,-0.3076210971857115,-0.027882369695242937,-0.3837018315171733,-0.013850754770721396,-0.445928894232388
2020-11-04,355.99,0.00581477007781106,0.013652068878339252,-0.009354195342565763,-0.013736340908452438,0.21251942670949453,-0.06613107109750471,-0.027586412916437264,-0.06513666114216787,-0.09239779926467906,-0.04176943172560954,-0.2187732028286633,-0.026644006854125823,-0.3036106358418341
2020-11-05,354.36,0.003132407720961794,0.006857433118862222,-0.017609210971893052,0.004599841968619511,0.22500777633432745,-0.04476238853143899,0.27377911551058487,-0.0555480302517225,0.14170228532742946,-0.03753245287278395,-0.007251523246665448,-0.02121477217142731,-0.1260497441433529
2020-11-08,346.41,0.06287347362951401,0.06310441384486576,-0.0022516670996796107,0.022949683900580276,-0.18813569644923567,-0.004578389769350433,-0.022579581359489787,-0.02898588377933764,-0.044026477355948335,-0.015790537224675383,-0.18390647212702715,0.0013933392992879767,-0.278089606677174
2020-11-09,335.1,0.029931363772008224,0.035481945687854344,-0.004446433900328284,0.033751119068934576,-0.10537846183287514,0.04005371530886115,-0.1228996104181741,0.007624589674722904,-0.1152922328826198,0.015386451805431633,-0.24867051796508444,0.034282303789912705,-0.3410753778483008
2020-11-10,343.97,-0.018286478471959855,0.011774282640927947,-0.020263395063523038,-0.025787132598773188,0.5091620897165785,0.013437218362064574,0.38525782510551987,-0.017123586359276688,0.3354740791029347,-0.013544785882489085,0.15013532797102314,0.0054907889253899,0.02488797879143112
2020-11-11,341.72,0.007813414491396387,0.010271567365094159,-0.00942291934917483,0.0065843380545476116,0.40623409148918466,0.01593702446447187,0.771340214036013,-0.005598150532600821,0.8037409061487759,-0.00815287369776363,0.6294786027444781,0.010489094385265796,0.4398229011106991
2020-11-12,341.92,0.004211511464670137,0.00862774918109488,-0.01275152082358455,-0.0005849321478708092,-0.25683214158832035,0.006995788488533439,0.18438214929108376,-0.0015062002807681996,0.3217617215623929,-0.00957095226953597,0.19600216096574852,0.00775230073311417,0.07150578370989535
2020-11-15,339.62,0.0040928096107413214,0.016901242565219965,-0.006389494140510044,0.006772274895471497,-0.3324516200345037,0.006489606030267492,-0.2287961360389642,0.010906307049054043,-0.15408433106153996,-0.0037836405394257033,-0.20950281024251893,0.012510060263430933,-0.27962451745960226
2020-11-16,336.66,0.004871383591754208,0.013455711994296848,-0.0012178458979386075,0.008792253311946663,0.3298358886573385,0.01130517435988665,0.04102857993450426,0.023269767718171908,0.1345314825841024,0.004748113824036837,0.08332576659720159,0.018902354502068563,-0.013951820978465923
2020-11-17,336.48,0.00410128388017128,0.008618640038040803,-0.004814550641940141,0.0005349500713267563,0.11697893610167198,0.012773418925343005,0.07342477995656282,0.02438480741797333,0.254458646382143,0.004766999524489668,0.2113066995043178,0.017698922174670395,0.11134908016474232
2020-11-18,338.63,-0.001683253108112126,0.003927590585594887,-0.012019017807046062,-0.006349112600773643,-0.15534606927968608,0.0019194991583719734,-0.09945360946901372,0.013563476360628712,0.0015420940142807371,-0.001823524200453952,0.03412092566016711,0.009424248688341796,-0.05403833072206943
2020-11-19,338.28,-0.0008277166844034012,0.012341846990658656,-0.004833274210713001,0.0010346458555043903,0.3054126797342185,0.0011292420480060184,0.2741612403136302,0.009480312167434501,0.28454259940165927,-0.0005867920066208177,0.35722597728780503,0.008638800204957775,0.2570836680045878
2020-11-22,337.12,0.006347887992406154,0.013111058376839235,-0.010337565258661696,0.003440911248220102,-0.04019799867810259,0.0024145704793527845,0.20502628948233736,0.008184029425722938,0.2086776736804945,0.002978168011391391,0.3120722666581619,0.010282194273057321,0.20846113324659976
2020-11-23,334.21,0.00715119236408257,0.014332306035127695,-0.0010472457436939697,0.008707100326142303,-0.3909172690181988,0.00964662936476901,-0.3357178215003158,0.014182699500313367,-0.29309116021914405,0.012245294874480894,-0.200621810316706,0.016787847959864877,-0.259435143748282
2020-11-24,338.04,-0.007898473553425656,0.0003401964264582169,-0.012247071352502803,-0.011330020115962736,0.46166325621469206,-0.003242219855640216,0.05281141995554983,0.0024287066619328446,0.03208308448456476,0.0012735179268732466,0.16798163251319287,0.0033161756005199994,0.09264507475253825
2020-11-26,341.57,-0.003132593611851142,0.0074948034077935155,-0.007084931346429735,-0.01033463126152756,1.505003286472487,-0.012629914805166287,1.66626607673668,-0.009667125333021831,1.5912977151658443,-0.007414292824310498,1.8641941275151326,-0.008367245366982523,1.7531066975366172
2020-11-29,351.78,-0.024020694752402094,0.003922906361930822,-0.02709079538347825,-0.029023821706748443,-0.8787394652583268,-0.039615668883963284,-0.7202008894715335,-0.03845301040423055,-0.6947415958501638,-0.033972937631473465,-0.6598244403032792,-0.03770538404684809,-0.6719776218463186
2020-11-30,334.32,0.05506700167504186,0.05506700167504186,-0.003963268724575197,0.052225412778176494,0.4750339098743097,0.01861689399377653,-0.36885117030740855,0.014713448193346856,-0.44408897810641645,0.020822864321608625,-0.45682722458426406,0.01291078407912516,-0.48424021409867
2020-12-01,333.28,0.01602256361017762,0.016202592414786388,-0.007531204992798801,0.003120499279884781,0.3056797998039966,0.02011521843494779,-0.01895034564053033,0.016289606337013263,-0.22546335992723476,0.024968494959193954,-0.26348691125266266,0.01538846215394396,-0.2971784193229543
2020-12-02,326.61,0.011481583540001727,0.02446342732923057,-0.002908667830133771,0.02042190992314974,-0.022805454278828186,0.04037843299347643,-0.013003334762463958,0.036009307737055796,-0.2055698592996663,0.045675270199933005,-0.26494906063581014,0.03542349183021476,-0.3002370192589342
2020-12-03,339.45,-0.025482397996759443,0.00014729709824723436,-0.030667255855059583,-0.03782589482987175,-0.4225876217759117,-0.005709235528061907,-0.38063161881812724,-0.006086316099573219,-0.5146453308891968,0.0025143614670795067,-0.5729375336111857,-0.004851966416262066,-0.5843711971959653
2020-12-06,336.24,0.0059183916250298285,0.011747561265762485,-0.010096954556269244,0.009546752319771423,0.8108380795872456,0.0025220080894581276,0.4360196779336061,0.0036462050916006294,-0.00669297882152442,0.009625565072567399,-0.17529879160726536,0.004866563565706583,-0.20675146328198102
2020-12-07,333.7,0.004794725801618327,0.00967935271201692,-0.0017081210668264957,0.007611627210069027,0.026150467429471247,0.0008390770152812976,0.274946416914539,0.010674258315852114,0.06948565642807858,0.014595445010489039,-0.135246199939826,0.012396363999599869,-0.1658497335508886
2020-12-08,327.28,0.021296748961134204,0.024061965289660314,-0.010312270838425786,0.019616230750427732,-0.1795699910131492,0.020092886824735645,-0.014538793239365466,0.029454901002199385,-0.08532004816636718,0.03255622097286781,-0.28267607132721595,0.032271042124989435,-0.30311742884095894
2020-12-09,325.83,0.004296719148022099,0.010281435104195547,-0.006076788509345232,0.004450173403308444,0.3580166952593278,0.020949574931711012,0.3762429778476015,0.031909277844274,0.27806318398240015,0.035951262928521244,-0.008308922516118478,0.03649960613407788,-0.04185149301866231
2020-12-10,324.82,0.00024629025306310837,0.012976417708269183,-0.004802659934733056,0.0031094144449232974,0.027548544607136405,0.023643864294068617,0.373994129889095,0.031358906471275594,0.3458048095307831,0.03638014900560327,0.03610778233150258,0.03963323276481279,-0.0161244021660788
2020-12-13,323.68,0.011585516559565079,0.015756302521008347,-0.0012666831438458148,0.0035219970341078266,-0.13742750056339026,0.018209342560551622,-0.00931527321464587,0.02981648541769588,0.22293123080025157,0.03741967375185373,-0.08418059327964322,0.043200074147305534,-0.1401329601119664
2020-12-14,323.84,0.0029335474308300746,0.008769762845849849,-0.0017906991106717562,-0.0004940711462450009,0.37575030207893945,0.009949357707507822,0.35926401250578244,0.02063055830039473,0.5456883687574092,0.034090909090909394,0.28980066461446086,0.04278244400526976,0.18871058321972223
2020-12-15,320.87,0.01442951974319806,0.01442951974319806,-0.0035216754448842424,0.009256085018854998,-0.3322395339030606,0.01315174369682226,-0.14022592233824271,0.026811481285255123,-0.025268019905224537,0.04120360270514567,-0.14427212669259237,0.05201067929898895,-0.20805165682555904
2020-12-16,321.06,0.005699869183330097,0.005699869183330097,-0.014420980502086844,-0.0005917896966298741,-0.3972260216053082,0.008559147822834845,-0.4945012043998772,0.022338503706471613,-0.4095141843331138,0.038128387217342796,-0.4717002316848299,0.04994705039556435,-0.5156551732819719
2020-12-17,322.5,-0.003875968992248069,0.002852713178294719,-0.010356589147286765,-0.0044651162790697585,-0.03853276301551911,0.0010976744186026455,-0.4160654322550782,0.01605271317829393,-0.3925324024359016,0.031102325581395585,-0.45917589875732645,0.04215400516795831,-0.519357178949686
2020-12-20,319.58,-0.0027536141185305896,0.0010638963639777455,-0.024719944927717563,0.009136992302396951,0.41713906529728106,0.008792790537578643,-0.0192186484141591,0.020032542712309365,-0.13587133217085012,0.03799987483572198,-0.18820914048282877,0.048183031896029904,-0.29159574161849466
2020-12-21,318.93,-0.0011914840247075897,0.00413883924372116,-0.01254193710218543,0.0020380647791049533,0.3488120715690215,0.00827767848744032,0.38911521270213734,0.016887718308091992,0.19730222014607857,0.03718370802370452,0.1360574572791171,0.04668422537860928,-0.021525205230433886
2020-12-22,313.63,0.02031055702579465,0.025316455696202445,-0.00022319293434935883,0.016898893600739706,0.5508956701941852,0.02218537767432771,1.2351028958349324,0.029362624748907384,0.8561183381662769,0.051811051238721095,0.7968956215215441,0.06145139176736891,0.5272019221949114
2020-12-23,316.58,-0.010581843451891948,0.001137153326173479,-0.010581843451891948,-0.009318339756143712,1.1203422358855484,0.008086423652787333,3.434681252642087,0.015458967717480121,2.7448260737541754,0.038759555246699495,2.7679054623975166,0.04929980836860581,2.209308218040751
2020-12-27,318.04,0.0027983901396051447,0.003081373412149313,-0.011539429002641266,-0.004590617532385988,-0.5179709862086912,0.0006414287510985162,0.6514244768945829,0.007888944786818675,0.7103385069874943,0.030617217960005272,0.7914856653043731,0.04161216618454655,0.5312474807773748
2020-12-28,321.49,-0.0031105166568167197,0.004416933652679811,-0.00528787831658839,-0.010731282466017622,-0.02233770023541426,-0.012871317925909342,0.21762773118439482,-0.005035926467387042,0.6338619632446951,0.01589785063299054,0.7812835830108897,0.027979097328065805,0.5075233426769512
2020-12-29,323.63,-0.0028427525260328323,0.0020393659425888,-0.008868151901863297,-0.006612489571424129,-0.2071340060318918,-0.018218335753794723,-0.2074717148473969,-0.012291814726694827,0.24967597306338374,0.004500509841486089,0.3272888226094346,0.01907734140839823,0.198106067066667
2020-12-30,328.73,-0.013476105010190809,0.00036504121923774946,-0.016502905119703093,-0.015514251817601132,0.32104245364347395,-0.03059045417211881,-0.01346435680810043,-0.027679250448697346,0.6629075298985876,-0.01270951844979129,0.707799103434223,0.001645727496729421,0.5801067284231205
2021-01-03,333.25,-0.004621155288822232,0.010442610652663165,-0.008252063015753985,-0.013563390847711854,-0.6865870799884801,-0.03467666916729362,-0.693728573033908,-0.03850862715678982,-0.5038375876651906,-0.026783195798949277,-0.47588520273601975,-0.012733183295824513,-0.505327775652437
2021-01-04,328.45,0.010138529456538148,0.01887654133049166,-0.010219515908053034,0.014614096513929198,0.6003932935682941,-0.010418632973056896,-0.23928336447808263,-0.02074592784289908,-0.19553240323302645,-0.011549703151163992,-0.12508556002321236,0.0013670269447398908,-0.1707451629002239
2021-01-05,328.86,-0.005473453749315849,0.004918202274523997,-0.014322203977376491,-0.0012467311317886365,0.22851123553114117,-0.005321413367392114,0.054051521965501115,-0.020157513835675545,-0.08003640040444893,-0.01445447910965092,0.04287605451005838,-0.0009132558940990743,0.03677454989964235
2021-01-06,329.07,0.0010636034886195578,0.013371015285501775,-0.008142948308870412,-0.0006381620931715792,-0.1172023963685701,-0.0014768894156274026,-0.006880553539397094,-0.017962743489227884,-0.21867603940514968,-0.01620475886589423,-0.0807408289661743,-0.00250503945462488,-0.07081437522715095
2021-01-07,326.85,0.013308857273978791,0.013308857273978791,-0.012727550864310877,0.006792106470858039,0.23974627730455644,0.008633929937278406,0.3009835355085586,-0.008190301361481356,-0.016849065915443884,-0.010230992810157047,0.14662924206257721,0.0034490846973631584,0.17325448928981113
2021-01-10,319.2,0.01741854636591489,0.019580200501253087,-0.001597744360902209,0.023966165413533913,-0.036555760089417744,0.031629072681702564,0.3161648373191974,0.01972117794486139,-0.0244474403138788,0.013422619047619655,0.0882908713397137,0.02672932330827038,0.13080494259048514
2021-01-11,315.86,0.012315582853162699,0.012315582853162699,-0.008231494966124298,0.010574305071867185,-0.31165852382586023,0.033641486734627524,-0.24176504015776568,0.031333502184511364,-0.28172884099137174,0.023089343379979033,-0.2492084554102243,0.03559804976888459,-0.2135921253887949
2021-01-12,312.05,0.008171767344976821,0.011120012818458536,-0.0022111841051113412,0.012209581797788749,0.1645467250307544,0.03819259734016822,-0.09176863289148685,0.04322704694760393,-0.10041966833700622,0.03414516904342313,-0.10454734241517727,0.04549591411632736,-0.0523076996341445
2021-01-13,306.18,0.02211117643216398,0.03337905807041608,-0.0038539421255471273,0.019171729048272246,0.01173320420906565,0.04711607551113528,-0.049797537828729976,0.060144359527074975,-0.043884733877362136,0.05207231040564442,-0.08697732547574999,0.06121453611165495,-0.06532271774921816
2021-01-14,305.95,0.0014708285667592857,0.005785259029253309,-0.007877104101977395,0.0007517568230104299,-0.3107523097948395,0.032940022879553776,-0.34075952195510384,0.055237783951625374,-0.32005521376565504,0.04997712044451785,-0.35804385363477575,0.05894645094514317,-0.35983699640151046
2021-01-18,313.14,-0.01801111324008431,0.0031295905984545236,-0.020533946477613862,-0.022960975921313187,0.2454858559923141,-0.004125950054290506,-0.06398026388675937,0.023733793191543118,-0.07382580850439646,0.02348630005748298,-0.17884842243152665,0.03172276511038685,-0.18695950882473455
2021-01-19,321.94,-0.01323227930670312,0.007796483816860267,-0.02153351556190597,-0.027334285891781107,-0.2047167753265523,-0.03511213269553515,-0.20727957209421,-0.010495744548674413,-0.29868695344794105,-0.005720009939739756,-0.36084665193746346,0.002126690273549503,-0.34788184589879567
2021-01-20,317.72,0.0075223467203826555,0.01658693188971405,-0.003572327835830391,0.013282135213395385,0.7097050394911582,-0.01846909228251481,0.42221013104267735,0.0005980108271423923,0.2473826412438569,0.007398023416845367,0.08283137865959023,0.013600025179402842,0.10977264565452649
2021-01-21,315.14,0.005172304372659697,0.017357364980643553,-0.0002538554293329831,0.00818683759598926,0.07007675404660962,-0.006835057434792624,0.48315279626133534,0.005254807387192084,0.33499098604190514,0.015350320492480085,0.14016704837361882,0.019939286243150667,0.18648654225083305
2021-01-24,314.93,0.003524592766646517,0.010446765947988546,-0.010216238529196953,0.0006668148477437796,0.049771354464206,-0.00048264693741639775,0.5046868950504806,0.0015019210618221202,0.37939800838773086,0.015425650144477165,0.19332765216637915,0.018654939192835673,0.24296200883175545
2021-01-25,319.01,-0.011410300617535452,0.006363436882856455,-0.017961819378702892,-0.012789567725149609,-0.013930093901821206,-0.007636124259429278,0.3057695323997658,-0.015043415566911134,0.35776507124564594,0.002642550390270504,0.19035472315682056,0.004336332194392556,0.21336132567381738
2021-01-26,306.3,0.03852432255958216,0.06970290564805737,-0.00914136467515514,0.04149526607900733,-0.5174604391293678,0.03737512242898955,-0.4187593922244459,0.025765589291543378,-0.34716878982737953,0.0446441397322892,-0.4095936117736707,0.04526934378060665,-0.41446531927497554
2021-01-27,318.97,-0.03216603442330013,0.014750603505031767,-0.03730758378530907,-0.03972160391259372,0.13019660201596062,-0.013637646173623175,-0.3236089129741606,-0.017976612220585886,-0.23223039840190796,0.0013089005235606965,-0.2952391022962382,0.0018141727017162435,-0.3182050996453699
2021-01-28,317.0,-0.007350157728706619,0.009936908517350185,-0.016198738170347005,0.006214511041009452,-0.0042731852010788884,-0.006719242902209932,-0.24765634457457708,-0.009690851735016714,-0.20697275817251204,0.00713406940063166,-0.2678400770405637,0.007544689800209614,-0.3082995115013559
2021-01-31,321.84,-0.006493910017399851,0.0032624906785980734,-0.014479244345016018,-0.015038528461347123,0.5329617791043251,-0.02050086999751588,0.2875645270350984,-0.021221725080786347,0.2613467294356624,-0.00904175988068523,0.1615593609830277,-0.008315726240782917,0.0887493075723389
2021-02-01,330.1,-0.01778249015449862,0.006210239321417621,-0.018252044834898618,-0.025022720387761432,-0.25653987663158717,-0.040823992729477676,-0.016109603164800812,-0.04089972735534764,-0.10398846865126266,-0.03488185398364063,-0.12033684872312911,-0.03303241441987359,-0.19104946316331106
2021-02-02,324.25,0.017733230531996824,0.017733230531996824,-0.00024672320740160014,0.018041634541249074,0.3974368077045851,-0.016678488820356274,0.4814390220108742,-0.018365458750964625,0.26160389431594044,-0.017955281418657765,0.20514156609640777,-0.014657414546389913,0.11844662604026501
2021-02-03,328.45,-0.011447708935911072,6.089206880810494e-05,-0.012787334449687937,-0.012787334449687937,0.44649088162773864,-0.018322423504340213,0.913671504804878,-0.030214644542549185,0.7326271649923974,-0.031152382402191314,0.730586813867641,-0.027079717866748565,0.5778899894820662
2021-02-04,324.02,0.015215110178384172,0.026047774828714232,-0.001666563792358411,0.013671995555829985,-0.45223485482568193,0.0009505586074918249,-0.09350962264099161,-0.013644219492624732,-0.07205665370475567,-0.01796956977964237,-0.06254012292319,-0.012865460979775478,-0.15150023981517313
2021-02-07,325.44,0.0003687315634217647,0.0026425762045232393,-0.00768190757128806,-0.004363323500491734,0.7193024671262156,0.0008972468043249027,0.46846774586728435,-0.015219395280236747,0.6453867397667026,-0.02303035889872085,0.6239617294260671,-0.01665130285152472,0.47270667247524667
2021-02-08,332.39,-0.0071903486867835875,0.01829176569692237,-0.01717861548181343,-0.020909172959475253,-0.5989875055894056,-0.017864556695449618,-0.4444351594265601,-0.0326483949577312,-0.3466663492241684,-0.043670086344353765,-0.3525857110512245,-0.03602795912432233,-0.407289057883222
2021-02-09,333.0,0.0059159159159158925,0.011561561561561629,-0.007087087087087163,-0.0018318318318318871,0.7266098603435602,-0.018288288288289767,0.0409467236544796,-0.030402402402403328,0.21913723355021375,-0.0434414414414408,0.16139288922766992,-0.036211211211211736,0.0717896169656711
2021-02-10,339.39,-0.014850172368072068,0.0012375143640059871,-0.01882789710951993,-0.01882789710951993,0.11233853028263141,-0.0316155455375835,0.17051613985553193,-0.04079083060785604,0.2792799733036331,-0.05892630896608542,0.27836479907168354,-0.052888024593143235,0.20816859571335966
2021-02-11,339.45,-0.005243776697599012,0.0032405361614376016,-0.0065105317425245834,-0.00017675651789661462,-0.19597265891869597,-0.025340992782443617,-0.014704620588202433,-0.034944763588158234,-0.024798878854000228,-0.055065547208719146,0.02032374162025663,-0.05129768743555818,-0.01915294329230166
2021-02-15,338.33,0.010847397511305479,0.010847397511305479,-0.0054089202849288975,0.0033103774421423537,-0.11040429650865358,-0.012993231460409871,-0.13499026848414042,-0.02511453314811074,-0.16302448495307953,-0.04702066030207108,-0.08980192152495214,-0.04659848865506122,-0.11726116344715865
2021-02-16,338.93,-0.010533148437730455,0.0004720738795620516,-0.012716490130705416,-0.001770277048358082,0.6829623030511578,-0.00713421650488455,0.6069510584132114,-0.02197503909361931,0.44568075842983346,-0.04393090018587842,0.5135283769636563,-0.0473421257093406,0.5169086820308393
2021-02-17,338.46,-0.00404774567157129,0.007622761921645127,-0.00404774567157129,0.0013886426756486436,0.16520712371357327,-0.0018909176859909227,0.5667037321769122,-0.01800803640016635,0.5953901435191282,-0.0387933581516271,0.7259890247580052,-0.04545982784770275,0.7141283304805066
2021-02-18,339.24,-0.0003242542153047978,0.007900011791062367,-0.0022403018511967243,-0.002299257163070445,-0.09324614943785947,-0.0009668671147285979,0.3190234253442321,-0.016077113547931732,0.4038628093775323,-0.03856856502770811,0.5011053709141216,-0.046670990056204564,0.5322647426436984
2021-02-21,333.29,0.01785232080170429,0.01785232080170429,-0.005100363047196188,0.01785232080170429,-0.16676646841098297,0.016778181163549677,0.05375431056890845,0.004725614329861738,0.17620315655909247,-0.018176362927179834,0.23917507279751038,-0.028613719783572633,0.26906849779869235
2021-02-22,325.18,0.020696229780429398,0.020696229780429398,-0.006488713943046953,0.024940033212374813,-0.3194310978635375,0.0383479918814178,-0.3261362842186921,0.03263423334768345,-0.22695741926240676,0.009101113229596614,-0.15649958591626068,-0.003954732763393087,-0.14094756744731063
2021-02-23,331.79,-0.017450797190994405,0.0011754422978389467,-0.028391452424726515,-0.019922239971066125,0.3577516777727434,0.00973507338979318,-0.08732436465254856,0.011983483528737127,0.10995638621154291,-0.009457789565688546,0.16934230596786537,-0.023965962405940178,0.18171589477654604
2021-02-24,330.55,0.002843745273029885,0.015670851610951386,-0.0032975344123431505,0.003751323551656416,-0.35282698057518336,0.00920284374527136,-0.3851999861827031,0.015598245348660278,-0.3386630613756654,-0.0038088035093020167,-0.2396273359867661,-0.019034941763727775,-0.23375263712067995
2021-02-25,329.36,0.008136992956035982,0.011871508379888152,-0.009032669419480222,0.003613067767792133,0.5290144971252817,0.008045907213988901,0.10767203855884389,0.01852380374058682,0.05631014916141086,0.003471884867622732,0.14796313717251186,-0.014003926807546696,0.17792293356447675
2021-02-28,337.53,-0.017805824667436965,0.004058898468284333,-0.02180546914348347,-0.024205255829111372,0.4212294519319708,-0.022208396290701593,0.6419384515040991,-0.009101413207715514,0.5056655910095191,-0.019278286374543874,0.5880110796300451,-0.0361607363296107,0.6669845818768589
2021-03-01,332.94,0.009821589475581094,0.013425842494143136,-0.0006307442782482742,0.01378626779599923,-0.3235049006746574,-0.006181293926835196,0.07023625139436906,0.003982699585510119,-0.02964740307407243,-0.0026746560941905972,0.030268204097822826,-0.019734286458021,0.11382301899915381
2021-03-02,326.53,0.011208771016445684,0.015710654457477213,-0.0007656264355495601,0.019630661807491068,0.02511857387441574,0.01808103390193705,0.03730172134561105,0.02204085382660015,-0.036286208412382615,0.018603191130983854,0.05535118111147108,0.0022642125787313283,0.12178338963182322
2021-03-03,327.54,-0.003999511510044629,0.021401966172070575,-0.006228246931672565,-0.0030835928436222515,-0.19941097749026404,0.011729865054648236,-0.16559154623039485,0.015103498809304838,-0.21192034304078244,0.014917262013800059,-0.17111955952970803,0.000536321263560291,-0.11005780632334805
2021-03-04,334.52,-0.013511897644385984,0.0008669137869186105,-0.021553270357527188,-0.020865718043764137,-0.04376773693040903,-0.011180198493365157,-0.2416024421337143,-0.009341743393519897,-0.20291584176610122,-0.005767966040893913,-0.1979409109204805,-0.019782574036430578,-0.15901492518367732
2021-03-07,342.72,-0.02541433239962665,0.01149626517273572,-0.026989962651727373,-0.023926237161531416,0.2049786974071397,-0.03182773109243864,-0.02698965150185284,-0.03442168534080392,0.011697084332656704,-0.028670634920634597,-0.0052378233738931135,-0.04160150171179622,0.02401801316305474
2021-03-08,342.12,0.015257804279200204,0.027037296854904636,-0.0007599672629486909,0.0017537706068047054,-0.110453747211543,-0.027095755875133132,-0.07036546585030135,-0.02997193967029199,-0.08504575442593376,-0.024234186835028315,-0.12252252123973606,-0.03723352429946647,-0.08397435410634901
2021-03-09,344.35,-0.002439378539277004,0.0018876143458690375,-0.011325686075214225,-0.006475969217366151,0.6391924862758767,-0.02806446928996842,0.5759133855327201,-0.0313343981414268,0.4855880366723513,-0.028131261797589402,0.47084495163880336,-0.04083635835632382,0.5178677349283607
2021-03-10,345.14,0.0019122674856579813,0.0045488787158833865,-0.006953699947847225,-0.002288926232832944,-0.25290088204949357,-0.019962913600279797,0.12580042722001838,-0.02991249927565709,0.08658285016783651,-0.02862316741032578,0.044059287676010195,-0.04058449711228318,0.12987194055732343
2021-03-11,345.61,-0.0013599143543301384,0.0017939295737969818,-0.012470703972686015,-0.0013599143543301384,0.3858290486619984,-0.011110789618357653,0.48942897809883834,-0.027010213824832374,0.4345295507398257,-0.028187841786984857,0.4422066372868303,-0.03814318644329373,0.5286338215025925
2021-03-14,351.49,-0.019772966513983303,0.0008535093459274279,-0.019772966513983303,-0.016728783180175788,-0.18546870089369782,-0.02134342371049114,0.07974374670710982,-0.03866397337050931,0.13812036739961564,-0.043560271984977805,0.16128122053621863,-0.05170749286371368,0.21218659722317912
2021-03-15,348.61,0.01055620894409226,0.0267921172657124,-0.002380884082499146,0.008261380912767846,0.12824428611085414,-0.008226958492299596,0.1663863791986675,-0.026717535354695343,0.3081481262144907,-0.033931900978170115,0.29061064125104097,-0.04057542812885473,0.3371697850158848
2021-03-16,350.19,-0.006025300551129376,0.00314115194608644,-0.012735943345041245,-0.004511836431651317,-0.10278957970668934,-0.008995116936521552,-0.05393178577334945,-0.02663411291013551,0.1456938881099652,-0.03682286758616715,0.12614873153524853,-0.042356054332410076,0.18978331902047363
2021-03-17,348.46,0.006083912070252051,0.01084773001205308,-0.0152958732709636,0.004964701830913132,-0.1324475569604645,-0.0007231820008049006,-0.15384747467879611,-0.015011766056363118,-0.01891366302084352,-0.030425299890948554,-0.019147428236901964,-0.03567984847615224,0.014620649625679993
2021-03-18,347.37,-0.0009212079339032675,0.006506031033192139,-0.0031378645248583137,0.0031378645248580916,-0.30184316410508505,0.004323919739757542,-0.4080397967040438,-0.00589860955177568,-0.3321048388589102,-0.02594351843855236,-0.30398129963625886,-0.030330771223767372,-0.2915936730556693
2021-03-21,345.54,0.001244429009666037,0.014962088325519263,-0.0025756786479135263,0.005296058343462251,1.6430618183906018,0.010661573189788554,0.8292074644369614,0.0030850263355897134,0.7894751056072591,-0.019608438965097896,0.9027552516552138,-0.02337018386679801,0.9180175429083206
2021-03-22,346.83,-0.0035752385895106986,0.004353717959807435,-0.012196176801314684,-0.003719401435861802,-0.42707297119322507,0.0034714413401364386,-0.02309975736982306,0.00016722890176645855,-0.03163731814158566,-0.02148891387711538,0.07132964748265858,-0.02493440590491025,0.07358563704076881
2021-03-23,351.79,-0.013445521475880517,0.003951220898831709,-0.01571960544643114,-0.014099320617413924,0.5069112960079898,-0.011688791608631455,0.5254753179802014,-0.01259558259188831,0.4165234960197397,-0.03220813553540458,0.5846661758658167,-0.03665539100031301,0.6291170664062118
2021-03-24,351.3,0.001594079134642712,0.001594079134642712,-0.009977227440933656,0.001394819242812373,-0.2328121918927294,-0.009399373754627183,0.11169582241753306,-0.009100483916881119,0.07293973069663928,-0.02801167093652135,0.19472231612158075,-0.03347091754435905,0.20096878315821098
2021-03-25,359.55,-0.021638158809623276,0.00011125017382829228,-0.023585036851620167,-0.02294534835210682,0.21528945672463418,-0.03054929773327919,0.29702014612983585,-0.03012376581838494,0.27821669221414,-0.047428730357391036,0.4012035127989846,-0.053951698882862886,0.447637065546743
2021-03-28,361.74,-0.00848675844529223,0.0011295405539890613,-0.009675457510919472,-0.006054071985403864,-0.2239789432575785,-0.029684303643502385,-0.16848249854215402,-0.03214186985127521,-0.012927208653295663,-0.04902277879139694,0.06957770950143649,-0.057821455557398704,0.11270933982268527
2021-03-29,352.78,0.018113271727422386,0.019431373660638407,-0.0013322750722829513,0.025398265207778215,0.1761113584702272,0.004144225863142781,0.06624610409392373,-0.004654458869551403,0.1594646888352511,-0.021438290152502648,0.26992075395058546,-0.03178562654723449,0.29440223716792047
2021-03-30,352.87,0.001813699095984278,0.00810496783518011,-0.003655737240343515,-0.000255051435372855,0.11968338653955479,0.007260464193610705,0.13063978659203213,-0.0037265848612813013,0.2920510779726244,-0.018876640122424404,0.4003883325315958,-0.03066757351621474,0.4193418463287708
2021-03-31,362.65,-0.008851509720115724,0.0008823934923480881,-0.01968840479801459,-0.026968151109885485,-0.11104770183264046,-0.01930787260444078,0.013477771721932541,-0.029855232317662628,0.12040387909284633,-0.041704122432096646,0.22211600736135084,-0.05552736798566116,0.2558097628346123
2021-04-04,367.17,-0.010812430209439894,0.003370373396519355,-0.015796497535201737,-0.01231037394122625,0.27580597324350364,-0.02519813710270591,0.26646014547741403,-0.03793338235694743,0.3848477724576913,-0.048719938992836886,0.5158683561329951,-0.0649581029677444,0.6057730376436614
2021-04-05,365.85,0.0006286729533961921,0.006669400027333516,-0.004113707803744648,0.0036080360803607547,0.04487950183866962,-0.01751537515375301,0.29007284199878103,-0.029050157168239443,0.29384170028233014,-0.04082547492141564,0.5191097791523462,-0.05903967928568177,0.667816025239732
2021-04-06,361.2,0.011157253599114236,0.016279069767441756,-0.004969545957918098,0.012873754152824102,-0.24926741893366078,-0.002591362126247221,-0.11566237311135696,-0.010927464008860355,-0.026778930921846134,-0.025275470653377208,0.10506667538138581,-0.04392118863049088,0.23669661832591293
2021-04-07,365.61,-0.003309537485298608,0.009463636114985796,-0.009873909356965083,-0.012062033314187315,0.3316444049324998,-0.010016137414185833,0.17865774746686647,-0.018927272229972814,0.2590547803408736,-0.03442329257952437,0.4289846017392853,-0.0521694337317542,0.6121563125684939
2021-04-08,369.1,-0.007315090761311427,0.0005418585749119575,-0.014684367380113805,-0.00945543213221356,-0.2806449761521611,-0.012473584394474435,-0.17869742127306243,-0.02445949607152631,-0.10355500133792384,-0.040673259279327856,0.016013307682962052,-0.05807730515668752,0.14179785648960097
2021-04-11,371.11,-0.006925170434642025,0.0017784484384681942,-0.01323057853466636,-0.005416183880790015,0.26804267919809677,-0.014346150736979646,0.051929193134807816,-0.024946781277789265,0.12932725160746394,-0.04264099593112536,0.27044737735023383,-0.059716346456127,0.4080324211689679
2021-04-12,372.97,-0.010188487009679115,0.004692066386036364,-0.010188487009679115,-0.004986996273158684,0.10019923591570534,-0.017148832345766474,0.1677102635612484,-0.026709923050112327,0.231007077242392,-0.04399683620666517,0.38820936200833134,-0.0606742275965001,0.5267260700265024
2021-04-13,372.03,0.00567158562481529,0.012794667096739598,-0.0027417143778727393,0.00252667795607886,0.056817132834856565,-0.010837835658415784,0.23336300457596493,-0.02123215869688,0.24117038766027976,-0.038694460124183205,0.4361790252886901,-0.05512548271196771,0.6047783155232613
2021-04-14,375.07,-0.001972965046524666,0.003572666435598837,-0.005598954861759098,-0.008105153704641821,-0.07533319513711911,-0.013080225024663328,0.06419600287773308,-0.02403284720185639,0.11004940514658967,-0.04336390540432422,0.3055859214639045,-0.05930981772291399,0.45467655311544397
2021-04-15,378.07,0.0001587007696988163,0.0006612532070779942,-0.01031555003041762,-0.007935038484936707,-0.5396576064635457,-0.015907107149470856,-0.5083280084798486,-0.02590525564049051,-0.4964461631585003,-0.04766445367259997,-0.4111814438757324,-0.062494599765475556,-0.34196360326208475
2021-04-18,376.44,0.0028424184464987956,0.00695994049516524,-0.0016998724896397643,0.004330039315694423,1.1612189026560125,-0.0068802465200310525,0.2235856572094077,-0.01759111677823899,0.17438371453527868,-0.039607905642333185,0.29289997897188713,-0.05396079056423364,0.42142821999719615
2021-04-19,379.06,-0.010710705429219702,0.0006595261963804333,-0.01614520128739516,-0.006911834538067874,-0.35799283191343256,-0.01093230623120467,-0.22339065292934857,-0.021935841291616853,-0.24726893565207908,-0.04241149158444546,-0.21851987190387856,-0.05681334529274196,-0.11489197460750977
2021-04-20,382.76,-0.007210784826000571,0.0010711673111087894,-0.008804472776674732,-0.009666631831957373,0.28454610788827317,-0.01731110878879838,0.09414403222874945,-0.027939178597555347,0.014931558929021094,-0.0472894241822549,0.02886776674842806,-0.06276605009231218,0.12769466394758822
2021-04-21,383.31,-0.005896011061542805,0.0056351256163418295,-0.006313427773864566,-0.0014348699486056438,0.12224369020607706,-0.013122537893612174,0.28206179972398315,-0.023709269259868604,0.13097677247315853,-0.043969632934178215,0.13395466772707065,-0.060576730757524566,0.2372456004927761
2021-04-22,388.14,-0.007986808883392538,0.0033235430514764186,-0.011671046529602602,-0.012443963518318113,-0.14593450359877802,-0.021157314371104352,0.10849634448540302,-0.031297985263050054,-0.025787739622198158,-0.0518060493636312,-0.03235156389219396,-0.06892100788375355,0.05092047794052035
2021-04-25,383.93,0.011486468887557555,0.011486468887557555,-0.0013804599796838346,0.01096554059333732,0.322648050479321,-0.0051780272445509645,0.2787815627873549,-0.01571640663662721,0.2790027797448553,-0.03661084051780239,0.2709502922431377,-0.054977903958187135,0.3734734832070292
2021-04-26,384.14,0.0039829228926955285,0.0059874004269278025,-0.0076013953246211186,-0.0005466756911541859,-0.27465489510007,-0.0018222523038486926,-0.07903856680461152,-0.012917165616702975,-0.08086057348054942,-0.033964179726140964,-0.08664302591410822,-0.05216934798077111,-0.011304348048302715
2021-04-27,380.08,0.018811829088613008,0.0219427488949695,-5.262050094712034e-05,0.01068196169227531,-0.16813708921385428,0.011513365607239479,-0.2640301524843275,0.0005656703851812939,-0.2135457867515289,-0.02069827404756841,-0.24662981575607612,-0.03918122500526233,-0.1822118199269147
2021-04-28,392.7,-0.019607843137254832,0.0021645021645022577,-0.02602495543672012,-0.03213649096002036,-0.06881437038981364,-0.022358034122741066,-0.27089583925953153,-0.02953908836261865,-0.22858590171547477,-0.048693659281894064,-0.2899257203634167,-0.06738731856378954,-0.2341887645814169
2021-04-29,390.39,0.0016650016650017196,0.011642203949896235,-0.004892543354081735,0.00591715976331364,0.10388498508951871,-0.011762596377981938,-0.1145029260467656,-0.019280719280720282,-0.10257224651034424,-0.03796331873254899,-0.19844156133619417,-0.05823919670073563,-0.1507370237730783
2021-05-02,393.9,-0.007336887534907355,0.0005585173902005192,-0.009444021325209384,-0.008910891089108919,0.45160544391176005,-0.019426250317340354,0.33754765135669573,-0.02489210459507596,0.24444103983206178,-0.04301472454937738,0.17493058079938173,-0.06308284674621345,0.2261314996640853
2021-05-03,397.13,-0.011960818875431212,0.0,-0.014831415405534676,-0.00813335683529326,-0.39931658286861427,-0.02238058066628168,-0.18458413072953472,-0.028426459849420715,-0.24895749735344486,-0.04743283055926206,-0.29301735294184894,-0.06679760615751396,-0.2908246277102896
2021-05-04,392.06,0.015150742233331682,0.01655358873641788,-0.001887466204152477,0.012931694128449633,0.5677538686539558,-0.003111768606846921,0.3581386012266421,-0.011253379584758583,0.19615464579009423,-0.031125337958475274,0.14353122882859637,-0.050343484840756236,0.13597639078572699
2021-05-05,389.57,0.010832456297969584,0.011628205457299146,-0.009189619323869858,0.006391662602356574,-0.31524362443000475,0.009410375542263427,-0.12549595948500847,-0.002546397309855508,-0.18605146356295554,-0.020971840747490256,-0.22215385927630926,-0.04040352183176388,-0.2328859690516617
2021-05-06,390.71,0.0001279721532594369,0.0023290931893220623,-0.004888536254510911,-0.0029177650943154054,0.5030265858101408,0.004862941823858158,0.3043886647144274,-0.0038545212561755804,0.27511392930434164,-0.020762202144812614,0.1997678987295073,-0.039980206973629806,0.16960197376005892
2021-05-09,390.36,0.005789527615534418,0.014448201660006044,-0.0012552515626601535,0.0008966082590429192,-0.19079956891404548,0.005927861461214379,-0.010346958515440319,-0.0023030023567999214,0.019346027083184003,-0.01711625166512909,-0.038752918189200125,-0.035754175632750074,-0.06190999339240355
2021-05-10,379.67,0.01403850712460808,0.017502041246345357,-0.003924460715884925,0.02815603023678448,-0.3046788684695194,0.03238601943793196,-0.2818772142774483,0.0274817604762021,-0.2707940858845148,0.013092949140043109,-0.32431163118719786,-0.0058998604050893855,-0.34476026341003874
2021-05-11,369.69,0.021071708728935157,0.022589196353701713,-0.004517298276934811,0.0269955909004842,0.12157660022513217,0.050810138223916335,-0.1739034120209394,0.054010116584164214,-0.14590222233604289,0.04134815656360802,-0.21407142882087327,0.022553130099993046,-0.2569239777382252
2021-05-12,379.7,-0.019778772715301485,0.0019486436660522966,-0.022544113774032093,-0.026362918093231436,-0.09790840586041194,0.011324730050038534,-0.19154698998622266,0.02348696339215084,-0.22164602515205478,0.013587042401896898,-0.26980495921401926,-0.0029198490035999836,-0.32201315848426815
2021-05-13,379.16,0.0022945458381684603,0.004826458487182217,-0.005011077117839546,0.0014242008650700022,0.2011781103563972,0.0075588142209084275,0.0057780384588701494,0.02151598269859578,-0.05114108943673967,0.015641154130182855,-0.09387965993731029,0.0008589162007237583,-0.16961404482453424
2021-05-16,374.95,0.011068142418989346,0.011068142418989346,-0.004187224963328462,0.011228163755167442,-0.005159325466663867,0.012711028137084135,0.06350280741843628,0.029990665422055418,-0.052262404686120645,0.02719029203893908,-0.11587736453398245,0.013564475263367903,-0.16763629108308187
2021-05-17,370.12,0.01272560250729482,0.013049821679455231,-0.00029720090781371056,0.013049821679455231,0.5318305408265358,0.01759969739543843,0.6779191571444636,0.0383118988436173,0.5039569883792121,0.040393656111531895,0.38338335913915245,0.027491984581576645,0.29380372007462063
2021-05-18,370.67,-0.01014379367092022,0.0002967599212235772,-0.01767070440014029,-0.0014837996061186631,-0.0966368168534234,0.01093695200582645,0.36182939937452585,0.02948444708230924,0.297063379193343,0.03764399600723056,0.22798072698794725,0.026351381732178103,0.17096360429693758
2021-05-19,374.53,-0.007903238725869732,0.007502736763410178,-0.008063439510853532,-0.01030625050062739,-0.011942313845826558,0.0010413051023943076,0.24839824069411431,0.013163164499505164,0.2846509397462611,0.025335754145195954,0.21127150770318281,0.016616381420268445,0.1531645001331119
2021-05-20,377.5,-0.005403973509933824,0.0048476821192051656,-0.006357615894039714,-0.007867549668874263,-0.2606783290141803,-0.009573509933775703,-0.17075825554418156,0.0012079470198664843,-0.07965399841948173,0.016105960264900965,-0.10140746674378986,0.009405739514348088,-0.14320002942859056
2021-05-23,379.05,-0.0025590291518270414,0.011291386360638311,-0.0027700831024931594,-0.004089170294156452,0.28346793198352094,-0.014499406410764637,0.06285752893647123,-0.006371191135735144,0.22132299850138426,0.010547421184540662,0.16655481995039345,0.0060167963769066635,0.10605361533249713
2021-05-24,378.59,0.004807311339443787,0.007963760268364206,-0.0009244829498928908,0.0012150347341453038,0.2646759367449445,-0.01113605747642643,0.26894743398234855,-0.00815129823820071,0.533108942121892,0.011130774716712422,0.48984675236702,0.007938226929747438,0.4046479762067763
2021-05-25,378.67,0.002033432804288582,0.00668127921409134,-0.003512293025589641,-0.0002112657459002465,0.0845565781672708,-0.006871418385402506,0.36081626819794166,-0.008646050650963577,0.5560468136086385,0.010184329363298161,0.597232025921216,0.008219998063396572,0.5237810258694837
2021-05-26,380.54,-0.005281967730067949,0.006227991801124766,-0.00882955799653129,-0.004914069480212335,-0.2807179994571075,-0.007547169811321863,-0.06232855919857494,-0.011157828349189103,0.05318467501136381,0.005034950333736576,0.12186045895298836,0.003847164555630611,0.09564451890031589
2021-05-27,379.47,0.010461960102247758,0.010909953355996427,-0.0018446781036710602,0.0028197222441825875,-0.30377950536989906,-0.0015811526602904635,-0.3382842937721695,-0.008148206709358896,-0.3036200410626183,0.0062666350436138,-0.23120300499639923,0.007158229460387133,-0.23232400776521844
2021-05-31,373.46,0.023349220800085835,0.023804423499170113,-0.0013923847266105183,0.01609275424409584,0.23206858021485055,0.015541155679322127,-0.15554093581351514,0.007896427997642785,-0.12803472548487405,0.020998232742462708,-0.04372873918273035,0.023491136935682055,-0.06219116560371185
2021-06-01,379.83,-0.01719190164020734,0.0025537740568148948,-0.01719190164020734,-0.016770660558671047,0.03790282160126934,-0.004433562383172385,-0.0916235700910123,-0.009398941631783564,-0.1051519981009621,0.001184740541821716,0.006843507414184158,0.006064993988537992,-0.015623566277683354
2021-06-02,381.35,-0.007211223285695567,0.0032253835059654623,-0.01604824963943885,-0.003985839779729994,-0.06096780669379598,-0.007751409466370429,-0.08963568771237451,-0.010801101350466413,-0.13566313886917558,-0.005074078930116355,-0.06631939245700813,0.0021222848651711868,-0.07881940644465912
2021-06-03,384.58,-0.006916636330542292,0.001430131572104587,-0.009152842061469602,-0.008398772687087108,0.5580977388156896,-0.014691351604348424,0.542667705810663,-0.016332102553435868,0.38204275484744965,-0.01482266368505869,0.47430278842784124,-0.006416523653510087,0.4454012821921056
2021-06-06,381.23,0.009364425674789567,0.011646512603939785,-0.0015476221703434323,0.00878734622144095,0.17352388014260312,-0.003913647929072672,0.7393339782559591,-0.005052068305223534,0.5961076300566681,-0.006820029903207625,0.6887760751711336,0.0024254824296785493,0.6915945220861446
2021-06-07,384.39,-0.008194802154062208,0.0005723353885378479,-0.013788079814771481,-0.008220817398995717,-0.3165240534921069,-0.011186555321419323,0.025356393092141216,-0.012260984937174091,0.02695347045901908,-0.01621790369156295,0.1429248314736844,-0.006414492225778168,0.1439465615932849
2021-06-08,384.61,0.004784066976937673,0.006188086633212908,-0.0017420243883414788,-0.0005720080081121903,0.20389634265834577,-0.00606848495879031,0.1819330999218145,-0.01143756012584285,0.23264181972091635,-0.017556745794440665,0.3684843942243783,-0.006942963868161622,0.38546525057393244
2021-06-09,386.73,-0.007059188581180709,0.0021720580249786625,-0.011093010627569622,-0.005481860729708021,0.1673600399986792,-0.009045070204019123,0.28336517190470145,-0.015300080159285412,0.44112835896927916,-0.022303674398158613,0.5422664699750479,-0.012346253630871495,0.6049774299905193
2021-06-10,392.49,-0.010089429030039065,0.0011465260261407373,-0.012943004917322698,-0.014675533134602126,-0.22764502352963678,-0.020846390990854058,-0.12561611035568143,-0.027697520955949018,0.10872659445507504,-0.03448113327728064,0.15155549706414617,-0.026275828683534064,0.21775386308942113
2021-06-13,396.37,-0.018946943512374803,0.0003784342911925531,-0.02066251229911442,-0.00978883366551453,-0.2157295938994198,-0.02643994247798831,-0.2939519913599876,-0.03420036834271123,-0.14097320139028768,-0.04231904533642783,-0.12567625096607282,-0.03582511289956425,-0.058902417479643976
2021-06-14,396.02,0.007045098732387345,0.007802636230493487,-0.002222109994444721,0.0008837937477905733,-0.23742899909144988,-0.017933437705166866,-0.3978121806729371,-0.029079339427302675,-0.3660919051883226,-0.039299782839250175,-0.3383206092733124,-0.034469639580493094,-0.28462380503137796
2021-06-15,392.76,0.010922700886037306,0.016193095019859438,-0.005194011610143545,0.008300234239739357,0.3466193904061661,-0.0038598635298915385,-0.09459472146957382,-0.015276504735717622,-0.11818043120761301,-0.02864344637946814,-0.10009150362273656,-0.02627558814543285,-0.01746666627546878
2021-06-16,400.16,-0.016068572570971607,0.002773890443822369,-0.0165683726509398,-0.018492602958816606,-0.36175473978800277,-0.018207716913235417,-0.3871697784619015,-0.03025539784086484,-0.43883395925032276,-0.04377748900439793,-0.4180800593240097,-0.04464630814340975,-0.37892800753035416
2021-06-17,390.71,0.020142816923037543,0.02206239922192932,-0.002457065342581388,0.024186736966036237,-0.17387467106840693,0.012413298866166267,-0.3940954748604216,-0.0019861278185878684,-0.511397005929664,-0.01687568785032334,-0.5002272547960973,-0.02084837006134177,-0.47376492407049586
2021-06-20,399.52,-0.016745094112935566,0.001677012414897927,-0.024404285142170634,-0.022051461754104884,0.786092533160548,-0.010802963556267975,0.28772952653051087,-0.022459451341611092,-0.014732594943266841,-0.036530086103323534,-0.05831624821953307,-0.04234498064343917,-0.03808225814547772
2021-06-21,403.86,-0.01228148368246429,0.002550388748576271,-0.017307978012182423,-0.010746298222156225,0.06936109609117147,-0.019873223394246242,0.38408841770599733,-0.028435596493835757,0.10037178043901562,-0.04415762888129526,0.0022338220476953996,-0.05190907740306083,0.037586069178394466
2021-06-22,400.83,0.007035401541800823,0.00992939650225777,-0.00047401641593691757,0.007559314422573182,0.05874430939675901,-0.00855225407279947,0.38998203564247413,-0.01623381483422015,0.17767844503899832,-0.033837287628171286,0.06600865135929257,-0.04361948955916506,0.09890029247152388
2021-06-23,411.18,-0.017267376817938662,0.0031129918770367304,-0.02196118488253329,-0.02517145775572749,-0.4064393547275984,-0.02958315093146624,-0.18282427138540636,-0.03705189941145115,-0.28757515002151623,-0.05545259983462214,-0.3601272124895146,-0.0659775929438855,-0.35776826041268706
2021-06-24,412.36,-0.0036860995246872363,0.0013822873217577136,-0.011591812978950511,-0.002861577262586068,0.07349018321965683,-0.02701522941119472,-0.12096344427241101,-0.033878164710448355,-0.170129370509145,-0.0542135512658839,-0.281744311729058,-0.0652965046722932,-0.30332671057586436
2021-06-27,410.8,0.0029211295034079487,0.009664070107108014,-0.0009006815968841675,0.0037974683544304,0.8464047536675672,-0.01277994157741058,0.5165217183278985,-0.02537244401168559,0.6158913494733278,-0.04674902629016542,0.3612255986249844,-0.05909688412853009,0.28947357928545303
2021-06-28,410.58,-0.011763846266257483,0.003117541039505234,-0.0194359199181644,0.000535827366165087,-0.37454665992962943,-0.006756295971553139,-0.09301703787511695,-0.02133567148911386,-0.007358122254206512,-0.042422913926640105,-0.16880683655817197,-0.0560239985711275,-0.20306222513290872
2021-06-29,410.45,-0.0014130832013643513,0.002655621878426162,-0.005481788281154865,0.00031672554513328954,0.1694887762841839,-0.0031672554513344497,0.11238158951210342,-0.01747837739066982,0.15427213262378459,-0.03759775855768033,-0.01830317392267078,-0.052831445161814816,-0.06476317005052856
2021-06-30,412.2,-0.0006307617661329701,0.004391072295002463,-0.004051431344007761,-0.004245511887433273,0.547728397247931,-0.0027316836487149,0.7648276831891501,-0.017358078602621285,0.7992593788574018,-0.03796943231441019,0.5239429482138114,-0.053591298722303615,0.4629565471013173
2021-07-01,414.63,-0.0035694474591805303,0.0013988375177869106,-0.006970069700697024,-0.0058606468417625734,0.08151907575663686,-0.008084316137279779,0.6396264272316072,-0.02021320213202249,0.8134410715995695,-0.03988736946192972,0.618352663508497,-0.05579914622675686,0.5750142981334505
2021-07-05,415.67,-0.001611855558495967,0.002357639473620887,-0.01323165010705607,-0.0025019847475160617,-0.2599134552852307,-0.009473861476652967,0.026857042805449538,-0.016910048836818903,0.2005302739748871,-0.038674910385642414,0.19487497707148682,-0.05494583042638046,0.15791950841267988
2021-07-06,419.16,-0.005367878614371602,0.0019085790628876609,-0.011499188853898445,-0.008326176161847498,0.6347164277156794,-0.015397461589847228,0.7093021195513656,-0.021242484969941078,0.9286876118485525,-0.0425708559977096,0.979506074066401,-0.05977908197347137,0.8757276317660567
2021-07-07,417.06,-0.005322975111494821,0.005394907207596056,-0.005562748765165715,0.0050352467270897705,-0.4910917666643546,-0.0063252289838400255,-0.269397239370188,-0.012645662494606302,-0.06148415065547619,-0.033581499064882614,-0.008500867031976056,-0.05183906392365667,-0.05686636147141111
2021-07-08,414.68,0.006438699720266339,0.01157519050834388,-0.0094289572682551,0.005739365293720544,-0.07530637651841343,0.0025658338960155014,-0.3300768194182454,-0.0030650139866896797,-0.12170204687158259,-0.024122214719783708,-0.06867977969496719,-0.04330487765666757,-0.11783480030179594
2021-07-11,411.75,0.011293260473588251,0.014523375834851304,-0.006751669702489305,0.007115968427443775,-0.030576632155827954,0.010904675166969469,-0.2760584398182663,0.004879174256222418,-0.1855582989851936,-0.01378384942319355,-0.07504957137625312,-0.03358186601902502,-0.13105728848976173
2021-07-12,408.95,0.0044993275461548965,0.009524391734931026,-0.0022496637730774482,0.006846802787626949,0.3942452566843344,0.016417654970044326,0.1342989012741891,0.011610221298446355,0.1009910551894293,-0.004676610832619943,0.3117274719596921,-0.024421078371439697,0.22201193797293728
2021-07-13,410.58,-0.0038482147206390094,0.000535827366165087,-0.0073432704953967365,-0.003969993667494731,0.39152096236015654,0.009109065224802926,0.567335776549468,0.00714355302255254,0.5400976160547768,-0.007096059233279495,0.810429488927116,-0.02590075827690952,0.6749224934315445
2021-07-14,411.52,-0.005832037325038786,0.0035964230171072753,-0.005832037325038786,-0.0022842146189735457,-0.03554454673751295,0.0026341368584750224,0.5337936715326006,0.0048430209953334025,0.3796333505136049,-0.007595013608086898,0.6875029813394329,-0.02511907076205322,0.5912406599240889
2021-07-15,414.42,-0.0031610443511413955,0.002026929202258554,-0.006732300564644578,-0.006997731769702309,-0.07775991862521248,-0.007055644032624819,0.28959102302185435,-0.0019304087640569234,0.20515094679736978,-0.012276193233917043,0.5292533991999862,-0.029392082106719952,0.44822482646340145
2021-07-18,409.15,0.0059147012098252905,0.01421239154344378,-0.007454478797506936,0.012880361725528644,-0.24967796784830998,0.005606745692287918,-0.13336897155812033,0.011467676891114609,-0.09800460828009061,0.0021886838567763967,0.09896337850370984,-0.014196097600717383,0.0716759304582304
2021-07-19,416.38,-0.014121715740429419,0.007204957010423119,-0.018300590806474837,-0.017363946395119845,0.3164925103418015,-0.013103415149623765,0.06329277870399719,-0.007411499111389719,0.2250395071123401,-0.012998943272971575,0.375577768333049,-0.029346590454232935,0.4209645070151842
2021-07-20,417.06,0.0026135328250131984,0.008535942070685199,-0.0009590946146836865,-0.0016304608449623226,-0.05654522928376504,-0.011149474895699507,-0.03883269719783733,-0.008859636503142254,0.13018272104666884,-0.012586917949455656,0.27258899313933616,-0.028119854857015514,0.3449132992483368
2021-07-21,418.6,0.0006927854753939755,0.0021022455805064233,-0.006247013855709582,-0.003678929765886352,0.1929360176259589,-0.011691352126135812,0.18742826332533724,-0.013007644529384743,0.38000868414868494,-0.014642857142857069,0.49702078827735363,-0.029093804745979224,0.5967709201897311
2021-07-22,418.5,0.0052568697729988845,0.01003584229390686,-0.0017204301075269823,0.0002389486260454543,-0.1657645715968924,-0.00807168458781471,-0.013625466845393897,-0.012403823178017803,0.09120623993041987,-0.012284348864993855,0.22695806377458871,-0.02615452011150976,0.32705260214373233
2021-07-25,413.4,0.007837445573294577,0.013255926463473733,-0.011828737300435432,0.012336719883889735,-0.15027579086402065,0.006139332365746375,-0.14952507147393157,0.0007039187227857457,-0.11964089264408306,0.0007861635220127727,-0.006016494179345688,-0.011578777616513936,0.1320499171739533
2021-07-26,412.79,-0.0009447903292232329,0.006395503767048671,-0.01179776641876018,0.0014777489764770113,-0.35957163938643166,0.00968531214418844,-0.4617775070062142,0.002582426899875534,-0.4592459011954565,0.0023910462947265287,-0.38573954483300166,-0.00842962927073554,-0.2734755786613957
2021-07-27,411.59,0.008770864209528995,0.011783571029422513,-0.005588085230447626,0.002915522728929476,0.23905345931151278,0.010884618188001571,-0.21192086752362427,0.006438446026384659,-0.28347257720032937,0.005555285599747606,-0.21340877843617878,-0.0042088810061796655,-0.08980895039133885
2021-07-28,423.57,-0.00890053592086315,0.010293457988054033,-0.017871898387515572,-0.028283400618551835,-0.17583374118284656,-0.02028944448379355,-0.29626719535023904,-0.021788606369668284,-0.37288859763364324,-0.0227660127015602,-0.35855740170826733,-0.031147940914922123,-0.25622164524189395
2021-07-29,428.72,-0.010892890464638927,0.0028223549169621442,-0.014461653293525,-0.012012502332524821,0.15032287655625476,-0.02973969024071743,-0.0670730799643503,-0.030728680724016577,-0.2182648064871756,-0.03297490203396114,-0.25187800221760936,-0.04039077564222249,-0.13498002179440616
2021-08-01,434.25,-0.008405296488197989,0.004398388025331101,-0.013126079447322914,-0.012734599884858921,-0.20159167360380648,-0.03738860103627051,-0.19753879253643325,-0.03977892918825643,-0.3433512403809087,-0.04338744962579111,-0.3871523324788674,-0.05041872961044003,-0.31891121019779023
2021-08-02,436.05,-0.004357298474945592,6.8799449604251e-05,-0.017337461300309553,-0.0041279669762641635,0.19666310298237222,-0.03179910560715615,0.05585360976502174,-0.03798646944157846,-0.1700408618240674,-0.04508657264075189,-0.23376980868546238,-0.051010205251691865,-0.19746182208199792
2021-08-03,439.5,-0.007849829351535775,0.011695108077360628,-0.011740614334471045,-0.007849829351535775,-0.27859633953524676,-0.028814562002276167,-0.255953582549873,-0.0410625711035274,-0.37049310429193916,-0.05026393629123982,-0.4374627416040906,-0.05568904057641322,-0.418157324042594
2021-08-04,441.72,-0.0013583265417006496,0.004776781671647079,-0.011093000090555138,-0.005025808204292326,0.6395296844290637,-0.021058589151499496,0.3335232116952036,-0.04080186543511788,0.12415737283493389,-0.052734764103957055,-0.022098592015044605,-0.05774547979112021,-0.023839966375906352
2021-08-05,441.58,-0.0012681733774174697,0.001822999230037592,-0.009647176049639938,0.0003170433443544507,0.22007279743893338,-0.012527741292631789,0.5538122176906548,-0.03526201367815629,0.4200349076875851,-0.049642193939942625,0.19089040915668987,-0.054360100849978665,0.19427309272171778
2021-08-08,436.11,0.01114397743688511,0.013505766893673554,-0.0037261241429914493,0.012542707115177354,-0.07943733569310862,0.0057554286762506734,0.36065193098949067,-0.01786934489005132,0.3181526415057778,-0.03463805003324838,0.0793756903311651,-0.040175643759602586,0.07211183203394977
2021-08-09,434.49,0.009850629473635797,0.009850629473635797,-0.002750350986213679,0.003728509286750059,0.4079840664262686,0.010361573338856456,0.7497253459322548,-0.008980643973394709,0.8622969083228367,-0.028235402425832445,0.49872688290369394,-0.03477487015428127,0.48040710038363654
2021-08-10,433.6,0.004497232472324697,0.008279520295202847,-0.005765682656826532,0.0020525830258302236,-0.1506715728350695,0.01171586715867079,0.3382404028954247,-0.0019418819188199432,0.4883426040090644,-0.023295664206641753,0.25969008489885614,-0.030972478474785348,0.25068415688023804
2021-08-11,436.75,-0.001991986262163681,0.0006410990269032357,-0.009868345735546624,-0.0072123640526616795,0.12199325744346168,0.0017172295363474532,0.23175306469994306,-0.004100744132799705,0.620661970854476,-0.02770463651974764,0.4245620696528625,-0.03620454111810778,0.3779112302276839
2021-08-12,441.74,-0.008466518766695352,0.0007244080228188121,-0.011952505999003882,-0.011296237605831538,-0.09690964517858469,-0.011848598723231407,0.020817533273068012,-0.0123670032145613,0.37700489557285244,-0.035832163716212784,0.28961833315723373,-0.0451072274792117,0.22602695500064574
2021-08-15,446.11,-0.01183564591692643,0.0004034879289860349,-0.017170652977965162,-0.009795790275940908,-0.059543788367265815,-0.021456591423640536,-0.06168002620383051,-0.019123086234337783,0.2444255215003901,-0.04221492457017295,0.21697746912217175,-0.052253928403309335,0.15493054635477232
2021-08-16,444.18,0.0002701607456436772,0.0024764735017335227,-0.006326264127155645,0.004345085325768938,0.1440384663966383,-0.012702057724346627,0.04154400309886919,-0.012191003647170962,0.33083016850100644,-0.033892791210769935,0.38409829646408933,-0.04577348522370872,0.32827493480866443
2021-08-17,430.0,0.03488372093023262,0.03488372093023262,-0.0005813953488371659,0.03297674418604646,-0.4394440841898313,0.024362790697673997,-0.4078518328830315,0.022274418604650403,-0.295019675015592,0.0011988372093025834,-0.22394306901921124,-0.012096124031008348,-0.26033199413024277
2021-08-18,433.94,-0.020809328478591405,0.0028575379084665453,-0.025694796515647322,-0.009079596257547173,0.06927425409624033,0.013402774577129906,-0.28366525971772694,0.01080333686684698,-0.28314853721474587,-0.006400654468359246,-0.14826607738850084,-0.020233211964788334,-0.18887959335179816
2021-08-19,437.52,-0.008799597732675024,0.003931248857195202,-0.012959407569939518,-0.008182483086487391,-0.02278859053782112,0.003826110806362637,-0.21837206033224166,0.0007542512342284535,-0.2875283608886082,-0.012777701590783952,-0.14465791836009945,-0.026964100688730896,-0.20441907857528052
2021-08-22,439.02,0.0021411325224363065,0.007676187872989848,-0.004885882192155244,-0.003416700833674957,0.8882412177304346,-0.0015261263723752583,0.6155578451060857,-0.0035898136759155985,0.40140865566518236,-0.013984556512231294,0.651011088797695,-0.028554507767300397,0.5046872920244088
2021-08-23,437.6,0.006946983546617824,0.008889396709323538,-0.0013711151736746086,0.0032449725776964033,0.005622989280847479,-0.0015265082266915364,0.5712830671106053,0.0003085009140755268,0.36485262921285155,-0.00785763254113292,0.6413509808329003,-0.023324954296161327,0.48390687121563336
2021-08-24,437.85,-0.0016443987667009718,0.0009363937421491553,-0.010254653420121107,-0.0005709717939933467,0.4912350841051336,-0.0051022039511252615,1.309684267495352,0.00044764188648960257,1.0308677624630103,-0.005590955806782705,1.3610120549236635,-0.021701495946100824,1.1954337939402402
2021-08-25,437.16,0.004414859547991368,0.004414859547991368,-0.007754597858907641,0.0015783694757067757,0.053801759172552366,5.9474791837654806e-05,1.0211108065296544,0.0029989020038418968,1.0549683470364326,-0.0010179339372307084,1.4036384810256997,-0.01807804922682832,1.2978425207570221
2021-08-26,438.3,0.0016883413187314122,0.005749486652977476,-0.005076431667807468,-0.002600958247775509,-0.3516937275842451,-0.001072324891627341,0.061868974507911956,0.0004836869723923165,0.2869801065579538,-0.0020659365731229284,0.48287117269807256,-0.018682029051639404,0.477143871526142
2021-08-29,444.07,-0.008196905893214979,0.004931654919269501,-0.013666764248879693,-0.012993446979079781,-0.07743897675268185,-0.013700542707231311,-0.19279527901293259,-0.01329069741257105,0.16710064888263876,-0.013953881144863955,0.32768089102799003,-0.029640221886940377,0.35932344696023555
2021-08-30,443.82,0.0013744310756613753,0.00633139561083329,-0.002117975755937085,0.0005632914244513287,-0.08606244550575193,-0.010869271326213736,-0.25224528873026264,-0.013194538326349425,0.048749209299144836,-0.012292145464376847,0.16011347877200754,-0.026470941673051196,0.23116321775273008
2021-08-31,448.62,-0.007289019660291496,0.004123757300164899,-0.014745218670589866,-0.010699478400427953,0.03434964825469211,-0.018679506040747418,-0.19739303832427135,-0.023833088136954172,0.08938637269087502,-0.021994115286879223,0.16610793790808542,-0.03484834975406115,0.27521708210719176
2021-09-01,449.4,0.004761904761904967,0.009345794392523477,-0.007365376056964856,-0.0017356475300399632,0.13720528862817183,-0.015589675122385627,0.004655052693464556,-0.021384067645750626,0.15209537700461695,-0.02267690253671495,0.24806970040018395,-0.03418261385551147,0.44865763462788877
2021-09-02,452.08,-0.005751194478853194,0.004600955583082822,-0.009754910635285774,-0.005928154308971867,-0.1523979401537665,-0.016010440629977363,-0.0879302876806276,-0.023765705184923824,-0.09764056164498935,-0.027621217483630556,0.03050886544022391,-0.03763714386834238,0.22812088495314953
2021-09-06,446.72,0.011304620343839389,0.012491045845272275,-0.008237822349570267,0.011998567335243404,0.013611284164140258,0.0019654369627502,-0.043209958098017864,-0.008792979942694346,-0.1488358810239816,-0.014778832378222972,0.037279348918607624,-0.023584497373448587,0.24458219804335446
2021-09-07,450.61,-0.006857371119149636,0.0028627860011982698,-0.011162646190719272,-0.008632742282683403,-0.026543515833607922,-0.005508089034864216,-0.053733059093207025,-0.015641019950734303,-0.1590634284170943,-0.02210669980692792,-0.0028464284972293807,-0.029548833803067498,0.20499611031470666
2021-09-08,451.39,0.005826447196437767,0.011608586809632504,-0.002879992910786666,-0.0017279957464719775,-0.06320621468926557,-0.004218081924721617,-0.1104990583804143,-0.014459779791311966,-0.1977003536634192,-0.02201089966547709,-0.05979571674303419,-0.02843291462667219,0.10301302820904445
2021-09-09,450.24,0.004375444207533663,0.01063877043354644,-0.002087775408670889,0.0025541933191186583,0.10997929189174172,-0.00044420753376017696,0.011531937087676747,-0.00893523454157863,-0.0573905726157129,-0.017537313432835377,0.04583389484231293,-0.023004767827529582,0.21021723453655716
2021-09-12,449.42,0.00981264741222021,0.01595389613279319,-0.012438253749276873,0.0018245738952427093,-0.2951389770091356,0.0017533710115253953,-0.26863324470148564,-0.004216545770104552,-0.30451833896134683,-0.014243914378531786,-0.26105627312627755,-0.019244062717874044,-0.16717566532498307
2021-09-13,451.59,-0.00422950021036772,0.007883256936601857,-0.0050709714564094455,-0.0048052436945015264,0.6854112054163382,-0.004238357802431758,0.32596261602292653,-0.0065391173409516945,0.23825093337732883,-0.018130383755175505,0.2672363476379902,-0.0224288993703734,0.3957954126515657
2021-09-14,452.15,0.004069445980316333,0.00448966051089239,-0.007939842972464861,-0.0012385270374876134,-0.10570371876168061,-0.0033174831361277857,0.14958458199177693,-0.00610638062589941,0.09746923983204048,-0.018740462235983135,0.11860692341488677,-0.022361310774448473,0.20633739242957794
2021-09-15,454.05,-0.004867305362845631,0.002213412619755495,-0.005968505671181679,-0.0041845611716772035,-0.18303063204315106,-0.00680982270675079,-0.07793416079523485,-0.008430789560622043,-0.11048973589494737,-0.021968946151304625,-0.08769682429277192,-0.025270344675697,-0.03619555030145116
2021-09-16,446.42,0.012835446440571552,0.01655391783522231,-0.003091259352179576,0.01709152815734072,-0.24465257502581395,0.011357018054746426,-0.29799240991068454,0.009732986873347116,-0.3174126927281764,-0.0025592491375830972,-0.3302780087716991,-0.007524304466646314,-0.2980871904821961
2021-09-19,444.87,-0.009575831141681812,0.0015510149032300635,-0.012520511610133234,0.003484163913053173,0.36253764219491336,0.013163396048283316,0.05036155804915787,0.012581203497650018,-0.011379176939681379,0.0023186548879450264,-0.0921774533705444,-0.0037141936595714853,-0.040809790784290145
2021-09-20,445.2,0.004357592093441109,0.0062893081761006275,-0.0034591194968552896,-0.0007412398921832208,0.4628030739905824,0.01036837376459987,0.45826306358622393,0.010211141060196605,0.4583700644828268,0.002401168014375843,0.2920917465476751,-0.004206349206349658,0.4007789378503126
2021-09-21,445.64,0.007494838883403743,0.007494838883403743,-0.009402208060317774,-0.0009873440445202775,-0.32601686047301737,0.006503006911408038,-0.03062662795069615,0.008872632618255771,-0.038830910565201826,0.0021048379858183974,-0.13436392710404832,-0.004509619124555275,-0.07083588143007491
2021-09-22,451.67,-0.007416919432328917,0.008258241636593056,-0.007970420882502771,-0.013350454978192094,0.010444397247783677,-0.009816901720283044,0.014062265415304198,-0.005696636925189957,-0.020280934054465738,-0.010383687205260173,-0.11389835365027523,-0.016976996479731277,-0.05429249560887961
2021-09-23,453.08,-0.0070186280568552695,0.0001324269444689108,-0.008696036020128917,-0.003112033195020625,0.9762886467377441,-0.013948971484065154,0.994087539870208,-0.008729142756247366,0.9386254796637061,-0.01193828904387717,0.7981920681126986,-0.01870677731673631,0.8724075544885306
2021-09-26,445.33,0.013652796802371414,0.014056991444546751,-0.008532998001482106,0.017402824871443734,-0.2922198490017107,0.006202142231602981,0.1732019013081738,0.009159499696852924,0.31842199616870004,0.007044214402802673,0.27331240972371607,-0.00040718867656241997,0.30944447859150226
2021-09-27,426.11,0.02945248879397333,0.03731430851188655,-0.014268616085048591,0.04510572387411704,-0.5975058781327278,0.05180352491140727,-0.5594666026196732,0.05371852338597871,-0.5001729165743243,0.05329257703409951,-0.4889805240789551,0.04496100380965751,-0.47710031360349203
2021-09-28,426.62,0.0055787351741596325,0.010383948244339303,-0.005367774600346986,-0.001195443251605588,0.6940092809652902,0.041596737143124285,-0.04483238821151525,0.04648633444282835,-0.05532939568954609,0.04992850780554159,-0.08930078447293632,0.042149141312330496,-0.08936716854890692
2021-09-29,424.89,0.010473298971498401,0.018640118618936663,-0.0007296006025089286,0.004071642072065673,-0.09499525513618667,0.03688484078231946,-0.12899629339614516,0.044738638235777284,-0.12686564805515899,0.05217938760620444,-0.16984787200166873,0.04501478814124393,-0.17072825955550786
2021-09-30,428.36,-0.0054393500793725735,0.003221589317396578,-0.017181809692781824,-0.00810066299374368,0.002595256447936789,0.015981884396301327,-0.099290265490932,0.029468204314127,-0.11306453363415914,0.04088617051078569,-0.15564282109762861,0.03615183490521945,-0.17991013251176613
2021-10-03,415.85,0.025441866057472673,0.030191174702416612,-0.0022003126127210226,0.030082962606709174,0.08819224137931037,0.034656727185282454,0.1024853448275862,0.05609474570157347,-0.053845431034482694,0.06966935192978285,-0.06320543103448284,0.06687507514728819,-0.116857183908046
2021-10-04,425.13,-0.012843130336602893,0.007221320537247333,-0.01861783454472754,-0.02182861712887818,-0.02870104674208751,-0.0017970973584557903,0.13432294183007798,0.02621551054971305,-0.07498963808228731,0.04205889963070164,-0.0832831076877476,0.04188757948549027,-0.15509779836112836
2021-10-05,427.76,-0.015546100617168435,0.0012857677202169349,-0.020946325042079605,-0.006148307462128244,0.3981266638414045,-0.008392556573780241,0.4112685817573911,0.015214138769402252,0.3460045563206655,0.033128389751262866,0.2939969421609512,0.034399351661367206,0.19436477257029394
2021-10-06,432.8,-0.0009242144177450395,0.009022643253234763,-0.0027495378927910874,-0.01164510166358601,0.1355648524440225,-0.019413123844732483,0.525174582537359,-0.0007393715341972307,0.4952982027935864,0.01845771719038858,0.45900863174883,0.0215958102279723,0.35627980886873534
2021-10-07,429.72,0.004840361165409979,0.005910825653913987,-0.008237922368053652,0.0071674578795495325,0.24752145200290565,-0.00870334171088194,0.7324133378885325,0.002031555431442511,0.8090073535508993,0.02359443358466029,0.7930481247947672,0.028526327220825376,0.7019072132463424
2021-10-10,428.49,-0.0016336437256412317,0.013955984970477786,-0.00539102429461602,0.0028705454036266342,-0.07785502583034865,-0.005222992368550394,0.395870202880642,-0.0005437699829646814,0.6758508415891551,0.024138252934724713,0.6252258817340131,0.030899982107710722,0.5724344249676037
2021-10-11,430.67,0.0017879118582673215,0.009775466134162913,-0.010495274804374621,-0.005061880326003632,-0.5406380382407056,-0.004388510924838274,-0.42990143010993653,-0.009513084264054839,-0.23910360481560033,0.01652425290825965,-0.2789073361541655,0.02492240772130172,-0.2820047251163892
2021-10-12,430.43,0.005970773412633967,0.007132402481239586,-0.013683990428176473,0.0005575819529308745,0.11962009635237436,-0.0012592059103688769,-0.3256538786746632,-0.007901400924658075,-0.18873282863041974,0.01466092047487444,-0.16884947399469075,0.024456163991046997,-0.18262442893193065
2021-10-13,441.78,-0.01435103445153696,0.009529630132645295,-0.017859568110824342,-0.025691520666395018,-0.11507766365886463,-0.025709629227217312,-0.3451820411663331,-0.03252750237674962,-0.2733201179362821,-0.013865498664493048,-0.2520932228399926,-0.002873979507145963,-0.2702592779233265
2021-10-14,443.92,0.004122364389980149,0.005766804829699046,-0.002883402414849634,-0.004820688412326635,0.5066828726547024,-0.02636060551450725,0.13016757257300826,-0.033386646242567264,0.11282251611597416,-0.020001351594881367,0.1434665153734911,-0.008194419414910281,0.11610489287303571
2021-10-17,447.86,-0.008596436386370754,0.00111642030991832,-0.012995132407448762,-0.008797392042156016,0.1403742500110623,-0.028584825615147857,0.37266757476569023,-0.038416022864289134,0.23211070835311576,-0.028901888983163815,0.2723378606733726,-0.017327587490138963,0.27709039173031935
2021-10-18,451.09,-0.002638054490234798,0.004533463388680881,-0.009066926777361428,-0.007160433616351436,-0.18602937454491653,-0.026952492850650822,0.1528021462419349,-0.03820523620563632,-0.028620128416289914,-0.03552395309140022,0.02337892929316543,-0.02467578532000314,0.03428419015578954
2021-10-19,440.56,0.026080443072453274,0.028236789540584617,-0.010600145269656802,0.023901398220446568,-0.32389683161787497,0.005574723079716515,-0.27273477559514514,-0.009324496095879153,-0.3542375737041593,-0.011803159615034864,-0.298765482069133,-0.0010335330791119146,-0.29976679682606755
2021-10-20,445.44,-0.01100035919540221,0.0013694324712643091,-0.01932920258620696,-0.010955459770114917,0.5803510136835843,-0.00089349856321852,0.20093255561426338,-0.01730423850574825,0.08972108619950836,-0.02319953304597655,0.12981281281073054,-0.012729735392720931,0.12424835282484814
2021-10-21,450.49,-0.009811538546915632,0.0015760616217894707,-0.014739505871384506,-0.011210015760616199,-0.2876525171817996,-0.01046860085684509,-0.21494468334810213,-0.025514439832183933,-0.20823844692535443,-0.03484095096450479,-0.2000304145266596,-0.024237311964010022,-0.20204761509607683
2021-10-24,447.37,0.006191742852672322,0.007734090350269396,-0.008181147595949678,0.00697409303261276,0.17519462731948487,-0.000630350716409489,-0.008424200049282682,-0.014075597380245886,-0.004508666695110186,-0.028399311531841054,-0.02518396101968079,-0.017413624814657913,-0.051291173731240036
2021-10-25,464.62,-0.022814342903878515,0.013322715337264812,-0.025493952046834023,-0.037127114631311575,-0.5047031501683008,-0.037944987301450905,-0.48193904945089305,-0.04661658990142603,-0.48560617397623307,-0.06425250742542232,-0.5092513255978937,-0.05404129539552083,-0.533423007506151
2021-10-26,462.6,0.0057933419801123875,0.016450497189796742,-0.000540423692174663,0.004366623432771277,0.852326866973635,-0.027894509295287695,0.16595607008081092,-0.0351145698227423,0.024346467360913504,-0.056004107220059995,-0.07585404198074475,-0.048971753855022726,-0.095791487326638
2021-10-27,469.51,-0.019062426785371955,0.012223381823603496,-0.019062426785371955,-0.014717471406359706,-0.31616982293677065,-0.032812932631893,-0.23192131057271737,-0.042463419309494155,-0.30058964628324547,-0.06606568550190572,-0.3651333805676752,-0.06222657664373521,-0.37554156977162356
2021-10-28,474.16,-0.013012485237050786,0.00316348911759734,-0.016914121815421068,-0.009806816264552154,0.15239592900755228,-0.032145267420280454,-0.0054400767513143045,-0.046005567740848186,-0.1692066827530505,-0.07051944491310891,-0.2505979828858166,-0.07033631404307994,-0.2654649932294916
2021-10-31,463.18,0.023619327259380762,0.028045252385681563,-0.011701714236366012,0.02370568677404039,0.296349915821275,0.001019042272982107,0.32827744132583736,-0.016861695237273988,0.1288158913763935,-0.04354138779740002,-0.015202318648505075,-0.046301653784706076,-0.044907996421214125
2021-11-01,461.18,0.007480810095841006,0.017856368446159898,-0.0015503707879787054,0.00433670150483545,0.30891019307287637,0.012216488139121129,0.7550227254519721,-0.009276204518844144,0.5190909819211151,-0.03426211023895176,0.29250300424600106,-0.04084233198895615,0.2550134323176756
2021-11-02,455.05,0.00703219426436652,0.013009559389078218,-0.0056257554114932384,0.013471047137677106,-0.4367012023820197,0.024340182397538435,-0.17777936894649726,0.006287221184483993,-0.14977992732637724,-0.017291506427864367,-0.27969964216754895,-0.026750906493792304,-0.2891964123290438
2021-11-03,462.75,-0.015602377093463016,0.007023230686115545,-0.016747703943814196,-0.01663965424095082,0.15528310831758851,0.004032414910858817,0.006918139313733196,-0.007325769854134023,-0.00784718949287,-0.03069475958941048,-0.13977422655616767,-0.042267603097425166,-0.1658867696488494
2021-11-04,460.29,0.014795020530535163,0.01672858415346834,-0.0037802255100045645,0.005344456755523641,0.24190746854151413,0.006461144061352453,0.18281282373579022,0.0017402072606389485,0.27335171001560843,-0.022260965912793473,0.09794665179496387,-0.03634665102435464,0.045854167529961964
2021-11-07,461.66,0.005371918728068081,0.00879435082095048,-0.006747389854005137,-0.002967551878005459,0.12766156290400454,-0.0025343326257420973,0.2500609414183581,0.0008902655634006607,0.4172835119390663,-0.021851579084173678,0.26514540271958387,-0.03868575719504996,0.19902204924118516
2021-11-08,461.98,0.002272825663448552,0.005963461621715238,-0.004567297285596794,-0.0006926706783842995,0.07897440206716166,-0.0038832849906923483,0.30715628709179343,0.0032901857223246456,0.5164755312332594,-0.01893913156413618,0.38466676470279304,-0.038173369698544235,0.3023370762125843
2021-11-09,454.21,0.01197683890711354,0.01524625173377947,-0.008828515444398,0.017106624689020578,-0.058335839083370256,0.013509169767287998,0.23403870196872822,0.019871865436691394,0.2928252793251882,0.001290152132274569,0.28057636537000685,-0.01908735313327925,0.19378240989850393
2021-11-10,451.52,0.01167168674698793,0.012845499645641523,-0.0011073706591070431,0.0059576541459958055,0.3641439423582906,0.019175230333096982,0.5077441204646957,0.024089741318212843,0.7311083075843645,0.009888819985826247,0.7293249497389123,-0.011206591070163419,0.6224486032589873
2021-11-11,453.36,-0.002492500441150458,0.004323275101464574,-0.010058231868713574,-0.004058584789130126,-0.5978067216903699,0.01008470089994673,-0.46929177015945445,0.0159652373389787,-0.3628821726132171,0.006864302099877095,-0.3233507948300367,-0.013261719898829849,-0.3569489358399889
2021-11-14,459.28,-0.012584915519944229,0.010418481100853638,-0.020445044417348845,-0.012889740463333799,-0.1290764260165307,-0.005952795680195133,-0.47310315035655137,-0.0016591186204506503,-0.43310417123541467,-0.005086221912558031,-0.38967801669704105,-0.024166086047727187,-0.43080758765064275
2021-11-15,470.37,-0.02455513744499016,0.0038055148074920275,-0.025639390267236384,-0.02357718391904251,0.37541124381712265,-0.03040159874141657,-0.13376817972321764,-0.026026319705764966,-0.16240024026194788,-0.027329549078384363,-0.11896401986321459,-0.04409578275258519,-0.19641494417181682
2021-11-16,465.5,0.0032223415682062218,0.007389903329752867,-0.03046186895810954,0.010461868958109521,-0.08446734319418514,-0.016653061224490062,-0.13715019279903484,-0.01386251342642475,-0.1973133116738195,-0.015082706766916476,-0.17817558966032965,-0.030855710705334993,-0.2574663725035665
2021-11-17,463.93,0.009742849136723075,0.010928372814864362,-0.006606600133640894,0.0033841312266935653,-0.4074584373802087,-0.008458172569137945,-0.44152400445610385,-0.008272799775829731,-0.523729564288538,-0.009061711896190427,-0.5101990682243047,-0.024864383276212987,-0.5503077177890211
2021-11-18,461.31,0.013223212156684205,0.016669918276213336,-0.004660640350306666,0.005679478008280725,0.7886565684217697,0.0025535973640280485,0.2631562082507548,-0.0023845136676002854,-0.05999086641629214,-0.001429624330709589,-0.06480413256816442,-0.01707673075950389,-0.15184910916020222
2021-11-21,458.13,0.01333682579180584,0.01737498090061762,-0.0007639752908563668,0.006941261214065797,0.33127375388165503,0.0129832143714661,0.6383835856164211,0.004762840241851363,0.28726649189072084,0.006682601008448197,0.2548968474830753,-0.007955529362117186,0.1566189531693396
2021-11-22,458.34,-0.008639874329100627,0.0014399790548502711,-0.014923419295719276,-0.00045817515381585405,-0.023361742051463685,0.012017279748657739,0.44839274232702175,0.0035323122572750165,0.27061419911034124,0.007395165161234729,0.22731813171672632,-0.006254454480662197,0.14427768811207775
2021-11-23,463.53,-0.01648221258602456,0.002092636938278103,-0.018046296895562253,-0.011196686298621472,0.3465736662853003,-0.004504562811468826,0.8799155398689809,-0.00848920242487139,0.7404962474434467,-0.004561732789678641,0.5919673975942998,-0.01539130872507366,0.5333405115609959
2021-11-25,454.53,0.0073042483444438755,0.019191472510065477,-0.0031681077156623383,0.019800673222889476,0.08582350853294707,0.014340087562976667,0.855457200963134,0.01319384859085071,0.8772219717391097,0.015250918531230617,0.7078330799190353,0.006532022088750811,0.6503135302450365
2021-11-28,464.93,-0.011249005226593334,0.004667369281397216,-0.015099047168390944,-0.022368958767986613,-0.4399914582889851,-0.01239326350203307,-0.22976598263588333,-0.008822833544836373,0.05749296752605315,-0.009070182608133859,-0.07706214833433289,-0.01506893510851115,-0.08930255899902606
2021-11-29,455.73,0.010357009632896652,0.02418098435477134,-0.002940337480525801,0.02018739165734096,-0.20192299962646154,0.009132600443244154,-0.39560457228237367,0.013725232045288527,-0.17498717803743846,0.009921444715073058,-0.2660865655308132,0.00635098267248857,-0.2636251953216764
2021-11-30,449.06,0.026700218233643547,0.029973722887810084,-0.0007571371308956465,0.01485324900904117,0.29866969003513333,0.0230525987618575,-0.12112042805997747,0.027991805103993572,0.05402746922344548,0.02409254887988288,-0.0245974409942038,0.021882747665493474,-0.019802367470114324
2021-12-01,460.97,-0.02804954769290846,0.003491116558561158,-0.02824478816408882,-0.025836822352864663,0.0490314328019088,-0.0074061218734413625,-0.046273067903379816,-0.0031910970345153666,0.09829635557061223,-0.00368136755103321,0.04150386375517301,-0.004666247261210454,0.03822474613989546
2021-12-02,455.82,0.015071738844280702,0.02121232065288936,-0.02301347022947653,0.01129831951208815,-0.07986515591850774,0.002685270501513237,-0.06008112679992528,0.007077355096308802,-0.010285085863003474,0.008224737835110796,-0.05149435619206555,0.00807189972649991,-0.04804702703017416
2021-12-05,456.53,0.008016997787659186,0.008016997787659186,-0.010776947845705598,-0.0015552099533436836,0.19004462665351274,0.001691017019691543,0.2232109764618786,0.0037346943245775144,0.07010557857153144,0.00589775042165952,0.1307614512696451,0.0072620273220449505,0.1469130166669066
2021-12-06,470.46,-0.007970922076265818,0.0002763252986439646,-0.01571865833439612,-0.029609318539301932,0.1437488112829366,-0.03153934447136897,0.3554584058755541,-0.02700123283594924,0.19334208716770784,-0.02428580538196612,0.29753478369007036,-0.02213436494778187,0.308767093141773
2021-12-07,473.0,-0.0034883720930232176,0.0008668076109936695,-0.008794926004228376,-0.005369978858350999,0.09517662669303761,-0.030511627906977257,0.3297813384072301,-0.029619450317126206,0.297182284755777,-0.02859513742071851,0.42435450516986717,-0.025758280479211138,0.43149982057765657
2021-12-08,467.66,0.007868964632425257,0.009344395501004854,-0.0006842577941240657,0.011418551939443189,0.0725613548166042,-0.009203267330967546,0.3321315676694032,-0.015404353590216635,0.36759496852373563,-0.01632489415387206,0.5302072782617755,-0.014036550770503364,0.48810453921993013
2021-12-09,473.67,-0.008149133362889804,0.00040112314480555966,-0.017649418371440073,-0.01268815842253046,0.029547749140494517,-0.018949901830388693,0.27448244441274405,-0.027025144087657327,0.41082451711214985,-0.027386154917980465,0.5709987515191326,-0.026190526456534857,0.5202499394558657
2021-12-12,478.86,-0.0077893329992064775,0.005732364365367726,-0.012070333709226166,-0.010838240821952172,-0.3761153253096833,-0.022127552938228767,-0.28548381644261855,-0.03357348703170171,-0.11495434522392745,-0.03561479346781893,-0.014249360971116842,-0.03645533141210433,-0.07284124372325873
2021-12-13,470.34,0.011544839903048887,0.016349874558829747,-0.011693668410086344,0.018114555427988455,0.006331816335669593,0.0050814304545643285,-0.25337693399845174,-0.013105413105414576,-0.11210654391829744,-0.015434579240548918,-0.021659220533969292,-0.01866805573273278,-0.0701884386495365
2021-12-14,478.97,-0.01586738209073646,0.0011691755224751965,-0.01947929932981196,-0.018017829926717854,0.31739032608576356,-0.013078063344260094,0.04702011831721764,-0.0278368165020787,0.13077592167795316,-0.03201975071507579,0.25796583288516217,-0.03585123633352172,0.23147891034013468
2021-12-15,476.83,0.008556508608938307,0.015477214101461634,-0.011188473879579663,0.004487972652727379,-0.2062481895539714,-0.006144747603968215,-0.15516729428795661,-0.01720109892414623,-0.12738069569043065,-0.02677369293039422,-0.017640296408583223,-0.030280533243854046,-0.018708220592609015
2021-12-16,467.64,0.016658113078436454,0.016936104695919996,-0.005976819775895925,0.019651868959028373,-0.4152319058816737,0.017308185783935892,-0.46806571674924635,0.005504234026172616,-0.4893901642239471,-0.006436575143272338,-0.43197539973415444,-0.009671257092350727,-0.43019830583955954
2021-12-19,460.34,0.004388060998392618,0.004388060998392618,-0.01377242907416254,0.01585784420211156,0.40597750080729456,0.0308206977451444,-0.07887037268055785,0.024017030890210345,-0.23034549816187555,0.009722161880349356,-0.21570028095638583,0.006387307931817965,-0.18062793682589906
2021-12-20,470.49,-0.012285064507215893,0.0008714319114113689,-0.0158239282450211,-0.02157325341665084,1.3357201511837196,0.0007098981912470048,1.214485140246461,0.0027354460243562695,0.8568837806525551,-0.01216391421709262,0.8381777928348064,-0.0153201980913521,0.9378498842142391
2021-12-21,473.26,-0.00483877783882003,0.000929721506148784,-0.009846595951485404,-0.0058530194818915415,-0.11955501055027118,-0.005083886235896062,0.772219705868995,-0.0031272450661382623,0.5886883171243362,-0.01663990195664089,0.5893483995379731,-0.020461620814492876,0.6934884961741201
2021-12-22,473.74,0.0012031916240975438,0.00776797399417406,-0.0005699328745725207,-0.0010132139992401479,-0.3931999025748397,-0.008502554143623442,0.03387148072091639,-0.004082408071939492,-0.04968169233760056,-0.01606155275045351,-0.05065408183862441,-0.020660418513671952,0.024198632124928565
2021-12-26,478.1,0.0002928257686676261,0.004528341351181631,-0.01169211462037234,-0.009119431081363705,0.5781227592983973,-0.018837063375863106,0.623382286908543,-0.011892909433174226,0.5480945955158931,-0.02396674335912985,0.5238710977997927,-0.02822979850798346,0.6293022842128442
2021-12-27,475.1,0.0074300147337402755,0.013344559040201931,-0.0012418438223532613,0.006314460113660214,0.18556041600762563,-0.00823826562828911,0.505219605258207,-0.004721111344981321,0.8278955883848977,-0.015323089875815543,0.807811430872805,-0.020228723777450885,0.9367278303229962
2021-12-28,474.55,0.0028869455273417,0.006184806658940056,-0.0046359709198187105,0.0011589927299546776,0.011592139393255874,-0.0008681909177117308,0.25263166798240677,-0.004359919924139755,0.7459098342167589,-0.013110315035296471,0.774382189579339,-0.017566115267095617,0.9063076106161423
2021-12-29,470.48,0.009479680326474949,0.01339057983336156,-0.0009139602108485523,0.008650739670124086,-0.13536968869603372,0.009500935215099204,0.08113429706735564,0.0051479340248246075,0.4204676872821238,-0.002572904267981513,0.46369761829306944,-0.007985461656181525,0.5911072783858675
2021-12-30,471.93,-0.0049795520522112335,0.004237916640179584,-0.006166168711461473,-0.0030724895641301986,-0.026556652689481042,0.005221113300701186,0.053787247775871405,0.0002606318733699986,0.3503633119048126,-0.0033680842497826324,0.38825892677046325,-0.011025646458868166,0.5204593724267383
2022-01-02,461.1,0.025439167208848312,0.025439167208848312,-0.0061808718282369,0.023487312947299888,-0.34278653791718106,0.028045977011494028,-0.38538007637320093,0.022691390153978475,-0.15421257389539966,0.02122858382129711,-0.10815931540166901,0.012667534157448923,-0.02250150175674992
2022-01-03,459.82,0.011308772998129601,0.011308772998129601,-0.0062217824366056496,0.0027836979687705377,0.055259316312743056,0.02351354877995715,-0.28037694797874313,0.024115958418510663,-0.1957802365634932,0.02464551346178978,-0.06735859102033015,0.015281341974395124,-0.01109122468045931
2022-01-04,455.76,0.012001930840793484,0.01621467439002977,-0.000767948042829536,0.008908197296822795,-0.07660990367438492,0.025925925925925686,-0.2598796252745892,0.03312489029313559,-0.2923530667744635,0.03413419343514157,-0.14016022862231658,0.024216692996313238,-0.09622599932981624
2022-01-05,451.96,0.003916275776617573,0.006626692627666131,-0.011981148774227734,0.008407823701212624,-0.09400090733669142,0.02623683511815189,-0.2459192222513653,0.038552084255242924,-0.31765107190333497,0.04120276130631062,-0.21332931296438196,0.03265333215328736,-0.1783085949843144
2022-01-06,446.75,0.007453833240067098,0.011930609960828065,-0.0013878007834359218,0.011662003357582496,0.3371125755150395,0.029913822048125205,0.12467504254984263,0.045895914941241234,-0.028901399427268437,0.05099048684946861,0.07276377450470517,0.04422010818877009,0.10585102906644406
2022-01-09,435.39,0.008521096028847763,0.01612347550471993,-0.01623831507384188,0.026091550104504035,-0.5391811778998288,0.04521922873745354,-0.46106493193591136,0.06698592066882458,-0.5633668351513732,0.07601116240611905,-0.5023553500257054,0.0701807574817972,-0.4878458277270741
2022-01-10,441.02,-0.012765860958686703,0.00034012062944999144,-0.02294680513355407,-0.012765860958686703,0.5745384550650725,0.02021677021450241,-0.007816843367925541,0.04368055870481968,-0.21187033061858573,0.057935014285066755,-0.1679110224450895,0.05507233232052888,-0.1596750228529472
2022-01-11,447.84,-0.009623972847445539,0.006140585923544162,-0.0117675955698463,-0.015228653090389455,-0.2162611056643141,-0.003715612718828476,-0.19286274752028243,0.02017684887459703,-0.34150017875846883,0.03759936584494494,-0.3466087450841421,0.03722534833869151,-0.3412634568310948
2022-01-12,436.27,0.026497352556902776,0.03163178765443431,-0.003598688885323331,0.02652027414215974,0.649724398127479,0.019075343250738896,0.4342027839113791,0.04110986315813481,0.190058902721995,0.0625381071354898,0.09821124324380337,0.06413001123157591,0.0880135277932017
2022-01-13,432.36,0.0018040521787399122,0.004938014617448472,-0.01174946803589616,0.009043389767785959,-0.1732467178277871,0.021033398094180367,0.14366750840488818,0.042612637616799676,0.007987160457865627,0.0672090387639932,-0.08974139574333206,0.07276729268819127,-0.10711607919907085
2022-01-17,424.15,0.0048567723682659825,0.00836968053754572,-0.008275374277967651,0.01935635977838035,-0.05556413380541425,0.034011552516798105,0.12250540935445775,0.053464576211244896,-0.010405042482565019,0.08262407167275776,-0.1395352843644877,0.09128374395850458,-0.15603118017763495
2022-01-18,422.95,0.010592268589667775,0.02795838751625479,-0.0011348859203214046,0.002837214800803789,-0.034026760527603006,0.0316302163376283,-0.0295949837200169,0.047717224258185365,-0.031006089280352422,0.08055443905899096,-0.19722588956967313,0.09188398943925535,-0.18486713853324477
2022-01-19,417.98,0.017488875065792664,0.03220249772716399,-0.003732235992152777,0.011890521077563498,0.19559133186725552,0.035250490454088235,0.16613656327288373,0.051354131776638834,0.18344666363483442,0.08893009234891669,-0.04566239043353115,0.10218909995693504,-0.018049343068421875
2022-01-20,416.93,0.0050608015734057155,0.019859448828340343,-0.006188089127671326,0.002518408365912661,-0.21424664105723934,0.023533926558414686,-0.16034250875301514,0.044940397668672194,-0.07205502804269004,0.08537524284652154,-0.2327827795977957,0.10076911392000176,-0.22454276892652114
2022-01-23,417.95,-0.020265582007417127,0.0021533676277067926,-0.04130518004545991,-0.0024404833114007873,-0.12202514617746729,0.011781313554252382,-0.21162811936590886,0.03400885273357934,-0.17552685131264245,0.07598755832037374,-0.30438669392877327,0.0936108784942371,-0.3077840262392404
2022-01-24,399.53,0.027607438740520296,0.033989938177358514,-0.0012764998873676658,0.04610417240257303,-0.2549767980231291,0.05121517783395424,-0.3757613986665568,0.07447250519360127,-0.3547271676457898,0.11861312041649019,-0.47136835229542273,0.13988352981419783,-0.4718700011553627
2022-01-25,397.54,0.014086632791668663,0.02507923730945305,-0.008376515570760246,0.0050057855813250285,0.17870225914151017,0.04409116063792218,-0.16840107958724337,0.07083060824067888,-0.23276309513756432,0.11433063339538219,-0.33803299430721057,0.13937297714276076,-0.35242245872330624
2022-01-26,395.08,0.021868988559279323,0.0378910600384732,-0.005036954540852512,0.006226587020350394,0.23476364898839863,0.037729067530626104,0.09491030381829146,0.06649286220512196,-0.016385193780567575,0.11145337653133613,-0.1417892867877838,0.13960632445749344,-0.18738067110778678
2022-01-27,406.62,-0.028011411145541287,0.0002459298608037397,-0.03853720918793968,-0.028380305936746897,0.009139774832817693,-0.002985588510157733,0.15576967391202112,0.023250209040380554,-0.01878256647322729,0.07013796665191174,-0.10433804234346933,0.1010943878805759,-0.17453872000827686
2022-01-30,415.22,-0.020639660902654122,0.0006984249313615187,-0.023481527864746443,-0.020711911757622548,-0.04869870597577475,-0.02860170512017801,0.10696100032434486,-0.005084051827947689,-0.036194204292536725,0.04028346418766038,-0.12333012716556124,0.07248045212979415,-0.20340783945301277
2022-01-31,417.46,0.002371484693144188,0.004647151822929185,-0.019738418052028806,-0.0053657835481242255,0.22682491767288693,-0.03512192784937551,0.3480012349066961,-0.014528338044364597,0.2090089873765093,0.027909260767499555,0.10795108397365527,0.0618063207652626,-0.013326518477863147
2022-02-01,422.07,-0.0018243419338024314,0.003174828819864084,-0.010827587840879449,-0.010922358850427694,-0.11154888919229944,-0.03716445139431923,0.07074194444986248,-0.0268770583078648,0.07259235600460312,0.01151230838486561,-0.01029974862977634,0.04624588338427227,-0.14163214694389714
2022-02-02,413.15,0.011739077816773635,0.016168461817741786,-0.002299406995038056,0.021590221469200088,0.3373482386966664,-0.004501996853443768,0.35384826070582576,-0.006080116180565254,0.44301201047962047,0.02878252450683849,0.3409111547309096,0.06574690386865112,0.14699276088869184
2022-02-03,414.39,-0.012041796375395153,0.013562103332609432,-0.014599773160549279,-0.002992350201501015,-0.10505432360131228,0.0012403774222344843,0.1401392067360827,-0.010219841212385727,0.28723065262002945,0.020562754892734514,0.19678552226600154,0.05794541374067874,0.03888560200238267
2022-02-06,405.25,0.021813695249845777,0.03059839605181991,-0.0033312769895127436,0.022553979025293103,-0.06832620242711351,0.02765700185070874,0.017329223575149655,0.011476866132015928,0.1813678426148393,0.03894509561998838,0.11223262500042486,0.07696401398313735,-0.019498718249342684
2022-02-07,399.78,0.003902146180399191,0.008254539996998433,-0.020086047326029255,0.013682525388964084,-0.4905075411234844,0.03673020161088547,-0.5036279255313623,0.022139676822251042,-0.41161212508215694,0.047970133573466134,-0.42666116298896795,0.0859889605949935,-0.4989561134801088
2022-02-08,407.29,-0.011097743622480394,0.006899260968842746,-0.014756070613076822,-0.01843895013381136,0.22817547150151096,0.008932210464287493,-0.26871722243132945,0.0033538756168809414,-0.2608005903205296,0.0242750865476693,-0.2845627779089128,0.05955461710329191,-0.3557517194644868
2022-02-09,396.45,0.007264472190692484,0.025816622524908572,-0.005877159793164277,0.02734266616218961,-0.028622455998582153,0.02906293353512357,-0.2309296204535587,0.03324757220330321,-0.27239161230911857,0.04802749400933348,-0.2873994803653884,0.08282423172320974,-0.351694265800251
2022-02-10,387.66,0.01893411752566676,0.02509931383170816,-0.0036372078625600546,0.02267450859000153,-0.11395869564660355,0.04378063251302611,-0.2311748705189528,0.05702935562090339,-0.3295440078159002,0.0651627715008003,-0.35926952153966496,0.1006612323513727,-0.40469500650409895
2022-02-13,380.71,0.015208426361272398,0.021722308318667727,-0.013816290614903748,0.018255364975966026,-0.1345797216961796,0.04879304457460987,-0.24840735275576287,0.07134564366578111,-0.38712155818714133,0.07822358225420989,-0.42056998556084313,0.11350284118270215,-0.46462692720084164
2022-02-14,385.37,0.004904377611126831,0.012014427692866647,-0.0066429664997275095,-0.01209227495653531,1.2065787165092834,0.023374938370915643,0.894072416630143,0.0494356073384008,0.44802300880130685,0.058484054285492526,0.33993225139680816,0.09214780600461836,0.23525772359939956
2022-02-15,386.55,-0.005536153149657164,0.007088345621523828,-0.015366705471478448,-0.0030526451946708555,-0.21095879077694402,0.012795239943085512,0.3337586903944427,0.03793041003750974,0.14105969725299428,0.05023670935196023,0.05581404968933823,0.08228344759194539,-0.022606157712676267
2022-02-16,381.49,0.01397153267451312,0.017117093501795466,-0.0015203543998532076,0.013263781488374482,0.48028386466787887,0.015355579438516731,0.8864583784083888,0.04238643214763016,0.7031725762955694,0.05939605232116252,0.5742427594833153,0.09023652869887333,0.4630903811669138
2022-02-17,378.67,0.010087939366730803,0.012728761190482496,-0.005809808012253392,0.007447117542979331,-0.022927685373539175,0.015015712889850485,0.6524299788600376,0.04178836453904289,0.6639669737944238,0.0624673198299317,0.5357820190658531,0.09181785371607587,0.4271187161793839
2022-02-21,380.25,-0.010203813280736385,0.010650887573964596,-0.01104536489151875,-0.00415516107823799,-0.23959204694141367,0.006069690992767107,0.07717041254504786,0.028065746219591015,0.25818329498587533,0.05302169625246611,0.15627282725203107,0.08085645408722297,0.08116754614079791
2022-02-22,373.37,0.02825615341350396,0.030505932453062545,-0.0016337681120605074,0.018426761657337254,-0.06693943992243567,0.024361893028362447,-0.16565909606738993,0.040313897742184635,0.18399227752461944,0.06737686477221061,0.07284715622843896,0.09483622144253645,0.019400653501178144
2022-02-23,381.68,-0.045614127017396866,0.005344791448333774,-0.04752672395724167,-0.02177216516453573,-0.06783994496070167,-0.004228673234123681,-0.18678402615210832,0.010744602808633763,0.04452759430465658,0.040710804862712946,-0.01923708420453385,0.06558286173408745,-0.0601437641385979
2022-02-24,380.89,-0.007928798340728238,0.009451547690934481,-0.025965501850928052,0.002074089632177367,-0.7666420714363191,-0.004720522985639519,-0.8082028561082991,0.0061172516999643545,-0.7618641370638466,0.04078736643125391,-0.7725121460752304,0.06259987572965064,-0.7790432180427294
2022-02-27,375.7,0.008783603939313211,0.03667820069204164,-0.00950226244343888,0.013814213468192671,0.5470952194011789,0.008709076390736703,-0.44051235545335776,0.01587436784668461,-0.5229777279741193,0.053276550439181,-0.5870493980036758,0.07133883417620401,-0.6187186135839923
2022-02-28,390.58,-0.032208510420400405,0.014593681192073271,-0.03686824722207993,-0.03809718879614932,-0.4626729608573408,-0.031240718930821365,-0.617566670907327,-0.025889702493728795,-0.7179107170765522,0.009191458856061097,-0.7599496023280713,0.025354600850017617,-0.7811670092458336
2022-03-01,399.12,-0.01282822208859491,0.01864101022248943,-0.01788935658448587,-0.021397073561836066,0.6849950539171321,-0.04679294447785198,-0.0754627726209135,-0.044259871717780785,-0.41062102312862847,-0.015489075967127008,-0.5266861175801859,-7.433019309177613e-05,-0.5831528794894152
2022-03-02,400.5,-0.004344569288389555,0.02072409488139826,-0.02334581772784028,-0.0034456928838950684,0.32998550635882995,-0.03721847690387092,0.4145698365743904,-0.044119850187267495,-0.11594867062873593,-0.021171036204743365,-0.3207163193720507,-0.005602996254681858,-0.4126054539119872
2022-03-03,407.55,-0.018819776714513625,0.0020120230646545334,-0.025248435774751665,-0.01729849098270153,0.2176482121152541,-0.04463746779536337,0.8601074026740072,-0.057232241442769394,0.14759176259249984,-0.040749601275916425,-0.13489906840971644,-0.024640739377581822,-0.25846498930516326
2022-03-06,385.64,0.05494761954154126,0.05795534695570992,-0.0025023337828025127,0.05681464578363249,-0.15192756761698722,0.02346748262628262,0.3623637161624915,0.0030883725754573543,0.029037875366030974,0.013023804584587406,-0.23845640871259666,0.02987241987345679,-0.35299414484692293
2022-03-07,388.13,-0.010241413959240497,0.019709891015896597,-0.019709891015896708,-0.006415376291448727,0.14295510318997584,0.022023548810964355,0.5014630818521812,-0.0015510267178537873,0.2565040614091012,0.0028212196944330525,-0.09099650370947898,0.020578156803132686,-0.23715047585014815
2022-03-08,391.51,0.025261168297106007,0.027074659651094457,-0.0013537329825547006,-0.008633240530254604,0.21879769802288918,0.011948609230925555,0.4289896416309169,-0.008158156879774725,0.5989114374950921,-0.008022783581516868,0.1445587547256717,0.009228372199943324,-0.050086699181884464
2022-03-09,382.75,-0.0038406270411496246,0.007811887655127414,-0.023278902677988267,0.02288700195950355,0.09519906856336302,0.03113259307641969,0.36499892676644485,0.019281515349443223,0.796801800141508,0.01360026126714664,0.2561037538602078,0.0316281297626817,0.0467557631196478
2022-03-10,379.68,0.014011799410029502,0.023611989043405,-0.0010535187526339307,0.008085756426464474,0.22879205001598524,0.030120101137799393,0.535874569287059,0.02780499367888578,1.2466139746367806,0.01856431731984909,0.5527278338247308,0.03867116168001039,0.295830950351083
2022-03-13,377.0,0.01732095490716179,0.02477453580901856,-0.010132625994694888,0.007108753315649974,-0.11961752414906546,0.022657824933686177,0.2482925017689117,0.03479045092838051,0.7484061421305905,0.02358090185676498,0.3637015210686183,0.04469319186560483,0.147803422111201
2022-03-14,387.39,-0.01659826015126875,0.002503936601357948,-0.030899093936343158,-0.02682051679186348,0.2937658175991844,-0.009231007511810607,0.44669092284754197,0.007372415395336507,1.125884015399337,-0.005247941351092189,0.7599154472827616,0.014125300085184866,0.4994355565805597
2022-03-15,392.23,-0.00588940162659668,0.010606021976901303,-0.020804120031614137,-0.012339698646202546,-0.05495855345512146,-0.021834127935141168,0.20308037470372287,-0.005871554955002467,0.6365595185576229,-0.016671340794940814,0.6350059960434238,-0.0007538094145450591,0.420040040537619
2022-03-16,402.66,-0.0277156906571302,0.0007698802960314222,-0.0277156906571302,-0.02590274673421744,-0.12596517334164392,-0.04681368896836147,-0.02688477993233196,-0.03333333333333477,0.2755764303656911,-0.04129041871554073,0.442872182078178,-0.028725641152999914,0.2500015665855244
2022-03-17,409.94,-0.014075230521539694,0.005025125628140614,-0.015831585110016144,-0.017758696394594264,-0.16249232026624005,-0.054027418646632075,-0.21115090344457932,-0.04997316680489983,-0.00048373575837989957,-0.056350929404302086,0.2185747043914783,-0.04755248735587381,0.055669299584956144
2022-03-20,404.76,0.002050597885166372,0.007980037553118047,-0.0071647395987745055,0.012797707283328519,0.2945100316225513,-0.026969068089732984,0.07607474552949878,-0.03722452811542787,0.2611664925961925,-0.040759956517441576,0.6144459395684079,-0.03562769707151614,0.3912041872327987
2022-03-21,414.28,-0.018876122429274833,0.005431109394612443,-0.02109684271507184,-0.022979627305204198,-0.05497768757121102,-0.03592739210196094,-0.013059426476844882,-0.05473351356570577,0.10562561687680794,-0.059654098677222156,0.5461116323384263,-0.05856345144990549,0.3266627745824069
2022-03-22,405.71,0.014665647876562105,0.017635749673412082,-0.0021690369968696555,0.021123462571787766,0.08911083089961092,-0.0023070666239439763,0.10837052869073127,-0.028320721697766005,0.14086588461242644,-0.03559685489635356,0.699919028717535,-0.0379351425073744,0.45832472887206577
2022-03-23,407.67,0.004758750950523805,0.007236245002085084,-0.004120980204577296,-0.004807810238673493,0.03794349095019123,-0.0004905928814981086,0.1555539427438959,-0.029509161822063756,0.14130605810766883,-0.03626707876468638,0.7735745486707852,-0.04207569848161563,0.5016825496358917
2022-03-24,413.47,-0.01093186930127954,0.0009190509589571683,-0.013495537765738863,-0.01402761989987189,0.020735391512935353,-0.012087938665442222,0.14721955117520302,-0.03709579896969717,0.13037279255866885,-0.04664304544465059,0.8145831018288727,-0.05548246144420066,0.5281372455570488
2022-03-27,414.5,-0.0003618817852834022,0.007503015681544101,-0.010301568154402863,-0.002484921592279754,-0.1996636277216608,-0.012839565741858516,-0.1477194473375798,-0.031336550060315216,-0.10430520942237642,-0.04508202653799687,0.3317723380244948,-0.05646079613992838,0.2178096143445054
2022-03-28,417.45,0.005629416696610434,0.008072823092585946,-0.005940831237273847,-0.007066714576596023,0.6567499232178184,-0.015149119655049392,0.4541908664238885,-0.029198706431909582,0.4820998305880566,-0.047182896155227305,1.11735247834546,-0.060985347546613,1.0131980875506779
2022-03-29,418.95,-0.0061105143811910345,0.0011216135577036823,-0.007829096550901027,-0.00358037952022916,-0.271491878600983,-0.01716195250029917,-0.017830486577877558,-0.025499462943073592,0.058244983968066766,-0.047387516410071995,0.3458735364092571,-0.061424195409158444,0.4407159737465267
2022-03-30,410.18,0.030035594129406595,0.03258325613145452,-2.437954068945647e-05,0.021380857184650548,-0.1319887993692398,0.010307669803500064,-0.1515303553326398,0.0018504071383278475,-0.08126933856316543,-0.02460261348676107,0.09157476363058126,-0.03862775691972686,0.2597443996846198
2022-03-31,407.88,0.005148573109738264,0.010579091889771464,-0.005491811317054007,0.005638913405903834,0.40240483871436084,0.0172354614102177,0.23032663644889917,0.009343434343432655,0.28965901930665616,-0.017915808571147607,0.47435350722584047,-0.03127553855709253,0.7783212394511245
2022-04-03,414.3,-0.010451363746077691,0.007410089307265277,-0.01506154960173789,-0.015496017378711091,0.06255056069535736,-0.0012261646150143468,0.2699081870222766,-0.0067945932898881845,0.30021541710143995,-0.0330943760559973,0.5092314033828693,-0.044163649529327165,0.8997817238345767
2022-04-04,411.88,0.0001213945809459549,0.009954355637564305,-0.004188113042633779,0.005875497717781952,0.2824287516281838,0.004545013110613727,0.48464434768983855,0.0013571914149734798,0.620954942635703,-0.023934155579294125,0.8325519633957386,-0.035664109287495416,1.4460161528490643
2022-04-05,410.88,-0.008153232087227513,0.005159657320872313,-0.01126849688473519,0.002433800623052873,-0.18904495337424654,0.004278621495326096,0.170176844799228,0.003210183021805202,0.24568271384923812,-0.018668467679126888,0.4081380245517594,-0.0307510708722748,0.9753767719829203
2022-04-06,414.99,-0.013711173763223172,0.0033012843682980186,-0.016651003638641915,-0.009903853104894167,-0.2827904296512722,-0.009556856791731017,-0.21025034186063307,-0.0054796501120525365,-0.1335994115992818,-0.02605363984674247,-0.023957445887983875,-0.03733744588223087,0.4135598044003328
2022-04-07,413.09,0.002299740976542841,0.006608729332590935,-0.00561620954271469,0.00459948195308546,1.0459606132601835,-0.0026725410927411763,0.5701826201514035,0.0008666392311587057,0.7825924659888448,-0.01767169381974798,0.9689452045377713,-0.030221824138404907,1.9007918279687348
2022-04-10,405.61,0.013855674169769072,0.016814181109933157,-0.010206848943566493,0.01844135992702345,-0.2758871810747433,0.018288503735113704,0.0469788827617903,0.019230295111065443,0.22514171235851776,0.004562264243978875,0.3851613369545872,-0.009691575651488704,0.9400252660423798
2022-04-11,397.31,0.021771412750748675,0.02421283129042817,-0.0030832347537188554,0.020890488535400653,-0.3412452817814664,0.035186630087336024,-0.3241373796104682,0.03828496639903167,-0.24069973600885086,0.029148523822708494,-0.11203414680818657,0.013505826684452105,0.22135115075195788
2022-04-12,396.31,-0.0007822159420655117,0.0065352880320961315,-0.014004188640205917,0.0025232772324694785,-0.09440410237551977,0.030445863086975944,-0.3096322107747562,0.035822966869368145,-0.28393964405237315,0.032996896369004824,-0.19079760141529678,0.01662923805438421,0.0037531751497557053
2022-04-13,387.59,0.02740008772156144,0.03245697773420386,-0.0015222270956422035,0.02249800046440842,0.02217294439237616,0.046110580768336185,-0.21947734638193273,0.0532856884852535,-0.2530038362416309,0.0567635903919097,-0.1652444658077189,0.039259698822638134,-0.020287312016814107
2022-04-17,390.56,-0.010420934043424812,0.0026372388365423216,-0.012008398197460024,-0.007604465383039827,0.9834410705655503,0.024124334289224114,0.5864358302309738,0.03949201147070713,0.4808058931908641,0.04679818721835405,0.6561509602331677,0.030254847739996205,0.8894606375602945
2022-04-18,395.35,-0.010168205387631302,0.004451751612495336,-0.01403819400531181,-0.012115846718097956,-0.3514673735433639,0.00031870494498398294,0.044964118626489746,0.022516757303653323,-0.066896497868833,0.03166434804603613,0.03005785092582336,0.016339951941316766,0.18315778194615384
2022-04-19,397.25,0.0013845185651353287,0.013882945248584022,-0.0012838263058526644,-0.004782882315921944,0.05710266481741044,-0.009631214600379079,0.15021810556026427,0.012855884203900159,0.0004679869662491676,0.025545626179988234,0.07931347211047579,0.012293685756239903,0.20638485298582676
2022-04-20,390.83,0.021492720620218675,0.03236701379116247,-0.004068264974541269,0.01642657933116709,0.14990800158640383,0.006606452933499263,0.26314550052988483,0.025750326228793474,0.18327696398733484,0.04021313614615152,0.22265537329250296,0.029700040085628876,0.34550666311242884
2022-04-21,379.66,0.023331401780540384,0.025970605278406778,-0.000895538113048655,0.029421060949270217,-0.11973769606120577,0.03333508929041629,0.006568815866435207,0.050647948164145085,0.04043865743787789,0.06885766211873867,0.0588837774697446,0.05993520518358442,0.15592194599701092
2022-04-24,381.22,-0.010413934211216724,0.0004721683017678835,-0.019778605529615523,-0.004092125281989434,-0.20496707318793328,0.024946225276741618,-0.2595941400148243,0.03708095063217898,-0.1921723687784751,0.06081003095325621,-0.1654212734552063,0.05532763233828142,-0.09647512709572004
2022-04-25,375.5,0.012649800266311573,0.02318242343541943,-0.0021038615179760356,0.015233022636484739,0.30160005827654235,0.035584553928094564,0.0804116787612208,0.04439147802929244,0.11873655982436504,0.07267509986684528,0.09140924405730289,0.07154016866400248,0.174955537485616
2022-04-26,380.64,-0.010193358554014265,0.010745060949979068,-0.010193358554014265,-0.013503572929802421,-0.1254366986951223,0.011170659941150518,-0.07387514962352626,0.022378100042032667,-0.010096862295596587,0.053067202606138064,-0.06728467031546936,0.05693919013591042,0.012559812722190866
2022-04-27,386.55,-0.004915276160910698,0.006855516750743806,-0.017436295433967186,-0.015289095847885181,0.14233114532560376,-0.012883197516493583,0.07711620817905462,0.002434355193375426,0.11331134675484966,0.032205406803777814,0.07741068396245954,0.040197473375586545,0.15576055061902827
2022-04-28,376.5,0.015484727755644023,0.02857901726427614,-0.003014608233731675,0.026693227091633576,-0.19637625135155956,0.01119256308100769,-0.1199442163712493,0.026600265604247886,-0.1418412876831916,0.055455511288181825,-0.14381965227000193,0.06746082337317283,-0.07757628406476835
2022-05-01,367.32,-0.009038440596754849,0.011747250353914884,-0.019193074158771695,0.024991832734400532,-0.45373152006267037,0.03474354786017497,-0.5007680027927375,0.04923772187738029,-0.5390547653939521,0.07724872046172382,-0.536344223069902,0.09176467385385956,-0.4986251551737244
2022-05-02,359.63,0.020632316547562812,0.034424269387982154,-0.00745210355087178,0.02138308817395651,0.39134730612498614,0.049139393265298814,-0.18597473448660184,0.06521146734143235,-0.26334957421003713,0.0946444957317254,-0.3164411230273514,0.11115961775528449,-0.2904657308105404
2022-05-03,364.32,-0.020641194554237963,0.001784145805884929,-0.04570158102766797,-0.012873298199385097,-0.25660909496576945,0.026921387790951323,-0.33690741934261925,0.04169411506367848,-0.4282701597444777,0.0730497913921837,-0.4764477439360044,0.092726174791391,-0.46753119590255765
2022-05-04,346.9,0.03839723263188244,0.0389449409051601,-0.008417411357739879,0.050216200634188635,-0.12462836901915764,0.06908042663591663,-0.3352816728838376,0.08451138656673218,-0.4535802391325717,0.12007927356587023,-0.5127877273939478,0.14279811665225206,-0.5230278100617045
2022-05-05,345.76,0.0030657103192965884,0.0030657103192965884,-0.02254453956501623,0.0032970846830171485,0.2678909641715568,0.049670291531696664,-0.004421127331711294,0.07538176770013716,-0.22627128953771292,0.11452018741323555,-0.34210493595248326,0.14089638284744588,-0.3743096305837825
2022-05-08,328.77,0.02624935365148895,0.04182255071934793,-0.0026006022447302435,0.051677464488852465,-0.19281636991199047,0.08521458770568935,-0.13618446308218435,0.12064361103506838,-0.3367942023027801,0.16158712777929973,-0.45474461303557656,0.1935780839695418,-0.4846279882352309
2022-05-09,327.99,0.017500533552852193,0.02548858196896253,-0.01622000670752155,0.0023781212841853527,0.40386388616612123,0.06428854538247952,0.23328383358488658,0.1073172962590303,-0.002821113990994051,0.15149547242294092,-0.18228284054897748,0.18780857139953322,-0.252497169391518
2022-05-10,325.81,-0.003345508118228313,0.02562843374973145,-0.00840980939811553,0.006691016236456848,-0.009486418140026154,0.05198735459316617,0.23447072179108397,0.10014425585463727,0.030260351892732018,0.14728829686013434,-0.16505500750345725,0.18690545614519571,-0.2547948720351527
2022-05-11,329.66,-0.020293635867257187,0.007917248073772809,-0.022629375720439326,-0.011678699265910364,-0.08099652446713623,0.016338045258749823,0.08931319779780389,0.07066371412970729,-0.02066856334389322,0.12304495540860372,-0.22096818195798607,0.16377783170539195,-0.3001762064405007
2022-05-12,336.85,-0.004601454653406556,0.01252783137895186,-0.012735639008460753,-0.021344812230963295,0.15632818765570855,-0.01559150957399602,0.18840919073386808,0.03092177527089013,0.187952001337248,0.08918064420365224,-0.08508168414987849,0.13010142991440143,-0.17707942932236043
2022-05-15,335.36,-0.006023377862595547,0.0066048425572518,-0.01326932251908397,0.004442986641221447,0.08643086299876712,-0.016531488549619944,0.2492385600471705,0.023679031488547775,0.31800806551014915,0.08645485448473389,0.0018544220625744678,0.12783377067429869,-0.10084199588082232
2022-05-16,339.28,0.008606460740391508,0.010139118132516112,-0.01046333411931133,-0.011553878802169182,0.2041103551209853,-0.024009667531244228,0.35842514395036273,0.0024316199009648543,0.5283150921766189,0.06576721292148169,0.23834220732574285,0.10767802405093008,0.09611760505802058
2022-05-17,330.12,0.00693687144068833,0.016569732218587152,-0.0022113170968133256,0.027747485762752877,-0.14967266374329624,0.00991154731612598,0.09099504841601536,0.02408215194474539,0.2751290513499358,0.08684720707621563,0.05852935661057823,0.13083828102911954,-0.06096809875949294
2022-05-18,332.07,-0.01689402836751297,0.009365495226909992,-0.02171228957749871,-0.005872255849670216,-0.020978836798562273,0.006576926551629114,0.03245204970098836,0.007769446201099983,0.20210973569237445,0.07035715361219097,0.051022177981594474,0.11599060439063957,-0.06434881066732778
2022-05-19,342.42,-0.017201098066701892,0.0013141755738566019,-0.024502073477016606,-0.030226038198703398,-0.24634357653443684,-0.022440278021145343,-0.2609698542101121,-0.02702237018865916,-0.14278126379259215,0.02942439109865158,-0.19265621095747731,0.07458676479177528,-0.28488079892142415
2022-05-22,350.52,-0.01985621362547063,0.00807371904598897,-0.0235079310738332,-0.023108524477918446,0.24423220666355294,-0.041852105443342835,-0.03587345540234177,-0.05045931758530364,0.0691939072518637,0.00032380463311731944,0.0350040642049958,0.04285347483738344,-0.09505501144200212
2022-05-23,350.87,-0.011172229030695147,0.003933080628152785,-0.015789323681135503,-0.0009975204491692313,0.3435545340535897,-0.03416650041326008,0.31148418705197467,-0.04520762675635037,0.3681259668076926,-0.005048878502008636,0.404139303264089,0.035868935313173145,0.24335477186185006
2022-05-24,347.66,0.006241730426278513,0.013461427831789496,-0.005091181038946235,0.00923315883334297,-0.27591726262826133,-0.0185813726054207,-0.05744947282132462,-0.02981073462578565,-0.04152931283037009,0.0005954093079452161,0.02308668061169694,0.040184854934897096,-0.09284478616049985
2022-05-25,352.47,-0.008029052117910829,0.005390529690469936,-0.014043748404119594,-0.01364655147955851,0.3818971936377731,-0.022021732346016676,0.3320470209103894,-0.03685136323658933,0.31680316402387665,-0.017737679802535933,0.43576033007409576,0.021294483691282506,0.2634250232948001
2022-05-26,360.64,-0.017718500443655638,0.0016637089618456447,-0.017718500443655638,-0.022654170363797577,-0.05958433951529696,-0.032863797692991636,0.20365426003553155,-0.052345829636204044,0.18309012773058142,-0.04471495119786972,0.3584286250216391,-0.005894151138717163,0.18186524516248226
2022-05-30,349.48,0.02000114455762847,0.024836900537942075,-0.0019743619091221465,0.031933157834496795,-0.7593314595156586,0.008446835298155708,-0.7379009573090936,-0.015276982946093254,-0.7222733333731172,-0.016478768455991166,-0.6726564238815167,0.023280302163213085,-0.7163990431550511
2022-05-31,332.01,-0.057227191952049616,0.043914339929520096,-0.060660823469172565,0.05261889702117406,0.16121230849069446,0.060883708322037045,-0.5340691989117419,0.04079094003192463,-0.594590714285806,0.03258636788048652,-0.5865267110478776,0.07299980924269245,-0.6371585981313728
2022-06-01,343.04,-0.03483558768656725,0.0005830223880596286,-0.03483558768656725,-0.0321536847014926,1.9860919726981918,0.01577658582089403,0.8314770137229446,0.005206389925371369,0.4268367256223453,-0.004640858208954546,0.3309572110218866,0.03234413868159103,0.15913312313863504
2022-06-02,335.93,0.0014884053225374672,0.008335069806209683,-0.012204923644807075,0.021165123686482268,0.14660435786669113,0.034525049861576784,1.080601816539366,0.030327746852020887,0.6396186515147788,0.013258714613164413,0.5016387914459555,0.048814733228151885,0.3413842237352238
2022-06-05,338.64,-0.005374438932199355,0.016976730451216726,-0.005374438932199355,-0.00800259862981334,0.2534287917171494,0.016477675407511105,1.632993721775526,0.023222300968578358,1.0383006388368763,0.0035302976612341386,0.8277797940301794,0.03501752106464995,0.6948756287403164
2022-06-06,344.46,-0.015444463798409136,0.003309527956802061,-0.018260465656389613,-0.01689601114788364,-0.046678521495934544,-0.01347035940312502,1.4720797770158063,0.004836555768447326,0.8586309509746635,-0.014458863148114953,0.7020891642765377,0.013560355338790409,0.6169603685742373
2022-06-07,338.69,0.008916708494493442,0.01929493046738906,-0.002657297233458311,0.017036227818949534,0.1751739430610646,0.00037202161268279355,1.0235534668608932,0.020165933449465268,1.1318576323013052,0.0046473176060715105,0.9308345811823748,0.02720973948645189,0.894182915440155
2022-06-08,336.43,0.005944773058288444,0.01845852034598572,-0.0004458579793716888,0.006717593555865875,-0.07876897053666276,0.011063222661473526,0.16256393612951903,0.023398626757421548,0.9395792137312553,0.01298635674583215,0.7406964583405566,0.030462998741688896,0.7436971959139231
2022-06-09,332.76,-0.005078735424930869,0.011329486717153392,-0.012741916095684647,0.011028969828104307,-0.2976955806514837,0.018241375165283014,-0.25140824296257747,0.031310854670030475,0.31943150550687127,0.025754297391514358,0.197977600480292,0.037399326842167735,0.22232685585879408
2022-06-12,322.36,0.011788063035116148,0.020939322496587698,-0.0027919096662117893,0.032262067254001714,-0.25383278706884127,0.04912520163791889,-0.4277737071045361,0.058468792654173374,-0.001868022022143645,0.05932808040699955,-0.11722069025909732,0.06530586921454185,-0.07984786404825084
2022-06-13,317.43,0.007844249125791514,0.015987776832687484,-0.010522004851463373,0.015530983208896565,0.17843487637193411,0.05516176794883787,-0.2174513836311759,0.06284850203194203,0.21763632643018282,0.07349809406798458,0.04987330593414008,0.07616587384095119,0.09901383730626323
2022-06-14,321.34,-0.0043567560838986275,0.0159021597062301,-0.011763241426526294,-0.012167797348602627,0.1443409530641664,0.02549947096533156,-0.028640606868562624,0.03994211738345488,0.14436175934364615,0.05764610692724337,0.20665339027880814,0.057896101740627204,0.24424433909201348
2022-06-15,316.03,-0.008163781919438007,0.002594690377496045,-0.011929247223364858,0.01680220232256424,-0.07534247084113899,0.03175015030218531,-0.037286944585164905,0.054039173496185144,-0.13881252014862067,0.07257855266905167,0.12206021410648571,0.07163243995823132,0.14706492473639043
2022-06-16,319.93,-0.02025443065670618,0.01137748882568057,-0.02025443065670618,-0.012190166598943675,-0.4455418549702044,0.006420154408775636,-0.42778493261434436,0.03274778857874949,-0.5208015192507204,0.057301597224393985,-0.37616756773676197,0.053537753050145964,-0.37106907398659306
2022-06-20,320.02,0.008811949253171747,0.020748703206049823,-0.00509343166052123,-0.0002812324229735097,0.34348994681182177,-0.0018811324292244969,-0.10115215692241719,0.027457658896316905,-0.2848201630919692,0.055107493281671305,-0.13042769105207463,0.050432264650125846,-0.14946864848539343
2022-06-21,325.17,-0.023003352092751506,0.010348433127287393,-0.026293938555217333,-0.015837869422148487,0.8059531839416423,-0.019128455884615647,0.648976192260611,0.00545868315035003,0.38145239701216616,0.03495248639173476,0.5751227859801644,0.03115703580691087,0.5403627370156636
2022-06-22,333.74,-0.0196859831006172,0.0024869659016000245,-0.020914484329118577,-0.025678672020135407,-0.03911474403998616,-0.0396775933361313,0.503097138012303,-0.02614010906694031,0.3320617228769378,0.0045784143345128925,0.49546416262147,0.0043187311479990775,0.4456499992238472
2022-06-23,341.66,-0.01571737985131416,0.0014049054615699053,-0.02315167125212203,-0.02318094011590477,-0.5740666746280767,-0.05468009131885643,-0.37641432268576536,-0.05016390563718498,-0.4231804224564113,-0.021215535912894823,-0.36268789404890045,-0.018401334660188895,-0.39022523565228484
2022-06-26,340.47,0.005815490351572805,0.008194554586307135,-0.009428143448762083,0.0034951684436219654,1.8290007728726332,-0.03632038065027887,1.018404550229779,-0.04530795664816478,0.8129438232667059,-0.018675654242663486,0.862544457531343,-0.013418705514925744,0.7617358048288343
2022-06-27,332.7,0.022753231139164498,0.03396453261196286,-0.003546738803727134,0.0233543733092878,-0.1197901284607723,-0.0014667868951019347,0.45811938480590353,-0.020694319206494005,0.5562303576411449,0.002439134355276318,0.6312978774540856,0.010705340146277553,0.5248522643409164
2022-06-28,334.75,-0.006094100074682696,0.010784167289021651,-0.007139656460044774,-0.0061239731142643805,0.12536839095312624,-5.97460791762483e-06,0.4517440657754419,-0.02360268857356429,0.6714809387945258,-0.00787303958177632,0.829681895880382,0.0041025641025638215,0.6998250519027969
2022-06-29,337.06,-0.01050258114282332,0.008099448169465395,-0.015546193556043475,-0.006853379220316813,-0.18965626925629098,-0.0011748650091983892,0.15260311388301084,-0.025155758618645385,0.30321376613233153,-0.01685753278347968,0.31309244366308686,-0.002839257105560211,0.36439464683430267
2022-06-30,343.33,-0.019223487606675693,0.001543704307808813,-0.025893455276264743,-0.018262313226341975,0.12600900800095372,-0.017481723123526693,0.30522378304667885,-0.038379984271693646,0.44985594936947115,-0.034076544432469213,0.33112764193039346,-0.021265255002476224,0.5363932545612546
2022-07-04,344.32,-0.01757086431226773,0.001219795539033397,-0.02204344795539026,-0.0028752323420074832,-0.06751958186352547,-0.019336663568774615,-0.07327266388916653,-0.033216194237920105,0.3139336081579518,-0.036811686802972976,0.2242558160511554,-0.022800495662949616,0.4226590216341095
2022-07-05,349.02,-0.006503925276488354,0.007592688098103428,-0.01372414188298654,-0.013466277004183125,0.16702864760998692,-0.030336370408573954,0.11820543181946208,-0.039247034553895443,0.3737885777136196,-0.04858031058391976,0.42234114707654635,-0.03478979237102031,0.650215604840094
2022-07-06,351.83,-0.019412784583463516,0.0014495637097462488,-0.019412784583463516,-0.007986811812523142,0.09061330821295965,-0.028803683597193208,0.1939117845456333,-0.03867777051417043,0.3830295369175787,-0.05470397635221469,0.5494139717184807,-0.041873442666439664,0.7652377592477788
2022-07-07,352.48,-0.009362233318202517,0.009614729913753894,-0.009390603722197022,-0.0018440762596459992,0.002795983441903571,-0.020903313663187983,0.1806161742632617,-0.03288697231048754,0.36262629531260515,-0.05540172492056217,0.544621107839208,-0.043516417007112174,0.7464873370720979
2022-07-10,351.61,0.006996388043570834,0.013537726458291877,-0.008446858735530971,0.002474332356872777,0.07655152038513258,-0.0097096214555914,0.19776094155415658,-0.025164244475414876,0.435050154721605,-0.05110349534996084,0.6624005731968183,-0.04099712749921858,0.8703060243057068
2022-07-11,346.05,0.01095217454125108,0.024129461060540258,-0.005545441410200969,0.016067042334922732,-0.10319111098293954,0.010986851611037407,0.023714219110857915,-0.00662621008524944,0.08283803041991411,-0.033664210374222736,0.4828441285816938,-0.02520830323171086,0.6505216381605141
2022-07-12,342.02,-0.0021343781065433776,0.006169229869598336,-0.00768960879480729,0.011782936670370336,-0.33204646839850327,0.023910882404536427,-0.34723321363616666,0.006710133910295957,-0.279290116074682,-0.02033506812467034,-0.026398201492549345,-0.014348088805723358,0.09734049697065039
2022-07-13,345.17,-0.01906307037112165,0.006518527102587157,-0.025031144073934697,-0.009125937943622042,0.6547163697021856,0.01051076281252561,0.1776779927538541,0.000223078483064576,0.22763084499410313,-0.026427557435465987,0.5822978091564934,-0.025141234753889852,0.8227389660961124
2022-07-14,349.45,8.584919158693971e-05,0.007039633710115956,-0.00481499499213045,-0.01224781799971375,-0.13974789464724557,-0.005677493203606887,0.001042308136127268,-0.009045643153528626,0.04240850527095086,-0.034382601230504406,0.3228129580734609,-0.03749224972575993,0.4243829611239516
2022-07-17,345.36,0.017112578179291127,0.028057678943710807,-0.002055825804957223,0.01184271484827426,0.0238758812130897,0.004343293954133465,0.04174000726436011,0.006277507528374526,0.04372700277297348,-0.01887740328932075,0.33278174107176817,-0.02441027719867228,0.3405921564796983
2022-07-18,357.14,-0.02066416531332249,0.0011200089600718055,-0.023828190625524992,-0.03298426387411091,-0.04268645367487278,-0.032284258274067446,0.021576603639625436,-0.02634541076328767,-0.012181563568582132,-0.04713277706221597,0.2483759930972429,-0.05637285098280831,0.26657063950357784
2022-07-19,358.6,-0.0015337423312883347,0.009648633575013887,-0.004824316787507055,-0.004071388733965509,0.30686340869094364,-0.03003904071388841,0.35284499065194885,-0.02673452314556779,0.2715487031637025,-0.04582403792526446,0.519129368979105,-0.05824316787507022,0.643282416029133
2022-07-20,361.62,-0.01001050826834804,0.0008157734638571945,-0.013633095514628657,-0.008351308002875868,-0.23852319988588389,-0.02896963663514296,-0.09523933170777377,-0.0322133731541413,-0.053524392309646895,-0.048458326419998254,0.09415361315544302,-0.06426820050513471,0.24297809134931847
2022-07-21,361.94,0.004779797756534254,0.00652041774879808,-0.006050726639774573,-0.0008841244405149995,0.0464946362210914,-0.02073824390783119,-0.019496783831867148,-0.03036414875393867,0.0011656459247000317,-0.04426424269215834,0.13899689141649607,-0.0635151314214144,0.2986309442937094
2022-07-24,354.03,0.01830353359884751,0.01830353359884751,-0.006355393610710913,0.02234273931587727,-0.18761283293264963,0.008197045448124607,-0.20682547164225062,-0.0060277377623382256,-0.1815506578713627,-0.018927774482387916,-0.08340975141818352,-0.04040241410803247,0.056477630794617095
2022-07-25,356.12,-0.01724137931034475,0.012018420757048176,-0.017606424800628906,-0.005868808266876413,-0.01870388353350738,0.007149275525102805,-0.18435560249552463,-0.011181624171629378,-0.16811716749310035,-0.022948725148825844,-0.16515160530510486,-0.044386723576322784,0.04216552134278473
2022-07-26,360.92,-0.012883741549373884,0.005125789648675605,-0.014379917987365598,-0.013299346115482669,0.3221282025122274,-0.0068103734899713775,0.1232837681198613,-0.02154217000997638,0.12977280800844704,-0.03377479773911085,0.11676289209763246,-0.05493830581107573,0.37062557388011186
2022-07-27,374.59,-0.027096291945860718,0.0034170693291333265,-0.03393043060412715,-0.03649323260097692,-0.06553288073021446,-0.04181638591526837,0.07959237003262709,-0.05220374275875128,0.00607045653338778,-0.06526869377185662,0.03390704157566082,-0.08599535492138088,0.2476802702217893
2022-07-28,376.93,-0.008834531610643848,0.004138699493274611,-0.010850821107367459,-0.006208049239912028,-0.08460091887575194,-0.040882922558566404,-0.01736505885315598,-0.05028254583079261,-0.06667442998737716,-0.06578675085559615,-0.053665014639029285,-0.0866146676217513,0.12271177874500916
2022-07-31,376.08,-0.0070995532865346656,0.0024462880238247386,-0.010955115932780313,0.0022601574133163105,0.3409586962835962,-0.030743458838546123,0.34406444135503933,-0.04082907891938059,0.26223644100536636,-0.05837454796851682,0.26013410242599755,-0.07962312983053266,0.49170353743146356
2022-08-01,369.78,0.0005949483476661577,0.015441613932608567,-0.017145329655470776,0.017037157228622535,-0.29573074610533046,-0.00230407269187205,-0.12218267324495968,-0.016179890745850578,-0.12550619408479913,-0.03790361836767753,-0.12479118454455318,-0.058529395856996236,0.029475843375458055
2022-08-02,368.16,0.0022816166883963263,0.010375923511516616,-0.013526727509778458,0.00440026075619282,0.2843643028042915,0.009506736201650101,0.10995033695369383,-0.008417535853978309,0.1377171961167425,-0.030212407648848028,0.12291023665831724,-0.049873243517311594,0.2618122760656596
2022-08-03,377.9,-0.030722413336861543,0.0022360412807622687,-0.030722413336861543,-0.02577401428949444,-0.20524925284708717,-0.0126806033342165,-0.1238376875230911,-0.031444826673724946,-0.08558264750346778,-0.05267531092881672,-0.11236290371217283,-0.07011555085119536,-0.03174368114988646
2022-08-04,376.65,-0.00926589672109368,0.001115093588211824,-0.01932828886233895,0.0033187309172972856,1.0176976762021628,-0.007646356033453983,0.8152719278063247,-0.02390813752821086,0.8632699849170438,-0.0460706225939197,0.8094773627834444,-0.062362936413115855,0.9526841356273061
2022-08-07,378.12,0.004971966571458708,0.005844705384533855,-0.010287739342007773,-0.0038876547127896233,0.12041359951880382,-0.011652385486090489,0.8220873600091656,-0.02381254628160545,1.0031941110761036,-0.046583095313656675,0.9913293042706155,-0.06222539581790654,1.145613801926694
2022-08-08,377.09,0.0034739717308864826,0.007637434034315493,-0.007929141584237076,0.002731443421994717,-0.25697228282938345,-0.007870800074254114,0.26096126031870615,-0.014757750139225756,0.3830262018733499,-0.040463815004375236,0.45322898780696463,-0.05644099109850009,0.480250483745883
2022-08-09,393.2,-0.02652594099694816,0.0045523906408952985,-0.02652594099694816,-0.04097151576805702,-0.451393341830051,-0.04480162767039797,-0.38663331494816744,-0.04979145473041857,-0.2868686014835474,-0.07583036622583883,-0.21418512071861873,-0.09199559172600891,-0.1965479943901115
2022-08-10,386.17,0.023020949322837048,0.023590646606416854,-0.0012688712225186194,0.018204417743480805,0.45891108638582034,-0.014444415671855726,-0.02706333724653065,-0.024134448558926547,0.07542582424133815,-0.052379780925498776,0.1344891914670947,-0.07024367506538598,0.17619295174775473
2022-08-11,391.92,-0.008802816901408383,0.0014288630332721652,-0.014773423147581233,-0.01467136150234738,0.16704237962673618,-0.024683608899776832,0.055071806897056375,-0.03549704021228994,0.2333195770704568,-0.06105200040824621,0.3224773757185262,-0.07951112471933075,0.365314285547681
2022-08-14,391.09,-0.0006903781738217818,0.012030478917896215,-0.002889360505254568,0.002122273645452477,-0.14559788357631576,-0.014804776394181762,-0.06054172891542109,-0.02961722365696029,0.009964556425396287,-0.05362959932496314,0.11318301235735428,-0.07288177486852987,0.14623849940814138
2022-08-15,388.77,-0.0014918846618823256,0.004604264732361196,-0.0061218715435861215,0.005967538647529302,0.06527569905422492,-0.002253260282430558,0.08749866109295334,-0.019965532319882073,0.07975898225694844,-0.042100727936825844,0.1772416198893556,-0.06325419485385542,0.21043066487952733
2022-08-16,387.73,-0.010239083898589296,0.007324684703272855,-0.012431331080906771,0.0026822789054237184,0.2816204699533533,0.0064477858303444435,0.432168050110054,-0.012439068423904964,0.3251851625116986,-0.03545250560957314,0.490029792961181,-0.05692019360551592,0.5306196261904741
2022-08-17,387.38,-0.0019877123238163374,0.003794723527285937,-0.003020290154370442,0.0009035056017347998,-0.3398628177589893,0.004533016676130597,-0.18476373353188547,-0.006494914554186049,-0.15520299346786215,-0.030821157519747677,-0.025208155252774422,-0.05273719173249358,-0.0034469048476283293
2022-08-18,379.92,0.010791745630658989,0.012765845441145451,-0.003079595704358895,0.019635712781638226,-0.36346398419452364,0.0248947146767724,-0.4681738617987421,0.015508528111179753,-0.4755080985916865,-0.008400452726889496,-0.3826573366338062,-0.031017933600056335,-0.36537594326367184
2022-08-21,376.45,-0.0033736219949528357,0.005259662637800533,-0.006030017266569265,0.00921769159250907,1.156176807484829,0.027966529419576114,0.36657072240566,0.025737813786689934,0.2643313413343844,0.0031279054323287703,0.3668485125558123,-0.01965643954487095,0.3952189223932785
2022-08-22,372.8,0.005820815450643835,0.008583690987124415,-0.0026555793991416277,0.009790772532188852,-0.4727485090938738,0.03017703862660781,-0.30446325828622123,0.035332618025749385,-0.3193287632446832,0.015956276824034887,-0.29973270254234996,-0.007837088698140371,-0.268840375821924
2022-08-23,375.71,-0.007372707673471535,0.0026882435921322667,-0.0099012536264671,-0.007745335498123507,0.26941885187810066,0.013696734183278103,-0.018625538568841193,0.02617178142716292,-0.07507430281349492,0.01030715179260655,-0.10809655990910427,-0.013148438955577602,-0.06074495929563262
2022-08-24,379.62,-0.012907644486591763,0.00015805278963165748,-0.02107370528423158,-0.010299773457668304,-0.11290495609831064,-0.003076760971499337,-0.05959672417604189,0.010995205732046376,-0.1976334452185654,0.0018492176386919468,-0.20503520966880007,-0.02035456509140743,-0.1786666779766054
2022-08-25,364.06,0.043783991649728016,0.04427841564577273,-0.0009888479920892035,0.04274020765807829,0.47533546128318904,0.035268911717847296,0.4420294634680675,0.05240619678074876,0.22325062498711734,0.0453592814371262,0.18251821222766318,0.024669926202640413,0.22396790015125312
2022-08-28,361.0,-0.001246537396121905,0.011398891966758917,-0.004127423822714693,0.008476454293628866,0.08644080403280041,0.0352576177285302,0.37357085673017165,0.05360941828254684,0.3370526741776483,0.05243767313019432,0.2629949126122588,0.03470452446906713,0.31931530473807146
2022-08-29,355.56,0.022077849026887142,0.022077849026887142,-0.006904601192485038,0.015299808752390565,-0.275367837115443,0.042406344920686845,0.0023368407387573953,0.06126673416582107,-0.04396960403177763,0.06641916976037865,-0.08966494773664546,0.05200153748078118,-0.05285588110521511
2022-08-30,352.18,0.013146686353569192,0.021267533647566506,-0.0004827077062865559,0.009597364983815027,-0.11042990330423597,0.042620251008005594,-0.16313889009182903,0.062022261343629204,-0.13182113448939314,0.07463512976318998,-0.19763266539223756,0.06194843545913997,-0.1584879283240157
2022-08-31,351.97,-0.006761939938063066,0.0003125266357926204,-0.017245787993295014,0.0005966417592406792,0.23311947392110333,0.029871864079323185,0.05252600769487015,0.05255561553541299,0.12534176819267184,0.07300622212120422,0.001224224346406455,0.06197403187771622,0.049829412577442334
2022-09-01,347.63,0.02448005062854186,0.02448005062854186,-0.005983373126600022,0.012484538158386904,0.27514506534628413,0.026821620688661563,0.2722226815890634,0.055510168857691555,0.4300971479804343,0.08267266921727212,0.26048665593369535,0.07430697388986318,0.33269497555357774
2022-09-05,356.79,-0.019002774741444628,0.008856750469463659,-0.019535300877266848,-0.025673365284901606,-0.2311127150606499,-0.008750245242301169,-0.03736737030603232,0.019361529190838445,0.016553507195645967,0.05081000028027782,-0.02286033235413465,0.04538897764324412,0.014691492148853902
2022-09-06,363.53,-0.018292850658817694,0.0010177977058289933,-0.022584105850961378,-0.018540423073748924,0.4824585719592178,-0.02944461254917219,0.4924877891923958,-0.004945946689408398,0.5452937339106556,0.028393805188018373,0.48236700245232567,0.026260097745256727,0.4886345702146846
2022-09-07,367.06,-0.016128153435405745,0.0012532011115349295,-0.01793984634664625,-0.0096169563559092,0.08513966346009227,-0.03443578706478667,0.49056196268822827,-0.017040810766634107,0.5590834892502552,0.01665667738244525,0.6039403865937516,0.017063513685318776,0.5796484466129095
2022-09-08,369.42,-0.005251475285582785,0.0048454333820582285,-0.008066699150019008,-0.0063883926154513215,-0.2185006699734361,-0.03254831898652111,0.0171865817250052,-0.02566184830274687,0.1572604747016464,0.006623896919496275,0.2086609150818466,0.011120134264521964,0.2180450880368603
2022-09-11,371.5,-0.002745625841184318,0.007348586810228763,-0.006325706594885627,-0.005598923283983814,0.016130111026887217,-0.028570659488561523,-0.013674684213543564,-0.033862718707942774,0.11796399747753017,-0.00126648721399647,0.22053229047895062,0.004995065051591974,0.22535021031197533
2022-09-12,356.51,0.02165437154638017,0.024599590474320365,-0.0020476283975204845,0.042046506409357365,-0.23362007470286972,0.02566547922919238,-0.24137484523349684,0.008846876665449255,-0.14947054447908448,0.03786289304647927,-0.06466033138490768,0.04674389685188762,-0.07406018822779925
2022-09-13,351.16,0.024547214944754314,0.024547214944754314,-0.009141132247408645,0.015235220412347594,-0.37369020279140586,0.0411322474085869,-0.5222372675882686,0.022938261761018763,-0.45246052884525345,0.04875128146713825,-0.41099937283372534,0.06083361810380761,-0.4172684239807083
2022-09-14,347.06,0.010372846193741792,0.011755892352907304,-0.007714804356595439,0.011813519276205886,0.2610948766850347,0.046303232870395394,-0.24959858955691816,0.03375497032213248,-0.26655518652560317,0.05572235348354848,-0.2274572020846256,0.07157744098042529,-0.25544168161985026
2022-09-15,346.07,-0.006125928280405701,0.0007946369231659478,-0.01554598780593519,0.002860692923396968,-0.38796971011872117,0.037738029878346735,-0.47716409496870693,0.03523275637876555,-0.5471238565410528,0.052866472101021245,-0.512479974442802,0.07261055085194634,-0.5393260990101503
2022-09-18,344.69,-0.005947373001827794,0.0010008993588441761,-0.010647248252052655,0.0040035974353767045,1.1967306064843553,0.028344309379440658,0.4224854233545141,0.03766572862571982,0.11259060588820025,0.05108938466448221,0.1278728530308666,0.07382672352935415,0.042580955084016825
2022-09-19,339.35,0.009017238838956887,0.010564314129954289,-0.012170325622513634,0.015735965817003095,0.2240653269719648,0.02872550464122403,0.7867932594875211,0.05312803889789097,0.3864438601292104,0.06243848533962071,0.3400394611080044,0.08758508914100416,0.2911334261363412
2022-09-20,334.88,0.02060439560439553,0.0298614429049211,0.0,0.01334806497849983,-0.03572543068766232,0.032208552317246175,0.6651328852325606,0.06197742474916201,0.31062936538773367,0.07108068561873027,0.2948738531057544,0.0982431517757596,0.2548969082678365
2022-09-21,322.37,0.03480472748704888,0.03685206439805189,-0.00046530384340970343,0.03880634054037291,-0.4799080780199143,0.06216459347954029,-0.23812693650549288,0.09430157893103996,-0.3093937198845923,0.10676396687036749,-0.34542989676081226,0.13649739946851858,-0.34557792875343774
2022-09-22,317.86,0.012332473415969103,0.01808972503617956,-0.008085320581388,0.014188636506638153,0.02802135809653339,0.06170011954948529,-0.18086825234353054,0.09576857736110034,-0.22802446603736315,0.1140769521172853,-0.31203875193275066,0.14519494955850476,-0.3221603951010674
2022-09-25,315.43,0.005738198649462678,0.011634911073772347,-0.010525314649843076,0.007703769457565901,-0.10179589470950645,0.051992518149825084,-0.3336518411290853,0.0878641853977089,-0.26366315064130696,0.11286973337983186,-0.3739672769787331,0.14679855012733856,-0.37919142803375494
2022-09-26,313.27,0.015162639256871113,0.022344942062757278,-0.009640246432789601,0.006895010693650949,-0.03919367407035146,0.040565646247643805,-0.27653242723599847,0.07746672199699733,-0.2407652748642689,0.1127813068598984,-0.37443395973381743,0.14656685925878543,-0.3862906193327743
2022-09-27,314.77,0.0017155383295739401,0.007974076309686495,-0.011786383708739634,-0.004765384248816562,0.06550687971710256,0.01903612161260404,-0.11085461462416035,0.058595164723446835,-0.14610228331175534,0.09989675000794351,-0.3036883413509899,0.1328620897798385,-0.329021196620664
2022-09-28,310.43,0.0038978191540766094,0.006732596720677719,-0.006700383339239058,0.013980607544373802,0.20149356566777854,0.020326643687785806,0.19046011924850936,0.06167251876429258,0.02788668454897314,0.10870405566472408,-0.14229034486466507,0.1407542226374161,-0.1745823357930918
2022-09-29,305.35,0.016178156214180506,0.03193057147535616,-0.0008842312100869609,0.016636646471262395,0.0037276527895495626,0.029480923530372793,0.16764234123804322,0.06733911904371803,0.038001424852197596,0.12031275585393897,-0.13288785161583772,0.15129414333278657,-0.1543447486275632
2022-10-02,314.79,-0.024524286031957887,0.005432192890498344,-0.025254931859334917,-0.02998824613234219,0.49064099548172013,-0.009339559706473155,0.7080601680226914,0.022395882969596714,0.46718994621867815,0.07931160456177233,0.31391892513066777,0.10808263710198274,0.27345681766356345
2022-10-03,323.55,-0.014557255447380735,0.002441662803275957,-0.01619224231185301,-0.02707464070468235,-0.01860135879678615,-0.03655694637614171,0.5113425233337954,-0.014526348323290583,0.43565916106472025,0.04501468088394445,0.29762963533004316,0.0713717611909539,0.2257451810435398
2022-10-04,321.65,-0.008378672470076176,0.007710244054096149,-0.014674335457795618,0.00590704181563817,0.08726225922976605,-0.024473806933003717,0.45191058177243826,-0.013617285869736095,0.5787273223003149,0.046020519197886856,0.4073650590312641,0.07221824965024037,0.3403387036588228
2022-10-05,316.17,0.01515007748995778,0.02076414587089226,-0.002411677262232348,0.017332447733813927,0.09341020312395254,-0.0032134611126946044,0.3867435890358022,-0.0007053167599730958,0.7324223842516826,0.05752759591359169,0.5508209740958796,0.08540974792042189,0.4426561351898808
2022-10-06,304.53,0.027090927002265897,0.029717925984303672,-0.00630479755689084,0.03822283518865155,-0.3957335412455959,0.03865629002068549,-0.25214902772264114,0.03545463501132695,-0.012532543876747182,0.08959380028240327,-0.056442436595735446,0.12038003918606766,-0.13635165131232707
2022-10-09,298.72,0.02811997857525439,0.028304097482592327,-0.0033810926620247983,0.019449651847884164,0.3524135406287181,0.058308784145685966,-0.0023657815664199777,0.05113149437600195,0.31309764891352954,0.09992467862881704,0.3025747355204964,0.13379195679342915,0.17003317568331133
2022-10-10,294.72,0.008652280130293066,0.0162527144408251,-0.005462472855591871,0.01357220412595006,-0.037819615596180634,0.06176710097719651,-0.031139276773106572,0.05972787730727225,0.19082084410578948,0.10250576818675428,0.2624784266643019,0.14178994752080998,0.12977485179022774
2022-10-11,291.17,0.012810385685338321,0.016193289143799028,-0.0003777861730260845,0.012192190129477698,0.1160301867152429,0.05490950303945907,0.09583410041290796,0.06627743242778883,0.2444849170239065,0.10533708829893262,0.4080561349986227,0.14812308960401066,0.26921826170771057
2022-10-12,292.28,-0.03175037635144373,0.007082249897358839,-0.044341042835637,-0.003797728205829909,-0.48381355363019674,0.030046530723961018,-0.43016613721682295,0.05415355138907674,-0.4010009531526202,0.090876898864104,-0.2941094417840959,0.13641941517266498,-0.34818846223281597
2022-10-13,286.62,0.030249110320284656,0.04706580140953176,-0.0017444700300048854,0.019747400739655196,0.7155948739290297,0.03371711673993194,0.16529770817385114,0.06863791780056983,0.0635417426410334,0.10286267531923876,0.23321919046617978,0.15189449445258463,0.135802962484445
2022-10-16,297.39,-0.0157369111268032,0.008944483674636183,-0.019301254245267185,-0.0362150711187329,-0.08366665655745342,-0.015763811829586305,0.015374765382010436,0.023638992568678407,-0.05765368531367199,0.052927132721343195,0.08066023271408773,0.1028537162200025,0.04187088213368795
2022-10-17,300.81,0.011768225790366182,0.017685582261228072,-0.008709816827898065,-0.011369302882218046,-0.21583399173975193,-0.027838170273596807,-0.18360563613510583,0.0062165486519705215,-0.2477777131849519,0.03309397958844551,-0.1473568615637747,0.08474784747847441,-0.174970617604305
2022-10-18,296.87,-0.00010105433354679061,0.011014922356586965,-0.007814868460942481,0.013271802472462735,0.6228017890146269,-0.010833024556205384,0.418915442043559,0.011910937447365155,0.2752579677331286,0.04031394212955264,0.41975909908905473,0.09285882709603466,0.35473151677927817
2022-10-19,292.03,0.015340889634626542,0.026915042975036885,-0.005376159983563333,0.016573639694551945,-0.14059861791259476,0.00946478101564674,0.21380797571673282,0.020196555148441098,0.09674599552734842,0.05104783755093756,0.22296097270650694,0.1033626682190183,0.17074759778730075
2022-10-20,295.94,-0.013887950260187965,0.0014192065959317546,-0.029161316483070854,-0.013212137595458584,-0.06475368542711779,-0.004041359735083683,0.0006751901234056668,-0.0014394809758760951,0.04641716685536834,0.03203520983983332,0.11832936686421469,0.08033385145637584,0.10701564318742895
2022-10-23,300.39,-0.007223942208462231,0.006291820633176792,-0.016611738073837423,-0.0148140750357868,-0.06942272812558636,-0.012590299277607797,-0.05711309003572429,-0.019091847265224393,-0.04533715219811918,0.013097972635574662,0.021862011970836814,0.05617586027053689,0.03844338139165848
2022-10-24,312.03,-0.04775181873537793,0.00301253084639308,-0.05291157901483834,-0.03730410537448314,-0.37095378171605653,-0.047501842771530356,-0.4008171793961306,-0.055148543409289874,-0.38874036278434154,-0.02710476556741237,-0.37152244805453327,0.009179672894700008,-0.33988001565627224
2022-10-25,311.53,0.0030815651783135944,0.02080056495361604,-0.0029210669919429444,0.0016049818637049462,0.5197462020244967,-0.03876994189965843,-0.017517395463688246,-0.0480756267454201,-0.001470642344360673,-0.025742304111962655,-0.041287627144282135,0.006040081747076043,0.025957874769014344
2022-10-26,319.31,-0.02167172966709474,0.02220412765024582,-0.02167172966709474,-0.02436503711127125,-0.23658019424596555,-0.053008048604806235,-0.2064439411761263,-0.06489305064044593,-0.21772986975493958,-0.04998747298863082,-0.28180345616591473,-0.02260916768448651,-0.2253423947639288
2022-10-27,326.93,-0.030801700669868093,0.0021411311289878387,-0.03456397393937538,-0.023307741718410657,0.6135163614938361,-0.05839170464625654,0.3981449168076707,-0.07842045697856048,0.24735699429941183,-0.07077203070993698,0.16983415669567314,-0.04821929261105862,0.2601714414967904
2022-10-30,321.25,0.010147859922178926,0.01656031128404667,-0.00034241245136190646,0.0176809338521402,-0.13938986158039213,-0.02244980544747288,0.18676337782631758,-0.04957821011673391,0.07116006260330265,-0.05098365758754764,-0.009928848063474383,-0.03337691309987045,0.05198609465580373
2022-10-31,316.13,0.028912156391357913,0.031759086451776275,-0.0028469300604181402,0.01619586878815671,0.25057857353845825,0.006579571695186415,0.48077997674866046,-0.02663777559864844,0.34399753665879884,-0.03459178186189138,0.2505795897683267,-0.020193169476692252,0.3224268156414489
2022-11-01,310.74,0.015607903713715565,0.03142498551843986,-0.005567355345304836,0.01734569093132521,-0.2046268215981567,0.02667825191478168,0.01634863465007852,-0.004823968591107564,0.026162740571660015,-0.01904003346849359,-0.0061663562863861765,-0.005688571367274298,0.055690161448038955
2022-11-02,309.3,-0.012900096993210486,0.007565470417070674,-0.013740704817329474,0.004655674102812757,-0.027752557811061784,0.030947300355639307,-0.022445031096087975,0.004293566117036018,0.02160443345185703,-0.016236663433558673,-0.02145174277974038,-0.003660954844272424,0.03596797433867649
2022-11-03,316.4,-0.00976611883691525,0.005752212389380729,-0.020701643489253962,-0.022439949431099726,0.15044164047361464,0.001485461441211644,0.045726288381736424,-0.012784450063213382,0.19221115567864366,-0.03939791403286874,0.14507417932622335,-0.02739570164348959,0.17966370431534928
2022-11-06,319.25,0.006640563821456613,0.009490994518402518,-0.013985904463586496,-0.008927173061863858,0.5950606768232127,-0.014051683633518164,0.681561225284397,-0.015188723570871532,0.8937958993753985,-0.046114330462019404,0.8053527600431847,-0.036230749151658026,0.8564410941792613
2022-11-07,319.94,0.0037507032568606657,0.016581233981371568,-0.011252109770582108,-0.002156654372694855,-0.14065853630326774,-0.01742826780021478,0.3119060640658535,-0.01141776583109555,0.5588035610132498,-0.04496311808463993,0.5302918272829265,-0.03791127503073555,0.5489892672814285
2022-11-08,314.1,0.014167462591531343,0.017176058580069986,-0.004634829672078955,0.018592804839222987,-0.30092302219018807,0.0032664756446967314,-0.11355575499888537,0.009481056988217995,-0.012122130932620934,-0.02319165870741724,0.05818092089684801,-0.019315504616364998,0.0516159337509321
2022-11-09,346.21,-0.044828283411802006,0.003119493948759544,-0.047832240547644456,-0.09274717656913423,-0.3261772244114559,-0.0878426388608089,-0.412368318437637,-0.08340313682447287,-0.3431149271144741,-0.11047630051124957,-0.2813967176801785,-0.11033573072220193,-0.30343330041051053
2022-11-10,356.2,-0.02843907916900612,0.004295339696799738,-0.02843907916900612,-0.02804604154969126,0.25801717013868486,-0.09270072992700917,-0.1960395884493219,-0.10155811341942922,-0.1733139268467495,-0.12785373385738263,-0.10160218562862522,-0.13193898558862127,-0.11789293729217831
2022-11-13,347.67,0.00307763108695025,0.015229959444300611,-0.004084332844363936,0.024534759973538156,0.4979836122199186,-0.047545085857280345,0.260562916505632,-0.07109615439928885,0.2716575594924233,-0.09644921908706461,0.36085714264760993,-0.10576600416103454,0.31740891786822445
2022-11-14,354.66,-0.0023120735352170074,0.008120453391980975,-0.009671234421699704,-0.019709017086787406,-0.035299602680491704,-0.050290418992840036,0.26182435874216115,-0.0819545480178221,0.19264463675262045,-0.10716883776010755,0.29806932857530954,-0.12030019361266264,0.26817529223547876
2022-11-15,353.67,0.004721915910311791,0.011734102411852687,-0.00500466536601929,0.0027992196115023127,0.016297024890602918,-0.027997851104138327,0.3115843618736185,-0.06849040065598089,0.20758222210718102,-0.09705657816608648,0.28840869970362504,-0.11490560880670364,0.2865924986422741
2022-11-16,346.77,0.006257750093722203,0.009285693687458574,-0.009357787582547572,0.019897915044554182,0.07943532457815827,0.014165008507078136,0.36288863345847,-0.03757533812037017,0.267418625534263,-0.07090002018628982,0.3904278916564543,-0.0942161471099966,0.38890779177470924
2022-11-17,345.87,0.01769450949778828,0.020932720386272363,-0.015786278081360017,0.002602133749674662,-0.34360856674172413,0.017127822592301722,-0.2359493412941811,-0.024237430248361447,-0.19967803396945394,-0.06056899991326137,-0.09598686154441805,-0.08891009146018314,-0.08798450283758041
2022-11-20,347.42,-0.012002763226066526,0.005411317713430508,-0.024207011686143698,-0.004461458753094227,0.07229499447448018,0.006643256001380049,-0.18941722290597007,-0.020108226354271008,-0.12522390236627723,-0.057574405618558866,-0.024564991639339562,-0.08900850075796873,-0.024515499588385614
2022-11-21,352.25,-0.008176011355571333,0.000567778566359145,-0.017033356990773574,-0.013711852377572664,0.3028640851325499,-0.007301632363379884,0.12255625398560621,-0.025547196593330934,0.19596934214721684,-0.06382114975159603,0.2694316810148494,-0.0968914123491843,0.27754407416264293
2022-11-22,358.27,-0.014653752756301097,0.010550701984536781,-0.019957015658581434,-0.016802969827225178,-0.34264971316341775,-0.025327267144892307,-0.26287480338758173,-0.032902559522150376,-0.2047242654110919,-0.07393864962179275,-0.20223733469819705,-0.10671374475488737,-0.16344145885712635
2022-11-24,357.91,-0.007990835684948738,0.0011175993964962494,-0.015031711882875776,0.0010058394568466245,1.7994478256826545,-0.02177642424073256,1.2591222052396316,-0.019588723422091614,1.2795030169201613,-0.06647760610209197,1.2451230932239463,-0.0995659989010278,1.3721379859520355
2022-11-27,351.01,0.009828779806843047,0.018033674254294807,-0.0030768354177943547,0.019657559613686315,-0.607746262162133,0.003800461525311105,-0.16778629271933965,0.0030170080624460915,-0.1986438313024368,-0.04262841514486693,-0.1655713576020299,-0.075633172844079,-0.10437901005541705
2022-11-28,347.14,0.010312842081004803,0.013222331047992197,-0.002160511609149096,0.011148239903209012,0.16118015442131384,0.01795241113095436,-0.03560984368764264,0.01270380826179407,-0.07521408463643353,-0.02848706573716575,-0.020402720716711564,-0.059145205584682836,0.046239676561935505
2022-11-29,352.8,-0.016071428571428625,0.0016439909297052413,-0.035969387755102056,-0.016043083900226796,-0.740866131824257,0.0014625850340119761,-0.75486352799977,-0.003693310657598814,-0.7555220742297122,-0.040403911564625083,-0.7474639377110275,-0.06953892668178441,-0.7294209494612157
2022-11-30,362.58,-0.015693088421865564,0.008880798720282579,-0.01828561972530196,-0.02697335760383912,1.4156435228733737,-0.025246842076232956,-0.02964458861833663,-0.031080037508965708,-0.220646213375286,-0.061230624965524116,-0.29674004897049555,-0.08985695110964065,-0.29411947023438545
2022-12-01,359.8,-0.009421901056142268,0.006253474152306815,-0.01104780433574215,0.0077265147304057535,0.321497323142077,-0.015319622012230583,0.3356653012199209,-0.021117287381881122,0.09343080461675957,-0.04677320733740886,-0.05035828789657537,-0.07673707615341918,-0.04614665532988915
2022-12-04,350.31,0.012588849875824426,0.019611201507236498,-0.005338129085666998,0.027090291456138837,-0.05479938934544937,0.012434700693669587,0.38028488816560624,0.009120493277380515,0.06793359295013968,-0.013742114127486382,-0.09965353330264204,-0.045277040335703456,-0.09222415170154119
2022-12-05,351.69,-0.0019050868662743303,0.0030140180272399952,-0.00915579061104943,-0.003923910261878327,0.3936041591101438,0.008063919929481633,0.9492357674112035,0.006423270493898681,0.5000414064947747,-0.01279109442975257,0.27048230441118926,-0.043870074971329776,0.27381404302028645
2022-12-06,351.52,0.000227583067819781,0.008562812926718122,-0.0070835229858898785,0.0004836140191171179,-0.13086714646560238,0.011140191169775271,0.6785614167307423,0.008124715521163006,0.2872277402803429,-0.00769941966317611,0.11829163293404066,-0.03854308906084125,0.10085566466125839
2022-12-07,352.81,-0.005385334882798021,0.012471301833848258,-0.005385334882798021,-0.0036563589467418778,0.5253463607667204,0.006717496669593981,0.750527867855084,0.004231739463164796,0.9949214208956563,-0.006852130041664739,0.729894185137661,-0.03832752284043428,0.6446056596028633
2022-12-08,346.75,0.013237202595529851,0.018111031002162825,-0.0009805335255946845,0.01747656813266052,-0.22782862713392626,0.01867627974044539,0.14974970139173083,0.020207642393653025,0.4754073881840959,0.016086517664023914,0.3167748643370232,-0.01755251141552605,0.25225246566698045
2022-12-11,347.19,-0.0016705550275064596,0.0035715314381175034,-0.006595812091362174,-0.0012673176070738812,-0.17154268514537097,0.009867795731442142,-0.1052150519851377,0.01570033699127049,0.26306651672014025,0.01487658054667551,0.06148568341437066,-0.016163099935674885,0.017951282079552433
2022-12-12,357.69,0.013111912549973459,0.024462523414129578,-0.008666722581005981,-0.02935502809695545,-0.07508515021109097,-0.021521429170512363,-0.2060470926556669,-0.015183538818532183,0.16147136505476123,-0.01617462048142171,-0.024044991943872218,-0.04315561892514075,-0.05465130903578008
2022-12-13,353.84,0.010315396789509546,0.02125254352249617,-0.010612141080714399,0.010880624010852324,0.14597703768757153,-0.007483608410582598,-0.040734761276208564,-0.0014865475921339577,0.3476675705980963,-0.004054092245081797,0.13588312698337557,-0.029311741653478718,0.08559420393168304
2022-12-14,344.58,0.011231063903883065,0.01659991874165656,-0.005412386093214927,0.02687329502582858,-0.14764750705971996,0.020535144233558178,-0.18820830033816938,0.025648615706074906,-0.08825646082664718,0.022591270532242858,-0.024407855090220032,0.0004217694971648811,-0.07078363307053404
2022-12-15,339.6,0.0011189634864545717,0.006124852767962263,-0.0055359246171966525,0.014664310954063398,-0.5549602098028577,0.030653710247348087,-0.6011534546898882,0.035388692579503056,-0.6090897726426436,0.03624852767962383,-0.5589841353434122,0.01841382018060389,-0.5853381221060197
2022-12-18,335.66,0.009354704164928673,0.011082643150807314,-0.002428052195674213,0.011738068283382086,2.055562967774007,0.03849133051301745,0.6262558235768596,0.04152416135374848,0.36276452871948695,0.04734403861049952,0.45669896738390614,0.03337702834217082,0.3257867543129518
2022-12-19,332.11,0.0002408840444430016,0.0076179579055131175,-0.0040950287555328035,0.010689229472162776,0.1461416115087586,0.042648520068650386,0.8115331323921753,0.04824606305139634,0.5101161944963442,0.05700219806690643,0.6507053251994339,0.04635612698603819,0.5148143260747675
2022-12-20,337.45,-0.007052896725440738,0.001659505111868409,-0.009789302118832444,-0.015824566602459567,0.048001041272630385,0.010988294562155776,0.7889973276714133,0.02585568232330493,0.5622550060401947,0.038007112164766044,0.7078819457155292,0.031068306415764857,0.5942542630487866
2022-12-21,332.11,0.0072867423444038515,0.00843094155550883,-0.011170997561049112,0.016079009966577296,-0.15529353234514587,0.017373761705457458,0.4449146783008089,0.038113877932008045,0.2824863237215145,0.052469061455542754,0.436619064536367,0.04940431383176214,0.3471080365873518
2022-12-22,332.94,-0.009491199615546453,6.0070883642682205e-05,-0.01351594881960716,-0.0024929416711719776,0.9663828188761032,0.007346669069500544,1.6919142565277787,0.029308584129270177,1.5616978439819045,0.04591668168438856,1.7788528891939661,0.04859133777857827,1.6364884938501145
2022-12-26,331.32,0.002927683206567666,0.007123023059278033,-0.004667089218881926,0.004889532777978989,0.0001797455181873353,0.008251841120365588,0.6729583003912505,0.030173246408303767,1.4590766756539426,0.047262465290354605,1.7777671687377943,0.052383395710088765,1.5545417277643754
2022-12-27,329.6,0.00558252427184458,0.016459344660193942,-0.0005157766990291357,0.005218446601941595,-0.1192371924052531,0.010879854368930575,0.29811940621849353,0.030734223300968422,1.038017062112326,0.04974059466019476,1.374743038684358,0.05535902103559809,1.1982582377403515
2022-12-28,339.81,-0.022924575498072475,0.0012065566051617793,-0.024307701362526135,-0.030046202289514712,-0.15035144674696843,-0.02097054236190976,0.012294466862869946,-0.008501809834910001,0.6182116164527647,0.015619022394868454,0.9754113191136462,0.02187693122627299,0.8500997535658781
2022-12-29,334.94,0.0022690631157820107,0.00815071356063779,-0.009195676837642552,0.01453991759718165,-0.10450234885075216,-0.0053263271033634485,-0.13705442251418953,0.0017256822117370785,0.38365721541411224,0.028446886009435346,0.5208151105322882,0.03525706096614267,0.6439386790103219
2023-01-02,335.17,0.02049706119282746,0.025837634633171236,-0.009040188561028839,-0.0006862189336754865,-0.08970790703809661,-0.004320195721575715,-0.27235842601218496,-0.0018378733180201001,0.18502807159286716,0.023617865560760842,0.31951288984888326,0.0326839116468256,0.4885870494186446
2023-01-03,341.62,-0.0034541303202388907,0.009708155260230722,-0.011094198231953678,-0.018880627597915756,-0.12976631531218696,-0.021813711141035363,-0.29892599171786793,-0.0219805631988782,-0.20541028981722487,0.000686435220421,0.1191036443102671,0.012054329371816275,0.2936133455393861
2023-01-04,336.08,0.006069983337300799,0.012550285646274917,-0.004046655558200274,0.01648417043561068,0.21412655855027163,0.00044037134015573187,-0.034888181585370215,-0.004085336824567798,-0.042470963100010306,0.01588907402999351,0.3260648750633697,0.028315678806632993,0.5540863618757597
2023-01-05,347.84,-0.02412028518859244,0.004197332106715912,-0.03429737810487565,-0.03380864765409386,-0.35540341820546173,-0.029657313707452948,-0.3433143195958659,-0.03661453541858539,-0.3906548200919375,-0.020700609475620246,-0.1561828429421115,-0.007536990187059556,-0.011016419866145877
2023-01-08,350.34,0.0023691271336416797,0.017515841753724892,-0.0008277673117541573,-0.007135925101330098,0.04776559138393255,-0.03199748815436554,-0.21873372235926447,-0.04052349146543566,-0.32909069944069924,-0.028214020665638495,-0.11555543854839478,-0.015038724286883576,0.04359514241176865
2023-01-09,354.39,-0.014757752758260523,0.0028499675498743215,-0.018030982815542163,-0.011428087699991596,0.8321776687444558,-0.034368915601457495,0.5598249095391103,-0.04634442281102946,0.25558389176382823,-0.039668162194192225,0.6495287518499075,-0.027040830723214948,0.8963271675133395
2023-01-10,364.05,-0.021645378382090352,0.0033511880236229974,-0.024048894382639685,-0.026534816646065162,-0.4191305512928155,-0.049432770223871825,-0.12966109494713474,-0.06575745089960383,-0.258918852247064,-0.06410108501579392,-0.059841451113936905,-0.05318042393444178,0.10494586372296544
2023-01-11,367.77,-0.004812790602822359,0.0023656089403703007,-0.02006688963210701,-0.010115017538135151,0.3457946996430703,-0.046849933382278386,0.205562914353701,-0.06630774668950912,0.06957485245890593,-0.07127552546428406,0.2561261994560107,-0.061575622445188105,0.47721836868365153
2023-01-12,366.38,-0.006632458103608241,0.0009279982531797959,-0.009416452863147518,0.003793875211528963,-0.17988188742403743,-0.025934821769748706,-0.005938245891421001,-0.05234728969922153,-0.09886524303189703,-0.06637643976199503,0.0034129780097214013,-0.056138435504121786,0.20021726301124865
2023-01-16,367.41,-0.002721754987616065,0.005062464276965661,-0.006178383821888511,-0.002803407637244626,0.1693773934517504,-0.01857325603549309,0.10846947573760124,-0.047772243542638315,0.09080316543716282,-0.06728722680384258,0.16268881955505132,-0.05755241646480358,0.2682372100753325
2023-01-17,364.1,0.009942323537489806,0.02817907168360345,-0.0007552870090635766,0.009090909090909038,-0.29708140396159277,-0.0002746498214789561,-0.27335637976397664,-0.03019774787146612,-0.22568054375337976,-0.055672892062619606,-0.20460390888063873,-0.04854252494735933,-0.13580588286081718
2023-01-18,361.13,-0.0024921773322625906,0.007365768559798536,-0.012723949824162917,0.008224185196466616,0.5297330597980461,0.013324841469829485,0.25628987789099766,-0.014210948965748482,0.23207826862937786,-0.044514440783096854,0.09721711733082383,-0.04032066015008484,0.31428367439800664
2023-01-19,368.05,-0.018502920798804556,0.000896617307430958,-0.018502920798804556,-0.01880179323461495,-0.6260327214910377,-0.007314223610923709,-0.5591944829235591,-0.02744464067382346,-0.5471388273385527,-0.059019155006112656,-0.5949681990831952,-0.05738441334963584,-0.5192574294478255
2023-01-22,370.76,-0.007201424101844878,0.00948052648613662,-0.01391735893839674,-0.007309310605243202,1.581690743443902,-0.014419031179200736,0.45523950940420477,-0.025930521091813374,0.331007617321857,-0.06105027511058292,0.12071408197849043,-0.06280343079080863,0.2841654222803869
2023-01-23,367.72,0.014467529642119059,0.014467529642119059,-0.009327749374524075,0.008267159795496415,0.29987732068373263,-0.003888828456435456,0.8360020719173415,-0.011644729685632349,0.6659201221340747,-0.04875856630044528,0.45476006651945156,-0.053311396352297535,0.648246558163627
2023-01-24,366.38,-0.008761395272667616,0.006163273104427214,-0.016403733828265765,0.0036574048801791825,-0.12551268639565605,-7.642338555724493e-05,0.5444403862897098,-0.0032862055789090183,0.38217944524494984,-0.040419782739231636,0.2465059605604576,-0.04849245773968802,0.43363378512356765
2023-01-25,367.38,0.006668844248462147,0.006855027491970089,-0.007784854918612916,-0.0027219772442702572,-0.3130989913069908,-0.001556970983723871,-0.03238154129130266,-0.0027355871304934887,-0.042660528523957075,-0.03848059230224743,-0.1336673808764277,-0.04930135917397116,-0.025151952439001146
2023-01-26,373.39,-0.024371300784702177,0.004901041806154582,-0.02849567476365189,-0.01609577117758909,0.011191382847165698,-0.014279975360883879,0.028227375304110014,-0.017895498004768973,-0.036619190280665515,-0.04912825731808457,-0.09791784375117984,-0.06280118196345263,-0.020586465730474623
2023-01-29,366.14,0.009531873054023032,0.020920959195936062,-0.001474845687441828,0.01980116895176698,0.25523112392985103,0.008155350412409446,0.02997872381112332,0.003086251160756337,0.23611606040475475,-0.024319932266345212,0.16015881897613227,-0.0428142240672974,0.21687719756259183
2023-01-30,374.94,-0.0151490905211501,0.0005600896143382883,-0.02245692644156405,-0.023470421934176144,-0.27639765752562606,-0.01797087534005548,-0.2534135415425821,-0.020520616631996336,-0.12024360867153505,-0.04370832666559887,-0.15406951979756633,-0.06418626980316933,-0.12966550633888707
2023-01-31,377.18,-0.01211623097725223,0.007834455697544929,-0.020732806617530075,-0.005938809056683869,0.1343745009479429,-0.019974547961186695,-0.0513838329654851,-0.02434116337027603,0.02695631818671962,-0.044085052229703714,-0.02135669818287045,-0.06706081976775102,-0.020578916310306505
2023-02-01,383.16,-0.004332393778056276,0.013727946549744185,-0.008521244388767224,-0.015607057104081945,0.15681455557143287,-0.029632529491597226,0.1631583808932071,-0.03615460904061163,0.16469037594471714,-0.05352202735149714,0.14206848148145212,-0.07835195044715948,0.05283939486524414
2023-02-02,372.91,0.0017698640422620926,0.010069453755597868,-0.006435869244589942,0.027486524898769238,-0.18515699884848213,0.005502668204123262,-0.08565787696127947,-0.0037542570593461777,-0.04351122890760184,-0.02193692848140205,-0.07348475686246769,-0.04877316242525098,-0.14660201440576748
2023-02-05,368.66,-0.0036347854391580725,0.0036347854391580725,-0.006374437150762247,0.011528237400314723,0.5115554297927538,0.016833939130905584,0.39077918807146306,0.009048988227633004,0.2976945539196667,-0.005666467748059567,0.42024050191026574,-0.03411815765203807,0.29858669189701836
2023-02-06,371.11,-0.016006035946215413,0.0026676726577026244,-0.024116838673169605,-0.006601816173102293,0.19681382190081398,0.011479076284658607,0.623920193093239,0.0018215623400050784,0.5340560752449162,-0.009425776723881452,0.6559705635222293,-0.03769143021386401,0.5463741096165677
2023-02-07,365.85,0.0063413967473007204,0.015607489408227426,-0.003252699193658559,0.014377477108104442,-0.25413674544487097,0.023927839278391705,0.07183645196878952,0.017151838185046175,0.1391831799405061,0.007654776547766362,0.1986480656705898,-0.020302491913809062,0.13613954103384707
2023-02-08,363.65,0.02062422659150287,0.03062010174618468,-0.0018974288464183031,0.00604977313350763,-0.22333383445771715,0.02389110408359585,-0.209773543464001,0.02315963151381606,-0.10826349614482544,0.015326550254366467,-0.06148978211875833,-0.01135890737430778,-0.10834075469332194
2023-02-09,363.86,-0.006595943494750789,0.004177430880008659,-0.012477326444236825,-0.000577145055790762,0.11967677774129393,0.01257626559665681,-0.08248976248976247,0.021544000439727373,-0.0048116486826164095,0.014685593360084237,0.04653147491857168,-0.008967734843072561,0.01707497191368157
2023-02-12,370.6,-0.015785213167835987,0.002293577981651307,-0.018537506745817556,-0.01818672423097678,-0.09151349612853366,-0.0107231516459807,-0.19795615652642617,0.00039395574743439354,-0.10856783518134616,-0.004295736643280312,-0.04450862790788579,-0.023909875876957365,-0.06492199806203802
2023-02-13,364.86,0.01534835279285196,0.01638984816093836,-0.00423450090445654,0.015732061612673487,0.028319396590022805,0.005903634270677971,-0.11461940632153189,0.01735460176505832,-0.0653070291113157,0.011947048182865627,-0.01705693779027051,-0.005741014818470114,-0.027405927570305466
2023-02-14,367.57,-0.019860162690099825,0.00032646842778238927,-0.020132219713251853,-0.0073727453274206045,0.4017201312289518,-0.004913349838127301,0.3515269352464794,0.007111570585192517,0.2860494609392221,0.004139347607259314,0.3867360999222076,-0.010358117728143323,0.3736479164257276
2023-02-15,357.82,0.005645296517802212,0.013414565982896365,-0.00011178804985756408,0.027248337152758317,0.04552637154240058,0.023162483930466715,0.38404013993168773,0.031867978313116385,0.2977193408535419,0.03198535576546946,0.41117417567937675,0.01962625528664219,0.42925044223856257
2023-02-16,360.83,-0.018014023224233067,0.0004988498739018077,-0.01966161350220319,-0.00834187844691403,-0.19784542432457075,0.011395948230467523,0.024708232816865294,0.016237563395502974,0.016181534813930476,0.02291799462350763,0.12438442471420164,0.012617206625464394,0.13470162843586708
2023-02-20,350.79,0.015849938709769473,0.01785968813250083,-0.0010405085663787172,0.028621112346417954,-0.00017488878813676223,0.03861569600045489,0.00488262973059661,0.041879757119642314,-0.012856978269860875,0.05116593973602512,0.046641720839366796,0.04395127189106374,0.13611249023675742
2023-02-21,346.2,0.01444251877527436,0.017677642980935993,-0.0049971114962448215,0.013258232235701994,-0.27951152919143973,0.04094165222414681,-0.3060619922461918,0.05053148469092816,-0.2781396234888315,0.06221837088388282,-0.2454749147821601,0.058076256499132395,-0.19288031919764248
2023-02-22,348.13,0.0027288656536350597,0.0072961250107719255,-0.010168615172493123,-0.0055439060121219574,0.3441322064618253,0.024450636256569735,-0.026084255291140113,0.03755206388417909,0.03571582802821305,0.05323873265734136,0.04458368016285008,0.05181397753712602,0.08419945058458667
2023-02-23,343.38,0.009260877162327485,0.009260877162327485,-0.008707554313006072,0.013833071233036343,0.1624074293514619,0.02729920205020564,0.17578033662732584,0.046744131865569694,0.21267171697850884,0.06515085328207881,0.22343015948696943,0.06575611081988764,0.27017373781858756
2023-02-26,341.51,0.017071242423355004,0.01774472197007415,-0.0032209891364819443,0.005475681532019605,-0.22558019217623915,0.02446780474949395,-0.07440347761243638,0.04654036485022206,-0.09062291807870004,0.06746947380750257,-0.06898571323281821,0.06957434140532626,-0.029007585599932884
2023-02-27,341.2,-0.0027256740914419764,0.011430246189918059,-0.007209847596717389,0.0009085580304806218,-0.32383929910653864,0.014073856975379995,-0.3567870960870332,0.04094079718639887,-0.3822248735684074,0.06376758499413904,-0.3735577564334638,0.06798065650644691,-0.3402423213154716
2023-02-28,337.78,0.006809165729172895,0.015483450766771378,-0.0019095269110070978,0.010124933388596213,0.7141015902739452,0.01866303511161016,0.2432739761705962,0.04277636331339729,0.10821668058264544,0.07084640890520522,0.1091271792045867,0.0763090374405424,0.1476317572405661
2023-03-01,339.89,-0.022271911500779673,0.00041189796698937187,-0.026567418870811044,-0.006207890788196169,0.015409668778434416,0.007384742122450438,0.18071788766529195,0.02833563800052752,0.10624524852247119,0.05873223690017415,0.10631527701007681,0.06672158639559767,0.16408560454667853
2023-03-02,346.07,-0.01028693616898313,0.0002600629930362697,-0.013552171525991863,-0.017857658855144898,0.12516026561034876,-0.015366833299622518,0.3151284995311632,0.0019735891582606246,0.260421953039784,0.034438119455602045,0.23094040032914265,0.045340538041435785,0.2911393051010709
2023-03-05,351.32,-0.012125697369919086,0.00498121370830007,-0.013748149834908352,-0.01494364112490043,-0.35192471180014917,-0.028549470568144275,-0.15099768522394041,-0.016344073778893242,-0.17834447315436452,0.013701184105659348,-0.20912566201789184,0.02829044745531073,-0.16542963909625552
2023-03-06,336.65,0.041467399376206915,0.04152680825783461,-0.001811970889647907,0.04357641467399387,0.10165499329518335,0.019610871825336718,-0.033440332597158284,0.02369523243724725,-0.06705622687213986,0.054668052873905415,-0.12674101510171987,0.07144314074954128,-0.11394456121990548
2023-03-07,338.88,-0.007672332389046299,0.0020582507082151924,-0.02276617091595834,-0.006580500472143536,0.24284643317125676,0.010216005665721006,0.1023097384277476,0.01278623701605075,0.18135874257856965,0.04300489848914135,0.1038132970635206,0.0610373386842924,0.10892439459043213
2023-03-08,333.93,0.017608480819333305,0.03226724163746897,-0.001676998173269828,0.014823465995867258,-0.1748979164375376,0.025849728985115394,-0.09275611257948302,0.025607163177909564,-0.06005287539745863,0.053639984427874765,-0.07808325983690445,0.07388674273051143,-0.07893397370380673
2023-03-09,326.54,0.03267593556685222,0.03647332639186618,-0.0039505114227966764,0.022631224352299917,-0.4170826015424879,0.04541556930238122,-0.4506072724050503,0.04446928400808248,-0.4446688943326007,0.07259753782078815,-0.4569746592451063,0.0948776056021714,-0.45793766264949054
2023-03-12,324.79,-0.00018473475168567788,0.01591797777025139,-0.011222636164906707,0.005388096924166419,0.08934890422372188,0.03902213738107574,-0.2766321432749669,0.044912097047320465,-0.3337905758836248,0.0726638751193085,-0.3869801307004632,0.09658548600634176,-0.39582979136056684
2023-03-13,332.73,-0.0070327292399243735,0.005890662098398058,-0.015538124004448095,-0.023863192378204556,0.1509769557931535,-0.0017191115919829025,-0.1023607397042432,0.014952063234452195,-0.18896700166243507,0.04119556397078772,-0.2707933148299754,0.06554864304390895,-0.29201377529086636
2023-03-14,333.98,-0.0214683513982874,0.0015569794598477849,-0.024163123540331788,-0.0037427390861728416,-0.05577439050920219,-0.007802862446854242,-0.10511841742686845,0.00861728247200233,-0.2387268253300654,0.03162913946942991,-0.2995011433240031,0.058226041479529034,-0.31940885556409626
2023-03-15,339.9,-0.019770520741394404,0.00488378934980882,-0.022388937922918406,-0.017416887319799845,0.5261139880317804,-0.027967049132098798,0.497117578792746,-0.010067666960872912,0.2263052198464981,0.00911885848779126,0.09303567963654147,0.03577817005001416,0.048653003527312055
2023-03-16,334.49,0.013632694549911895,0.017429519567102147,-0.00983586953272153,0.01617387664803127,-0.603467160651878,-0.008675894645581161,-0.410561391334468,0.005946366109597534,-0.5084791757967531,0.021304074860235778,-0.561547118851929,0.04881560983387567,-0.5852459267381394
2023-03-19,334.59,0.0010460563674945522,0.0022116620341312565,-0.010370901700588742,-0.0002988732478554912,1.2712727538514184,-0.004220090259722142,0.4675874854232489,0.0021847634418221684,0.2740589980497885,0.01751247795809885,0.07726229513643168,0.04365342658178606,-0.010326175913282665
2023-03-20,341.6,-0.008050351288056201,0.0023419203747070405,-0.010480093676815128,-0.02052107728337249,0.4103898951882563,-0.01891686182669916,0.9305946454544092,-0.02327868852459236,0.7868250588535184,-0.007208723653395088,0.5333560750326132,0.018497267759562286,0.3942794942346044
2023-03-21,335.72,0.019003931847968447,0.026897414512093265,-0.00038722745144781356,0.017514595496246788,-0.058870845401850724,0.0035505778625029016,0.660632701948485,-0.004697366853332552,0.6466344271143867,0.008810913856786229,0.436937557108636,0.03364907263989769,0.3133338154860392
2023-03-22,332.25,0.00623024830699781,0.018269375470278293,-0.005688487584650126,0.010443942814146068,-0.19773004680717077,0.015079006772007686,0.19999490534196118,0.004746425884120997,0.31792944606207696,0.01776975169300332,0.13368110271042877,0.04089390519187286,0.06012342752554112
2023-03-23,334.52,-0.019400932679660476,0.0024213798876000503,-0.022255171589142586,-0.006785842401052178,0.18478523307635308,0.0036171230419692613,0.43143118706133654,-0.0025738371397845405,0.560267699953388,0.00848977639603099,0.3501870764267774,0.030482482362787833,0.26331753893548226
2023-03-26,335.75,0.008488458674609234,0.010603127326880069,-0.006463142218912976,-0.0036634400595682015,-0.008100158909800648,-4.169769173634208e-05,0.04973569084185603,-0.003851079672377522,0.4431801418463306,0.0034758004467616566,0.34428452754062344,0.023815338793744756,0.24503217694785095
2023-03-27,334.13,0.0005087840062252269,0.005476910184658568,-0.008439828809146066,0.004848412294615967,0.2517789334310412,0.005500852961420888,0.25108297386872724,0.0042588214168115535,0.6977171568709091,0.007479124891510036,0.6733075150308945,0.025974919941339714,0.5542644785126216
2023-03-28,338.13,-0.0029278679797710705,0.001419572353828391,-0.009020199331618017,-0.01182976961523674,-0.2516630782604903,-0.010812409428327618,-0.08033968860320118,-0.007207287138085161,0.19315497240925894,-0.005484576937863195,0.20989753568412883,0.010242608858525015,0.15019458405127417
2023-03-29,341.27,-0.0025493011398599608,0.004043719049432903,-0.007794414979341746,-0.00920092595305766,0.6105007897169941,-0.01850147976675487,0.5187390622000927,-0.015125853429837743,0.8231269782128434,-0.014583760658715028,0.9541669959767716,-0.0016633945751662882,0.8467728236992877
2023-03-30,344.77,-0.002726455318038057,0.00527888157322276,-0.007570264234126989,-0.010151695333120658,-0.5399806902012294,-0.023232879890942915,-0.3724638576084127,-0.024726629347103013,-0.19354604890699956,-0.024387272674535887,-0.11197657662544813,-0.014340961607255842,-0.1545759971775914
2023-04-02,346.27,-0.010887457764172437,0.0012418055274785456,-0.015046062321309894,-0.004331879747018208,0.02926468238482105,-0.021543881941838428,-0.289951773979808,-0.025982614722617314,-0.27005567465048164,-0.028801224478007592,-0.06556573653826392,-0.0198669631597701,-0.11468455288319612
2023-04-03,346.41,0.00600444559914548,0.01682976819375881,-0.0025980774227073455,-0.0004041453768657277,0.5320203185742782,-0.015865592794666483,0.17534379959523028,-0.0230045322017286,0.1345391192615133,-0.029922635027856304,0.43479587695286903,-0.021664116701789582,0.3707982375038219
2023-04-04,344.6,0.003366221706326167,0.011462565293093308,-0.0009286128845039654,0.005252466627974517,0.15829816299082133,-0.0035693557748127658,0.39053436434085653,-0.016477074869416075,0.317490692683585,-0.0234112013929183,0.6426861147066141,-0.016949119752370678,0.584013059053851
2023-04-05,340.86,0.0074517397171858235,0.0074517397171858235,-0.018658686850906547,0.010972246670187147,-0.2757660932640589,0.01116000704101272,-0.04408187132717223,-0.0030804435838782673,-0.059957876512071406,-0.011856774042127705,0.18094354933516943,-0.00631930998063801,0.12872677342835925
2023-04-09,338.83,-0.004102352212023708,0.0004722132042618288,-0.027653985774577228,0.00599120502907069,0.466624271282688,0.016976064693207782,0.5168068214769941,0.005433403181534402,0.3671246189173727,-0.004913968656847567,0.7254201005621495,-0.0010811714822582807,0.6578121145556115
2023-04-10,341.91,-0.003451200608347249,0.005812933228042327,-0.006931356204849304,-0.009008218537042034,0.1869125594832317,0.004340323476937247,0.577169069915471,-0.002363194992836548,0.5828381325221954,-0.012080664502353566,0.9445557145761656,-0.01052323710918146,0.9597681842725516
2023-04-11,342.79,0.010735435689489314,0.014644534554683508,-0.0029954199364042866,-0.0025671694040082516,-0.16671040611244914,-0.0007818197730401488,0.10805237660216482,-0.0031272790921577087,0.26912770257176866,-0.012119665101081423,0.5375766132381032,-0.013024495074730691,0.6097483228598584
2023-04-12,347.87,-0.010204961623595077,0.001092362089286203,-0.013597033374536549,-0.014603156351510549,0.2320864326215204,-0.01745479633196423,0.3117836619533838,-0.015195331589389016,0.5558147466997014,-0.02509989363842713,0.8227945710839824,-0.027285096923180818,0.931337237117603
2023-04-13,347.86,-0.00045995515437247114,0.0064968665555107386,-0.005088253895245365,2.8747197148293324e-05,-0.2364902660748568,-0.015546484217789924,-0.043389066378608954,-0.01236704421319157,0.13050428492707744,-0.02307537515092195,0.32216016158451155,-0.02629027003200579,0.4585840035639148
2023-04-16,349.01,-0.006933898742156441,0.00243546030199715,-0.009799146156270644,-0.0032950345262312553,0.1116279446775792,-0.01477894616200226,-0.017653243661358564,-0.013733130855851483,0.2755599866603673,-0.025154007048507676,0.44685569111339607,-0.028737476481094704,0.6130671273780519
2023-04-17,352.17,-0.006161796859471269,0.0019592810290485208,-0.013033478149757305,-0.008972939205497465,-0.29437834286862863,-0.017837975977512133,-0.31166982875688176,-0.021378879518416438,-0.17095820321372956,-0.03183973649089833,-0.0834323631354208,-0.03717428136032841,0.1332704728318983
2023-04-18,352.03,-0.004346220492571606,0.005141607249382174,-0.004573473851660292,0.00039769337840533936,0.4484024511764748,-0.011618327983411558,0.10854385063823835,-0.01931369485555412,0.14638773370320313,-0.02895775928187827,0.31092585404186135,-0.03671088638278974,0.626093770833777
2023-04-19,352.91,-0.007452324955371181,0.0069422799013911796,-0.009010795953642625,-0.002493553597234577,-0.01639798432954742,-0.008846448102916904,0.07684132473642968,-0.020166614717635367,0.09803240484757336,-0.02990139128956315,0.27650404100252723,-0.03766021554126209,0.5754150908328279
2023-04-20,351.72,0.006198112134652378,0.007932446264073523,-0.0032696463095645,0.003383373137723078,0.14073614727725903,-0.002627089730468657,0.2618821564156939,-0.014488797907428519,0.24066125513389625,-0.02417548049584828,0.4379136164274058,-0.0330746047992726,0.7830233852045525
2023-04-23,347.66,0.014698268423172012,0.01731576827935344,-0.004328942069838471,0.011678076281424365,-0.26337828545493847,0.01124086751423703,-0.11094765280281549,0.00014381867341439758,-0.14057223232424998,-0.009979577748374102,0.02691180196156484,-0.020077086808951705,0.2914243402680303
2023-04-24,345.21,0.0061991251701862815,0.016250977665768662,-0.0032733698328553107,0.007097129283624604,-0.2937612341581963,0.017635642072940216,-0.35018313145812985,0.009799831986325058,-0.38411585016240746,-0.0010500854552292216,-0.2806435022527034,-0.011083108832305344,-0.12079491901734873
2023-04-25,340.07,0.009615667362601776,0.0158202722968801,-0.0033816567177344936,0.015114535242744198,-0.09109322925692354,0.0289234569353356,-0.38128344999234,0.026032875584436566,-0.3965770188035733,0.015439468344753626,-0.3384797661294576,0.005865459072151191,-0.21763721351151566
2023-04-26,355.58,-0.027195005343382483,0.004640305978964143,-0.028348051071488745,-0.043618876202261125,-0.03313741226350153,-0.022684065470499948,-0.3110058994865419,-0.01948647280499649,-0.374709426915694,-0.02801760503965267,-0.34121785119792725,-0.037321184168589094,-0.2508572811530083
2023-04-27,362.58,-0.020822990788239903,0.0010204644492251003,-0.020850570908489185,-0.01930608417452695,-0.05476064917917267,-0.040079430746319145,-0.25827876740194633,-0.03628992222406269,-0.3564860821728211,-0.04437641348116195,-0.3668639857966951,-0.0539209737621128,-0.29993861990226234
2023-04-30,362.65,-0.002619605680408088,0.007941541431131904,-0.003832896732386515,-0.00019302357645112345,0.6060620862025745,-0.034275472218393555,0.37365483580813064,-0.0324169309251362,0.10565676747718111,-0.04162277678202042,0.060427602960909654,-0.052018934693690455,0.13623894697003203
2023-05-01,356.02,0.011516206954665487,0.018622549294983415,-0.009887084995224948,0.018622549294983415,-0.04114072822517645,-0.007870344362677417,0.3282274740462412,-0.010566822088648675,0.07974104564397488,-0.021264254817144224,-0.011818415592403153,-0.0317285545755861,0.020768839229853064
2023-05-02,349.97,0.02134468668743028,0.02391633568591578,-0.0003143126553705189,0.017287196045375097,0.2401905611515207,0.01545846786867311,0.5779995462829726,0.007637797525499979,0.32897509268868985,-0.0029516815727056445,0.19529098714139637,-0.012948728938671494,0.25230944524143273
2023-05-03,347.51,0.0034531380391931155,0.01410031366003861,-0.0025610773790681884,0.007078932980346009,-0.10785209983466482,0.02834450807170885,0.27479523764361735,0.0141780092659185,0.19224019844129336,0.004618572127421672,0.05726223172147038,-0.0051586045485507714,0.11220687068105506
2023-05-04,354.19,-0.008808831418165353,0.006959541489031329,-0.011152206442869628,-0.018859933933764395,0.09977150169088755,0.004393122335468513,0.2676821669166707,-0.006473926423672727,0.32879444292112225,-0.013917671306360235,0.16672838809228097,-0.022811673583858605,0.21919367875109086
2023-05-07,355.18,-0.002027141167858626,0.0027310096289203667,-0.005433864519398646,-0.0027873191058055413,0.33586481404605495,-0.003130806914804829,0.45997124253232347,-0.008547778591138644,0.8005005982759885,-0.014789684103833967,0.531301038400269,-0.02347635940462167,0.6055388529859456
2023-05-08,355.27,-0.0002533284544148362,0.01078053311565852,-0.0015058969234665875,-0.0002533284544148362,-0.193942355230997,-0.007588594590031028,0.08676217393469021,-0.006682241675347145,0.41354048831207346,-0.01273819911616425,0.2229113815593704,-0.021785308826151484,0.2749882188662556
2023-05-09,362.18,-0.01402617483019486,0.004031144734662373,-0.01402617483019486,-0.019078911038710067,-0.3862199041880251,-0.02693688221326518,-0.37105287283131416,-0.022856038433929693,-0.17389454144638983,-0.029729692418133946,-0.24545195152405852,-0.038652051466122384,-0.2254657645000122
2023-05-10,360.29,0.007299675261594807,0.009298065447278514,-0.006050681395542545,0.005245774237419898,0.5763912850593977,-0.015054539398818623,0.10230084648924298,-0.011593438618892282,0.28147907078872736,-0.021948985539425814,0.21769734984786493,-0.031013905465042457,0.23764050272528614
2023-05-11,359.34,0.003812545221795638,0.0073468024711973445,-0.00731897367395784,0.0026437357377415704,0.1901547979360274,-0.005337563310514493,0.2772043039426142,-0.007669616519175859,0.4245419394408074,-0.017635108810596378,0.4598924681004253,-0.026396541808130003,0.45560019199743995
2023-05-14,361.48,-0.0052838331304637665,0.0009682416731215948,-0.01139758769503152,-0.005920106229943656,-0.12195219034886129,-0.008376673674893143,0.07930656220768717,-0.014440632953415578,0.1346010613700408,-0.021862896979085056,0.26956387361431267,-0.030494079893770287,0.2762481088077946
2023-05-15,358.65,0.003373762721316176,0.010177052837027745,-0.0005018820577162852,0.007890701240764075,0.25060064566663987,0.002961104140525972,0.3960504527719011,-0.006990101770530166,0.3851278522433621,-0.012406245643384106,0.5870283229504476,-0.02129095218179311,0.5531972211444844
2023-05-16,360.94,0.001357566354518891,0.002881365323876617,-0.01027871668421343,-0.006344544799689711,-0.2155339248284377,-0.0015293400565200566,0.0536567605593361,-0.012561644594671129,0.03506107330519437,-0.01777442234166271,0.21391012720016067,-0.02635710459725571,0.18012630047568456
2023-05-17,363.8,-0.006899395272127462,0.0021165475536009115,-0.013840021990104479,-0.00786146234194618,-0.16825324344695225,-0.010060472787246755,-0.22611857245346068,-0.0173089609675664,-0.143083273548127,-0.02427157778999378,0.010893023806771707,-0.032680043980209295,-0.02570101537729641
2023-05-18,365.42,-0.00883914399868646,0.014668053199058395,-0.010645284877675132,-0.004433254884790072,-0.19760554775835337,-0.012528049915167094,-0.3554062206087848,-0.01720759673800165,-0.31057267405539946,-0.027107164358819213,-0.1816699614210956,-0.035217010563188156,-0.2157217147440197
2023-05-21,372.35,-0.01863837787028333,0.00459245333691416,-0.01863837787028333,-0.018611521418020693,0.059411890336249495,-0.027640660668726613,-0.2270378427804265,-0.03248287901168412,-0.23919161110150178,-0.04337451322680208,-0.11065823911414052,-0.05097444160959719,-0.16927132014602997
2023-05-22,362.19,0.020458875176012636,0.028327673320632796,-0.0036168861647202233,0.0280515751401198,0.02730013547874721,0.005637924846074505,-0.14299197805644726,-0.0006018940335199563,-0.17376767730697618,-0.013131229465196959,-0.07765764420477972,-0.021267842844916007,-0.137186163148446
2023-05-23,356.2,0.015103874227961889,0.017349803481190307,-0.005614823133071267,0.016816395283548502,-0.02885535379951376,0.0245367770915208,-0.08416216422039835,0.018147108366084908,-0.1704651677146044,0.005847838293094432,-0.11435383110985808,-0.002911285794497842,-0.15003352698780748
2023-05-24,358.32,-0.006279303415941073,0.003153605715561447,-0.00999106943514172,-0.0059164992185756216,0.154020699520377,0.015829426211207087,0.1248945857758581,0.010454342487160817,-0.05885554277807392,0.0021475217682527248,0.005302405594667103,-0.00756307211431162,-0.008797701299875005
2023-05-25,360.78,-0.00559897998780412,0.007816397804756514,-0.008509340872553839,-0.006818559787127865,0.014345690650122478,0.00586507012583759,0.145353985867688,0.00301846000332473,-0.02857198403357919,-0.00430594822329311,-0.007667599526962943,-0.013364561967589172,0.016063089300746736
2023-05-29,364.33,0.0038152224631515796,0.015837290368621915,-0.004172041830208806,-0.009743913485027345,0.0831836135122781,-0.0064831334229964455,0.1892388686009543,-0.006359619026708008,0.08350945315027958,-0.014254933713939932,0.039529422641334966,-0.021796173798479757,0.10381765854978076
