date,open_price,close_price,lowest_price,highest_price,volume
2014-01-01,15,13.58,13.285,15.045,2581325.0
2014-01-02,13.65,13.07,12.71,13.81,2094744.0
2014-01-05,13.25,13.32,12.9405,13.35,1306827.0
2014-01-06,13.35,13.98,13.35,14.18,1226741.0
2014-01-07,14,13.7,13.385,14.37,892780
2014-01-08,15.25,14.85,14.12,15.67,3283011.0
2014-01-09,14.83,14.53,14.17,14.93,1121699.0
2014-01-12,14.82,14.24,14.08,14.9,1268247.0
2014-01-13,13.74,14.43,13.4568,14.66,1793721.0
2014-01-14,14.43,14.67,14.32,15.17,1444019.0
2014-01-15,14.75,15.08,14.6,15.58,1244205.0
2014-01-16,15.12,15.18,14.97,15.94,2340124.0
2014-01-20,15.37,15.66,15.07,15.9,1417000.0
2014-01-21,15.6,16.2,15.49,16.49,1978481.0
2014-01-22,16.3,16.28,15.65,16.41,1672580.0
2014-01-23,16.9,16.8,16.22,17.49,3013697.0
2014-01-26,16.69,16.54,15.43,16.69,2071127.0
2014-01-27,16.5,17.02,16.13,17.47,1476521.0
2014-01-28,16.86,17.06,16.3,17.08,1214424.0
2014-01-29,17.4,17.6,16.67,17.62,1036843.0
2014-01-30,17.33,17.94,16.926,18.59,1793026.0
2014-02-02,17.98,18.12,16.79,18.2775,1475886.0
2014-02-03,19,18.85,18.42,19.8,1643746.0
2014-02-04,18.1,17.22,16.745,18.17,1943458.0
2014-02-05,17.51,16.77,16.48,17.87,2090485.0
2014-02-06,16.73,17.47,16.04,17.75,1473940.0
2014-02-09,17.5,17.26,17.13,17.79,654021
2014-02-10,17.32,16.37,16.34,17.49,1526209.0
2014-02-11,16.4,17.1,16.27,17.5,3331683.0
2014-02-12,13.67,15.93,13.5,15.93,6913930.0
2014-02-13,15.7,14.9,14.6128,15.7,2104950.0
2014-02-17,14.86,14.97,14.7,15.1699,1384419.0
2014-02-18,14.86,14.29,14.19,15.03,1878730.0
2014-02-19,14.29,14.38,14.09,14.59,960458
2014-02-20,14.45,14.03,13.98,14.45,942160
2014-02-23,14.01,14.07,13.74,14.24,1259424.0
2014-02-24,14,14.71,13.85,14.89,1064005.0
2014-02-25,14.79,14.6,14.35,15.03,521416
2014-02-26,14.64,14.37,14.37,14.8,810583
2014-02-27,14.43,13.91,13.725,14.69,1018315.0
2014-03-02,13.8,13.45,13.22,13.8,1564791.0
2014-03-03,13.51,13.72,13.41,14,894832
2014-03-04,13.69,13.84,13.49,14.025,578361
2014-03-05,13.96,13.32,13.23,13.98,811884
2014-03-06,13.41,13.23,12.93,13.58,861819
2014-03-09,13.39,13.29,13.1,13.7,899810
2014-03-10,13.36,13.13,13.07,13.57,929796
2014-03-11,13.02,13.08,12.78,13.2799,566090
2014-03-12,13.09,13.09,12.9,13.49,1252163.0
2014-03-13,13.08,13.25,12.96,13.38,612715
2014-03-16,13.33,13.41,13.12,13.49,760522
2014-03-17,13.39,13.18,13.14,13.39,874439
2014-03-18,13.16,13.1,12.98,13.25,791320
2014-03-19,13.1,13.06,12.82,13.154,638035
2014-03-20,13.11,12.93,12.79,13.25,699342
2014-03-23,12.99,12.62,12.17,13,873744
2014-03-24,12.69,12.65,12.36,13.09,674713
2014-03-25,12.73,12.3,12.11,12.8999,834586
2014-03-26,12.29,12.09,11.81,12.42,3147275.0
2014-03-27,12.14,11.99,11.87,12.24,842627
2014-03-30,12.09,12.18,11.95,12.49,650093
2014-03-31,12.25,12.53,12.25,12.56,1293069.0
2014-04-01,12.52,13.23,12.42,13.3,1162541.0
2014-04-02,13.21,12.39,12.13,13.42,1192178.0
2014-04-03,12.4,12.21,11.86,12.63,1359506.0
2014-04-06,12.2,12.13,11.89,12.33,1318335.0
2014-04-07,12.12,12.3,12.07,12.55,694728
2014-04-08,12.37,12.6,12.29,12.86,580745
2014-04-09,12.61,12.24,12.17,12.64,757456
2014-04-10,12.15,11.78,11.61,12.315,1208529.0
2014-04-13,11.88,12.25,11.75,12.5,1428874.0
2014-04-14,12.26,12.35,11.85,12.64,1303263.0
2014-04-15,12.47,12.35,12.15,12.58,438890
2014-04-16,12.34,12.35,12.28,12.75,578285
2014-04-20,12.34,12.305,11.93,12.44,1270056.0
2014-04-21,12.37,12.9,12.35,13.04,1987517.0
2014-04-22,12.86,12.82,12.5,13.23,1838912.0
2014-04-23,14.54,12.98,12.81,14.65,5248486.0
2014-04-24,12.99,11.76,11.7,13.01,2044866.0
2014-04-27,11.77,10.89,10.56,11.7899,2245216.0
2014-04-28,10.89,11.15,10.6201,11.28,1037439.0
2014-04-29,10.82,11.31,10.74,11.36,985253
2014-04-30,11.3,11.23,11.15,11.72,939860
2014-05-01,11.28,11.24,11.17,11.45,675732
2014-05-04,11.14,11.19,11.02,11.27,513011
2014-05-05,11.12,10.7,10.695,11.346,665214
2014-05-06,10.75,10.23,9.845,10.82,1842861.0
2014-05-07,10.18,10.1,10.02,10.52,1697188.0
2014-05-08,10.05,10.07,9.96,10.295,854871
2014-05-11,10.09,10.38,10.09,10.46,1386688.0
2014-05-12,10.37,10,9.95,10.5,1349577.0
2014-05-13,10,9.9,9.88,10.13,961407
2014-05-14,9.83,10.07,9.6,10.12,1308068.0
2014-05-15,10.09,9.99,9.8,10.1299,490399
2014-05-18,9.93,9.9,9.81,10.11,1058587.0
2014-05-19,9.86,9.88,9.66,9.97,681440
2014-05-20,9.91,10.14,9.9,10.211,679685
2014-05-21,10.15,10.29,10.04,10.3897,725687
2014-05-22,10.25,10.36,10.13,10.37,1111265.0
2014-05-26,10.42,10.6,10.4,10.69,821703
2014-05-27,10.61,10.7,10.46,10.88,484543
2014-05-28,10.77,10.83,10.641,10.84,507497
2014-05-29,10.85,10.65,10.6,10.94,531008
2014-06-01,10.72,9.91,9.79,10.8,1001381.0
2014-06-02,9.94,10,9.766,10.04,671732
2014-06-03,9.94,10.03,9.79,10.05,538326
2014-06-04,10.07,10.1,9.955,10.2,721777
2014-06-05,10.94,11.21,10.65,11.7,4991039.0
2014-06-08,11.25,11.64,11.06,11.68,1553133.0
2014-06-09,11.67,11.49,11.05,11.79,1599366.0
2014-06-10,12.01,12.39,11.5,12.55,2196862.0
2014-06-11,12.3,12.42,12.22,12.84,2563884.0
2014-06-12,12.83,12.41,12.31,13.04,2243005.0
2014-06-15,12.33,12.09,12.04,12.5,1386454.0
2014-06-16,12.06,12.41,12.06,12.515,1273674.0
2014-06-17,12.37,12.14,11.96,12.41,809865
2014-06-18,12.2,12.02,11.74,12.24,675160
2014-06-19,12.08,11.91,11.77,12.19,770305
2014-06-22,11.93,12.12,11.62,12.19,871090
2014-06-23,12.12,11.72,11.6951,12.41,904903
2014-06-24,11.7,11.93,11.42,11.95,751380
2014-06-25,11.9,11.98,11.61,11.99,748856
2014-06-26,11.97,11.95,11.78,12.22,1242910.0
2014-06-29,11.9,11.94,11.68,12.04,732328
2014-06-30,11.99,12.38,11.98,12.46,729475
2014-07-01,12.34,12.62,12.25,12.65,1052342.0
2014-07-02,12.63,12.31,12.18,12.64,546533
2014-07-06,12.24,11.82,11.8,12.25,772973
2014-07-07,11.78,10.94,10.8,11.85,1408058.0
2014-07-08,10.95,10.74,10.57,11.11,651837
2014-07-09,10.55,10.62,10.21,10.8993,1061095.0
2014-07-10,10.59,10.5,10.31,10.74,710265
2014-07-13,10.64,10.6,10.31,10.73,684124
2014-07-14,10.63,10.62,10.36,10.73,578687
2014-07-15,10.67,10.5,10.3799,10.74,590284
2014-07-16,10.46,10.36,10.33,10.67,1083881.0
2014-07-17,10.4,10.19,10.05,10.405,1152955.0
2014-07-20,10.13,10.11,9.92,10.25,909770
2014-07-21,10.16,10.59,10.02,10.74,1172134.0
2014-07-22,10.62,10.17,10.12,10.675,2254779.0
2014-07-23,8.07,8.21,7.77,8.5899,13780735.0
2014-07-24,8.1,8.21,8.02,8.3875,2288776.0
2014-07-27,8.24,8.215,8.08,8.39,1510642.0
2014-07-28,8.36,8.38,8.25,8.535,1804869.0
2014-07-29,8.47,8.58,8.4,8.62,1439147.0
2014-07-30,8.49,8.33,8.33,8.6,1607150.0
2014-07-31,8.34,8.025,7.86,8.44,1430000.0
2014-08-03,8.01,8.02,7.99,8.2,833889
2014-08-04,7.95,7.96,7.87,8.06,1313892.0
2014-08-05,7.95,8.01,7.9,8.1,835102
2014-08-06,8.03,7.96,7.91,8.1,650505
2014-08-07,7.95,7.99,7.935,8.04,619373
2014-08-10,8.02,8.25,8.02,8.28,598886
2014-08-11,8.22,8.13,8,8.24,594072
2014-08-12,8.15,8.07,8.02,8.25,391484
2014-08-13,8.05,8.04,7.86,8.06,722818
2014-08-14,8.11,7.88,7.77,8.11,1773632.0
2014-08-17,7.98,7.95,7.88,8.03,669840
2014-08-18,7.96,7.91,7.87,8.22,992971
2014-08-19,7.87,7.83,7.68,7.9,990326
2014-08-20,7.84,8.09,7.7701,8.1,741135
2014-08-21,8.05,8.12,7.94,8.15,721218
2014-08-24,8.14,7.97,7.95,8.14,760005
2014-08-25,7.97,7.87,7.81,7.97,751049
2014-08-26,7.87,7.77,7.67,7.9,872257
2014-08-27,7.72,7.61,7.52,7.8,949904
2014-08-28,7.61,7.67,7.58,7.73,695564
2014-09-01,7.9499,7.8,7.67,7.9499,974253
2014-09-02,7.82,7.67,7.6,7.84,728093
2014-09-03,7.67,7.64,7.58,7.704,922859
2014-09-04,7.6,7.59,7.54,7.62,618175
2014-09-07,7.57,7.63,7.56,7.68,598010
2014-09-08,7.6,7.62,7.58,7.68,451453
2014-09-09,7.61,7.66,7.57,7.69,723101
2014-09-10,7.61,7.62,7.58,7.67,708378
2014-09-11,7.6,7.77,7.59,7.83,1267466.0
2014-09-14,7.79,7.49,7.45,7.85,680172
2014-09-15,7.48,7.43,7.37,7.56,1019856.0
2014-09-16,7.48,7.19,7.18,7.49,766819
2014-09-17,7.2,7.15,7.075,7.34,1094434.0
2014-09-18,7.17,7.105,7.04,7.28,1243499.0
2014-09-21,7.05,6.71,6.46,7.18,1613638.0
2014-09-22,6.7,6.63,6.6039,6.7859,776894
2014-09-23,6.62,6.81,6.56,6.85,720073
2014-09-24,6.77,6.66,6.52,6.83,1430718.0
2014-09-25,6.68,6.58,6.5,6.7,439447
2014-09-28,6.5,6.52,6.38,6.69,421936
2014-09-29,6.5,6.37,6.28,6.55,1059506.0
2014-09-30,7.65,7.59,7.38,8.73,10654830.0
2014-10-01,7.56,7.61,7.11,7.67,2252708.0
2014-10-02,7.72,8.18,7.63,8.28,2741234.0
2014-10-05,8.19,8.1,7.86,8.28,1484378.0
2014-10-06,8.06,7.8,7.73,8.115,997452
2014-10-07,7.76,7.73,7.48,7.86,964495
2014-10-08,7.7,7.76,7.48,7.97,1288121.0
2014-10-09,7.73,7.56,7.38,7.81,963349
2014-10-12,7.51,7.81,7.51,7.98,1031677.0
2014-10-13,7.87,8.24,7.83,8.25,1455250.0
2014-10-14,8.17,8.4,7.96,8.5,1471821.0
2014-10-15,8.25,8.49,8.2,8.63,717014
2014-10-16,8.53,8.36,8.31,8.69,909031
2014-10-19,8.34,8.68,8.34,8.83,1666811.0
2014-10-20,8.73,8.28,8.23,8.9,2331404.0
2014-10-21,7.7,6.67,6.62,8.01,6043284.0
2014-10-22,6.48,6.81,6.3801,6.82,2692011.0
2014-10-23,6.68,6.52,6.17,6.79,3708209.0
2014-10-26,6.55,6.65,6.46,6.8,1896603.0
2014-10-27,6.84,6.745,6.68,7.2,1665720.0
2014-10-28,6.74,6.575,6.38,6.75,1721464.0
2014-10-29,6.55,6.64,6.42,6.7,921499
2014-10-30,6.73,6.97,6.66,6.98,938774
2014-11-02,6.95,6.52,6.5,6.95,1242836.0
2014-11-03,6.52,6.56,6.5,6.79,780592
2014-11-04,6.59,6.57,6.43,6.7075,1478932.0
2014-11-05,6.56,6.45,6.37,6.74,1053493.0
2014-11-06,6.44,6.61,6.31,6.75,867725
2014-11-09,6.59,6.52,6.37,6.68,922232
2014-11-10,6.48,6.29,6.27,6.52,910907
2014-11-11,6.27,6.29,6.07,6.3,844280
2014-11-12,6.28,5.97,5.9,6.385,1832786.0
2014-11-13,5.95,6.11,5.89,6.17,1291482.0
2014-11-16,6.12,5.96,5.91,6.23,819112
2014-11-17,5.96,5.73,5.69,6,1162810.0
2014-11-18,5.79,5.66,5.57,5.88,1312483.0
2014-11-19,5.63,5.78,5.55,5.82,1068279.0
2014-11-20,5.89,5.83,5.81,5.95,465190
2014-11-23,5.87,6.21,5.83,6.25,913500
2014-11-24,6.18,6.01,5.85,6.18,910095
2014-11-25,5.98,5.97,5.86,6.04,936518
2014-11-27,5.95,5.94,5.85,6.06,247383
2014-11-30,5.91,5.82,5.705,5.9484,964691
2014-12-01,5.81,5.83,5.7501,5.85,530258
2014-12-02,5.84,5.93,5.77,6.01,484046
2014-12-03,5.91,5.81,5.765,5.93,680617
2014-12-04,5.81,5.86,5.805,6,409793
2014-12-07,5.82,5.71,5.67,5.9,708461
2014-12-08,5.65,6.13,5.54,6.15,1248838.0
2014-12-09,6.09,5.79,5.77,6.15,887640
2014-12-10,5.8,5.89,5.78,6.05,846160
2014-12-11,5.81,5.95,5.78,6.03,450694
2014-12-14,6.01,6.16,5.9958,6.37,1056446.0
2014-12-15,6.13,5.96,5.93,6.34,682386
2014-12-16,6,6.7,5.91,6.82,2006426.0
2014-12-17,6.77,6.64,6.6,7,1315319.0
2014-12-18,6.62,6.69,6.59,6.85,922437
2014-12-21,6.69,6.86,6.68,6.98,734254
2014-12-22,6.88,6.78,6.72,6.97,792569
2014-12-23,6.81,6.57,6.45,6.81,523565
2014-12-25,6.59,6.61,6.5,6.74,540831
2014-12-28,6.61,6.32,6.17,6.73,738045
2014-12-29,6.28,6.29,6.08,6.43,659493
2014-12-30,6.3,6.23,6.165,6.37,653211
2015-01-01,6.26,6.385,6.15,6.51,643050
2015-01-04,6.36,6.245,6.14,6.48,530224
2015-01-05,6.22,6.06,5.945,6.28,1112573.0
2015-01-06,6.08,5.84,5.8,6.12,874793
2015-01-07,5.89,5.81,5.79,6.1,1015767.0
2015-01-08,5.82,5.63,5.57,5.94,812961
2015-01-11,5.61,5.58,5.5,5.79,517022
2015-01-12,5.75,5.67,5.58,5.83,613144
2015-01-13,5.62,5.58,5.51,5.72,464329
2015-01-14,5.58,5.21,5.16,5.602,839389
2015-01-15,5.19,5.11,5.07,5.37,597922
2015-01-19,5.1,4.99,4.95,5.19,721086
2015-01-20,5.11,5.26,5.1,5.55,926829
2015-01-21,5.27,5.22,5.2,5.37,551329
2015-01-22,5.24,5.33,5.22,5.35,358554
2015-01-25,5.33,5.14,5.12,5.4,530537
2015-01-26,5.06,4.93,4.93,5.11,742008
2015-01-27,4.96,4.84,4.81,5.03,639776
2015-01-28,4.82,4.7,4.65,4.9099,791721
2015-01-29,4.61,4.59,4.52,4.72,960635
2015-02-01,4.61,4.7,4.3607,4.72,1019439.0
2015-02-02,4.79,4.79,4.67,4.93,850509
2015-02-03,4.76,4.92,4.76,4.93,353599
2015-02-04,4.95,5.05,4.9218,5.1,432871
2015-02-05,5.05,4.99,4.98,5.105,422978
2015-02-08,4.99,4.97,4.92,5.02,404325
2015-02-09,5.01,5.09,4.9375,5.14,498252
2015-02-10,5.1,5.15,4.98,5.21,652784
2015-02-11,5.17,4.9,4.75,5.19,1152421.0
2015-02-12,4.91,5.02,4.842,5.03,679189
2015-02-16,5.01,4.89,4.85,5.11,1831135.0
2015-02-17,6.6,7.8,6.45,7.8,26210267.0
2015-02-18,7.53,7.06,7,7.7,8218310.0
2015-02-19,7.03,6.73,6.72,7.3,3823731.0
2015-02-22,6.75,6.62,6.34,6.9,3571129.0
2015-02-23,6.61,6.58,6.535,6.95,1906003.0
2015-02-24,6.58,6.72,6.53,6.92,1922618.0
2015-02-25,6.78,6.39,6.35,6.86,1635618.0
2015-02-26,6.47,6.74,6.4493,6.79,1670845.0
2015-03-01,6.7,6.5,6.415,6.8,1388867.0
2015-03-02,6.46,6.49,6.46,6.69,697210
2015-03-03,6.51,6.69,6.4207,6.7699,1084541.0
2015-03-04,6.69,6.72,6.61,6.845,918174
2015-03-05,6.7,6.8,6.64,6.89,875884
2015-03-08,6.76,6.55,6.47,6.83,687098
2015-03-09,6.5,6.58,6.4476,6.64,574225
2015-03-10,6.58,6.44,6.36,6.62,784654
2015-03-11,6.46,6.56,6.41,6.65,1119391.0
2015-03-12,6.55,6.58,6.52,6.79,910949
2015-03-15,6.58,6.47,6.35,6.58,666536
2015-03-16,6.47,6.43,6.3536,6.49,660843
2015-03-17,6.4,6.51,6.18,6.535,1675925.0
2015-03-18,6.52,6.55,6.51,6.86,1080740.0
2015-03-19,6.55,6.54,6.5,6.74,722181
2015-03-22,6.55,6.76,6.48,6.775,956159
2015-03-23,6.76,6.63,6.545,6.84,686669
2015-03-24,6.63,6.49,6.355,6.72,1132332.0
2015-03-25,6.45,6.25,6.24,6.54,886789
2015-03-26,6.25,6.34,6.2498,6.44,606820
2015-03-29,6.34,6.2,5.94,6.36,1356782.0
2015-03-30,6.13,5.87,5.82,6.24,1323589.0
2015-03-31,5.84,5.66,5.5799,5.87,1214169.0
2015-04-01,5.65,5.95,5.58,5.96,747555
2015-04-05,5.89,5.99,5.85,6.05,493628
2015-04-06,6,6.07,6,6.27,990162
2015-04-07,5.74,5.65,5.61,5.84,1336068.0
2015-04-08,5.67,5.72,5.57,5.76,882383
2015-04-09,5.75,5.59,5.51,5.79,712876
2015-04-12,5.6,5.71,5.52,5.8,880162
2015-04-13,5.72,5.62,5.54,5.74,721983
2015-04-14,6.44,5.95,5.95,6.5,4065760.0
2015-04-15,5.9,5.45,5.41,5.9,2688125.0
2015-04-16,5.45,5.66,5.37,5.68,1663412.0
2015-04-19,5.75,6.04,5.66,6.06,2298796.0
2015-04-20,6.02,6.15,5.85,6.17,2851073.0
2015-04-21,7.27,6.46,6.37,7.38,11640177.0
2015-04-22,6.21,6.4,6.07,6.49,3417705.0
2015-04-23,6.42,6.16,6.15,6.43,1714162.0
2015-04-26,6.18,6.07,5.9382,6.28,1954957.0
2015-04-27,6.04,6.2,5.97,6.23,1732544.0
2015-04-28,6.18,6.16,6.11,6.27,951625
2015-04-29,6.08,5.87,5.8049,6.2,1678073.0
2015-04-30,5.91,5.85,5.64,5.98,1421064.0
2015-05-03,5.98,6.06,5.92,6.18,1528624.0
2015-05-04,6.03,5.89,5.765,6.15,1192764.0
2015-05-05,5.91,5.97,5.79,5.98,883237
2015-05-06,5.96,6,5.73,6.05,1645711.0
2015-05-07,6.07,5.98,5.94,6.1,669409
2015-05-10,5.98,6.18,5.85,6.22,1380048.0
2015-05-11,6.12,6.11,5.96,6.18,1085973.0
2015-05-12,6.1,6.16,6.08,6.19,786081
2015-05-13,6.17,6.21,6.12,6.25,764160
2015-05-14,6.18,6.37,6.17,6.49,1137033.0
2015-05-17,6.37,6.26,6.23,6.42,1342396.0
2015-05-18,6.27,6.24,6.19,6.33,661669
2015-05-19,6.23,6.13,6.07,6.27,947118
2015-05-20,6.11,6.31,6.0903,6.32,912983
2015-05-21,6.31,6.25,6.23,6.37,576879
2015-05-25,6.21,6.14,6.06,6.23,630398
2015-05-26,6.16,6.38,6.115,6.41,939589
2015-05-27,6.39,6.43,6.2,6.47,739105
2015-05-28,6.4,6.27,6.21,6.46,1141097.0
2015-05-31,6.28,6.24,6.187,6.31,659835
2015-06-01,6.2,6.15,6.11,6.3,787615
2015-06-02,6.14,6.32,6.04,6.33,974302
2015-06-03,6.31,6.45,6.25,6.6451,1346095.0
2015-06-04,6.45,6.6,6.3701,6.64,850110
2015-06-07,6.56,6.35,6.29,6.65,1320059.0
2015-06-08,6.31,6.24,6.1999,6.43,778573
2015-06-09,6.25,6.25,6.18,6.395,765851
2015-06-10,6.23,6.49,6.17,6.51,931826
2015-06-11,6.44,6.47,6.4,6.5099,357201
2015-06-14,6.42,6.33,6.29,6.42,692622
2015-06-15,6.29,6.26,6.17,6.2999,550790
2015-06-16,6.3,6.34,6.27,6.38,343862
2015-06-17,6.33,6.35,6.28,6.37,429698
2015-06-18,6.35,6.34,6.27,6.4,619862
2015-06-21,6.37,6.23,6.22,6.37,386827
2015-06-22,6.21,6.37,6.06,6.37,1065866.0
2015-06-23,6.34,6.43,6.3201,6.51,705536
2015-06-24,6.43,6.59,6.394,6.6,802081
2015-06-25,6.59,6.33,6.21,6.59,1863580.0
2015-06-28,6.2,6.12,6.02,6.34,1021525.0
2015-06-29,6.14,6.16,6.12,6.275,1088406.0
2015-06-30,6.13,5.68,5.62,6.1699,1930646.0
2015-07-01,5.7,6.41,5.68,6.44,2837221.0
2015-07-05,6.36,6.26,6.07,6.39,1204786.0
2015-07-06,6.2,6.16,6.01,6.3,1391702.0
2015-07-07,6.05,6.1,5.955,6.2,1102610.0
2015-07-08,6.12,6.13,6.01,6.24,1138162.0
2015-07-09,6.18,6.08,5.97,6.198,784644
2015-07-12,6.08,6.09,6.03,6.16,868812
2015-07-13,6.06,6.1,6.015,6.13,560837
2015-07-14,6.07,5.88,5.785,6.1,666838
2015-07-15,5.87,5.96,5.83,5.99,546622
2015-07-16,6.01,6.07,5.99,6.13,717247
2015-07-19,6.11,6.03,5.93,6.137,798266
2015-07-20,6,6.07,5.83,6.12,1144291.0
2015-07-21,4.77,4.575,4.53,5.04,4478740.0
2015-07-22,4.58,4.19,4.13,4.58,3209669.0
2015-07-23,4.15,4.15,3.78,4.17,2964127.0
2015-07-26,4.1,3.76,3.7301,4.26,1683862.0
2015-07-27,3.85,4.16,3.84,4.17,1769404.0
2015-07-28,4.4,4.33,4.08,4.5,2623218.0
2015-07-29,4.69,4.8,4.38,4.89,2452109.0
2015-07-30,4.83,5,4.71,5.09,1653668.0
2015-08-02,4.97,4.65,4.62,4.99,1416651.0
2015-08-03,4.58,4.63,4.31,4.65,1366502.0
2015-08-04,4.55,4.65,4.52,4.8,1021924.0
2015-08-05,4.61,4.62,4.4,4.65,1106862.0
2015-08-06,4.56,4.58,4.53,4.74,1147727.0
2015-08-09,4.56,4.89,4.56,4.92,1282587.0
2015-08-10,4.81,4.7,4.62,4.98,756539
2015-08-11,4.63,4.59,4.48,4.69,927283
2015-08-12,4.58,4.44,4.41,4.71,687116
2015-08-13,4.41,4.4,4.36,4.46,380259
2015-08-16,4.4,4.5,4.34,4.51,471562
2015-08-17,4.46,4.45,4.28,4.5599,1017417.0
2015-08-18,4.44,4.42,4.29,4.56,1081937.0
2015-08-19,4.37,4.42,4.25,4.43,706923
2015-08-20,4.29,4.64,4.29,4.68,1857854.0
2015-08-23,4.34,4.72,4.3,4.95,1819647.0
2015-08-24,4.85,4.71,4.665,4.94,844090
2015-08-25,4.78,4.82,4.66,4.835,725652
2015-08-26,4.9,5.07,4.75,5.12,1101665.0
2015-08-27,5.04,5.21,5.04,5.24,532397
2015-08-30,5.24,5.29,5.15,5.38,902363
2015-08-31,5.19,5.09,5.08,5.3603,518557
2015-09-01,5.14,5.12,5.005,5.22,340334
2015-09-02,5.14,5.02,5.02,5.19,299674
2015-09-03,5,5.04,4.97,5.07,302751
2015-09-07,5.1,5.21,4.88,5.26,458133
2015-09-08,5.22,5.19,5.14,5.315,413128
2015-09-09,5.17,5.21,5.09,5.23,373498
2015-09-10,5.17,5.19,5.13,5.23,257053
2015-09-13,5.19,5.24,5.06,5.275,325056
2015-09-14,5.23,5.26,5.22,5.34,403295
2015-09-15,5.25,5.27,5.235,5.38,480503
2015-09-16,5.27,5.18,5.17,5.29,463663
2015-09-17,5.11,5.18,5.11,5.22,480319
2015-09-20,5.2,5.17,5.14,5.225,459578
2015-09-21,5.11,5.15,5.0801,5.23,353122
2015-09-22,5.18,5.11,5.03,5.18,391263
2015-09-23,5.1,5.15,5.005,5.15,260418
2015-09-24,5.19,4.99,4.97,5.19,294226
2015-09-27,4.98,5.06,4.93,5.11,427149
2015-09-28,5.06,4.95,4.92,5.06,334009
2015-09-29,5.02,5.04,4.98,5.13,359202
2015-09-30,5.04,4.98,4.95,5.11,347727
2015-10-01,4.95,5.25,4.91,5.25,427928
2015-10-04,5.29,5.56,5.05,5.61,926355
2015-10-05,5.57,5.57,5.545,5.7,443687
2015-10-06,5.63,5.6,5.26,5.63,622512
2015-10-07,5.6,5.925,5.38,5.943,662284
2015-10-08,5.94,6.15,5.94,6.23,874220
2015-10-11,6.15,5.78,5.7,6.16,322172
2015-10-12,5.75,5.71,5.71,6.105,607924
2015-10-13,5.73,5.84,5.7,5.9,269259
2015-10-14,5.83,6.05,5.83,6.075,352572
2015-10-15,6.08,6.04,5.93,6.08,356430
2015-10-18,6.04,6.19,5.95,6.28,856562
2015-10-19,6.16,6.23,6.16,6.29,718028
2015-10-20,5.52,6.94,5.23,7.3103,2948893.0
2015-10-21,6.95,6.99,6.33,7.15,2040315.0
2015-10-22,7.06,6.94,6.78,7.1,1339258.0
2015-10-25,7.12,7.41,6.94,8.05,2516521.0
2015-10-26,7.4,7.02,6.92,7.47,2271978.0
2015-10-27,7.01,7.16,6.82,7.3501,1723674.0
2015-10-28,7.17,7.3,7.11,7.44,776979
2015-10-29,7.33,7.73,7.32,7.73,889137
2015-11-01,7.72,7.67,7.58,7.856,931612
2015-11-02,7.7,7.59,7.5699,7.8125,860723
2015-11-03,7.58,7.64,7.15,7.67,1793665.0
2015-11-04,7.68,7.5,7.295,7.71,640483
2015-11-05,7.45,7.58,7.39,7.6,524260
2015-11-08,7.65,7.99,7.59,8.17,1161315.0
2015-11-09,7.97,7.84,7.8,7.97,631776
2015-11-10,7.84,7.92,7.84,8.02,880490
2015-11-11,8.88,8.97,8.76,9.2,7343259.0
2015-11-12,8.97,9.79,8.945,9.98,4392247.0
2015-11-15,9.38,9.83,9.35,9.87,2268261.0
2015-11-16,9.17,9.96,9.05,10.0494,1531725.0
2015-11-17,10.03,10.86,10.03,10.9,1963393.0
2015-11-18,10.73,10.3,10.16,10.93,905334
2015-11-19,10.09,10.5,10.0511,10.64,667432
2015-11-22,10.56,10.48,10.46,10.795,696187
2015-11-23,10.4,10.61,10.37,10.76,1076516.0
2015-11-24,10.59,10.72,10.3328,11.247,600297
2015-11-26,10.75,10.76,10.65,10.77,258846
2015-11-29,10.83,10.81,10.66,10.92,807913
2015-11-30,10.87,10.75,10.69,10.89,581073
2015-12-01,10.76,10.58,10.57,10.82,1082870.0
2015-12-02,10.65,10.15,9.8,10.85,1176668.0
2015-12-03,10.09,10.03,9.96,10.34,808197
2015-12-06,10,9.99,9.96,10.14,574354
2015-12-07,9.95,9.97,9.85,10.02,328698
2015-12-08,9.98,9.87,9.61,10.13,311197
2015-12-09,9.82,9.98,9.76,10.03,253507
2015-12-10,9.83,9.38,9.33,9.85,370384
2015-12-13,9.4,9.07,8.97,9.55,722421
2015-12-14,9.14,9.24,9.0701,9.28,314476
2015-12-15,9.35,9.3,9.15,9.4252,380756
2015-12-16,9.31,9.22,9.21,9.5667,195828
2015-12-17,9.19,8.99,8.99,9.45,696955
2015-12-20,9.03,9.07,8.995,9.34,280262
2015-12-21,9.09,9.09,8.98,9.219,180552
2015-12-22,9.13,9,8.701,9.13,377332
2015-12-23,8.97,9.46,8.97,9.48,181931
2015-12-27,9.38,9.39,9.05,9.49,311490
2015-12-28,9.43,9.38,9.215,9.84,645085
2015-12-29,9.32,9.45,9.11,9.5,284166
2015-12-30,9.55,9.35,9.14,9.69,348344
2016-01-03,9.27,9.13,9.11,9.69,569775
2016-01-04,9.17,9.49,8.85,9.59,455264
2016-01-05,9.39,9.86,9.29,10.19,910592
2016-01-06,9.68,9.39,9.33,9.9,738564
2016-01-07,9.35,9.07,8.92,9.48,680037
2016-01-10,9.13,9.17,8.98,9.41,656697
2016-01-11,9.22,9.06,8.96,9.37,639603
2016-01-12,9.11,9.01,8.84,9.21,745266
2016-01-13,9.01,8.87,8.44,9.15,992201
2016-01-14,8.68,8.59,8.29,8.94,740338
2016-01-18,8.68,8.18,8.06,8.76,424417
2016-01-19,8.05,8.19,7.66,8.3,625736
2016-01-20,8.19,8.06,8.02,8.33,445355
2016-01-21,8.2,8.16,7.8,8.47,900771
2016-01-24,8.1,7.92,7.82,8.26,406196
2016-01-25,7.94,8,7.71,8.06,482955
2016-01-26,8,8,7.75,8.04,475820
2016-01-27,8.06,8.3,7.91,8.315,641127
2016-01-28,8.29,8.49,8.24,8.51,391227
2016-01-31,8.47,8.6,8.3,8.62,288935
2016-02-01,8.54,8.35,8.13,8.57,395450
2016-02-02,8.75,9.48,8.52,9.6,743866
2016-02-03,9.42,9.53,9.29,9.64,603068
2016-02-04,9.45,9.44,9.28,9.58,1290009.0
2016-02-07,9.36,8.92,8.59,9.36,572157
2016-02-08,8.81,8.94,8.61,8.99,603819
2016-02-09,9,9.16,8.9,9.3597,350086
2016-02-10,9,9.52,8.95,9.55,358631
2016-02-11,9.63,9.63,9.395,9.885,885357
2016-02-15,9.75,9.6,9.54,9.88,655034
2016-02-16,9.68,9.73,9.65,9.84,946051
2016-02-17,9.75,9.66,9.6,9.775,473729
2016-02-18,9.65,9.2,9,9.66,3126403.0
2016-02-21,9.25,9.34,9.23,9.55,629501
2016-02-22,8.41,8.14,8.03,8.75,1246746.0
2016-02-23,8.08,8.34,8.07,8.54,962428
2016-02-24,8.39,8.28,8.16,8.61,370740
2016-02-25,8.39,8.82,8.1,8.86,391442
2016-02-28,8.8,9.23,8.2,9.3,554668
2016-02-29,9.35,8.45,8.325,9.35,624915
2016-03-01,8.48,8.38,8.2525,8.5875,418630
2016-03-02,8.39,8.6,8.15,8.79,580974
2016-03-03,8.65,8.3,8.21,8.67,502687
2016-03-06,8.29,8.34,8.18,8.42,358142
2016-03-07,8.34,8.37,8.2,8.59,336715
2016-03-08,8.37,8.31,8.255,8.44,230700
2016-03-09,8.36,7.94,7.8902,8.5,382257
2016-03-10,8.03,8.17,7.94,8.22,331717
2016-03-13,8.18,8.35,8.11,8.37,167724
2016-03-14,8.3,7.89,7.83,8.33,470010
2016-03-15,7.83,7.94,7.77,8.04,266094
2016-03-16,7.95,8.13,7.77,8.23,504163
2016-03-17,8.19,8.29,7.95,8.44,561713
2016-03-20,8.29,8.07,8.01,8.38,213147
2016-03-21,8.06,8.06,7.91,8.1,218527
2016-03-22,8.07,8.06,7.81,8.14,278399
2016-03-23,8.05,8.01,7.92,8.11,185767
2016-03-27,8,8.01,7.88,8.075,164028
2016-03-28,8,8.24,7.84,8.285,485228
2016-03-29,8.33,8.4,8.19,8.6,257753
2016-03-30,8.39,8.07,8.01,8.39,284754
2016-03-31,8,8.18,7.85,8.22,290612
2016-04-03,8.21,8.74,8.16,9.06,503686
2016-04-04,8.68,8.37,8.31,8.8,393721
2016-04-05,8.39,8.42,8.28,8.52,214288
2016-04-06,8.34,8.15,8.07,8.4059,191918
2016-04-07,8.25,8.08,7.91,8.25,303857
2016-04-10,8.15,7.94,7.905,8.22,743113
2016-04-11,7.96,8.09,7.9,8.3,329039
2016-04-12,8.08,7.97,7.88,8.08,683853
2016-04-13,7.97,7.8,7.775,7.97,356910
2016-04-14,7.8,7.9,7.77,8.04,326717
2016-04-17,7.86,8,7.85,8.22,330874
2016-04-18,8.03,7.75,7.73,8.0799,479570
2016-04-19,6.8,8.13,6.8,8.35,1735346.0
2016-04-20,8.08,8.13,7.8601,8.4,510641
2016-04-21,8.12,8.25,8.06,8.33,191075
2016-04-24,8.22,8.28,8.12,8.35,277030
2016-04-25,8.27,8.3,8.09,8.34,485571
2016-04-26,8.35,8.45,8.32,8.56,212244
2016-04-27,8.5,8.74,8.49,8.95,385835
2016-04-28,8.75,8.75,8.72,8.9,260358
2016-05-01,8.8,8.97,8.66,9,426085
2016-05-02,8.93,8.75,8.7,8.95,234249
2016-05-03,8.7,8.79,8.51,8.81,470971
2016-05-04,8.8,8.61,8.53,8.88,175546
2016-05-05,8.61,8.64,8.49,8.87,301650
2016-05-08,8.6,8.88,8.57,8.96,243539
2016-05-09,8.92,8.95,8.76,9.19,688914
2016-05-10,8.91,8.71,8.7,8.91,134390
2016-05-11,8.72,8.54,8.48,8.77,282903
2016-05-12,8.49,8.59,8.38,8.68,218639
2016-05-15,8.63,8.74,8.59,8.93,156805
2016-05-16,8.76,8.55,8.48,8.8,239846
2016-05-17,8.51,8.58,8.4,8.73,170428
2016-05-18,8.51,8.51,8.44,8.72,187138
2016-05-19,8.57,8.81,8.46,8.81,239728
2016-05-22,8.8,8.69,8.59,8.98,278894
2016-05-23,8.7,8.77,8.6,9,278496
2016-05-24,8.8,8.81,8.66,9.03,156324
2016-05-25,8.8,8.73,8.51,8.89,227290
2016-05-26,8.75,8.76,8.52,8.82,147506
2016-05-30,8.75,8.8,8.61,8.82,234125
2016-05-31,8.76,8.8,8.67,8.81,270725
2016-06-01,8.78,8.9,8.71,8.92,222816
2016-06-02,8.88,8.85,8.75,8.95,247462
2016-06-05,8.89,8.81,8.77,8.8925,272608
2016-06-06,8.83,8.86,8.78,8.94,186684
2016-06-07,8.89,8.92,8.81,8.97,120601
2016-06-08,8.94,8.86,8.695,8.94,227826
2016-06-09,8.84,8.39,8.3,8.84,528116
2016-06-12,8.42,8.01,8,8.4615,313612
2016-06-13,7.95,7.82,7.62,8.073,329988
2016-06-14,7.86,7.78,7.66,7.89,239359
2016-06-15,7.72,7.58,7.48,7.74,370153
2016-06-16,7.55,7.41,7.3566,7.62,854552
2016-06-19,7.52,7.51,7.42,7.68,355159
2016-06-20,7.54,7.57,7.35,7.62,353339
2016-06-21,7.57,7.48,7.42,7.8,215159
2016-06-22,7.56,7.53,7.47,7.685,186829
2016-06-23,7.33,7.1,7.05,7.4152,501919
2016-06-26,7.08,6.57,6.57,7.38,828253
2016-06-27,6.63,6.58,6.505,6.77,386224
2016-06-28,6.66,6.55,6.5,7.17,239455
2016-06-29,6.59,6.51,6.46,6.87,263409
2016-06-30,6.53,6.49,6.45,6.59,199487
2016-07-04,6.44,6.54,6.44,6.7,246327
2016-07-05,6.5,6.51,6.42,6.53,176097
2016-07-06,6.51,6.37,6.34,6.56,221687
2016-07-07,6.43,6.45,6.32,6.565,253153
2016-07-10,6.46,6.39,6.35,6.46,235755
2016-07-11,6.45,6.62,6.39,6.66,409484
2016-07-12,7.09,7.04,6.97,7.29,682905
2016-07-13,7.08,6.87,6.78,7.08,379016
2016-07-14,6.94,6.8,6.7,6.94,248243
2016-07-17,6.83,6.76,6.66,6.83,218636
2016-07-18,6.77,6.94,6.7,6.96,296957
2016-07-19,6.96,6.86,6.8201,6.96,175451
2016-07-20,6.85,6.78,6.77,7,112318
2016-07-21,6.84,6.95,6.7,6.97,134732
2016-07-24,6.97,7.3,6.74,7.48,570615
2016-07-25,7.32,7.6,7.21,7.6,364160
2016-07-26,7.54,8.5,7.51,8.5642,915788
2016-07-27,8.52,8.49,8.26,8.619,371447
2016-07-28,8.46,8.09,7.99,8.48,501201
2016-07-31,8.12,8.15,7.92,8.315,292200
2016-08-01,8.17,8.04,7.99,8.17,220705
2016-08-02,8.06,8.01,7.93,8.1,194615
2016-08-03,8,8.23,7.96,8.27,257418
2016-08-04,8.35,8.36,8.131,8.4,191959
2016-08-07,8.4,8.29,8.26,8.4,149591
2016-08-08,8.27,8.43,8.2,8.46,189565
2016-08-09,8.46,8.45,8.27,8.51,337091
2016-08-10,8.47,8.41,8.355,8.6,285890
2016-08-11,8.37,8.39,8.25,8.44,205205
2016-08-14,8.4,8.41,8.27,8.49,292170
2016-08-15,8.4,8.45,8.13,8.47,236135
2016-08-16,8.45,8.61,8.35,8.635,490945
2016-08-17,8.61,8.99,8.5428,9.02,387246
2016-08-18,9.21,9.7,9.0731,10.11,1388252.0
2016-08-21,9.71,9.73,9.41,9.835,641581
2016-08-22,9.79,9.98,9.76,10.27,491837
2016-08-23,9.94,10.01,9.94,10.1,288683
2016-08-24,9.94,10.02,9.91,10.11,215535
2016-08-25,10.02,10,9.93,10.17,341733
2016-08-28,9.98,10.01,9.92,10.21,141414
2016-08-29,10.05,10.09,9.979,10.16,136200
2016-08-30,10.07,10.16,9.98,10.19,217443
2016-08-31,10.12,10.2,9.99,10.225,122211
2016-09-01,10.26,10.35,10.19,10.37,122708
2016-09-05,10.45,10.67,10.37,10.76,382628
2016-09-06,10.63,10.42,10.38,10.72,197656
2016-09-07,10.46,10.39,10.28,10.46,124543
2016-09-08,10.28,9.84,9.84,10.64,484819
2016-09-11,9.75,10,9.51,10.01,183082
2016-09-12,9.96,9.98,9.91,10.08,205449
2016-09-13,9.92,10.02,9.82,10.19,147347
2016-09-14,10.05,10.06,10,10.23,114703
2016-09-15,10.11,10.01,9.93,10.11,520586
2016-09-18,10,10.09,9.85,10.17,178041
2016-09-19,10.2,9.95,9.92,10.25,211422
2016-09-20,9.93,10.11,9.9,10.16,104127
2016-09-21,10.14,10.37,9.97,10.47,285744
2016-09-22,10.41,10.25,10.11,10.41,240976
2016-09-25,10.16,10.05,10.02,10.24,173941
2016-09-26,10.1,10.26,10.03,10.35,1844186.0
2016-09-27,10.29,10.37,10.2,10.51,160555
2016-09-28,10.38,10.19,10.18,10.44,149321
2016-09-29,10.19,9.91,9.89,10.25,346497
2016-10-02,9.99,9.69,9.43,9.99,229290
2016-10-03,9.74,9.69,9.57,9.76,127105
2016-10-04,9.69,9.75,9.53,9.76,193632
2016-10-05,9.67,9.57,9.56,9.73,94539
2016-10-06,9.54,9.15,9.08,9.6856,223106
2016-10-09,9.37,9.22,9.18,9.48,126710
2016-10-10,9.16,8.87,8.65,9.235,334289
2016-10-11,8.9,9.11,8.81,9.23,220843
2016-10-12,9.08,8.9,8.81,9.08,170717
2016-10-13,8.92,8.78,8.76,9.15,118896
2016-10-16,8.76,8.57,8.57,8.85,144969
2016-10-17,8.63,8.35,8.22,8.64,358268
2016-10-18,8.36,8.23,8.17,8.49,197336
2016-10-19,8.14,8.09,8.04,8.23,102965
2016-10-20,8,8.05,8,8.15,115281
2016-10-23,8.09,7.94,7.8638,8.2,215623
2016-10-24,7.96,7.81,7.79,7.96,172925
2016-10-25,7.74,7.56,7.53,7.9,168093
2016-10-26,7.56,7.6,7.46,7.7,182660
2016-10-27,7.57,7.83,7.5436,7.84,201229
2016-10-30,7.83,7.7,7.57,7.95,337649
2016-10-31,8.44,7.57,7.38,8.44,1652124.0
2016-11-01,7.38,7.59,6.99,8.13,2512354.0
2016-11-02,7.48,7.54,7.25,7.66,628506
2016-11-03,7.51,7.79,7.51,7.82,413410
2016-11-06,7.86,7.53,7.46,7.99,542740
2016-11-07,7.55,7.5,7.32,7.61,443416
2016-11-08,7.36,7.71,7.355,7.78,286998
2016-11-09,7.82,7.72,7.55,7.91,360712
2016-11-10,7.73,8.22,7.6742,8.27,380951
2016-11-13,8.3,8.56,8.27,8.62,494519
2016-11-14,8.54,8.67,8.38,8.72,400069
2016-11-15,8.6,8.58,8.46,8.735,420977
2016-11-16,8.63,8.6,8.47,8.685,240960
2016-11-17,8.61,8.83,8.51,8.855,238798
2016-11-20,8.83,8.92,8.7231,8.925,221483
2016-11-21,8.96,8.98,8.74,8.99,275397
2016-11-22,8.92,8.89,8.76,9,172812
2016-11-24,8.89,8.66,8.61,8.89,89284
2016-11-27,8.65,8.735,8.48,8.8,269406
2016-11-28,8.77,8.75,8.67,8.81,226971
2016-11-29,8.77,8.59,8.4,8.865,315817
2016-11-30,8.65,8.155,8.09,8.73,291746
2016-12-01,8.2,8.23,7.99,8.27,196873
2016-12-04,8.29,8.42,8.25,8.55,195369
2016-12-05,8.38,8.76,8.31,8.76,176923
2016-12-06,8.7,8.98,8.7,9,233437
2016-12-07,8.94,9.35,8.83,9.36,231236
2016-12-08,9.4,9.17,9.145,9.56,299963
2016-12-11,9.16,8.98,8.91,9.17,208778
2016-12-12,9.02,9.07,8.93,9.25,125497
2016-12-13,9,8.96,8.882,9.1053,127888
2016-12-14,8.94,9.04,8.713,9.12,144552
2016-12-15,9.07,9.07,8.89,9.27,319233
2016-12-18,9.11,9.16,8.8,9.21,104200
2016-12-19,9.23,8.84,8.81,9.23,212469
2016-12-20,8.86,8.545,8.48,8.86,222749
2016-12-21,8.56,8.27,8.26,8.6,143078
2016-12-22,8.35,8.27,8.23,8.41,107418
2016-12-26,8.28,8.62,8.26,8.65,166520
2016-12-27,8.64,8.33,8.18,8.65,148079
2016-12-28,8.32,8.18,8.11,8.53,110537
2016-12-29,8.18,8.23,8,8.31,173253
2017-01-02,8.33,8.13,8.04,8.4,247714
2017-01-03,8.13,8.17,7.92,8.2,198018
2017-01-04,8.17,8.14,8.085,8.3,116400
2017-01-05,8.12,8.01,8.01,8.24,107803
2017-01-08,7.97,8.07,7.91,8.15,185433
2017-01-09,8.02,8.32,8.0001,8.35,258302
2017-01-10,8.36,8.18,8.14,8.5,190002
2017-01-11,8.17,7.84,7.78,8.195,205349
2017-01-12,7.92,7.91,7.82,8.0599,276355
2017-01-16,7.78,7.43,7.38,7.96,658116
2017-01-17,7.52,7.52,7.4,7.7,323788
2017-01-18,7.55,7.38,7.25,7.615,399205
2017-01-19,7.38,7.34,7.29,7.44,314338
2017-01-22,7.34,7.25,7.21,7.37,506173
2017-01-23,7.26,7.23,7.16,7.3,427359
2017-01-24,7.3,7.15,7.115,7.34,151817
2017-01-25,7.13,7.02,6.98,7.2,224280
2017-01-26,7.01,6.98,6.88,7.1625,216864
2017-01-29,6.91,6.54,6.52,6.9599,899217
2017-01-30,6.54,6.27,6.22,6.56,987797
2017-01-31,6.36,6.55,6.2093,6.64,529599
2017-02-01,6.51,6.43,6.39,6.5916,362701
2017-02-02,6.5,6.42,6.24,6.59,307379
2017-02-05,6.41,6.33,6.22,6.4722,264817
2017-02-06,6.33,6.26,6.25,6.4,210168
2017-02-07,6.19,6.45,6.11,6.46,284827
2017-02-08,6.46,6.38,6.36,6.51,242059
2017-02-09,6.4,6.3,6.25,6.46,265314
2017-02-12,6.29,6.05,5.99,6.3762,1927111.0
2017-02-13,6.05,6.31,5.835,6.33,1686337.0
2017-02-14,6.75,5.74,5.71,6.9,1644818.0
2017-02-15,5.49,5.78,5.22,5.92,1606037.0
2017-02-16,5.74,5.76,5.47,5.77,1562876.0
2017-02-20,5.8,5.77,5.58,6.01,902062
2017-02-21,5.77,5.7,5.62,5.83,733137
2017-02-22,5.7,5.53,5.34,5.7,1079524.0
2017-02-23,5.52,5.49,5.42,5.62,523235
2017-02-26,5.46,5.55,5.41,5.5999,755742
2017-02-27,5.56,5.33,5.29,5.56,578296
2017-02-28,5.39,5.47,5.29,5.74,1201783.0
2017-03-01,5.8,5.81,5.62,5.975,1064089.0
2017-03-02,5.77,5.53,5.44,5.7904,832142
2017-03-05,5.48,5.61,5.22,5.65,707904
2017-03-06,5.58,5.62,5.43,5.705,314277
2017-03-07,5.61,5.5,5.48,5.66,352145
2017-03-08,5.5,5.46,5.45,5.6,474264
2017-03-09,5.47,5.63,5.46,5.7,421535
2017-03-12,5.61,5.57,5.54,5.78,241526
2017-03-13,5.53,5.38,5.34,5.56,436276
2017-03-14,5.38,5.47,5.22,5.5,360881
2017-03-15,5.46,5.68,5.45,5.69,336457
2017-03-16,5.63,5.65,5.5701,5.72,377134
2017-03-19,5.63,5.8,5.54,5.83,596166
2017-03-20,5.85,5.71,5.59,5.87,589896
2017-03-21,5.68,5.6,5.465,5.71,516663
2017-03-22,5.6,5.56,5.51,5.66,238562
2017-03-23,5.6,5.65,5.581,5.83,338868
2017-03-26,5.6,5.7,5.53,5.75,245403
2017-03-27,5.7,5.62,5.59,5.72,242862
2017-03-28,5.6,5.67,5.52,5.72,211277
2017-03-29,5.69,5.75,5.61,5.79,268026
2017-03-30,5.74,5.7,5.63,5.75,370069
2017-04-02,5.7,6.04,5.7,6.16,1748756.0
2017-04-03,6.02,5.8,5.67,6.22,771682
2017-04-04,5.8,5.91,5.78,5.97,429071
2017-04-05,5.92,6,5.85,6.01,333198
2017-04-06,6,5.59,5.57,6.05,687262
2017-04-09,5.6,5.61,5.48,5.71,226536
2017-04-10,5.6,5.66,5.54,5.67,272864
2017-04-11,5.65,5.54,5.525,5.76,318963
2017-04-12,5.54,5.29,5.28,5.54,373626
2017-04-16,5.29,5.51,5.29,5.54,382343
2017-04-17,5.5,5.61,5.4,5.68,480906
2017-04-18,5.72,5.84,5.72,5.94,414229
2017-04-19,5.87,5.77,5.73,5.99,378235
2017-04-20,5.75,5.88,5.7168,6,293470
2017-04-23,6,6.06,5.93,6.2,374934
2017-04-24,6.1,6.04,5.93,6.1428,345605
2017-04-25,6.02,6.08,6,6.18,328229
2017-04-26,6.1,5.95,5.9,6.16,295702
2017-04-27,5.99,5.88,5.83,5.99,253801
2017-04-30,5.9,5.89,5.7,5.9,564105
2017-05-01,9.13,9.51,9,9.9,26466269.0
2017-05-02,9.65,10.33,9.63,10.55,6347550.0
2017-05-03,10.35,10.58,9.83,10.63,1976968.0
2017-05-04,10.31,10.71,10.2,10.9699,2945938.0
2017-05-07,10.71,10.85,10.31,10.87,2371905.0
2017-05-08,10.76,11.12,10.63,11.14,709685
2017-05-09,11.13,11.74,11.13,11.96,1957191.0
2017-05-10,11.63,11.73,11.5,11.85,1120776.0
2017-05-11,11.74,11.63,11.36,11.74,700728
2017-05-14,11.72,11.45,11.4,11.83,926665
2017-05-15,11.43,11.71,11.245,11.795,975682
2017-05-16,11.56,11.45,11.31,11.68,1243923.0
2017-05-17,11.42,11.46,11.27,11.59,1034475.0
2017-05-18,11.48,11.24,11.2,11.5,1020036.0
2017-05-21,11.25,11.41,11.175,11.75,635353
2017-05-22,11.44,11.39,11.29,11.61,920061
2017-05-23,11.41,11.81,11.3,11.82,1111593.0
2017-05-24,11.84,11.98,11.81,12.07,477297
2017-05-25,11.95,11.83,11.77,12,501835
2017-05-29,11.78,11.71,11.52,11.93,622493
2017-05-30,11.75,12.04,11.58,12.12,356356
2017-05-31,12.06,12.31,11.92,12.37,426185
2017-06-01,12.38,12.36,12.1,12.38,328703
2017-06-04,12.4,12.01,11.96,12.4,612295
2017-06-05,11.99,11.97,11.74,12.1,341016
2017-06-06,11.98,11.94,11.63,12.15,357256
2017-06-07,11.99,12.02,11.76,12.1318,219277
2017-06-08,12.06,11.46,11.44,12.32,659317
2017-06-11,11.41,11.57,11.33,11.765,252329
2017-06-12,11.6,11.56,11.43,11.69,227466
2017-06-13,11.63,11.7,11.49,11.86,179395
2017-06-14,11.63,11.82,11.5,11.87,145868
2017-06-15,11.67,12.2,11.67,12.25,676776
2017-06-18,12.19,12.25,12.14,12.59,572214
2017-06-19,12.23,12.18,12.08,12.27,300905
2017-06-20,12.2,12.51,12.1482,12.55,200833
2017-06-21,12.54,12.5,12.26,12.79,464982
2017-06-22,12.52,12.45,12.35,12.59,269948
2017-06-25,12.51,12.51,12.4696,12.69,506788
2017-06-26,12.51,12.16,12.09,12.66,726902
2017-06-27,12.21,12.81,12.21,12.9,228939
2017-06-28,12.76,12.65,12.46,12.88,413228
2017-06-29,12.67,12.79,12.57,12.99,299504
2017-07-02,12.94,12.91,12.5,12.98,146708
2017-07-04,12.97,12.9,12.8297,13,492752
2017-07-05,12.78,12.67,12.54,12.84,166900
2017-07-06,12.69,12.77,12.69,12.82,105669
2017-07-09,12.76,12.73,12.53,13.018,381695
2017-07-10,12.68,12.81,12.5,13.13,734300
2017-07-11,12.89,12.67,12.57,13.06,208081
2017-07-12,12.67,12.64,12.52,12.927,259448
2017-07-13,12.64,12.48,12.47,12.74,134845
2017-07-16,12.48,12.67,12.335,12.7,275807
2017-07-17,12.62,12.76,12.57,12.84,407830
2017-07-18,12.75,12.59,12.56,12.79,337020
2017-07-19,12.59,12.56,12.4201,12.65,233612
2017-07-20,12.67,12.52,12.35,12.7612,242560
2017-07-23,12.51,12.6,12.5,12.7,278788
2017-07-24,12.6,12.55,12.42,12.67,273170
2017-07-25,12.2,12.48,11.98,12.75,344582
2017-07-26,12.45,12.58,12.24,12.7,177537
2017-07-27,12.46,12.49,12.25,12.75,118513
2017-07-30,12.46,11.98,11.76,12.46,582714
2017-07-31,12,11.88,11.76,12.1,459247
2017-08-01,11.85,11.55,11.53,11.88,221343
2017-08-02,11.5,12.59,11.46,13.28,1214364.0
2017-08-03,12.59,12.14,12.06,12.74,264180
2017-08-06,12.15,11.92,11.855,12.38,128699
2017-08-07,11.92,11.75,11.59,12,235827
2017-08-08,11.66,11.99,11.64,12,327311
2017-08-09,11.9,11.58,11.48,11.92,623208
2017-08-10,11.47,11.73,11.4501,11.82,224900
2017-08-13,11.81,11.46,11.42,11.95,196830
2017-08-14,11.55,11.5,11.37,11.64,152385
2017-08-15,11.82,11.62,11.47,11.82,308219
2017-08-16,11.59,11.8,11.53,12.01,340771
2017-08-17,11.61,12.02,11.5826,12.03,252966
2017-08-20,11.99,12.21,11.95,12.28,184749
2017-08-21,12.24,12.2,12.16,12.48,331229
2017-08-22,12.1,12.32,12.0731,12.36,289349
2017-08-23,12.38,12.3,12.125,12.45,576580
2017-08-24,12.31,12.17,11.97,12.4,654266
2017-08-27,12.18,11.87,11.57,12.21,266173
2017-08-28,11.77,11.89,11.72,12.05,375937
2017-08-29,11.86,11.6,11.51,11.89,579711
2017-08-30,11.62,12.16,11.62,12.2602,404894
2017-08-31,12.16,11.97,11.8,12.29,364491
2017-09-04,11.98,11.79,11.68,12.25,735166
2017-09-05,11.8,12.03,11.74,12.08,405593
2017-09-06,12.05,11.96,11.96,12.26,284333
2017-09-07,11.97,12.13,11.89,12.21,169886
2017-09-10,12.13,12.54,12.0691,12.54,226968
2017-09-11,12.53,12.56,12.21,12.59,233267
2017-09-12,12.52,12.34,12.0902,12.7,571597
2017-09-13,12.34,12.1,12.03,12.34,250182
2017-09-14,12.14,11.68,11.68,12.14,831731
2017-09-17,11.68,11.59,11.445,11.79,307612
2017-09-18,11.63,11.43,11.26,11.72,318476
2017-09-19,11.48,11.9,11.47,11.99,350312
2017-09-20,11.9,12.2,11.81,12.205,443213
2017-09-21,12.17,12.63,12.04,12.67,508527
2017-09-24,12.62,12.37,12.1,12.68,1629149.0
2017-09-25,12.36,12.4,12.12,12.46,672009
2017-09-26,12.42,12.52,12.19,12.61,720967
2017-09-27,12.49,12.8,12.365,12.82,296199
2017-09-28,12.92,12.46,12.28,12.95,2951236.0
2017-10-01,13,12.76,12.6,13.74,850652
2017-10-02,12.86,12.57,12.225,12.86,763699
2017-10-03,12.59,11.81,11.7,12.59,1358640.0
2017-10-04,12.14,11.66,11.58,12.23,480076
2017-10-05,11.76,11.7,11.51,11.8499,377269
2017-10-08,11.7,11.55,11.52,11.82,182491
2017-10-09,11.57,11.55,11.43,11.63,313984
2017-10-10,11.98,11.93,11.83,12.1,1594370.0
2017-10-11,11.91,11.93,11.76,12.042,1227790.0
2017-10-12,11.93,11.93,11.69,12.09,232453
2017-10-15,11.96,11.85,11.665,12.03,218434
2017-10-16,11.88,11.81,11.65,11.9399,186328
2017-10-17,11.82,12.04,11.745,12.15,377870
2017-10-18,12.39,12.08,11.8021,12.395,427781
2017-10-19,12.13,12.04,12,12.22,322591
2017-10-22,12.04,11.99,11.88,12.25,357822
2017-10-23,11.97,11.87,11.76,12.03,158908
2017-10-24,11.86,11.91,11.78,12.13,278887
2017-10-25,12,11.91,11.83,12.12,204227
2017-10-26,11.98,12.22,11.86,12.25,376546
2017-10-29,12.24,12.24,12.13,12.28,247823
2017-10-30,12.25,12.5,12.05,12.75,380987
2017-10-31,12.5,12.37,12.265,12.5803,250022
2017-11-01,12.37,12.32,12,12.41,429000
2017-11-02,12.29,12.13,12.05,12.4,300201
2017-11-05,12.06,12.09,12,12.43,290333
2017-11-06,12.12,12.22,11.83,12.27,218375
2017-11-07,12.08,11.74,11.26,12.24,1457085.0
2017-11-08,11.29,11.32,10.57,11.62,2131586.0
2017-11-09,11.26,11.45,11.04,11.53,997881
2017-11-12,11.35,11.57,10.97,11.59,848826
2017-11-13,11.5,11.86,11.34,11.9,1025404.0
2017-11-14,11.75,11.73,11.43,11.83,475642
2017-11-15,11.71,11.75,11.56,11.87,416614
2017-11-16,11.69,11.86,11.57,11.88,242327
2017-11-19,11.9,11.9,11.78,12.03,257501
2017-11-20,11.9,11.87,11.71,12.1,418722
2017-11-21,11.92,11.88,11.82,12.02,209153
2017-11-23,11.88,11.98,11.68,12.04,297680
2017-11-26,11.99,11.81,11.76,12.11,439192
2017-11-27,11.89,11.93,11.79,12.05,331519
2017-11-28,11.99,11.45,11.24,11.99,703524
2017-11-29,11.46,11.58,11.32,11.63,824686
2017-11-30,11.57,11.51,11.24,11.64,312819
2017-12-03,11.63,11.09,10.95,11.63,762766
2017-12-04,11.13,11.02,10.78,11.26,601127
2017-12-05,10.96,10.85,10.56,11.16,950105
2017-12-06,10.87,11.05,10.75,11.12,582404
2017-12-07,11.15,11.04,10.91,11.15,397057
2017-12-10,11.04,10.81,10.54,11.12,415084
2017-12-11,10.78,10.55,10.53,11.01,368734
2017-12-12,10.54,10.6,10.43,10.9,482490
2017-12-13,10.61,10.54,10.48,10.63,471404
2017-12-14,10.58,10.61,10.46,10.74,755456
2017-12-17,10.72,10.75,10.61,10.88,519062
2017-12-18,10.77,10.8,10.55,11.03,445070
2017-12-19,10.9,11.02,10.68,11.05,404112
2017-12-20,11.05,11.03,10.795,11.09,565503
2017-12-21,11,11.08,10.96,11.16,150134
2017-12-25,11.08,10.91,10.78,11.12,182571
2017-12-26,10.92,10.81,10.74,10.97,317258
2017-12-27,10.82,10.56,10.5,10.84,287150
2017-12-28,10.56,10.46,10.24,10.6,432067
2018-01-01,10.6,11.42,10.57,11.51,722218
2018-01-02,11.77,12.03,11.6,12.23,1019131.0
2018-01-03,11.99,12.19,11.79,12.23,997359
2018-01-04,12.22,12.76,12,12.86,760762
2018-01-07,12.77,12.59,12.4,12.78,566292
2018-01-08,12.67,12.78,12.55,12.93,696808
2018-01-09,12.78,12.61,12.54,12.89,298537
2018-01-10,12.69,12.76,12.5,12.83,1781046.0
2018-01-11,12.75,12.91,12.67,13.01,514571
2018-01-15,13.05,12.8,12.77,13.22,451297
2018-01-16,12.96,13.05,12.85,13.08,220824
2018-01-17,13.05,13.11,12.805,13.13,1199252.0
2018-01-18,13.15,13.25,13.05,13.39,467489
2018-01-21,13.25,13.31,13.06,13.42,484213
2018-01-22,13.35,13.59,13.25,13.8075,846353
2018-01-23,13.62,13.55,13.301,13.67,667313
2018-01-24,13.66,13.56,13.48,13.69,361022
2018-01-25,13.65,13.65,13.49,13.72,174724
2018-01-28,13.64,13.54,13.45,13.73,313183
2018-01-29,13.45,13.59,13.33,13.69,902182
2018-01-30,13.67,13.36,13.34,13.6727,445298
2018-01-31,13.25,13.41,13.2,13.46,310576
2018-02-01,13.35,13.32,13.19,13.37,422332
2018-02-04,13.17,13.06,12.99,13.3562,685353
2018-02-05,13.13,13.55,13,13.69,701353
2018-02-06,13.6,13.61,13.43,14.11,1373934.0
2018-02-07,13.14,13.35,13.01,14.02,1264044.0
2018-02-08,13.51,13.31,12.75,13.59,1665638.0
2018-02-11,13.41,13.62,12.81,13.72,986565
2018-02-12,13.54,13.89,13.54,13.9,762831
2018-02-13,13.85,14.19,13.74,14.33,2216340.0
2018-02-14,14.25,13.84,13.8,14.25,1328631.0
2018-02-15,13.82,14.02,13.71,14.09,682046
2018-02-19,13.95,14.6,13.921,14.6,803249
2018-02-20,14.63,15.06,14.51,15.17,905298
2018-02-21,15.15,14.97,14.9,15.33,625234
2018-02-22,15.14,14.8,14.52,15.285,561488
2018-02-25,14.88,15.02,14.61,15.15,380347
2018-02-26,15.05,14.97,14.95,15.165,689529
2018-02-27,15.02,14.79,14.71,15.0612,620100
2018-02-28,14.89,14.9,14.74,15.19,7468474.0
2018-03-01,14.76,15.06,14.76,15.16,500730
2018-03-04,15.05,15.16,14.88,15.29,819372
2018-03-05,15.32,15.31,15.081,15.35,617154
2018-03-06,15.19,15.27,15.07,15.44,2670298.0
2018-03-07,15.27,15.19,15.04,15.38,1194152.0
2018-03-08,15.28,15.56,15.12,15.77,1059574.0
2018-03-11,15.63,15.65,15.4,15.71,895378
2018-03-12,15.72,15.17,15.08,15.77,545369
2018-03-13,15.19,14.95,14.895,15.21,568598
2018-03-14,15.32,15.275,15.25,15.65,972251
2018-03-15,15.22,15.02,14.92,15.22,655908
2018-03-18,14.89,14.43,14.36,14.89,568128
2018-03-19,14.46,14.43,14.29,14.56,744762
2018-03-20,14.45,14.45,14.39,14.72,550433
2018-03-21,14.33,14.08,14.03,14.37,469185
2018-03-22,14.13,14.09,13.995,14.255,628165
2018-03-25,14.31,14.17,13.98,14.31,408445
2018-03-26,14.21,13.52,13.42,14.28,879903
2018-03-27,13.51,13.53,13.23,13.77,954655
2018-03-28,13.61,13.58,13.3,13.669,545283
2018-04-01,13.57,13.3,13.13,13.57,325761
2018-04-02,13.38,13.39,13.2184,13.43,687418
2018-04-03,13.16,13.51,12.99,13.64,965727
2018-04-04,13.48,13.62,13.32,13.74,506901
2018-04-05,13.52,13.32,13.29,13.63,566718
2018-04-08,13.42,13.16,13.11,13.6,402357
2018-04-09,13.33,13.49,13.33,13.77,449056
2018-04-10,13.45,13.33,13.23,13.61,176243
2018-04-11,13.43,13.71,13.365,13.84,233121
2018-04-12,13.79,13.61,13.5,13.93,1184296.0
2018-04-15,13.6,13.44,13.37,13.63,467620
2018-04-16,13.59,13.78,13.58,13.94,858746
2018-04-17,13.84,14.19,13.75,14.3,460202
2018-04-18,14.23,14.12,13.965,14.35,372193
2018-04-19,14.08,13.91,13.75,14.13,451914
2018-04-22,13.9,13.83,13.65,13.95,433894
2018-04-23,13.84,13.65,13.4,13.92,697580
2018-04-24,13.7,13.41,13.22,13.7,509487
2018-04-25,13.46,13.53,13.375,13.63,468655
2018-04-26,13.6,13.42,13.37,13.61,263381
2018-04-29,13.42,13.36,13.34,13.54,525584
2018-04-30,13.37,13.28,12.65,13.37,1408674.0
2018-05-01,13.53,13.43,13.15,13.65,1234954.0
2018-05-02,13.4,13.31,13.15,13.44,825612
2018-05-03,13.27,13.25,12.99,13.29,406516
2018-05-06,13.32,13.68,13.32,13.82,657209
2018-05-07,13.74,14.06,13.55,14.15,779530
2018-05-08,14,14.33,13.85,14.49,1170338.0
2018-05-09,14,14.18,13.6,14.66,1524555.0
2018-05-10,14.11,14.5,14.11,14.77,1288064.0
2018-05-13,14.46,14.3,14.25,14.62,474216
2018-05-14,14.26,14.14,13.99,14.31,495848
2018-05-15,14.11,14.16,14.1,14.22,206289
2018-05-16,14.11,14.04,14.01,14.44,723759
2018-05-17,14.03,14.13,13.93,14.23,503215
2018-05-20,14.23,14.59,14.23,14.64,563641
2018-05-21,14.61,15.06,14.61,15.15,1495430.0
2018-05-22,14.9,15.22,14.59,15.29,1836993.0
2018-05-23,15.27,15.14,15.13,15.39,622399
2018-05-24,15.12,15.11,15.015,15.3,412155
2018-05-28,15.06,15.23,14.6271,15.25,837560
2018-05-29,15.47,15.33,15.31,15.65,898250
2018-05-30,15.38,15.06,15.01,15.55,819971
2018-05-31,15.14,15.27,15.09,15.385,637876
2018-06-03,15.38,15.5,15.2,15.51,597509
2018-06-04,15.53,15.74,15.51,15.96,512836
2018-06-05,15.82,16.06,15.72,16.07,623024
2018-06-06,16.05,15.91,15.73,16.07,508592
2018-06-07,15.91,16.02,15.835,16.17,519715
2018-06-10,16.07,15.7,15.61,16.1,557756
2018-06-11,15.81,15.95,15.5766,16.09,307080
2018-06-12,16.05,15.78,15.69,16.1,315162
2018-06-13,15.91,15.86,15.61,15.98,429116
2018-06-14,15.81,16.07,15.69,16.19,373384
2018-06-17,16.04,16.33,15.89,16.6121,443797
2018-06-18,16.19,16.23,15.825,16.31,434161
2018-06-19,16.27,16.19,16.17,16.49,308769
2018-06-20,16.22,15.84,15.68,16.32,415634
2018-06-21,15.9,15.21,15.2,15.9,384754
2018-06-24,15.1,15,14.78,15.18,592458
2018-06-25,15.08,15,14.93,15.33,507876
2018-06-26,15.06,14.93,14.88,15.24,530001
2018-06-27,14.83,15.08,14.53,15.15,353911
2018-06-28,15.11,15.38,14.99,15.54,768525
2018-07-01,15.28,15.66,15.12,15.72,412867
2018-07-02,15.67,15.78,15.67,15.99,173211
2018-07-04,15.86,16.13,15.77,16.24,317959
2018-07-05,16.14,16.18,16.13,16.42,332325
2018-07-08,16.27,16.44,16.18,16.5,228230
2018-07-09,16.48,16.08,16,16.52,189102
2018-07-10,15.98,16.18,15.76,16.3,144856
2018-07-11,16.29,16.4,16.18,16.45,211930
2018-07-12,16.4,16.37,16.19,16.425,125187
2018-07-15,16.41,16.42,16.36,17.05,774216
2018-07-16,16.32,16.45,16.03,16.6,471453
2018-07-17,16.49,16.57,16.27,16.708,242056
2018-07-18,16.52,16.52,16.38,16.72,336600
2018-07-19,16.54,16.67,16.524,16.77,636363
2018-07-22,16.67,16.87,16.61,16.89,251510
2018-07-23,16.9,16.34,16.31,16.96,421720
2018-07-24,16.39,16.98,16.39,17.02,259948
2018-07-25,16.93,16.91,16.63,17.03,184989
2018-07-26,16.9,16.2,16.01,16.9,354159
2018-07-29,16.1,15.49,15.35,16.15,514471
2018-07-30,15.57,15.71,15.4,15.77,626358
2018-07-31,15.69,15.3,15.28,15.78,320621
2018-08-01,15.26,15.82,15.11,15.9,651918
2018-08-02,15.79,16.04,15.57,16.13,646607
2018-08-05,16.05,16.36,16.05,16.455,458851
2018-08-06,16.44,16.17,16.08,16.45,415482
2018-08-07,16,15.96,15.71,16.11,1260922.0
2018-08-08,17.11,18.19,17,18.39,3396296.0
2018-08-09,18.23,19.66,18.07,19.74,2759686.0
2018-08-12,19.37,19.31,18.88,20.17,926518
2018-08-13,19.31,20.13,18.99,20.55,1178089.0
2018-08-14,20.34,19.75,19.5,20.34,708336
2018-08-15,19.85,19.46,19.44,19.98,923172
2018-08-16,19.48,19.45,19.08,19.55,681791
2018-08-19,19.52,19.54,19.15,19.91,780586
2018-08-20,19.6,20.22,19.55,20.41,822088
2018-08-21,20.23,21.08,20.12,21.1,648424
2018-08-22,20.99,21.85,20.92,21.98,1697642.0
2018-08-23,21.95,21.99,21.8812,22.51,917997
2018-08-26,22.23,22.28,21.92,22.37,873428
2018-08-27,22.4,21.92,21.55,22.4,1123358.0
2018-08-28,21.83,21.89,21.72,22.08,579606
2018-08-29,21.77,21.45,21.39,21.84,377412
2018-08-30,21.45,21.66,21.1353,21.8645,303323
2018-09-03,21.54,21.31,21.07,22.5,699913
2018-09-04,21.45,20.83,20.35,21.4733,542774
2018-09-05,20.83,21.34,20.62,21.35,377870
2018-09-06,21.17,21.59,20.89,21.72,930454
2018-09-09,21.68,21.56,21.2101,21.905,408229
2018-09-10,21.44,22.18,21.3749,22.35,531490
2018-09-11,22.19,22.48,21.66,22.56,557452
2018-09-12,22.52,23.32,22.5,23.47,851387
2018-09-13,23.92,23.26,23.26,23.95,574006
2018-09-16,23.28,22.19,21.99,23.469,610248
2018-09-17,22.5,23.24,22.36,23.36,1040748.0
2018-09-18,23.14,22.87,22.32,23.31,1002873.0
2018-09-19,22.95,23.11,22.82,23.489,1128797.0
2018-09-20,23.18,22.55,22.52,23.3449,723714
2018-09-23,22.43,22.42,22.08,22.83,501538
2018-09-24,22.42,22.64,22.025,22.72,624309
2018-09-25,23.01,22.98,22.82,23.81,842325
2018-09-26,23.17,22.95,22.8,23.31,447083
2018-09-27,22.75,23.48,22.32,23.57,1272135.0
2018-09-30,23.6,22.26,22.035,23.66,663306
2018-10-01,22.31,21.99,21.59,22.37,721192
2018-10-02,22.41,22.19,21.85,22.41,698693
2018-10-03,22.27,21.59,21.46,22.32,524968
2018-10-04,21.56,21.71,21.04,21.9,621901
2018-10-07,21.56,20.78,20.59,21.62,790211
2018-10-08,20.69,19.91,19.83,21.07,1041201.0
2018-10-09,19.92,18.97,18.94,20.05,1490874.0
2018-10-10,18.87,18.88,18.56,19.22,1621362.0
2018-10-11,19.3,19.21,19.01,19.6,629033
2018-10-14,19.16,18.91,18.83,19.4,708288
2018-10-15,19.16,19.68,19,19.73,429494
2018-10-16,19.66,19.61,19.05,19.72,547460
2018-10-17,19.45,19.36,19.0829,19.85,564389
2018-10-18,19.58,19.31,19.08,19.6799,617679
2018-10-21,19.35,19.23,19.2,19.75,345253
2018-10-22,18.74,19.34,18.32,19.4,429138
2018-10-23,19.19,18.58,18.57,19.44,582278
2018-10-24,18.78,19.48,18.595,19.68,436502
2018-10-25,18.96,18.62,18.53,19.6,1038997.0
2018-10-28,18.91,18.63,18.36,19.25,912757
2018-10-29,18.54,19.16,18.04,19.58,706791
2018-10-30,19.4,19.14,19.07,19.82,700271
2018-10-31,19.2,19.51,18.53,19.6,1022835.0
2018-11-01,19.57,19.08,18.47,19.74,730129
2018-11-04,19.11,18.68,18.54,19.48,631624
2018-11-05,18.72,19.07,18.64,19.24,682690
2018-11-06,19.13,19.08,18.26,19.5,2496933.0
2018-11-07,19.79,17.89,17.7202,22.83,5210881.0
2018-11-08,17.84,17.96,16.67,18.035,3023431.0
2018-11-11,17.72,17.69,17.52,18.65,2231071.0
2018-11-12,17.74,18.3,17.71,18.55,1185296.0
2018-11-13,18.46,17.96,17.71,18.73,799234
2018-11-14,17.96,18.5,17.945,18.84,1395026.0
2018-11-15,18.37,18.55,18.2286,19.3,1215735.0
2018-11-18,18.52,16.84,16.73,18.52,1429056.0
2018-11-19,16.52,17.26,16.2,17.55,1203351.0
2018-11-20,17.5,17.72,17.35,18.44,858267
2018-11-22,17.54,17.45,17.38,17.93,223657
2018-11-25,17.6,17.6,17.46,17.9426,1131660.0
2018-11-26,17.46,17.3,17.23,17.751,707179
2018-11-27,17.25,17.53,17.09,17.69,826232
2018-11-28,17.54,17.69,17.34,17.83,1281723.0
2018-11-29,17.62,17.53,17.01,17.62,1293304.0
2018-12-02,17.72,17.64,16.6,17.72,2516680.0
2018-12-03,17.73,17.02,17,17.75,955684
2018-12-05,16.62,16.75,16.37,17.02,905918
2018-12-06,16.75,16.27,16.24,16.95,1469420.0
2018-12-09,16.27,16.69,15.96,16.87,731314
2018-12-10,16.89,16.62,16.6,17.17,410191
2018-12-11,17.05,17.1,16.95,17.74,949517
2018-12-12,17.11,16.79,16.58,17.4733,612167
2018-12-13,16.67,16.54,16.43,17.08,435969
2018-12-16,16.54,15.64,15.35,16.54,1528298.0
2018-12-17,15.74,15.65,15.48,16.02,1059356.0
2018-12-18,15.8,15.95,15.75,16.54,797357
2018-12-19,15.82,15.28,14.92,16.06,956495
2018-12-20,15.46,14.05,13.85,15.51,1265732.0
2018-12-23,13.84,14.44,13.8,14.76,345646
2018-12-25,14.37,15.71,14.18,15.76,907861
2018-12-26,15.46,16.06,15.17,16.13,599382
2018-12-27,16.24,16.09,15.75,16.43,628395
2018-12-30,16.23,16.07,15.83,16.44,393855
2019-01-01,15.75,15.78,15.43,16.04,705749
2019-01-02,15.61,14.9,14.86,15.9,504324
2019-01-03,15.17,15.8,14.91,15.87,801170
2019-01-06,15.79,15.42,15.26,15.81,822351
2019-01-07,15.85,15.41,15.1,15.85,1129401.0
2019-01-08,15.43,15.33,15.09,15.66,1089470.0
2019-01-09,15.22,15.28,15.09,15.42,940115
2019-01-10,15.17,15.08,14.87,15.44,3389860.0
2019-01-13,14.9,14.88,14.73,15.2,728063
2019-01-14,14.87,16.03,14.87,16.16,1071896.0
2019-01-15,16.13,15.92,15.58,16.36,623531
2019-01-16,15.9,16.14,15.9,16.405,740552
2019-01-17,16.27,16.5,16.18,16.77,911267
2019-01-21,16.45,15.97,15.81,16.48,519956
2019-01-22,16.05,16.08,15.86,16.18,506089
2019-01-23,16.08,16.29,15.97,16.39,324725
2019-01-24,16.41,16.38,16.1,16.52,531201
2019-01-27,16.26,16.34,15.97,16.48,572950
2019-01-28,16.4,15.89,15.86,16.52,746635
2019-01-29,16.05,16.55,15.9,16.68,608484
2019-01-30,16.65,17,16.5,17.26,1191642.0
2019-01-31,16.97,16.94,16.87,17.25,924048
2019-02-03,16.95,17.25,16.95,17.3,995011
2019-02-04,17.35,16.83,16.77,17.59,1222248.0
2019-02-05,16.77,16.63,16.46,16.97,625465
2019-02-06,16.43,17.03,16.42,17.1137,1983269.0
2019-02-07,17,16.72,16.14,17.73,3959248.0
2019-02-10,16.55,17.06,16.55,17.2066,1375752.0
2019-02-11,17.09,17.25,16.86,17.31,1052996.0
2019-02-12,17.24,17.08,17,17.34,745013
2019-02-13,17.04,17.11,16.66,17.145,681522
2019-02-14,17.26,16.84,16.78,17.38,1065360.0
2019-02-18,16.74,16.53,16.47,16.93,785728
2019-02-19,16.52,16.45,16.32,16.6,740240
2019-02-20,16.42,16.22,16.08,16.43,684118
2019-02-21,16.26,16.46,16.26,16.54,1211024.0
2019-02-24,16.6,16.46,16.26,16.755,717610
2019-02-25,16.5,16.57,16.13,16.61,634150
2019-02-26,16.49,16.61,16.48,16.77,448986
2019-02-27,16.61,16.42,16.32,16.72,649977
2019-02-28,16.56,16.38,16.16,16.72,878549
2019-03-03,16.41,16.19,15.96,16.45,725026
2019-03-04,16.18,16.38,16.15,16.5,423274
2019-03-05,16.4,16.25,16.135,16.5,377027
2019-03-06,16.26,16.05,16.02,16.39,549776
2019-03-07,15.88,16.03,15.6903,16.07,703516
2019-03-10,16.09,15.98,15.92,16.29,714716
2019-03-11,16.11,16.01,15.82,16.24,637340
2019-03-12,16.05,16.1,15.9,16.56,897128
2019-03-13,16.1,15.8,15.74,16.12,554728
2019-03-14,15.9,15.87,15.82,16.14,408259
2019-03-17,15.86,15.97,15.55,16.11,866560
2019-03-18,16.06,16.38,15.9425,16.44,561233
2019-03-19,16.38,16.12,16.02,16.43,571738
2019-03-20,16.03,16.55,16.03,16.58,434462
2019-03-21,16.48,16.53,16.4,16.86,528716
2019-03-24,16.49,16.03,15.925,16.55,559187
2019-03-25,16.13,15.81,15.64,16.48,306314
2019-03-26,15.8,15.5,15.42,15.87,337841
2019-03-27,15.51,15.54,15.26,15.78,1046024.0
2019-03-28,15.63,15.44,15.39,15.65,1014873.0
2019-03-31,15.56,15.57,15.35,15.65,715806
2019-04-01,15.52,15.56,15.28,15.63,735636
2019-04-02,15.64,15.59,15.545,15.77,794562
2019-04-03,15.56,15.23,14.88,15.61,885987
2019-04-04,15.3,15.41,15.3,15.5,1143748.0
2019-04-07,15.31,15.53,15.295,15.75,670066
2019-04-08,15.55,15.5,15.37,15.73,462434
2019-04-09,15.52,15.62,15.48,15.8,943367
2019-04-10,15.65,15.72,15.65,16.0343,1032967.0
2019-04-11,15.85,15.76,15.55,15.85,440459
2019-04-14,15.74,15.66,15.52,15.81,559427
2019-04-15,15.76,15.5,15.4,15.84,1186470.0
2019-04-16,15.58,16.01,15.45,16.1,2696301.0
2019-04-17,15.97,15.83,15.22,16.02,1002499.0
2019-04-21,15.75,16.21,15.74,16.23,942029
2019-04-22,16.21,16.84,16.21,16.9,2975983.0
2019-04-23,16.9,16.71,16.56,16.96,1445549.0
2019-04-24,16.8,16.19,16.16,16.8,897618
2019-04-25,16.14,16.32,15.9,16.34,2802215.0
2019-04-28,16.77,17.08,16.53,17.09,1702117.0
2019-04-29,17.05,17.38,16.77,17.39,1426431.0
2019-04-30,17.63,17.97,17.41,18,1318737.0
2019-05-01,17.99,17.97,17.5325,18.07,1224147.0
2019-05-02,18.04,18.49,17.5211,18.54,993056
2019-05-05,18.26,18.55,18.135,18.58,1163614.0
2019-05-06,18.38,18.31,18,18.57,1039598.0
2019-05-07,18.33,18.06,18,18.62,1524925.0
2019-05-08,16.98,16.5,15.83,17.11,3765275.0
2019-05-09,16.37,16,15.77,16.49,2219869.0
2019-05-12,15.6,14.98,14.9,15.62,1818589.0
2019-05-13,15.05,15.11,14.99,15.33,1924724.0
2019-05-14,14.95,15.43,14.8613,15.51,1421229.0
2019-05-15,15.35,15.61,15.185,15.62,2617933.0
2019-05-16,15.44,15.19,15.135,15.55,1347874.0
2019-05-19,15.06,14.6,14.5,15.09,1101409.0
2019-05-20,14.77,14.9,14.53,15.04,763887
2019-05-21,14.81,14.61,14.46,15,1027984.0
2019-05-22,14.44,14.31,14.09,14.52,513199
2019-05-23,14.39,14.43,14.36,14.515,397045
2019-05-27,14.51,14.47,14.355,14.64,509449
2019-05-28,14.31,14.16,14.125,14.41,448367
2019-05-29,14.24,14.19,14.025,14.38,564790
2019-05-30,13.99,14.42,13.71,14.5,1044654.0
2019-06-02,14.35,14.07,13.95,14.38,1422534.0
2019-06-03,14.27,14.89,14.21,15.04,1262968.0
2019-06-04,15,14.6,14.47,15,804759
2019-06-05,14.57,14.55,14.14,14.88,832082
2019-06-06,14.65,14.69,14.4559,14.93,672780
2019-06-09,14.86,15.17,14.86,15.25,709750
2019-06-10,15.35,15.03,14.875,15.53,761574
2019-06-11,14.99,14.72,14.63,15.02,441551
2019-06-12,14.83,15.1,14.65,15.125,327865
2019-06-13,15.03,14.52,14.5,15.13,827058
2019-06-16,14.59,14.61,14.39,14.8,927869
2019-06-17,14.83,14.6,14.6,15.01,1770679.0
2019-06-18,14.7,14.6,14.5,14.75,1712222.0
2019-06-19,14.72,14.9,14.64,15.078,1264306.0
2019-06-20,14.85,14.6,14.53,14.98,850187
2019-06-23,14.6,14.38,14.37,14.74,807656
2019-06-24,14.1,13.65,13.35,14.11,2823376.0
2019-06-25,13.8,13.17,13.145,13.82,1038046.0
2019-06-26,13.25,12.96,12.76,13.255,1783443.0
2019-06-27,13.08,13.01,12.91,13.24,1360306.0
2019-06-30,13.13,12.84,12.78,13.38,1341858.0
2019-07-01,12.83,13,12.81,13.07,596436
2019-07-02,13.04,13.01,12.91,13.14,903753
2019-07-04,13.06,12.93,12.88,13.06,1913234.0
2019-07-07,12.89,13.09,12.77,13.1,1314723.0
2019-07-08,13,13.5,13,13.52,1706990.0
2019-07-09,13.69,13.91,13.46,13.92,1608673.0
2019-07-10,13.87,13.79,13.68,13.9399,2662555.0
2019-07-11,13.86,13.82,13.67,13.9,2212568.0
2019-07-14,13.84,13.93,13.65,14.15,1292867.0
2019-07-15,13.97,13.53,13.44,14.07,953772
2019-07-16,13.5,13.17,13.01,13.6675,1450248.0
2019-07-17,13.19,13.09,12.94,13.28,980136
2019-07-18,13.1,13.09,13.09,13.33,592906
2019-07-21,13.14,13.4,13.14,13.51,755483
2019-07-22,13.03,13.67,12.62,13.78,2594351.0
2019-07-23,13.69,14.07,13.64,14.25,1683027.0
2019-07-24,14.06,13.82,13.745,14.15,1852695.0
2019-07-25,13.97,13.96,13.87,14.15,530411
2019-07-28,13.99,13.81,13.58,14.03,785260
2019-07-29,13.64,13.84,13.54,13.93,479922
2019-07-30,13.85,13.85,13.7,14.03,769904
2019-07-31,13.77,13.67,13.65,14.17,1043397.0
2019-08-01,13.58,13.4,13.31,13.63,763551
2019-08-04,13.14,13.02,12.92,13.15,1433374.0
2019-08-05,13.1,13,12.92,13.18,910052
2019-08-06,12.79,12.6,12.45,12.97,2924522.0
2019-08-07,9.25,9.41,8.51,9.62,12225975.0
2019-08-08,9.06,8.9,8.835,9.28,7024348.0
2019-08-11,8.85,9.01,8.55,9.08,3843117.0
2019-08-12,8.97,8.97,8.75,9.06,4029065.0
2019-08-13,8.83,8.53,8.35,8.88,1721374.0
2019-08-14,8.49,8.37,8.14,8.58,3573298.0
2019-08-15,8.41,8.19,8.17,8.42,1814193.0
2019-08-18,8.26,8.37,8.2,8.51,1670018.0
2019-08-19,8.33,8.3,8.25,8.46,2217061.0
2019-08-20,8.35,8.48,8.34,8.65,2050200.0
2019-08-21,8.47,8.28,8.2,8.59,1484177.0
2019-08-22,8.21,8.02,7.86,8.36,2142237.0
2019-08-25,8.1,8,7.94,8.1999,1372780.0
2019-08-26,8.01,7.95,7.91,8.21,1336001.0
2019-08-27,7.9,7.85,7.78,7.95,1847412.0
2019-08-28,7.95,7.83,7.76,8,2892082.0
2019-08-29,7.85,7.76,7.681,7.9,1904669.0
2019-09-02,7.66,7.82,7.63,7.95,2017072.0
2019-09-03,7.81,7.83,7.71,7.92,1875528.0
2019-09-04,7.94,7.94,7.85,8.045,3543405.0
2019-09-05,7.93,8.11,7.9,8.12,1360738.0
2019-09-08,8.12,8.19,8.035,8.21,1527847.0
2019-09-09,8.16,8.08,8.06,8.3,2351046.0
2019-09-10,8.08,8.11,7.94,8.15,1209069.0
2019-09-11,8.14,7.73,7.73,8.22,1058360.0
2019-09-12,7.73,7.98,7.56,8.06,1417576.0
2019-09-15,7.99,7.92,7.9,8.09,918642
2019-09-16,7.87,7.61,7.5,7.95,2041610.0
2019-09-17,7.63,7.2,7.18,7.7053,2603046.0
2019-09-18,7.2,7.41,7,7.47,3991466.0
2019-09-19,7.47,7.05,7.05,7.63,1908437.0
2019-09-22,7,7.13,6.91,7.17,1178926.0
2019-09-23,7.13,7.08,6.9773,7.34,2022110.0
2019-09-24,7.06,7.18,7,7.3,1801452.0
2019-09-25,7.14,7.01,6.98,7.17,1070475.0
2019-09-26,7.03,7.06,7.03,7.27,820856
2019-09-29,7.07,7.085,6.915,7.21,1238924.0
2019-09-30,7.17,7.02,6.88,7.27,1677237.0
2019-10-01,7.01,6.75,6.69,7.04,2072645.0
2019-10-02,6.79,6.955,6.73,7.03,3835721.0
2019-10-03,6.98,6.96,6.86,7.12,2656714.0
2019-10-06,6.94,6.71,6.67,7.05,2453478.0
2019-10-07,6.6,6.685,6.51,6.72,2340822.0
2019-10-08,6.76,6.795,6.65,6.91,1365574.0
2019-10-09,6.77,6.765,6.56,6.83,2980736.0
2019-10-10,6.94,6.92,6.86,7.25,3255891.0
2019-10-13,6.87,6.795,6.775,6.95,1694507.0
2019-10-14,6.8,6.79,6.73,6.995,1827523.0
2019-10-15,6.8,6.87,6.68,6.89,1836217.0
2019-10-16,6.85,6.65,6.63,6.895,1179897.0
2019-10-17,6.62,6.69,6.53,6.74,1097778.0
2019-10-20,6.75,6.65,6.62,6.88,1479396.0
2019-10-21,6.66,6.71,6.55,6.775,901353
2019-10-22,6.7,6.65,6.62,6.76,1338153.0
2019-10-23,6.62,6.9,6.6,6.91,1382002.0
2019-10-24,6.9,6.99,6.85,7.13,1224902.0
2019-10-27,7.1,7.05,7.03,7.2,958961
2019-10-28,7.03,6.86,6.845,7.04,736648
2019-10-29,6.86,6.82,6.725,6.93,1525455.0
2019-10-30,6.8,6.85,6.69,6.86,2779569.0
2019-10-31,6.87,7.03,6.83,7.16,2096612.0
2019-11-03,7.1,6.89,6.84,7.17,1906791.0
2019-11-04,6.94,6.73,6.72,7.05,2380940.0
2019-11-05,6.74,6.46,6.39,6.81,5508947.0
2019-11-06,7.87,7.85,7.41,8.47,8811563.0
2019-11-07,7.82,7.72,7.44,7.85,3502893.0
2019-11-10,7.69,7.73,7.645,7.9,2457078.0
2019-11-11,7.68,7.66,7.6,7.79,1284936.0
2019-11-12,7.58,7.61,7.5,7.64,1071224.0
2019-11-13,7.59,7.58,7.52,7.75,1742771.0
2019-11-14,7.62,7.53,7.49,7.63,1607643.0
2019-11-17,7.5,7.35,7.2904,7.52,1382431.0
2019-11-18,7.35,7.38,7.28,7.43,1026566.0
2019-11-19,7.33,7.375,7.29,7.395,1036901.0
2019-11-20,7.38,7.46,7.34,7.54,1229101.0
2019-11-21,7.48,7.555,7.48,7.565,877942
2019-11-24,7.57,8.03,7.56,8.08,1754054.0
2019-11-25,8.03,7.6,7.535,8.04,1615266.0
2019-11-26,7.67,7.79,7.6,7.81,1201624.0
2019-11-28,7.78,7.75,7.58,7.84,519613
2019-12-01,7.78,7.76,7.57,7.84,1091877.0
2019-12-02,7.67,7.57,7.47,7.72,1447015.0
2019-12-03,7.65,7.62,7.6,7.73,1164946.0
2019-12-04,7.64,7.91,7.44,7.91,2597367.0
2019-12-05,7.93,7.9,7.66,8.02,2468144.0
2019-12-08,7.91,8.02,7.88,8.07,2624996.0
2019-12-09,8.03,7.94,7.83,8.05,2158923.0
2019-12-10,7.93,7.95,7.885,8.005,1047127.0
2019-12-11,7.93,8.4,7.925,8.42,2036701.0
2019-12-12,8.41,8.33,8.18,8.55,2250831.0
2019-12-15,8.41,8.35,8.23,8.425,1292709.0
2019-12-16,8.35,8.35,8.245,8.37,1736354.0
2019-12-17,8.34,8.28,8.26,8.41,1826457.0
2019-12-18,8.31,8.56,8.27,8.58,3212056.0
2019-12-19,8.55,8.705,8.48,8.89,3013562.0
2019-12-22,8.75,8.5,8.49,8.76,1565151.0
2019-12-23,8.5,8.43,8.35,8.5475,682555
2019-12-25,8.47,8.56,8.32,8.58,1445117.0
2019-12-26,8.6,8.36,8.24,8.65,1283165.0
2019-12-29,8.4,8.19,8.14,8.4,1244411.0
2019-12-30,8.16,8.47,8.16,8.5,1445485.0
2020-01-01,8.5,8.87,8.5,8.88,2315624.0
2020-01-02,8.78,8.755,8.57,8.82,2545450.0
2020-01-05,8.74,8.89,8.69,8.915,1564434.0
2020-01-06,8.93,9.03,8.8,9.11,2232923.0
2020-01-07,9.05,9.06,8.88,9.13,1653115.0
2020-01-08,9.13,9.06,8.98,9.175,1752523.0
2020-01-09,9.1,8.96,8.845,9.1,1007257.0
2020-01-12,9.02,8.89,8.77,9.115,1333486.0
2020-01-13,8.86,8.975,8.845,9.03,1115498.0
2020-01-14,9.02,9.36,8.92,9.41,1459028.0
2020-01-15,9.46,9.26,9.11,9.7,1768197.0
2020-01-16,9.36,9.33,9.15,9.44,1154134.0
2020-01-20,9.29,9.1,9.04,9.32,1124635.0
2020-01-21,9.13,8.98,8.91,9.13,730274
2020-01-22,8.93,9,8.65,9.08,944812
2020-01-23,9.03,8.92,8.705,9.14,1038896.0
2020-01-26,8.68,8.87,8.55,9,994138
2020-01-27,8.96,8.93,8.75,8.98,657359
2020-01-28,9.02,8.64,8.57,9.02,1501212.0
2020-01-29,8.62,8.45,8.24,8.65,1228206.0
2020-01-30,8.45,8.03,8.01,8.54,1457733.0
2020-02-02,8.14,8.18,8.01,8.24,1596051.0
2020-02-03,8.58,8.53,8.34,8.64,1968790.0
2020-02-04,8.6,8.61,8.49,8.74,2585641.0
2020-02-05,7.8,8.07,7.71,8.42,3905473.0
2020-02-06,8.02,8.27,8.02,8.79,3041412.0
2020-02-09,8.24,8.36,7.99,8.43,2111771.0
2020-02-10,8.41,8.52,8.3,8.62,1556473.0
2020-02-11,8.59,8.64,8.49,8.66,935351
2020-02-12,8.54,8.52,8.43,8.705,864265
2020-02-13,8.51,8.37,8.2,8.53,1332739.0
2020-02-17,8.35,8.32,8.23,8.42,1056738.0
2020-02-18,8.34,8.33,8.23,8.45,1680037.0
2020-02-19,8.27,8.215,8.105,8.37,1209147.0
2020-02-20,8.15,8.09,8.045,8.28,866108
2020-02-23,7.74,8.09,7.55,8.09,1431209.0
2020-02-24,8.15,7.82,7.67,8.15,1798166.0
2020-02-25,7.89,7.55,7.5,7.99,1437600.0
2020-02-26,7.33,6.9,6.89,7.47,3043443.0
2020-02-27,6.71,7.13,6.69,7.14,2541905.0
2020-03-01,7.15,7.3,6.82,7.38,2270960.0
2020-03-02,7.23,6.95,6.9,7.46,2174317.0
2020-03-03,7.01,6.9,6.8,7.06,1554496.0
2020-03-04,6.7,6.41,6.36,6.84,2960339.0
2020-03-05,6.19,6.13,6.11,6.43,2005657.0
2020-03-08,5.58,5.37,5.355,6.05,3002037.0
2020-03-09,5.8,5.85,5.6721,6.03,1406504.0
2020-03-10,5.69,5.39,5.36,5.7,1695103.0
2020-03-11,5,4.6,4.59,5.16,2813546.0
2020-03-12,4.86,4.64,4.48,4.89,2832854.0
2020-03-15,4.1,4.61,4.1,4.97,3685362.0
2020-03-16,4.66,4.93,4.36,5.105,3230553.0
2020-03-17,4.7,4.87,4.4,5.06,3230461.0
2020-03-18,4.83,5.11,4.65,5.23,2110612.0
2020-03-19,5.24,4.82,4.59,5.53,3039090.0
2020-03-22,4.94,5.08,4.4476,5.11,1913560.0
2020-03-23,5.3,4.96,4.57,5.405,3057907.0
2020-03-24,5,4.7,4.69,5.205,2580654.0
2020-03-25,4.75,4.96,4.52,5.03,2832355.0
2020-03-26,4.87,5.2,4.65,5.515,2385465.0
2020-03-29,5.21,5.04,4.91,5.38,1722999.0
2020-03-30,5.06,5.25,5.03,5.33,1984954.0
2020-03-31,5.06,4.75,4.655,5.09,2100441.0
2020-04-01,4.7,4.62,4.55,4.855,1696120.0
2020-04-02,4.61,4.54,4.35,4.835,1914745.0
2020-04-05,4.73,4.63,4.425,5,2248481.0
2020-04-06,4.76,4.41,4.35,4.91,5129579.0
2020-04-07,4.65,5.18,4.63,5.39,2910834.0
2020-04-08,5.43,5.51,5.28,5.7,2473047.0
2020-04-12,5.55,5.875,5.42,5.9,1726667.0
2020-04-13,6.01,5.66,5.63,6.175,2000565.0
2020-04-14,5.57,5.48,5.43,5.72,2064700.0
2020-04-15,5.56,5.49,5.44,5.64,1830954.0
2020-04-16,5.65,5.85,5.62,5.88,1610577.0
2020-04-19,5.77,5.92,5.67,5.92,2219741.0
2020-04-20,5.82,5.69,5.65,5.9,1768388.0
2020-04-21,5.75,5.66,5.65,5.9675,2547403.0
2020-04-22,5.71,5.74,5.66,5.96,1243223.0
2020-04-23,5.8,5.9,5.69,6.08,2518657.0
2020-04-26,6.05,6.45,5.965,6.65,1982561.0
2020-04-27,6.59,6.48,6.42,6.75,1692987.0
2020-04-28,6.68,6.8,6.655,7.045,3286303.0
2020-04-29,6.83,6.775,6.66,6.91,1563501.0
2020-04-30,6.61,6.76,6.61,6.81,1941183.0
2020-05-03,6.72,6.8,6.65,6.815,2248336.0
2020-05-04,6.91,7.29,6.91,7.44,4121461.0
2020-05-05,7.3,7.52,7.16,7.53,3193243.0
2020-05-06,8.66,8.05,7.935,9.222,6949201.0
2020-05-07,8.18,7.71,7.68,8.25,3050398.0
2020-05-10,7.86,9.09,7.79,9.15,5152953.0
2020-05-11,9.2,9.76,9.2,10.07,4593637.0
2020-05-12,9.68,9.955,9.52,10.24,4280882.0
2020-05-13,9.83,9.72,9.42,9.99,2082848.0
2020-05-14,9.54,9.675,9.5,9.8,2416999.0
2020-05-17,9.93,10.61,9.78,10.67,2865186.0
2020-05-18,10.57,10.61,10.26,10.85,2504895.0
2020-05-19,10.75,10.37,10.32,11.12,2451579.0
2020-05-20,10.46,10.38,10.22,10.71,1445747.0
2020-05-21,10.39,10.75,10.095,10.805,1410349.0
2020-05-25,10.8,10.72,10.69,11.105,1445042.0
2020-05-26,10.75,10.93,10.62,11.025,2582268.0
2020-05-27,10.84,10.5,10.37,11.05,1955201.0
2020-05-28,10.5,10.85,10.48,10.98,1678037.0
2020-05-31,10.82,11.15,10.76,11.29,2343692.0
2020-06-01,10.92,11.29,10.85,11.47,2364613.0
2020-06-02,11.37,11.74,11.34,11.99,1959553.0
2020-06-03,11.68,11.985,11.5,12.01,3099664.0
2020-06-04,12.15,12.56,12.05,12.865,2975469.0
2020-06-07,12.6,12.25,11.91,12.7999,2666893.0
2020-06-08,12.2,12.27,11.71,12.39,1845763.0
2020-06-09,12.36,12.02,11.97,12.62,1469257.0
2020-06-10,11.74,11.62,11.29,12.115,2039871.0
2020-06-11,11.97,12.22,11.76,12.32,2341155.0
2020-06-14,12.02,12.82,11.81,12.96,2378352.0
2020-06-15,13.04,12.61,12.56,13.375,3101637.0
2020-06-16,12.69,12.23,11.99,12.7,3907619.0
2020-06-17,12.59,12.72,11.87,12.79,2706668.0
2020-06-18,12.77,12.53,12.17,13.09,2322933.0
2020-06-21,12.57,12.425,12.37,12.74,1048224.0
2020-06-22,12.64,13.22,12.45,13.32,2352310.0
2020-06-23,12.95,12.58,12.35,13.15,2691089.0
2020-06-24,12.59,12.425,12.22,12.83,1508763.0
2020-06-25,12.43,12.03,12.015,12.55,1537336.0
2020-06-28,12.06,11.85,11.59,12.2,3924710.0
2020-06-29,12.06,12.15,11.715,12.21,5651289.0
2020-06-30,12.15,13.09,12.15,13.74,23697194.0
2020-07-01,13.21,13.43,13.21,14.24,10488793.0
2020-07-05,13.97,15.01,13.915,15.38,9171403.0
2020-07-06,14.88,15.72,14.8,15.85,5924847.0
2020-07-07,16.2,15.76,15.515,16.375,6434053.0
2020-07-08,15.77,15.92,15.54,16.39,5074445.0
2020-07-09,15.95,16.31,15.75,16.48,4080687.0
2020-07-12,16.59,15.28,15.23,16.78,4119530.0
2020-07-13,15.17,16.23,14.86,16.34,5455528.0
2020-07-14,16.34,16.53,15.81,17.05,5347739.0
2020-07-15,16.25,15.25,15,16.285,6170352.0
2020-07-16,15.44,15.04,14.95,15.85,3338253.0
2020-07-19,14.97,15.77,14.97,16.29,3183225.0
2020-07-20,15.9,15.3,15.225,15.99,2291329.0
2020-07-21,15.22,14.95,14.835,15.535,2805744.0
2020-07-22,14.95,14.74,14.56,15.43,3199104.0
2020-07-23,14.77,14.58,14.38,14.86,4708808.0
2020-07-26,14.79,14.805,14.66,15.01,2905664.0
2020-07-27,14.8,14.34,14.03,14.8,3530698.0
2020-07-28,14.5,15.135,14.46,15.34,3357476.0
2020-07-29,14.86,15.61,14.805,15.7775,1762494.0
2020-07-30,15.73,15.79,15.16,15.87,2897928.0
2020-08-02,15.93,15.92,15.6566,16.26,2505562.0
2020-08-03,15.87,15.96,15.66,16.01,2272487.0
2020-08-04,16,16.46,15.89,16.505,2507541.0
2020-08-05,16.4,15.8,15.57,16.62,2124239.0
2020-08-06,15.75,15.71,15.405,16.085,1433840.0
2020-08-09,16.16,15.5,14.87,16.2,4462903.0
2020-08-10,14.5,13,12.95,14.85,6566215.0
2020-08-11,13.06,12.88,12.79,13.72,4652579.0
2020-08-12,13.05,13.22,12.82,13.23,2334363.0
2020-08-13,13.21,13.13,12.955,13.53,2606539.0
2020-08-16,13.388,14.06,13.32,14.2,3610054.0
2020-08-17,14.06,14.395,13.815,14.52,2685122.0
2020-08-18,14.29,14.1,13.98,14.61,1615386.0
2020-08-19,13.88,14.13,13.88,14.42,2204866.0
2020-08-20,14.1,13.9,13.73,14.1359,1786539.0
2020-08-23,13.98,14.65,13.68,14.77,7266435.0
2020-08-24,14.54,14.18,14.065,14.65,2682310.0
2020-08-25,14.15,14.28,14.045,14.59,1805545.0
2020-08-26,14.06,13.73,13.47,14.17,2743822.0
2020-08-27,13.73,13.91,13.63,14.19,1052014.0
2020-08-30,13.95,13.875,13.8321,14.06,1108453.0
2020-08-31,13.85,14.28,13.805,14.5,1705777.0
2020-09-01,14.2,14.7,14.03,14.79,2160013.0
2020-09-02,14.55,13.52,13.3,14.55,2705251.0
2020-09-03,13.35,12.63,11.8876,13.49,3566201.0
2020-09-07,12.01,12.16,12,12.69,2743491.0
2020-09-08,12.41,12.91,12.305,13.05,3206342.0
2020-09-09,12.96,12.62,12.54,13.155,3028391.0
2020-09-10,12.79,12.34,11.8201,12.86,4921407.0
2020-09-13,12.26,11.86,11.86,12.47,1916390.0
2020-09-14,12.53,12.21,11.825,12.63,4104037.0
2020-09-15,12.25,11.18,11.12,12.26,4483317.0
2020-09-16,10.98,10.6,10.34,11.175,5270470.0
2020-09-17,10.85,10.34,10.05,10.85,5564063.0
2020-09-20,10.12,10.32,9.85,10.41,4067686.0
2020-09-21,10.39,10.495,10.32,10.62,2919117.0
2020-09-22,10.54,10.05,10,10.58,2652640.0
2020-09-23,10.06,9.8,9.72,10.13,3147787.0
2020-09-24,9.86,10.28,9.72,10.33,3050889.0
2020-09-27,10.48,10.55,10.273,10.81,2932859.0
2020-09-28,10.53,10.84,10.53,10.97,2975538.0
2020-09-29,10.9,11.095,10.78,11.46,6373629.0
2020-09-30,11.24,12.29,11.24,12.4,5701459.0
2020-10-01,11.72,12.03,11.71,12.18,2950343.0
2020-10-04,12.12,12.75,12.05,12.89,2328932.0
2020-10-05,12.7,12.29,12.225,12.795,3795403.0
2020-10-06,12.53,12.74,12.36,12.785,2866602.0
2020-10-07,12.35,11.04,11.02,12.35,14769824.0
2020-10-08,11.45,11.31,10.9,11.47,4047309.0
2020-10-11,11.45,10.97,10.97,11.46,2181365.0
2020-10-12,11.05,11.1,10.93,11.37,1971897.0
2020-10-13,11.32,10.92,10.75,11.325,1986673.0
2020-10-14,10.65,11.09,10.65,11.27,3440431.0
2020-10-15,11.09,10.94,10.87,11.1999,1423054.0
2020-10-18,11.01,10.9,10.79,11.15,1657675.0
2020-10-19,10.88,11.1,10.79,11.21,1733080.0
2020-10-20,11.2,11.07,10.8,11.22,1755159.0
2020-10-21,10.85,10.9,10.76,11.146,3983397.0
2020-10-22,11.08,11.09,10.885,11.155,2394577.0
2020-10-25,10.93,10.84,10.61,11,2778007.0
2020-10-26,10.94,10.94,10.84,11.15,2364114.0
2020-10-27,10.75,10.66,10.43,10.75,2267096.0
2020-10-28,10.79,11.02,10.75,11.24,2146077.0
2020-10-29,10.9076,10.6,10.445,10.92,2097977.0
2020-11-01,10.62,10.93,10.36,11.02,3363712.0
2020-11-02,11.09,10.97,10.82,11.2725,1122623.0
2020-11-03,11.01,11.51,11.01,11.7,2067014.0
2020-11-04,11.7,11.45,11.33,11.81,3659801.0
2020-11-05,9.81,10.01,9.28,10.2,18123631.0
2020-11-08,10.5,9.98,9.44,10.5904,6931127.0
2020-11-09,9.91,10.37,9.91,10.49,6039820.0
2020-11-10,10.15,10.77,10.145,10.79,3785467.0
2020-11-11,10.83,10.41,10.35,11.09,5504767.0
2020-11-12,10.47,10.77,10.3,10.92,2538232.0
2020-11-15,10.73,10.58,10.32,10.76,2430125.0
2020-11-16,10.7,10.61,10.5,10.71,1002371.0
2020-11-17,10.65,10.73,10.515,10.79,1052321.0
2020-11-18,10.78,11.29,10.73,11.355,1766992.0
2020-11-19,11.34,11.56,11.24,11.6001,1739860.0
2020-11-22,11.65,11.8,11.33,11.895,1842265.0
2020-11-23,11.83,11.54,11.195,11.86,4130988.0
2020-11-24,11.6,12.26,11.6,12.29,1987064.0
2020-11-26,12.23,12.22,12.1001,12.4,1759644.0
2020-11-29,12.29,12.36,12.03,12.45,2167298.0
2020-11-30,12.12,12.28,12.04,12.43,3494278.0
2020-12-01,12.22,11.73,11.71,12.22,2322239.0
2020-12-02,11.7,11.73,11.59,12.005,2054123.0
2020-12-03,11.74,12.04,11.735,12.095,1300250.0
2020-12-06,12.09,11.8,11.78,12.09,2250992.0
2020-12-07,11.81,11.76,11.61,11.905,1526393.0
2020-12-08,11.75,11.57,11.46,11.93,1522810.0
2020-12-09,11.51,11.98,11.2,12.42,3336126.0
2020-12-10,11.98,11.9,11.8,12.13,2004060.0
2020-12-13,11.9,11.95,11.85,12.0199,1710240.0
2020-12-14,12.1,12.15,11.61,12.26,1852068.0
2020-12-15,11.563,11.73,11.26,12.1,3000174.0
2020-12-16,11.89,12.13,11.87,12.15,1651085.0
2020-12-17,12.36,12.87,12.255,12.9,2547761.0
2020-12-20,12.55,12.35,12.28,13.08,2482276.0
2020-12-21,12.47,12.76,12.42,13.15,3179802.0
2020-12-22,12.862,12.84,12.555,12.98,1774650.0
2020-12-23,12.87,13.27,12.71,13.32,1016192.0
2020-12-27,13.45,13.47,13.4,13.84,2751974.0
2020-12-28,13.6,13.025,12.86,13.73,1577151.0
2020-12-29,13.12,13.22,13,13.3,1371642.0
2020-12-30,13.23,13.195,12.96,13.27,1096435.0
2021-01-03,13.36,12.97,12.96,13.645,3573257.0
2021-01-04,12.93,12.23,12.18,12.93,2032811.0
2021-01-05,12.05,11.91,11.86,12.205,2214902.0
2021-01-06,12.14,11.85,11.82,12.24,1506547.0
2021-01-07,11.84,11.74,11.425,11.9,3235213.0
2021-01-10,11.56,11.97,11.45,11.98,2800718.0
2021-01-11,12.25,12.37,12.15,12.72,3826029.0
2021-01-12,12.48,12.39,12.31,12.74,1719782.0
2021-01-13,12.48,12.19,12.09,12.52,2121993.0
2021-01-14,12.19,11.98,11.91,12.39,1940453.0
2021-01-18,12.27,11.77,11.645,12.27,2863703.0
2021-01-19,11.93,12.31,11.84,12.35,2801400.0
2021-01-20,12.4211,12.5,12.37,12.72,1391049.0
2021-01-21,12.48,12.48,12.32,12.58,1254392.0
2021-01-24,12.7,12.7,12.65,13.36,4643549.0
2021-01-25,12.79,13.865,12.75,14.02,7636864.0
2021-01-26,13.73,15.08,13.5261,15.765,9347702.0
2021-01-27,15.05,14.03,13.87,15.91,4781439.0
2021-01-28,14.06,13.98,13.6,14.33,2001152.0
2021-01-31,14.06,14,13.63,14.2493,2103511.0
2021-02-01,14.05,15.14,13.87,15.58,3772161.0
2021-02-02,15.47,15.14,14.93,15.8,4141350.0
2021-02-03,14.47,14.02,13.91,14.959,4560094.0
2021-02-04,13.72,16.25,13.7,16.435,3813766.0
2021-02-07,16.64,18.07,16.63,19.17,8381803.0
2021-02-08,17.87,16.46,16.42,18.17,3613208.0
2021-02-09,16.739,16.11,15.58,16.739,2430602.0
2021-02-10,16.25,15.9,15.58,16.35,1254546.0
2021-02-11,15.75,15.49,15.44,16.18,3161988.0
2021-02-15,15.7379,15.6,15.38,16.1001,2534752.0
2021-02-16,15.525,15.48,14.94,15.56,1562304.0
2021-02-17,15.36,15.265,14.99,15.425,1047071.0
2021-02-18,15.25,15.33,15.18,15.5,1794892.0
2021-02-21,15.3,15.05,15.01,15.55,1330991.0
2021-02-22,14.43,14.64,13.805,14.675,1445931.0
2021-02-23,14.37,14.31,14.1,14.52,1174865.0
2021-02-24,15,15.04,14.89,15.95,3446288.0
2021-02-25,15.1,14.945,14.69,15.39,1542672.0
2021-02-28,15.2,15.74,15.05,15.77,1534336.0
2021-03-01,15.74,15.43,15.41,16.17,1273900.0
2021-03-02,15.47,14.81,14.67,15.68,1774337.0
2021-03-03,14.58,15.24,13.92,15.59,2639839.0
2021-03-04,15.39,15.59,14.39,15.65,2249523.0
2021-03-07,15.3,15.01,14.92,16.12,2219818.0
2021-03-08,15.43,16.03,15.42,16.2965,1120572.0
2021-03-09,16.08,15.66,15.65,16.6,1605068.0
2021-03-10,16,15.91,15.71,16.13,1415753.0
2021-03-11,15.64,16.88,15.42,16.925,1672474.0
2021-03-14,16.81,16.63,16.5,16.89,807555
2021-03-15,16.77,16.62,16.26,16.8572,986516
2021-03-16,16.6,16.33,16,16.63,793611
2021-03-17,16.63,16.51,16.05,17.75,1826842.0
2021-03-18,16.43,16.95,16.01,17.3,1445172.0
2021-03-21,17.06,16.47,16.385,17.5047,1125037.0
2021-03-22,16.47,15.7,15.37,16.77,1354397.0
2021-03-23,15.6123,13.76,13.66,15.79,1760926.0
2021-03-24,13.53,13.9,13.08,13.93,1608794.0
2021-03-25,14.02,13.81,13.36,14.13,1724095.0
2021-03-28,13.63,13.55,13.205,13.875,2063272.0
2021-03-29,13.48,12.93,12.89,13.48,1844782.0
2021-03-30,13,13,12.98,13.51,2314484.0
2021-03-31,13.31,14.66,13.17,15,5741351.0
2021-04-04,14.88,14.47,14.15,14.88,2345772.0
2021-04-05,14.36,14.485,14.09,14.82,1417211.0
2021-04-06,14.53,14.405,14.21,14.62,1122222.0
2021-04-07,14.69,15.17,14.5672,15.49,1866796.0
2021-04-08,15.09,14.88,14.66,15.2167,994993
2021-04-11,14.87,15.195,14.5201,15.235,983786
2021-04-12,15.69,17.025,15.6,17.535,4852246.0
2021-04-13,17,17.09,16.6,17.46,1807714.0
2021-04-14,17.12,17,16.77,17.2061,1254267.0
2021-04-15,16.2935,16.8,16.2935,17.07,1053553.0
2021-04-18,16.75,16.79,16.31,16.96,1124015.0
2021-04-19,16.77,15.91,15.54,16.77,1159650.0
2021-04-20,15.98,16.04,15.5124,16.1377,1351820.0
2021-04-21,15.98,15.85,15.81,16.26,790305
2021-04-22,15.99,16.19,15.8,16.34,669970
2021-04-25,16.31,16.18,15.981,16.33,564712
2021-04-26,16.19,16.39,16.03,16.65,590530
2021-04-27,16.38,16.42,16.17,16.82,683066
2021-04-28,16.51,16.25,16.07,16.54,488722
2021-04-29,16.16,16.01,15.99,16.535,754973
2021-05-02,16.14,15.54,15.51,16.14,1211670.0
2021-05-03,15.15,15.3,14.64,15.41,1129267.0
2021-05-04,15.32,14.59,14.42,15.38,976805
2021-05-05,14.46,14.04,13.65,14.57,1881560.0
2021-05-06,14.81,13.58,13.17,14.9,4039942.0
2021-05-09,13.6,12.58,12.32,13.65,2728125.0
2021-05-10,12.21,13.15,12.1,13.231,1746430.0
2021-05-11,12.89,12.06,11.98,12.985,2630826.0
2021-05-12,11.93,12.66,11.93,12.7357,2504206.0
2021-05-13,12.84,13.06,12.7,13.2,3152448.0
2021-05-16,12.88,12.46,12.36,12.965,1510721.0
2021-05-17,12.69,13.14,12.67,13.5,2181933.0
2021-05-18,12.82,13.56,12.61,13.61,1834401.0
2021-05-19,13.39,13.8,13.36,13.82,1053686.0
2021-05-20,13.9,14.06,13.6001,14.45,1760987.0
2021-05-23,14.24,14.44,14.115,14.56,1244820.0
2021-05-24,14.59,14,13.825,14.72,1864534.0
2021-05-25,14.09,14.38,14.02,14.6,831844
2021-05-26,14.14,14.27,14.03,14.44,1302657.0
2021-05-27,14.36,14.18,14.05,14.4,767631
2021-05-31,14.15,14.26,14.09,14.51,1314685.0
2021-06-01,14.29,14.27,14.085,14.505,678550
2021-06-02,14.28,13.58,13.5,14.36,1326782.0
2021-06-03,13.67,13.62,13.61,13.93,778233
2021-06-06,13.61,14.02,13.57,14.31,1235930.0
2021-06-07,14.15,14.48,14.15,14.5,682524
2021-06-08,14.43,14.05,13.88,14.61,1612338.0
2021-06-09,14.04,14.28,14.02,14.38,920953
2021-06-10,14.3,14.3,14.02,14.36,966147
2021-06-13,14.35,14.45,14.28,14.58,817386
2021-06-14,14.5,13.87,13.85,14.5,841311
2021-06-15,13.8,13.86,13.65,14.1092,447802
2021-06-16,13.7,13.81,13.29,14.15,871320
2021-06-17,13.75,13.56,13.54,13.9,642030
2021-06-20,13.54,13.63,13.23,13.76,586514
2021-06-21,13.63,13.33,13.29,13.7,635585
2021-06-22,13.34,13.78,13.34,13.8,528587
2021-06-23,14,13.88,13.64,14.11,470081
2021-06-24,13.95,14.39,13.93,14.42,805837
2021-06-27,14.52,13.96,13.73,14.56,516544
2021-06-28,13.97,14.13,13.71,14.21,815018
2021-06-29,14.07,13.52,13.47,14.07,877182
2021-06-30,13.57,13.51,13.3,13.595,862397
2021-07-01,13.59,12.84,12.8,13.6,1418284.0
2021-07-05,12.9,12.75,12.5,12.91,1178204.0
2021-07-06,12.91,12.59,12.32,12.93,535662
2021-07-07,12.28,12.23,11.94,12.42,2287710.0
2021-07-08,12.2102,12.51,12.13,12.55,829607
2021-07-11,12.6,12.33,12.225,12.62,447257
2021-07-12,12.11,11.75,11.61,12.29,1553403.0
2021-07-13,11.84,11.9,11.665,12.1,1621727.0
2021-07-14,11.75,11.75,11.61,12.05,1242875.0
2021-07-15,11.92,12.2,11.91,12.265,1156292.0
2021-07-18,11.99,11.48,11.15,12,1846193.0
2021-07-19,11.58,11.95,11.33,12.12,1366986.0
2021-07-20,11.99,11.54,11.495,11.99,1307676.0
2021-07-21,11.61,11.97,11.55,12.145,1275730.0
2021-07-22,12.05,12.03,11.87,12.16,521126
2021-07-25,11.95,12.24,11.94,12.28,803257
2021-07-26,12.21,12.05,11.82,12.24,757970
2021-07-27,12.14,12.03,11.99,12.42,786246
2021-07-28,12.03,12.05,11.935,12.265,661969
2021-07-29,11.89,11.51,11.23,11.98,1616774.0
2021-08-01,11.64,11.44,11.41,11.715,1037113.0
2021-08-02,11.5,11.13,10.87,11.5,1384950.0
2021-08-03,11.21,11.2,11.065,11.37,1397608.0
2021-08-04,10.75,11.76,10.6014,11.88,1522730.0
2021-08-05,11.5,11.21,11.14,11.73,1404488.0
2021-08-08,11.11,11.21,11,11.39,1009977.0
2021-08-09,11.28,10.81,10.73,11.365,1418063.0
2021-08-10,10.96,10.45,10.335,10.965,1408842.0
2021-08-11,10.41,10.4,10.13,10.545,1346860.0
2021-08-12,10.43,10.38,10.02,10.505,1581845.0
2021-08-15,10.3,10.06,10.03,10.3,1187854.0
2021-08-16,9.95,10,9.825,10.05,1074140.0
2021-08-17,10.1,9.97,9.92,10.32,948118
2021-08-18,9.89,9.91,9.79,10.023,1095753.0
2021-08-19,9.91,10.28,9.91,10.33,960135
2021-08-22,10.32,10.41,10.27,10.445,762040
2021-08-23,10.5,10.67,10.46,10.7,716733
2021-08-24,10.71,10.64,10.5,10.74,817541
2021-08-25,10.67,10.55,10.52,10.9,898499
2021-08-26,10.54,10.55,10.39,10.77,1022912.0
2021-08-29,10.59,10.73,10.42,10.94,927077
2021-08-30,10.74,10.64,10.56,10.84,704314
2021-08-31,10.61,10.41,10.36,10.75,895440
2021-09-01,10.5,10.55,10.37,10.79,1488126.0
2021-09-02,10.54,10.51,10.27,10.58,614389
2021-09-06,10.55,10.59,10.55,10.7,713349
2021-09-07,10.57,10.17,10.05,10.63,911803
2021-09-08,10.2,10.36,10.11,10.44,608953
2021-09-09,10.38,10.51,10.305,10.69,917916
2021-09-12,10.59,10.7,10.37,10.92,1063363.0
2021-09-13,11.23,11.68,11.1,12.05,3160211.0
2021-09-14,11.53,11.57,11.42,11.765,1844737.0
2021-09-15,11.47,12.49,11.4,12.6301,2231608.0
2021-09-16,12.38,12.22,11.96,12.52,2274977.0
2021-09-19,11.85,11.8,11.64,12.12,1214355.0
2021-09-20,11.82,11.87,11.815,12.19,637679
2021-09-21,12.01,12.19,11.8,12.24,1634330.0
2021-09-22,12.27,13.84,12.27,13.87,3182372.0
2021-09-23,13.74,14.4,13.49,14.92,3046184.0
2021-09-26,14.2,13.04,12.99,14.54,1917765.0
2021-09-27,12.78,12.48,12.44,13.02,1445223.0
2021-09-28,12.58,12.24,12.16,12.77,1084194.0
2021-09-29,12.27,12.34,12.01,12.52,986205
2021-09-30,12.48,12.83,12.32,12.96,1234214.0
2021-10-03,12.7,12.63,12.34,12.805,929191
2021-10-04,12.69,12.07,11.99,12.74,1052413.0
2021-10-05,11.92,11.97,11.89,12.21,726021
2021-10-06,12.04,12.57,12.025,12.85,1285597.0
2021-10-07,12.59,12.16,12.14,12.73,1171693.0
2021-10-10,12.16,12.02,12,12.41,1399817.0
2021-10-11,12.12,11.82,11.73,12.25,1357539.0
2021-10-12,11.96,12.68,11.855,12.995,2155917.0
2021-10-13,12.93,13.29,12.71,13.3,1762648.0
2021-10-14,13.25,13.15,12.94,13.29,1480008.0
2021-10-17,13.12,12.43,12.305,13.24,1587517.0
2021-10-18,12.44,12.55,12.35,13.085,1044725.0
2021-10-19,12.54,12.47,12.33,12.5645,752268
2021-10-20,12.47,12.58,12.37,12.79,1387912.0
2021-10-21,12.39,12.1,12.07,12.6362,1228962.0
2021-10-24,12.07,12.79,12.06,12.87,1633068.0
2021-10-25,12.88,12.65,12.57,13.08,1172848.0
2021-10-26,12.61,12.41,12.39,13,1118141.0
2021-10-27,12.53,12.61,12.3737,12.7,802403
2021-10-28,12.48,12.53,12.48,12.995,1237338.0
2021-10-31,12.59,12.65,12.37,12.71,788179
2021-11-01,12.69,11.8,11.755,12.725,1477605.0
2021-11-02,11.74,12.03,11.66,12.18,855794
2021-11-03,12.09,11.78,11.565,12.215,1591298.0
2021-11-04,11.84,10.87,10.64,12.015,1740086.0
2021-11-07,10.86,10.85,10.62,10.935,1185903.0
2021-11-08,10.82,10.77,10.5,10.89,1072740.0
2021-11-09,10.71,10.72,10.5,10.88,1100225.0
2021-11-10,10.76,10.81,10.6615,10.97,901413
2021-11-11,10.8,10.98,10.74,11.01,1115830.0
2021-11-14,11.04,11.02,10.82,11.27,1126772.0
2021-11-15,10.94,11.3,10.82,11.37,1113127.0
2021-11-16,11.23,11.21,11.1,11.3,1230335.0
2021-11-17,11.34,10.5,10.44,11.3792,1367151.0
2021-11-18,10.3975,9.99,9.9101,10.56,1181834.0
2021-11-21,10.09,9.41,9.09,10.09,1932814.0
2021-11-22,9.3,9.34,8.89,9.39,1534578.0
2021-11-23,9.35,9.7,9.17,9.705,1464525.0
2021-11-25,9.4,9.63,9.39,9.67,1113799.0
2021-11-28,9.62,9.51,9.2901,9.77,1454394.0
2021-11-29,9.56,9.61,9.2815,9.77,2038188.0
2021-11-30,9.8,9.53,9.38,9.97,2148265.0
2021-12-01,9.36,9.2,9.07,9.57,2116074.0
2021-12-02,9.22,8.77,8.6702,9.245,1262971.0
2021-12-05,8.655,9.22,8.51,9.25,1112063.0
2021-12-06,9.41,9.77,9.35,10.1,1539238.0
2021-12-07,9.75,9.9,9.68,10.145,1936136.0
2021-12-08,9.705,10.03,9.705,10.08,1841014.0
2021-12-09,10.03,9.55,9.45,10.28,1145196.0
2021-12-12,9.49,9.24,9.19,9.545,1783744.0
2021-12-13,9.13,8.93,8.85,9.22,996810
2021-12-14,9,9.41,8.76,9.43,1056125.0
2021-12-15,9.48,9.15,9.01,9.49,1008774.0
2021-12-16,9.03,9.57,8.86,9.59,1357736.0
2021-12-19,9.35,9.29,9.02,9.35,621479
2021-12-20,9.44,9.61,9.28,9.78,932297
2021-12-21,9.63,9.4,9.355,9.63,613336
2021-12-22,9.37,9.43,9.26,9.555,783081
2021-12-26,9.49,9.33,9.28,9.55,661185
2021-12-27,9.26,9.17,9.12,9.38,555208
2021-12-28,9.1,8.67,8.66,9.1,896083
2021-12-29,8.67,9.22,8.585,9.3,1057815.0
2021-12-30,9.18,9.21,9.06,9.365,806969
2022-01-02,9.36,9.38,9.22,9.64,718793
2022-01-03,9.48,8.88,8.77,9.52,1221334.0
2022-01-04,8.8,8.54,8.54,9.3164,1677421.0
2022-01-05,8.5,8.37,8.29,8.74,1055891.0
2022-01-06,8.42,8.43,8.27,8.63,819385
2022-01-09,8.28,8.29,7.86,8.33,1194832.0
2022-01-10,8.31,8.65,8.21,8.665,1641828.0
2022-01-11,8.61,8.57,8.42,8.85,603020
2022-01-12,8.54,7.91,7.89,8.74,1254819.0
2022-01-13,7.88,8.21,7.8616,8.21,1478807.0
2022-01-17,8.59,8.23,8.2,8.65,1942037.0
2022-01-18,8.28,8.4,8.185,8.6,1252224.0
2022-01-19,8.62,8.48,8.46,8.9157,1669153.0
2022-01-20,8.38,7.95,7.95,8.43,1070060.0
2022-01-23,7.72,7.84,6.88,7.86,2775898.0
2022-01-24,7.7,7.78,7.615,7.98,1521442.0
2022-01-25,8.09,7.85,7.79,8.22,1578076.0
2022-01-26,7.91,7.58,7.435,7.99,668650
2022-01-27,7.57,7.8,7.35,7.8,1132452.0
2022-01-30,8.41,8.58,8.28,8.7499,5019605.0
2022-01-31,8.7,8.51,8.24,8.72,2721698.0
2022-02-01,8.58,8.42,8.28,8.64,1506915.0
2022-02-02,8,8,7.94,8.2,1315664.0
2022-02-03,7.98,8.2,7.78,8.325,1663794.0
2022-02-06,8.12,8.35,8.085,8.37,945692
2022-02-07,8.23,8.61,8.19,8.61,1241970.0
2022-02-08,8.67,8.85,8.56,8.9,1007743.0
2022-02-09,8.63,8.71,8.515,8.87,1106120.0
2022-02-10,8.73,8.61,8.545,9.0368,1283680.0
2022-02-13,8.56,8.5,8.3924,8.82,713506
2022-02-14,8.62,8.85,8.5,8.905,1405179.0
2022-02-15,7.93,6.77,6.68,8.6387,7346327.0
2022-02-16,6.91,6.49,6.4,6.97,2053721.0
2022-02-17,6.44,6.62,6.285,6.62,2423364.0
2022-02-21,6.4,6.67,6.36,6.78,2840205.0
2022-02-22,6.71,6.39,6.345,6.78,2503460.0
2022-02-23,6.19,6.75,6.1025,6.755,1152085.0
2022-02-24,6.73,6.94,6.365,6.94,2269376.0
2022-02-27,6.89,6.89,6.79,7.06,1272684.0
2022-02-28,6.89,7.06,6.89,7.19,1052232.0
2022-03-01,7.07,6.93,6.75,7.07,897724
2022-03-02,7.01,6.57,6.42,7.01,1790050.0
2022-03-03,6.5,6.15,6.02,6.7,2439295.0
2022-03-06,6.12,5.66,5.65,6.41,1870835.0
2022-03-07,5.63,5.86,5.38,5.99,1297426.0
2022-03-08,6.215,6.5,6.01,6.52,1555644.0
2022-03-09,6.29,6.12,5.92,6.31,1259356.0
2022-03-10,6.18,5.85,5.675,6.26,1480097.0
2022-03-13,5.76,5.59,5.56,6.04,1361310.0
2022-03-14,5.6,5.7,5.565,5.875,1006609.0
2022-03-15,5.88,5.95,5.78,6.11,1163518.0
2022-03-16,5.82,6,5.77,6.095,1448432.0
2022-03-17,5.96,6.15,5.95,6.24,1490326.0
2022-03-20,6.12,5.77,5.67,6.12,1191216.0
2022-03-21,5.82,6.13,5.79,6.29,1678104.0
2022-03-22,6.01,5.9,5.88,6.29,1257990.0
2022-03-23,5.93,6.01,5.86,6.04,1002983.0
2022-03-24,6,5.73,5.69,6.08,1124813.0
2022-03-27,5.74,5.88,5.63,5.94,1029868.0
2022-03-28,6.03,6.09,5.95,6.24,1218516.0
2022-03-29,6.03,5.92,5.9,6.22,898882
2022-03-30,5.95,5.67,5.67,5.96,713281
2022-03-31,5.74,5.55,5.49,5.81,1120282.0
2022-04-03,5.64,6.05,5.64,6.19,2269337.0
2022-04-04,6.04,5.83,5.785,6.09,1140216.0
2022-04-05,5.68,5.58,5.435,5.74,821729
2022-04-06,5.53,5.5,5.3,5.58,769996
2022-04-07,5.44,5.36,5.25,5.44,1103467.0
2022-04-10,5.29,5.41,5.24,5.5,1478700.0
2022-04-11,5.55,5.37,5.31,5.57,719515
2022-04-12,5.35,5.35,5.21,5.4478,1067119.0
2022-04-13,5.4,5.06,5.04,5.42,1186345.0
2022-04-17,5.14,5.13,4.94,5.235,1721827.0
2022-04-18,5.09,5.25,5.01,5.37,1629880.0
2022-04-19,5.3,4.96,4.94,5.32,1876620.0
2022-04-20,5.04,4.84,4.82,5.21,1320639.0
2022-04-21,4.81,4.73,4.62,4.88,1138343.0
2022-04-24,4.72,4.87,4.69,4.925,1605365.0
2022-04-25,4.84,4.75,4.59,4.86,1646899.0
2022-04-26,4.73,4.65,4.65,4.87,1846107.0
2022-04-27,4.7,4.64,4.525,4.81,2281799.0
2022-04-28,4.63,4.41,4.4,4.795,1919482.0
2022-05-01,4.41,4.63,4.36,4.68,2043359.0
2022-05-02,4.62,4.75,4.56,4.81,1756942.0
2022-05-03,4.71,4.83,4.61,4.94,2661333.0
2022-05-04,4.76,4.46,4.42,4.76,1228791.0
2022-05-05,4.45,4.11,4.1,4.48,1713165.0
2022-05-08,4,3.59,3.47,4.015,2303412.0
2022-05-09,4,4.39,3.91,4.48,4634988.0
2022-05-10,4.3,4.45,4.22,4.54,4086515.0
2022-05-11,4.36,4.7,4.28,4.85,3621137.0
2022-05-12,4.78,5.1,4.78,5.2,3564422.0
2022-05-15,5.04,4.78,4.78,5.09,2544955.0
2022-05-16,4.92,4.95,4.8,5.13,2483038.0
2022-05-17,4.84,4.72,4.65,4.95,1128233.0
2022-05-18,4.7,5.13,4.66,5.2,1725398.0
2022-05-19,5.22,5.01,4.775,5.22,2097030.0
2022-05-22,4.91,5,4.83,5.06,1012921.0
2022-05-23,4.85,4.57,4.5,4.85,682805
2022-05-24,4.51,4.73,4.51,4.83,926157
2022-05-25,4.75,5.32,4.74,5.34,1744360.0
2022-05-26,5.43,5.68,5.405,5.775,3740847.0
2022-05-30,5.74,5.49,5.415,5.74,2383228.0
2022-05-31,5.55,5.48,5.335,5.675,903716
2022-06-01,5.48,5.83,5.43,5.87,1402292.0
2022-06-02,5.67,5.45,5.39,5.67,2209866.0
2022-06-05,5.61,5.6,5.41,5.69,1339220.0
2022-06-06,5.52,5.56,5.46,5.645,1436278.0
2022-06-07,5.59,5.5,5.475,5.71,1132907.0
2022-06-08,5.41,5.1,5.08,5.44,860555
2022-06-09,4.93,4.65,4.63,5.015,1336923.0
2022-06-12,4.45,4.01,3.98,4.54,1990697.0
2022-06-13,4.125,4.19,4.0114,4.285,1318123.0
2022-06-14,4.22,4.47,4.16,4.6,1766425.0
2022-06-15,4.24,4.1,4.07,4.3,1067761.0
2022-06-16,4.18,4.17,3.97,4.27,1585394.0
2022-06-20,4.34,4.3,4.22,4.43,826656
2022-06-21,4.21,4.3,4.125,4.41,931921
2022-06-22,4.34,4.55,4.3,4.55,868108
2022-06-23,4.6,4.77,4.58,4.8,863471
2022-06-26,4.8,4.77,4.6,4.85,967924
2022-06-27,4.78,4.62,4.59,4.8,691365
2022-06-28,4.63,4.65,4.485,4.65,1221369.0
2022-06-29,4.52,4.58,4.4206,4.64,1571973.0
2022-06-30,4.53,4.57,4.455,4.6,1315638.0
2022-07-04,4.54,5.02,4.48,5.02,1164595.0
2022-07-05,5,4.82,4.81,5.08,734219
2022-07-06,4.9,4.63,4.625,4.9,891756
2022-07-07,4.56,4.47,4.435,4.655,876569
2022-07-10,4.37,4.01,3.99,4.37,852063
2022-07-11,4.01,3.91,3.85,4.03,761517
2022-07-12,3.76,3.92,3.725,3.94,1408008.0
2022-07-13,3.89,4.3,3.85,4.47,3652765.0
2022-07-14,4.26,4.86,4.22,4.89,2375655.0
2022-07-17,4.88,4.92,4.83,5.14,1294080.0
2022-07-18,5.04,5.2,5.01,5.275,1038707.0
2022-07-19,5.21,5.33,5.16,5.475,1277601.0
2022-07-20,5.3,5.42,5.22,5.465,2665918.0
2022-07-21,5.37,5.18,5.09,5.475,1551071.0
2022-07-24,5.18,5.14,4.985,5.26,821259
2022-07-25,5.1,4.82,4.8,5.1,727147
2022-07-26,4.9,5.16,4.85,5.185,472826
2022-07-27,5.16,5.28,5.07,5.3,650485
2022-07-28,5.24,5.2,5.115,5.375,730667
2022-07-31,5.15,5.41,4.97,5.53,868173
2022-08-01,5.34,5.59,5.3,5.65,962027
2022-08-02,5.66,5.73,5.64,5.905,974547
2022-08-03,5.77,5.77,5.73,5.93,587798
2022-08-04,5.61,5.82,5.52,5.965,902494
2022-08-07,5.88,6.12,5.865,6.31,1954131.0
2022-08-08,5.98,6.14,5.8,6.2,2465894.0
2022-08-09,5.84,5.2,4.805,5.87,4865959.0
2022-08-10,5.37,5.05,5.04,5.745,2924101.0
2022-08-11,5.11,5.28,5.03,5.4899,2255846.0
2022-08-14,5.19,5.17,5.08,5.3577,1911665.0
2022-08-15,5.17,5.28,5.09,5.305,1805938.0
2022-08-16,5.19,4.89,4.88,5.21,1007479.0
2022-08-17,4.89,5.03,4.73,5.06,933419
2022-08-18,4.9,4.62,4.6,4.95,921515
2022-08-21,4.54,4.26,4.225,4.565,1346310.0
2022-08-22,4.29,4.38,4.27,4.52,778627
2022-08-23,4.35,4.45,4.27,4.505,751209
2022-08-24,4.53,4.55,4.4697,4.61,554291
2022-08-25,4.53,4.31,4.28,4.59,590529
2022-08-28,4.22,4.03,4.02,4.32,1565571.0
2022-08-29,4.08,3.99,3.94,4.1,991639
2022-08-30,4.06,4.06,4,4.17,1113991.0
2022-08-31,4,3.84,3.65,4.03,1868390.0
2022-09-01,3.89,3.9,3.815,3.97,752642
2022-09-05,3.9,3.77,3.69,3.9,556710
2022-09-06,3.81,3.83,3.7512,3.99,1548200.0
2022-09-07,3.83,3.79,3.665,3.83,1178495.0
2022-09-08,3.86,3.91,3.715,3.936,1568629.0
2022-09-11,3.92,3.83,3.75,4,1292504.0
2022-09-12,3.69,3.61,3.58,3.77,1712295.0
2022-09-13,3.6,3.4,3.29,3.6,2560948.0
2022-09-14,3.36,3.28,3.24,3.41,1710929.0
2022-09-15,3.23,3.2,3.14,3.23,1328862.0
2022-09-18,3.15,3.1,3.1,3.23,987412
2022-09-19,3.09,3.11,3.0538,3.1697,1151544.0
2022-09-20,3.1,2.97,2.97,3.1298,1244058.0
2022-09-21,2.94,2.97,2.88,3,1515238.0
2022-09-22,2.92,2.99,2.885,3,1508072.0
2022-09-25,2.95,2.95,2.925,3.075,1187536.0
2022-09-26,3.07,2.99,2.945,3.095,935327
2022-09-27,2.99,3.15,2.99,3.18,736683
2022-09-28,3.11,3.01,2.98,3.11,830172
2022-09-29,3.01,2.95,2.89,3.02,1484863.0
2022-10-02,2.99,2.94,2.77,2.99,1825647.0
2022-10-03,3.02,3.14,3,3.19,2225654.0
2022-10-04,3.04,3.12,3,3.22,1152303.0
2022-10-05,3.13,3.2,3.08,3.21,783017
2022-10-06,3.12,2.92,2.87,3.12,1454466.0
2022-10-09,2.94,2.95,2.8701,3,535003
2022-10-10,2.86,2.65,2.6208,2.88,2923269.0
2022-10-11,2.63,2.67,2.54,2.86,3045618.0
2022-10-12,2.55,2.3,2.27,2.6,4829533.0
2022-10-13,2.37,2.14,2.05,2.37,7192306.0
2022-10-16,2.16,2.13,2.07,2.29,3027768.0
2022-10-17,2.18,2.11,2.1,2.31,2828277.0
2022-10-18,2.07,2.18,2.04,2.21,1704976.0
2022-10-19,2.19,2.12,2.12,2.2575,1055723.0
2022-10-20,2.14,2.09,2.03,2.16,1719163.0
2022-10-23,2.09,2.09,2,2.11,1025137.0
2022-10-24,2.09,2.26,2.09,2.29,1006467.0
2022-10-25,2.19,2.14,2.1216,2.3,1876067.0
2022-10-26,2.16,2.12,2.1,2.21,1016830.0
2022-10-27,2.1,2.14,2.06,2.145,685850
2022-10-30,2.17,2.15,2.105,2.22,1694760.0
2022-10-31,2.22,2.3,2.21,2.41,1429523.0
2022-11-01,2.28,2.2,2.1617,2.395,1245149.0
2022-11-02,2.16,2.05,2.035,2.16,1060121.0
2022-11-03,2.09,1.93,1.9,2.1,2202532.0
2022-11-06,1.94,1.94,1.86,1.97,2273779.0
2022-11-07,1.91,1.91,1.81,2,1969121.0
2022-11-08,2.08,2.05,2.0329,2.25,2388974.0
2022-11-09,2.15,2.29,2.11,2.3,2828753.0
2022-11-10,2.32,2.42,2.27,2.45,1344597.0
2022-11-13,2.41,2.33,2.3,2.515,1331397.0
2022-11-14,2.42,2.28,2.26,2.57,2092071.0
2022-11-15,2.26,2.17,2.11,2.32,2758430.0
2022-11-16,2.1,2.04,2.025,2.175,2202570.0
2022-11-17,2.06,2.17,2.06,2.18,924376
2022-11-20,2.2,2.08,2.06,2.21,1245114.0
2022-11-21,2.06,2.03,1.97,2.143,1831657.0
2022-11-22,2.02,2.14,2.01,2.215,1204798.0
2022-11-24,2.12,2.12,2.115,2.16,198733
2022-11-27,2.1,2.19,2.07,2.19,721894
2022-11-28,2.19,2.06,2,2.2199,2533698.0
2022-11-29,2.06,2.23,2.05,2.24,1219043.0
2022-11-30,2.22,2.28,2.19,2.33,728903
2022-12-01,2.18,2.37,2.13,2.42,1060733.0
2022-12-04,2.37,2.15,2.13,2.44,871811
2022-12-05,2.17,2.03,2,2.17,926419
2022-12-06,2,1.89,1.88,2.01,1355667.0
2022-12-07,1.93,2,1.91,2.08,1558274.0
2022-12-08,1.99,2.03,1.9505,2.04,901925
2022-12-11,2.02,2.12,1.93,2.125,1371571.0
2022-12-12,2.24,2.22,2.2,2.4,1757662.0
2022-12-13,2.21,2.15,2.12,2.23,596393
2022-12-14,2.11,2.01,1.975,2.14,1598774.0
2022-12-15,2.02,2.14,2.015,2.16,1977928.0
2022-12-18,2.12,2.03,1.99,2.175,854005
2022-12-19,2.02,1.94,1.9,2.035,1094664.0
2022-12-20,1.94,1.96,1.91,1.9788,1327047.0
2022-12-21,1.91,2.04,1.855,2.06,1138651.0
2022-12-22,2.01,2.23,2,2.24,1592676.0
2022-12-26,2.23,2.2,2.09,2.24,1719192.0
2022-12-27,2.16,2.12,2.12,2.25,1298012.0
2022-12-28,2.14,2.21,2.115,2.25,1347218.0
2022-12-29,2.18,2.35,2.18,2.37,1074814.0
2023-01-02,2.36,2.48,2.345,2.52,1336956.0
2023-01-03,2.5,2.59,2.485,2.62,939236
2023-01-04,2.56,2.51,2.46,2.56,787684
2023-01-05,2.56,2.51,2.45,2.56,935943
2023-01-08,2.52,2.5,2.4522,2.6,647200
2023-01-09,2.5,2.46,2.36,2.545,672315
2023-01-10,2.5,2.56,2.42,2.57,803429
2023-01-11,2.6,2.82,2.58,2.89,1452227.0
2023-01-12,2.81,2.73,2.605,2.81,1188015.0
2023-01-16,2.71,2.84,2.615,2.85,758862
2023-01-17,2.87,2.79,2.71,2.96,1488232.0
2023-01-18,2.72,2.82,2.7,2.88,721187
2023-01-19,2.83,2.85,2.78,2.915,918194
2023-01-22,2.88,2.88,2.845,3,1033335.0
2023-01-23,2.88,2.89,2.83,3,740842
2023-01-24,2.86,2.84,2.755,2.87,632890
2023-01-25,2.84,2.85,2.76,2.9,887068
2023-01-26,2.82,2.94,2.82,2.99,559186
2023-01-29,2.89,2.88,2.8,3,501508
2023-01-30,2.9,2.91,2.855,2.96,503650
2023-01-31,2.89,3.01,2.84,3.03,887290
2023-02-01,3.05,2.89,2.835,3.3799,2655817.0
2023-02-02,2.83,2.83,2.83,3.085,948655
2023-02-05,2.86,2.83,2.79,2.925,900882
2023-02-06,2.83,2.94,2.75,2.96,984156
2023-02-07,2.92,2.86,2.84,3,611321
2023-02-08,2.93,2.84,2.77,2.93,1082397.0
2023-02-09,2.83,2.89,2.72,2.905,1627745.0
2023-02-12,2.99,2.66,2.64,2.99,2582345.0
2023-02-13,2.5,2.44,2.43,2.6807,3746170.0
2023-02-14,2.56,2.77,2.49,2.81,1537444.0
2023-02-15,2.75,2.75,2.7,2.855,775090
2023-02-16,2.67,2.55,2.485,2.72,1521287.0
2023-02-20,2.51,2.46,2.46,2.68,703759
2023-02-21,2.5,2.54,2.495,2.59,934992
2023-02-22,2.54,2.52,2.47,2.57,528015
2023-02-23,2.45,2.44,2.4,2.4875,1118868.0
2023-02-26,2.48,2.53,2.46,2.575,380191
2023-02-27,2.54,2.56,2.4801,2.59,986071
2023-02-28,2.51,2.5,2.48,2.53,294821
2023-03-01,2.49,2.45,2.355,2.51,702351
2023-03-02,2.51,2.53,2.46,2.58,680905
2023-03-05,2.5,2.65,2.5,2.76,848195
2023-03-06,2.63,2.54,2.52,2.66,543115
2023-03-07,2.54,2.44,2.42,2.56,471167
2023-03-08,2.44,2.36,2.33,2.48,388173
2023-03-09,2.35,2.21,2.13,2.39,1239560.0
2023-03-12,2.19,2.47,2.11,2.61,2226512.0
2023-03-13,2.52,2.37,2.34,2.58,548745
2023-03-14,2.34,2.25,2.19,2.37,706776
2023-03-15,2.22,2.25,2.18,2.265,480414
2023-03-16,2.25,2.15,2.12,2.27,1108852.0
2023-03-19,2.11,2.14,2.1,2.21,368349
2023-03-20,2.35,2.24,2.14,2.35,479612
2023-03-21,2.23,2.18,2.14,2.26,462950
2023-03-22,2.29,2.22,2.16,2.29,327894
2023-03-23,2.22,2.15,2.12,2.22,307533
2023-03-26,2.13,2.12,2.1,2.17,305475
2023-03-27,2.13,2.06,2.05,2.17,469370
2023-03-28,2.08,2.13,2.03,2.14,373963
2023-03-29,2.11,2.19,2.085,2.25,792856
2023-03-30,2.19,2.27,2.14,2.27,354639
2023-04-02,2.27,2.21,2.145,2.29,503882
2023-04-03,2.22,2.2,2.12,2.22,475686
2023-04-04,2.18,2.15,2.09,2.18,326042
2023-04-05,2.13,2.16,2.08,2.17,281597
2023-04-09,2.11,2.18,2.085,2.19,341499
2023-04-10,2.19,2.18,2.115,2.23,413292
2023-04-11,2.2,2.09,2.08,2.23,352751
2023-04-12,2.13,2.15,2.0715,2.15,283700
2023-04-13,2.11,2.11,2.06,2.135,477972
2023-04-16,2.1,2.1,2.06,2.129,253537
2023-04-17,2.1,2.05,2.03,2.1,415695
2023-04-18,2.01,2.06,2,2.07,549717
2023-04-19,2.06,2,2,2.07,422820
2023-04-20,2.01,2.05,2.01,2.06,438587
2023-04-23,2.05,2.14,2.03,2.205,1071754.0
2023-04-24,2.13,2.16,2.11,2.18,398086
2023-04-25,2.17,2.31,2.17,2.35,672836
2023-04-26,2.32,2.35,2.27,2.43,601233
2023-04-27,2.31,2.3,2.26,2.33,510124
2023-04-30,2.285,2.36,2.22,2.37,412196
2023-05-01,2.37,2.3,2.25,2.37,538172
2023-05-02,2.31,2.34,2.26,2.365,426303
2023-05-03,2.35,2.38,2.21,2.4,526301
2023-05-04,2.38,2.44,2.3115,2.475,654865
2023-05-07,2.44,2.56,2.41,2.58,606328
2023-05-08,2.55,2.5,2.445,2.55,476623
2023-05-09,2.8,2.99,2.8,3.21,2384177.0
2023-05-10,3.03,3.04,2.99,3.15,752237
2023-05-11,3.04,3.1,3.0115,3.13,774326
2023-05-14,3.15,3.13,3.1,3.35,922534
2023-05-15,3.09,3.1,3.03,3.16,338632
2023-05-16,3.1,3.14,3.07,3.18,470254
2023-05-17,3.14,3.2,3.0808,3.21,414977
2023-05-18,3.23,3.17,3.14,3.31,854013
2023-05-21,3.2,3.2,3.155,3.31,321119
2023-05-22,3.25,3.43,3.1938,3.525,1057148.0
2023-05-23,3.4,3.43,3.26,3.47,535991
2023-05-24,3.43,3.24,3.22,3.43,602930
2023-05-25,3.24,3.2,3.18,3.27,567086
2023-05-29,3.27,3.03,2.995,3.31,854329
