date,open_price,close_price,lowest_price,highest_price,volume
2014-01-01,25.81,25.71,25.26,26,55006
2014-01-02,25.66,25.58,25.46,25.99,15960
2014-01-05,25.44,25,24.83,25.55,21142
2014-01-06,25.16,25.08,25,25.78,16303
2014-01-07,25.12,24.9,24.74,25.25,16267
2014-01-08,25.01,25.18,25,25.33,10729
2014-01-09,25.25,24.81,24.6,25.25,17113
2014-01-12,25.15,24.77,24.55,25.15,31589
2014-01-13,24.85,25.14,24.85,25.32,14124
2014-01-14,25.09,25.41,24.97,25.54,22329
2014-01-15,24.72,24.89,24.57,25.01,10773
2014-01-16,24.77,24.72,24.6101,24.9,11996
2014-01-20,24.77,25.32,24.71,25.4,21673
2014-01-21,25.46,25.64,24.93,25.8,47697
2014-01-22,25.4,25.31,24.93,25.525,35364
2014-01-23,25.11,25.38,24.81,25.4,31546
2014-01-26,25.26,25.11,25.07,25.329,25079
2014-01-27,25.24,25.44,25.12,25.44,35708
2014-01-28,25.22,24.63,24.62,25.49,20241
2014-01-29,24.81,24.682,24.6311,25.11,14631
2014-01-30,24.68,24.6,24.392,24.89,44275
2014-02-02,24.71,23.74,23.65,25.26,61688
2014-02-03,24,24.77,23.66,24.795,27715
2014-02-04,24.53,24.58,24.399,24.68,30967
2014-02-05,24.419,24.77,24.419,24.97,27016
2014-02-06,24.75,24.76,24.39,24.76,26732
2014-02-09,24.83,24.94,24.53,25.14,26617
2014-02-10,25.265,25,24.82,25.4,17713
2014-02-11,25.04,25.17,24.82,25.18,23913
2014-02-12,25.05,25.46,24.87,25.5,9030
2014-02-13,25.5,25.52,25.1161,25.8,14818
2014-02-17,25.68,25.77,25.5022,25.85,19063
2014-02-18,25.56,25.72,25.5086,25.83,26369
2014-02-19,25.63,25.97,25.63,26.19,23902
2014-02-20,26.14,26.6,26.14,26.89,33160
2014-02-23,26.58,26.65,26.58,26.89,15387
2014-02-24,26.63,26.27,26.27,27.24,8183
2014-02-25,26.38,26.64,26.38,26.81,9795
2014-02-26,26.63,26.54,26.35,26.78,14340
2014-02-27,26.63,26.33,26.12,27.84,27160
2014-03-02,26.05,26.73,26.05,26.74,19427
2014-03-03,26.96,26.95,26.7625,27.24,50071
2014-03-04,26.83,26.93,26.55,28.062,8082
2014-03-05,26.95,26.96,26.712,27,7990
2014-03-06,27,26.93,26.804,27.0899,9356
2014-03-09,26.68,27.35,26.39,27.35,11880
2014-03-10,27.26,26.6,26.406,27.49,20541
2014-03-11,26.53,26.74,26.2405,26.75,11574
2014-03-12,26.73,26.38,26.32,26.73,6525
2014-03-13,26.38,26.07,25.97,26.58,8895
2014-03-16,25.83,25.99,25.83,26.34,18760
2014-03-17,26.08,25.61,25.266,26.08,22613
2014-03-18,25.27,25.67,25.25,25.67,39504
2014-03-19,25.57,26.68,25.57,26.68,9668
2014-03-20,26.83,26.7,25.34,26.9,35439
2014-03-23,27.1175,27.04,26.31,27.359,30095
2014-03-24,26.81,26.97,26.81,27.23,19851
2014-03-25,27.37,26.39,26.35,27.37,21475
2014-03-26,26.33,26.19,26,26.37,19242
2014-03-27,26.14,26.31,26.01,26.38,26650
2014-03-30,26.4,26.71,26.1825,27.02,31331
2014-03-31,26.79,27.4,26.56,27.5,59947
2014-04-01,27.4,27.35,27.0575,27.4781,18763
2014-04-02,27.26,26.73,26.702,27.26,10223
2014-04-03,26.97,26.26,26.2275,27.17,24181
2014-04-06,26.2,25.57,25.47,26.23,24659
2014-04-07,25.7,25.59,25.52,26.0014,21362
2014-04-08,25.51,25.51,25.26,25.74,23772
2014-04-09,25.5,25.04,24.64,25.5,38823
2014-04-10,24.77,24.81,24.54,25.26,19957
2014-04-13,25.03,24.79,24.5,25.47,18827
2014-04-14,24.73,24.53,24.04,24.839,16951
2014-04-15,24.81,24.62,24.62,25.3398,12772
2014-04-16,24.56,24.95,24.26,25.28,8986
2014-04-20,24.88,25.1,24.67,25.18,7128
2014-04-21,25.16,25.18,24.79,25.2,9947
2014-04-22,25.04,24.64,24.45,25.04,15424
2014-04-23,24.78,24.63,24.51,24.78,8661
2014-04-24,24.59,24.34,24.1,25.09,25629
2014-04-27,24.31,24.11,23.765,24.31,21455
2014-04-28,24.03,23.77,23.76,24.17,15959
2014-04-29,24.05,24.32,23.76,24.33,46501
2014-04-30,24.38,24.33,24,24.55,44336
2014-05-01,24.33,24.31,24.1,24.42,21310
2014-05-04,24.05,24.05,23.93,24.29,19731
2014-05-05,24,23.8,23.66,24,33692
2014-05-06,23.76,23.74,23.65,23.84,23580
2014-05-07,23.65,23.54,23.512,23.85,16687
2014-05-08,23.51,23.8,23.34,23.87,55840
2014-05-11,23.634,24.52,23.612,24.9,17289
2014-05-12,24.48,24.11,24.01,24.48,24980
2014-05-13,24.02,23.37,23.36,24.185,29575
2014-05-14,23.32,23.28,23.25,23.45,19764
2014-05-15,23.24,23.99,23.24,24.05,20667
2014-05-18,23.93,24.26,23.7,24.41,9692
2014-05-19,24.15,23.82,23.6,24.19,36410
2014-05-20,23.75,23.73,23.58,24.2,19331
2014-05-21,23.82,23.93,23.78,24.1,13333
2014-05-22,23.94,24.15,23.81,24.236,10195
2014-05-26,24.46,24.54,24.18,25,13740
2014-05-27,24.64,24.39,24.08,24.64,15152
2014-05-28,24.64,24.38,24.36,24.75,4135
2014-05-29,24.49,24.61,24,24.865,22575
2014-06-01,24.78,24.04,23.88,24.78,25411
2014-06-02,24.14,23.62,23.512,24.19,90737
2014-06-03,23.48,23.76,23.48,23.885,25900
2014-06-04,24.38,24.23,23.845,24.38,27416
2014-06-05,24.42,24.87,24.42,24.92,22736
2014-06-08,24.3473,24.96,24.3,25.23,20654
2014-06-09,24.95,24.93,24.66,24.95,7937
2014-06-10,24.92,24.57,24.16,24.92,18098
2014-06-11,24.44,24.29,24.07,24.58,10000
2014-06-12,24.46,24.16,24.1,24.5,12073
2014-06-15,24.02,24.48,24.01,24.61,11316
2014-06-16,24.4,24.32,24.2,24.795,31485
2014-06-17,24.41,24.32,24.2301,24.43,5937
2014-06-18,24.33,24.005,23.73,24.39,21969
2014-06-19,24.19,24.38,23.795,24.4,71547
2014-06-22,24.11,24.28,24.11,24.4,6844
2014-06-23,24.44,24.13,24.03,24.45,19292
2014-06-24,23.97,24.31,23.97,24.43,7513
2014-06-25,24.27,24.36,23.85,24.4,13860
2014-06-26,24.13,24.36,23.96,24.5,73341
2014-06-29,24.29,23.99,23.87,24.45,21125
2014-06-30,24.05,24.47,24.05,24.5,43266
2014-07-01,24.4,24.3,24.3,24.45,10707
2014-07-02,24.26,24.4,24.24,24.4625,15055
2014-07-06,24.24,24.05,24.05,24.25,15803
2014-07-07,23.91,23.81,23.63,24,20098
2014-07-08,23.89,23.84,23.74,24,8144
2014-07-09,23.47,23.63,23.47,23.81,24864
2014-07-10,23.64,23.66,23.59,23.8,9351
2014-07-13,23.7,23.72,23.7,23.844,17912
2014-07-14,23.56,23.51,23.46,23.63,21928
2014-07-15,23.65,23.35,23.35,23.7987,11079
2014-07-16,23.12,23.06,23.05,23.35,21625
2014-07-17,23,23.72,22.8301,23.75,41489
2014-07-20,23.54,23.41,23.35,23.54,7722
2014-07-21,23.5,23.53,23.4,23.8,17106
2014-07-22,23.64,23.52,23.4,23.75,9157
2014-07-23,23.42,23.5,23.36,23.74,22543
2014-07-24,23.31,23.03,23.03,23.42,21875
2014-07-27,23.21,23.7,23.21,23.77,33482
2014-07-28,23.8,23.97,23.78,24.15,21047
2014-07-29,24,24.04,23.672,24.05,43575
2014-07-30,23.77,23.9,23.77,24,25192
2014-07-31,24,23.34,23.295,24,20997
2014-08-03,23.53,23.5,23.28,23.642,14687
2014-08-04,23.34,23.3,23.28,23.6,11764
2014-08-05,23.28,23.49,23.28,23.66,10067
2014-08-06,23.5,23.69,23.4,23.97,19838
2014-08-07,23.7,23.76,23.65,23.86,12005
2014-08-10,23.91,23.99,23.47,24,8450
2014-08-11,23.88,24.03,23.85,24.06,10197
2014-08-12,24.09,24.3,24.09,24.43,10708
2014-08-13,24.38,24.45,24.3267,24.52,3584
2014-08-14,24.68,24.77,24.62,24.93,39409
2014-08-17,24.89,25.25,24.89,25.255,22167
2014-08-18,25.19,25.37,24.99,25.45,22246
2014-08-19,25.37,25,25,25.37,8090
2014-08-20,24.67,24.71,24.57,24.81,8717
2014-08-21,24.76,24.71,24.61,24.81,10458
2014-08-24,24.7,24.79,24.51,24.862,44018
2014-08-25,24.75,24.86,24.5317,24.924,15413
2014-08-26,24.79,24.73,24.66,24.99,11480
2014-08-27,24.75,24.76,24.7,24.94,13514
2014-08-28,24.76,24.86,24.72,24.89,21142
2014-09-01,24.8372,25,24.81,25.21,13456
2014-09-02,25,24.94,24.9,25.3099,13064
2014-09-03,24.92,24.93,24.9,25.218,9711
2014-09-04,25,25.12,24.9,25.204,10029
2014-09-07,25.03,25.26,25.03,25.32,4384
2014-09-08,25.07,24.99,24.92,25.172,12389
2014-09-09,24.96,25.33,24.915,25.33,17437
2014-09-10,25.11,25.17,25.01,25.24,7848
2014-09-11,25.24,25,24.79,25.311,21375
2014-09-14,24.95,25.01,24.77,25.16,19356
2014-09-15,25.12,25.2,25.02,25.3,22744
2014-09-16,25.26,24.78,24.78,25.26,6970
2014-09-17,24.94,25.08,24.94,25.31,55514
2014-09-18,25.16,24.4,24.23,25.2499,37446
2014-09-21,24.2,23.99,23.868,24.55,20807
2014-09-22,23.98,24,23.98,24.13,25121
2014-09-23,24.13,24.14,24.11,24.2189,18041
2014-09-24,24.16,23.93,23.9,24.43,28297
2014-09-25,23.96,24.52,23.8875,24.76,34338
2014-09-28,24.37,23.98,23.86,24.418,9559
2014-09-29,24.01,23.65,23.65,24.06,36807
2014-09-30,23.53,23.31,23.21,23.7,43600
2014-10-01,23.37,23.85,23.37,24.49,9261
2014-10-02,24.14,23.94,23.8401,24.41,14350
2014-10-05,24,24.05,23.67,24.36,23725
2014-10-06,23.97,23.62,23.58,24.57,34788
2014-10-07,23.67,24.46,23.67,24.64,28282
2014-10-08,24.21,23.85,23.52,24.45,17081
2014-10-09,23.71,23.62,23.605,24.35,16323
2014-10-12,23.81,23.99,23.75,24.41,32422
2014-10-13,24.09,24.38,23.97,24.48,40025
2014-10-14,24.37,24.35,23.7,24.49,29766
2014-10-15,24.01,24.31,24.01,24.52,16869
2014-10-16,24.69,24.01,23.77,24.9075,16934
2014-10-19,23.82,23.99,23.63,24.41,21236
2014-10-20,24.04,23.99,23.78,24.32,14933
2014-10-21,23.98,23.65,23.56,24.14,15283
2014-10-22,24.04,23.99,23.73,24.23,19663
2014-10-23,23.98,24,23.78,24.15,30302
2014-10-26,24.09,24.86,23.93,24.99,9835
2014-10-27,25,25.9,25,25.9,40666
2014-10-28,25.83,26.2,25.73,26.235,24652
2014-10-29,26.02,26.06,25.58,26.24,25618
2014-10-30,26.35,26.26,25.81,26.35,36942
2014-11-02,26.42,26.36,26.058,26.73,32077
2014-11-03,26.17,26.22,26.15,26.4,15260
2014-11-04,26.52,26.27,25.6001,26.65,19549
2014-11-05,26.32,26.39,25.91,26.39,13951
2014-11-06,26.14,26.35,26.09,26.4,7660
2014-11-09,25.93,26.39,25.93,26.4,20180
2014-11-10,26.09,26.35,26.09,26.4,20103
2014-11-11,26.3,26.37,26.13,26.48,16419
2014-11-12,26.48,26.45,26.16,26.5,6665
2014-11-13,26.6,26.54,26.42,26.65,10977
2014-11-16,26.43,26.27,26.27,26.64,14062
2014-11-17,26.29,26.32,26.25,26.47,10567
2014-11-18,26.3,25.32,25.24,26.3,8833
2014-11-19,25.29,25.94,25.13,26.2,10241
2014-11-20,26.35,25.75,25.59,26.35,10438
2014-11-23,25.72,26.17,25.72,26.6,10438
2014-11-24,26.11,26.23,25.72,26.27,7870
2014-11-25,26,25.98,25.7201,26.0199,9773
2014-11-27,26.17,25.49,25.38,26.17,9984
2014-11-30,25.52,25.18,25.08,25.63,9389
2014-12-01,25.38,25.85,25.38,25.87,10477
2014-12-02,26.08,26.19,25.95,26.2,14821
2014-12-03,26.59,25.96,25.81,26.59,9041
2014-12-04,25.92,26.15,25.92,26.23,11357
2014-12-07,26.2,25.85,25.85,26.25,12951
2014-12-08,25.75,26.22,25.69,26.22,16826
2014-12-09,25.785,25.47,25.47,26.1,10483
2014-12-10,25.66,25.65,25.49,26.01,11308
2014-12-11,25.39,25.35,25.3,25.76,9129
2014-12-14,25.391,25.11,25.07,25.53,35930
2014-12-15,25.14,25.2,25.14,25.39,21047
2014-12-16,25.2,26.22,25.06,26.25,29664
2014-12-17,26.25,26.99,26,27.05,38052
2014-12-18,26.87,26.49,26.47,27.43,61486
2014-12-21,26.75,26.83,26.27,26.945,23576
2014-12-22,26.85,26.82,26.77,27.06,24286
2014-12-23,27.12,26.77,26.46,27.12,6882
2014-12-25,26.88,26.94,26.85,27.15,6412
2014-12-28,26.91,27.03,26.91,27.25,15714
2014-12-29,26.99,26.86,26.7,27.09,7621
2014-12-30,26.85,26.75,26.58,27.12,11376
2015-01-01,26.85,26.5,25.84,26.85,9035
2015-01-04,26.33,26.11,26.01,26.33,7740
2015-01-05,26.14,26.01,25.95,26.2,16619
2015-01-06,26.31,26.19,25.98,26.51,9229
2015-01-07,26.19,26.7,26.19,26.73,9669
2015-01-08,26.74,26.02,26.02,26.74,6213
2015-01-11,26,26.1,25.95,26.22,15989
2015-01-12,26.7399,26.66,26.34,26.93,22595
2015-01-13,26.31,26.38,26.0574,26.699,15311
2015-01-14,26.38,25.81,25.73,26.487,13827
2015-01-15,25.72,26.085,25.72,26.21,15415
2015-01-19,26.01,25.9,25.72,26.15,8629
2015-01-20,25.72,25.72,25.72,25.97,5715
2015-01-21,26.08,26.35,25.83,26.35,23789
2015-01-22,26.23,26.01,25.72,26.26,12373
2015-01-25,25.77,26.08,25.72,26.1,12697
2015-01-26,25.76,25.73,25.72,25.94,8697
2015-01-27,25.88,25.47,25.47,25.88,46278
2015-01-28,25.48,26.08,25.47,26.08,13584
2015-01-29,25.83,24.68,24.63,26.03,19999
2015-02-01,25.03,25.71,24.93,25.85,17626
2015-02-02,25.71,26.19,25.71,26.35,19091
2015-02-03,26.2,26.18,25.8,26.45,55392
2015-02-04,26.18,26.39,26.18,26.54,11918
2015-02-05,26.38,26.21,26.02,26.45,52020
2015-02-08,25.6,25.8,25.6,26.25,15469
2015-02-09,26.03,25.6,25.5,26.03,12761
2015-02-10,25.64,25.13,25.04,25.64,11307
2015-02-11,25.39,25.34,25.17,25.42,5399
2015-02-12,25.37,25.41,25.36,25.6,10555
2015-02-16,25.19,25.48,25.147,25.64,6625
2015-02-17,25.45,25.48,25.13,25.625,11143
2015-02-18,25.45,25.47,25,25.68,6830
2015-02-19,25.55,25.68,25.18,25.92,12892
2015-02-22,25.59,25.22,25.06,25.59,46263
2015-02-23,25.25,25.29,25.25,25.563,4310
2015-02-24,25.26,25.03,25.02,25.32,3029
2015-02-25,25,25.14,24.85,25.3,10079
2015-02-26,25.08,24.83,24.83,25.3,17469
2015-03-01,24.94,24.97,24.94,25.27,12402
2015-03-02,24.92,24.8,24.8,24.95,3167
2015-03-03,24.64,25.43,24.64,25.55,29194
2015-03-04,25.25,25.16,25.1,25.41,10274
2015-03-05,24.87,25.05,24.84,25.37,18561
2015-03-08,25.14,25.1,24.5,25.15,8465
2015-03-09,24.66,24.55,24.5,24.98,14052
2015-03-10,24.53,24.79,24.51,24.94,24021
2015-03-11,25,25.7,24.961,25.704,14739
2015-03-12,25.72,25.24,25.11,25.72,13527
2015-03-15,25.18,25.13,24.98,25.18,7363
2015-03-16,24.63,25.07,24.63,25.15,19887
2015-03-17,25.15,25.4,24.989,25.41,7595
2015-03-18,25.2,25.21,24.98,25.29,8166
2015-03-19,25.28,25.22,25.01,25.28,34943
2015-03-22,25.2,25.28,25.08,25.35,42065
2015-03-23,25.26,25.87,25.21,25.95,11282
2015-03-24,25.87,25.44,25.44,25.87,46536
2015-03-25,25.03,25.54,25.03,25.75,16913
2015-03-26,25.26,25.61,25.26,25.61,16456
2015-03-29,25.65,25.82,25.5,25.89,14446
2015-03-30,25.78,25.83,25.49,25.85,43556
2015-03-31,25.81,25.9,25.73,25.97,53300
2015-04-01,26,26.06,26,26.23,5922
2015-04-05,26.07,26.29,25.84,26.48,23534
2015-04-06,26.24,26.12,26.12,26.38,10802
2015-04-07,26.1,26.28,26.1,26.35,16666
2015-04-08,26.28,26.24,25.97,26.29,10631
2015-04-09,26.42,26.21,26.19,26.42,2252
2015-04-12,26.227,26.13,26.05,26.2884,8228
2015-04-13,26.05,26.36,26.05,26.36,23141
2015-04-14,26.03,26.22,26.03,26.27,14078
2015-04-15,26.16,26.22,26.11,26.2699,26350
2015-04-16,26.01,25.82,25.73,26.01,73583
2015-04-19,26.12,26.27,25.92,26.27,16683
2015-04-20,25.95,25.98,25.95,26.25,7694
2015-04-21,26.1,25.92,25.9,26.1,4724
2015-04-22,25.87,25.9,25.66,25.91,8428
2015-04-23,25.91,25.64,25.4955,25.9799,11194
2015-04-26,25.6,25.47,25.24,25.67,21725
2015-04-27,25.54,25.52,25.4,25.5999,16894
2015-04-28,25.42,25.26,25.26,25.4799,21398
2015-04-29,25.25,25.27,25.25,25.35,32628
2015-04-30,25.3,24.84,24.84,25.3,35720
2015-05-03,24.9,25.15,24.88,25.33,28140
2015-05-04,25.01,24.9,24.86,25.31,26197
2015-05-05,25,24.96,24.74,25,38520
2015-05-06,25.001,25.17,24.96,25.26,11969
2015-05-07,25.35,24.98,24.86,25.35,23633
2015-05-10,24.986,25.04,24.92,25.11,13929
2015-05-11,25.03,24.98,24.81,25.05,8960
2015-05-12,24.92,24.93,24.85,25,9732
2015-05-13,25,25.34,24.98,25.425,11539
2015-05-14,25.21,24.96,24.82,25.21,19517
2015-05-17,25.02,25.07,24.88,25.14,22571
2015-05-18,24.99,25.01,24.868,25.01,18435
2015-05-19,25,25,24.93,25.098,16752
2015-05-20,25,25.12,24.9,25.24,21083
2015-05-21,25.1,24.69,24.66,25.19,59985
2015-05-25,24.75,24.36,24.24,24.875,109650
2015-05-26,24.37,24.98,24.37,25.07,22468
2015-05-27,24.64,24.78,24.64,25,13825
2015-05-28,24.74,24.71,24.27,24.93,41424
2015-05-31,24.95,24.46,24.41,24.95,15543
2015-06-01,24.46,24.33,24.22,24.98,32933
2015-06-02,24.47,24.6,24.3,24.79,66566
2015-06-03,24.58,24.45,24.23,24.7496,9115
2015-06-04,24.46,24.5,24.21,24.56,12700
2015-06-07,24.57,24.7,24.42,24.83,10618
2015-06-08,24.65,24.74,24.52,24.82,11562
2015-06-09,24.96,25.09,24.93,25.24,17579
2015-06-10,24.85,25.21,24.85,25.29,3875
2015-06-11,25.1,25.1,25.01,25.34,8453
2015-06-14,25,25.42,25,25.5,13528
2015-06-15,25.26,25.89,25.022,25.92,17067
2015-06-16,25.88,25.56,25.34,25.97,20400
2015-06-17,25.55,25.78,25.465,25.92,33634
2015-06-18,25.7,27.89,25.7,27.93,191358
2015-06-21,27.42,27.71,27.3,27.81,47018
2015-06-22,27.75,27.54,27.43,27.92,39643
2015-06-23,27.6,27.46,27.41,27.69,31391
2015-06-24,27.4,26.64,26.52,27.44,45421
2015-06-25,26.55,27.01,25.72,27.06,143677
2015-06-28,26.75,26.55,25.52,27,37051
2015-06-29,26.84,26.69,26.56,26.97,18907
2015-06-30,27.05,27.13,26.65,27.19,24483
2015-07-01,27.1,26.93,26.92,27.1,12089
2015-07-05,26.92,26.48,26.29,27.06,36251
2015-07-06,25.82,26.15,25.81,26.42,22118
2015-07-07,26.18,25.95,25.72,26.18,19574
2015-07-08,26.25,26.39,26.24,26.91,20817
2015-07-09,26.51,26.61,26.07,26.85,57196
2015-07-12,26.89,26.57,26.46,26.95,14471
2015-07-13,26.65,26.64,26.38,26.65,13007
2015-07-14,26.59,26.79,26.59,26.94,13018
2015-07-15,27.11,26.95,26.69,27.13,26297
2015-07-16,26.95,27.31,26.92,27.45,21526
2015-07-19,27.11,26.85,26.46,27.11,17457
2015-07-20,26.43,26.91,26.43,27.1,16940
2015-07-21,26.49,26.75,26.49,26.99,8426
2015-07-22,26.86,26.42,26.34,27,21956
2015-07-23,26.3,25.94,25.92,26.415,23537
2015-07-26,26.03,26.98,25.95,27.15,30764
2015-07-27,26.98,26.85,26.655,27.12,25334
2015-07-28,26.96,26.94,26.455,27.1,44665
2015-07-29,26.8,26.73,26.67,27.98,33731
2015-07-30,27.04,25.86,25.84,27.28,267373
2015-08-02,26.06,27.05,25.93,27.22,57878
2015-08-03,27.18,27.64,27.17,27.65,61361
2015-08-04,27.66,27.89,27.5,28.24,41582
2015-08-05,27.7,27.69,27.25,28.15,35078
2015-08-06,27.47,27.68,27.421,27.8,20720
2015-08-09,27.73,27.45,27.27,28.1208,25671
2015-08-10,27.51,27.72,27.46,28.07,46113
2015-08-11,27.51,27.49,27.15,27.62,27188
2015-08-12,27.41,27.49,27.365,27.51,18591
2015-08-13,27.36,28.06,27.36,28.08,33595
2015-08-16,27.9,28.12,27.61,28.15,17349
2015-08-17,28.16,27.93,27.8,28.35,21222
2015-08-18,27.89,27.71,27.53,28,19473
2015-08-19,27.6,27.15,27.06,27.89,23820
2015-08-20,26.62,27.4,26.62,27.42,36832
2015-08-23,26.21,26.72,25.8101,27.34,38774
2015-08-24,27.53,26.5,26.5,27.68,29122
2015-08-25,26.95,26.62,25.93,26.95,27231
2015-08-26,26.68,26.25,26.04,26.68,20666
2015-08-27,26.08,26.21,26.06,26.41,24255
2015-08-30,26.24,26.36,25.9,26.4,42778
2015-08-31,26.08,26.12,25.98,26.37,33596
2015-09-01,26.4,26.44,26.135,26.44,13414
2015-09-02,26.25,25.85,25.782,26.49,17819
2015-09-03,25.75,25.96,25.57,26.1,23152
2015-09-07,26.23,26.82,26.069,26.99,32718
2015-09-08,27.15,26.6,26.54,27.15,23265
2015-09-09,26.69,26.96,26.68,27.13,9089
2015-09-10,26.72,26.96,26.51,26.99,11695
2015-09-13,26.87,26.86,26.71,27.19,17450
2015-09-14,26.97,27.28,26.97,27.52,15672
2015-09-15,27.37,26.69,26.66,27.42,28480
2015-09-16,26.62,26.32,26.24,27,34083
2015-09-17,25.88,26.19,25.71,26.22,149503
2015-09-20,26.23,26.82,26.23,26.84,15863
2015-09-21,26.4,26.77,26.33,26.83,23620
2015-09-22,26.97,26.86,26.6,27,44844
2015-09-23,26.7,27.05,26.65,27.35,56827
2015-09-24,27.23,26.91,26.84,27.29,41131
2015-09-27,26.82,26.56,26.26,26.94,31672
2015-09-28,26.62,26.59,26.32,26.71,15838
2015-09-29,26.74,26.71,26.41,26.74,45172
2015-09-30,26.74,26.26,26.11,26.74,26125
2015-10-01,26.09,26.29,25.74,26.3,67216
2015-10-04,26.36,26.43,26.29,26.77,27551
2015-10-05,26.73,26.5,26.24,27.05,62292
2015-10-06,26.77,26.65,26.38,26.77,42107
2015-10-07,26.49,27.4,26.38,27.53,24237
2015-10-08,27.33,27.73,27.17,27.78,25130
2015-10-11,27.73,27.96,27.54,28,18821
2015-10-12,27.84,27.81,27.8,27.99,18198
2015-10-13,27.475,27.27,27.25,27.9,18504
2015-10-14,27.37,27.8,26.6901,27.8,26848
2015-10-15,27.71,27.75,27.1101,27.84,21567
2015-10-18,27.55,27.95,27.545,27.95,21439
2015-10-19,27.86,28.06,27.81,28.23,17070
2015-10-20,27.93,28.15,27.93,28.24,43184
2015-10-21,28.2,28.97,28.19,28.99,29891
2015-10-22,28.96,29.18,28.86,29.44,19200
2015-10-25,29.13,28.77,28.052,29.39,19830
2015-10-26,28.66,28.9,28.66,29.02,54076
2015-10-27,29.23,30.1,29.23,30.37,121253
2015-10-28,30.16,30,29.86,30.17,52990
2015-10-29,30.13,28.71,28.41,30.13,55389
2015-11-01,28.94,29.8,28.94,29.83,21461
2015-11-02,29.71,30.01,29.71,30.06,25774
2015-11-03,30.07,30.16,30,30.2,36156
2015-11-04,30.09,30,29.97,30.2,30994
2015-11-05,30.18,30.73,30.18,30.73,85370
2015-11-08,31,30.98,30.65,31.18,25982
2015-11-09,31,31.35,30.95,31.75,36203
2015-11-10,31.01,31.01,31,31.75,44972
2015-11-11,31,31.01,30.7,31.15,29994
2015-11-12,30.82,31.15,30.79,31.4,31412
2015-11-15,31.1,31.65,31.05,31.65,39897
2015-11-16,31.74,31.66,31.5,32.02,18993
2015-11-17,31.7,31.97,31.47,32.13,38196
2015-11-18,31.86,32.05,31.86,32.15,36994
2015-11-19,31.9,31.9,31.75,32.4,88930
2015-11-22,31.79,31.78,31.595,31.98,19437
2015-11-23,31.69,31.85,31.4601,31.85,13101
2015-11-24,31.8,31.85,31.69,31.85,20914
2015-11-26,31.97,31.84,31.79,31.97,14931
2015-11-29,31.85,31.88,31.8,32.07,103590
2015-11-30,32,31.79,31.75,32,23006
2015-12-01,31.73,31.33,31.25,31.78,11660
2015-12-02,31.38,30.7,30.64,31.46,32823
2015-12-03,30.66,31.07,30.66,31.44,64915
2015-12-06,30.93,30.47,30.38,31,24954
2015-12-07,30.45,30.32,30.26,30.77,16290
2015-12-08,30.22,29.6,29.45,30.23,21713
2015-12-09,29.66,29.67,29.275,30.57,26000
2015-12-10,29.16,29.62,29.16,30.36,46607
2015-12-13,29.79,29.72,29.39,29.82,71471
2015-12-14,29.82,30.86,29.66,30.93,24885
2015-12-15,31.01,30.95,30.47,31.1,109422
2015-12-16,30.88,30.96,30.4,31.81,337303
2015-12-17,30.77,31.23,30.56,31.46,97835
2015-12-20,31.35,31.45,30.835,31.65,60484
2015-12-21,31.57,31.45,30.96,31.57,36278
2015-12-22,31.28,31.17,30.927,31.34,38700
2015-12-23,31.27,31.23,31.152,31.47,8701
2015-12-27,31.28,31,30.71,31.28,20710
2015-12-28,31.15,31.22,31.06,31.4699,24211
2015-12-29,31,30.79,30.76,31.14,22533
2015-12-30,30.86,30.43,30.32,31.02,35623
2016-01-03,29.98,29.49,28.92,29.98,63858
2016-01-04,30.28,29.5,29.3,30.28,33767
2016-01-05,29.27,30,29.27,30.38,62188
2016-01-06,29.55,29.59,29.22,29.77,22384
2016-01-07,29.73,29.01,28.93,29.73,27672
2016-01-10,29.15,29.43,28.075,29.56,22037
2016-01-11,29.61,29.09,28.86,29.62,36880
2016-01-12,29.14,27.76,27.53,29.14,46133
2016-01-13,27.95,27.9,27.28,28.48,31317
2016-01-14,27.24,27.18,26.5,27.57,55692
2016-01-18,27.44,27.32,26.84,27.5,58196
2016-01-19,26.9,27.26,26.23,27.52,57796
2016-01-20,27.91,26.77,26.6309,27.91,34475
2016-01-21,26.92,26.95,26.36,27.07,41429
2016-01-24,26.83,26.57,26.33,27,57658
2016-01-25,26.76,26.97,26.76,27.02,36513
2016-01-26,26.945,27.04,26.8,27.21,38467
2016-01-27,27.27,27.7,27.27,27.87,22890
2016-01-28,28.11,29.11,28,29.12,88536
2016-01-31,29.11,28.34,28.27,29.14,38219
2016-02-01,28.18,27.8,27.3374,28.18,34357
2016-02-02,28.04,27.85,27.1408,28.425,29663
2016-02-03,27.82,27.8,27.3939,27.985,60796
2016-02-04,27.8,27.49,27.4415,27.8,60930
2016-02-07,27.5,27.85,27.07,28.1,73306
2016-02-08,28.05,28.1,27.66,28.15,47630
2016-02-09,28.23,27.9,27.75,28.41,44591
2016-02-10,27.4,27.77,27.4,27.9,25913
2016-02-11,28.02,28.52,28,28.55,30242
2016-02-15,28.77,28.97,28.59,29.05,36626
2016-02-16,29.02,28.92,28.65,29.13,94312
2016-02-17,28.9,28.88,28.8,29.22,35371
2016-02-18,28.87,29.08,28.87,29.32,57951
2016-02-21,29.28,28.81,28.67,29.71,61580
2016-02-22,28.63,28.44,28.43,28.99,20827
2016-02-23,28.21,28.45,28.13,28.53,24263
2016-02-24,28.51,28.64,28.38,28.74,36734
2016-02-25,28.61,28.57,28.48,29.03,47596
2016-02-28,28.5,28.41,28.29,28.71,70893
2016-02-29,28.44,28.59,28.25,28.91,40303
2016-03-01,28.47,28.59,28.4588,28.68,48219
2016-03-02,28.52,29.09,28.4215,29.29,56658
2016-03-03,29.11,28.71,28.39,29.24,63231
2016-03-06,28.71,28.75,28.55,29.09,32485
2016-03-07,28.6,28.75,28.6,29.03,37169
2016-03-08,28.8,28.81,28.6,28.82,37246
2016-03-09,29.06,28.73,28.2,29.06,29790
2016-03-10,29.02,29.48,29.02,29.6,59324
2016-03-13,29.29,29.39,29.11,29.47,20041
2016-03-14,29.35,29.02,28.94,29.6,31457
2016-03-15,28.95,28.77,28.4,29.19,29086
2016-03-16,28.62,28.73,28.3,28.786,56415
2016-03-17,28.94,29.25,28.86,29.34,76150
2016-03-20,29.22,29.51,28.0101,29.51,27668
2016-03-21,29.5,29.4,29.18,29.61,51637
2016-03-22,29.27,29.5,29.27,29.66,30239
2016-03-23,29.4,29.66,29.35,29.66,23966
2016-03-27,29.61,29.76,29.555,29.9,16988
2016-03-28,29.61,30.22,29.61,30.52,83430
2016-03-29,30.23,30.52,30.04,30.56,32139
2016-03-30,30.5,30.47,30.35,30.71,37452
2016-03-31,30.36,30.41,30.12,30.48,13738
2016-04-03,30.53,30.32,30.12,30.58,27813
2016-04-04,30.18,30.13,29.97,30.33,50421
2016-04-05,30.3,29.98,29.77,30.33,24057
2016-04-06,29.72,29.32,29.2,30.09,26138
2016-04-07,29.43,29.14,29.04,29.8047,29069
2016-04-10,29.17,29.65,29.17,29.91,50944
2016-04-11,29.7,30.07,29.655,30.275,19791
2016-04-12,30.17,31.24,30.17,31.38,37802
2016-04-13,31.23,31,30.88,31.47,37807
2016-04-14,30.93,30.66,29.625,31.14,26497
2016-04-17,30.32,30.02,29.93,30.32,37546
2016-04-18,30.03,30.16,29.92,30.41,21409
2016-04-19,29.9812,30.49,29.9812,30.66,28523
2016-04-20,30.5,30.28,30.17,30.56,36903
2016-04-21,30.21,30.96,30.21,31.02,25131
2016-04-24,30.955,30.52,30.3201,30.955,25007
2016-04-25,30.68,31.13,30.41,31.4,56773
2016-04-26,30.99,30.97,30.88,31.1,54071
2016-04-27,31.1,30.41,30.21,31.1,27536
2016-04-28,30.18,30.44,29.9108,30.7499,45410
2016-05-01,30.57,30.23,30.14,30.57,49555
2016-05-02,29.94,29.17,28.9,30.22,63465
2016-05-03,29.08,29.19,29,29.345,50117
2016-05-04,29.18,29.35,28.86,31.08,63443
2016-05-05,29.18,29.45,28.84,29.74,42727
2016-05-08,29.36,29.29,29.01,29.5,30751
2016-05-09,29.31,29.51,29.31,29.74,32608
2016-05-10,29.36,29.45,29.36,29.6,23088
2016-05-11,29.45,29.59,29.18,29.6,28190
2016-05-12,29.6,29.27,29.25,29.6,31454
2016-05-15,29.27,29.51,29.14,29.73,23050
2016-05-16,29.25,28.7,28.33,29.3,48959
2016-05-17,28.64,29.16,28.64,29.26,84738
2016-05-18,28.81,28.88,28.5099,29,53625
2016-05-19,28.95,29.1,28.95,29.34,19646
2016-05-22,29.17,29.14,28.935,29.336,17734
2016-05-23,29.429,30.31,29.2101,30.47,48460
2016-05-24,30.43,30.23,30.18,30.6099,26417
2016-05-25,30.35,29.86,29.85,30.35,24027
2016-05-26,29.99,29.92,29.8,30.05,17481
2016-05-30,29.98,29.97,29.67,30.04,84690
2016-05-31,29.75,30.37,29.5201,30.43,39778
2016-06-01,29.85,30.56,29.83,30.56,37181
2016-06-02,30.26,30.32,29.65,30.41,44109
2016-06-05,30.24,30.68,30.24,30.79,42911
2016-06-06,30.55,30.17,30.16,30.55,24673
2016-06-07,30.22,30.59,30.01,30.67,62430
2016-06-08,30.19,29.83,29.78,30.19,26258
2016-06-09,29.61,29.52,29.41,29.74,24299
2016-06-12,30.015,29.34,29.18,30.015,22218
2016-06-13,29.345,29.3,29.13,29.62,43675
2016-06-14,29.42,29.25,29.23,29.73,51795
2016-06-15,28.98,29.34,28.82,29.43,49282
2016-06-16,29.43,28.89,28.84,29.43,90129
2016-06-19,29.14,29.28,29.05,29.49,51652
2016-06-20,29.3,29.28,28.87,29.38,82699
2016-06-21,29.25,29,28.86,29.725,76268
2016-06-22,29.3,29.43,29.2,29.823,70926
2016-06-23,28.43,28.09,27.747,28.74,326759
2016-06-26,27.71,27.32,27.09,27.73,52558
2016-06-27,27.83,27.75,27.38,28.186,62882
2016-06-28,28.11,28.05,27.66,28.22,51508
2016-06-29,28.23,28.4,28.04,28.4,48657
2016-06-30,28.36,28.28,28.06,28.36,31591
2016-07-04,28.12,27.8,27.75,28.28,26268
2016-07-05,27.58,27.83,27.57,27.94,23163
2016-07-06,27.77,27.77,27.5,29.991,43804
2016-07-07,27.81,27.88,27.8,28.21,49663
2016-07-10,28.09,28.56,28.09,28.81,56221
2016-07-11,28.71,29.01,28.68,29.1604,58125
2016-07-12,28.97,29.39,28.97,29.48,38184
2016-07-13,29.79,29.75,29.51,29.81,51736
2016-07-14,29.99,30.09,29.8,30.2,53254
2016-07-17,30.05,30.03,29.991,30.25,89946
2016-07-18,30.06,30.19,30,30.52,113717
2016-07-19,30.11,29.9,29.84,30.1399,309665
2016-07-20,29.81,29.77,29.48,30,41664
2016-07-21,29.88,29.95,29.455,30.17,77844
2016-07-24,29.84,29.94,29.75,30.06,101523
2016-07-25,29.99,29.89,29.81,30.13,37973
2016-07-26,29.81,30.07,29.81,30.29,65143
2016-07-27,30.3,29.9,29.6505,30.35,206214
2016-07-28,29.84,29.11,29.02,29.93,84237
2016-07-31,29.1,28.82,28.81,29.44,53537
2016-08-01,28.86,28.67,28.64,28.92,52749
2016-08-02,28.69,29.23,28.69,29.26,81002
2016-08-03,29.15,29.15,28.85,29.48,31435
2016-08-04,29.17,29.83,28.9,29.95,64521
2016-08-07,29.5,29.91,29.5,30.1,31129
2016-08-08,29.88,29.99,29.88,30.14,68773
2016-08-09,29.985,29.79,29.57,29.985,25658
2016-08-10,29.66,29.81,29.66,30.2,25394
2016-08-11,29.62,29.92,29.5,29.95,26618
2016-08-14,29.81,30,29.81,30.185,19658
2016-08-15,29.81,30.07,29.79,30.1,19637
2016-08-16,29.98,30.2,29.98,30.325,22988
2016-08-17,30,30.14,29.64,30.4,63529
2016-08-18,30.16,30.31,30.03,30.58,68988
2016-08-21,30.27,30.12,30.01,30.62,59714
2016-08-22,30.43,30,29.95,30.555,78687
2016-08-23,30.3399,30.53,29.89,30.56,75046
2016-08-24,30.25,29.81,29.65,30.25,141612
2016-08-25,29.875,29.88,29.46,30.04,62300
2016-08-28,29.78,29.81,29.73,30.04,26623
2016-08-29,30.11,29.9,29.83,30.11,34450
2016-08-30,30,29.81,29.38,30.16,52741
2016-08-31,29.96,29.52,29.24,29.96,34827
2016-09-01,29.59,29.52,29.401,29.77,84797
2016-09-05,29.42,29.57,29.42,29.77,92688
2016-09-06,29.55,29.92,29.55,30.03,86493
2016-09-07,29.93,29.8,29.7,30.04,52828
2016-09-08,29.61,29.63,29.61,29.865,141827
2016-09-11,29.64,29.69,29.33,29.72,71319
2016-09-12,29.47,29.28,29.11,29.47,68827
2016-09-13,29.15,29.3,29.15,29.58,46952
2016-09-14,29.19,29.36,29.15,29.75,66953
2016-09-15,29.48,29.02,28.77,29.67,358211
2016-09-18,29.03,29.1,29.03,29.505,119713
2016-09-19,29.3,28.89,28.85,29.3,43399
2016-09-20,28.95,28.6,28.57,29,74401
2016-09-21,28.9,28.75,28.66,28.9,145470
2016-09-22,28.75,28.79,28.62,28.9,84224
2016-09-25,28.63,28.63,28.4,28.93,79613
2016-09-26,28.69,28.89,28.68,29.08,86190
2016-09-27,28.83,28.98,28.69,29.04,64780
2016-09-28,28.9,28.44,28.44,28.975,31196
2016-09-29,28.52,28.59,28.52,28.88,51953
2016-10-02,28.41,28.46,28.25,28.47,27974
2016-10-03,28.55,28.53,28.43,28.74,22919
2016-10-04,28.6,28.53,28.51,28.72,38161
2016-10-05,28.5,28.59,28.39,28.64,34314
2016-10-06,28.6,28.4,28.25,28.6,57441
2016-10-09,28.47,28.49,28.42,28.76,39328
2016-10-10,28.47,28.41,28.29,28.58,45402
2016-10-11,28.48,28.27,28.23,28.57,13179
2016-10-12,28.11,28.04,28,28.18,71325
2016-10-13,28.22,28.31,28.05,28.66,65931
2016-10-16,28.15,28,28,28.35,17075
2016-10-17,28.15,28.15,28,28.3,19319
2016-10-18,28.15,27.95,27.9,28.15,42676
2016-10-19,28,28.15,27.8,28.2,14464
2016-10-20,27.95,28,27.85,28.1,24721
2016-10-23,28,28,27.95,28.3,66830
2016-10-24,28.3,27.75,27.65,28.3,29947
2016-10-25,27.75,27.55,27.45,27.775,41843
2016-10-26,27.6,27.65,27.45,28,62890
2016-10-27,27.6,28.05,27.45,28.3,90851
2016-10-30,28,27.55,27.5,28.15,68698
2016-10-31,27.5,27.35,27.3,27.6,45915
2016-11-01,27.35,27.05,27.05,27.4,46102
2016-11-02,27.25,27.15,26.9,27.25,50028
2016-11-03,27,27.25,27,27.4,103298
2016-11-06,27.75,28,27.5,28,117598
2016-11-07,27.85,27.75,27.6,28,33854
2016-11-08,27.85,28.75,27.75,28.9,79805
2016-11-09,28.9,29.75,28.35,29.95,74663
2016-11-10,29.9,30.9,28.875,31.35,144418
2016-11-13,31.15,31,30.8,31.9,53802
2016-11-14,30.75,30.65,30.45,30.95,50104
2016-11-15,30.65,30.9,30,30.9,54597
2016-11-16,31,31.4,30.9545,31.4,47223
2016-11-17,31.4,32,30.95,32.2,67882
2016-11-20,32.1,31.85,31.65,32.1,29136
2016-11-21,31.1,32.3,31.1,32.5,285788
2016-11-22,32.5,32.9,32.2,33.1,71985
2016-11-24,33.15,33.35,33.15,33.5,23326
2016-11-27,33.35,33.05,32.8,33.35,82946
2016-11-28,33,33.3,33,33.5,42020
2016-11-29,33.5,33.65,33.39,33.9,122273
2016-11-30,33.85,34.35,33.85,34.45,55307
2016-12-01,34.3,33.65,33.65,34.35,93685
2016-12-04,33.75,34.65,33.75,34.65,53900
2016-12-05,34.75,35.25,34.6,35.4,61803
2016-12-06,35.15,35.85,35.1,36.1,41970
2016-12-07,35.95,36.75,35.8,37.25,64597
2016-12-08,36.75,36.85,36.55,37.25,92773
2016-12-11,36.8,36.7,36.45,36.9,101874
2016-12-12,36.9,37.3,36.7,37.4,95333
2016-12-13,37.1,37,36.75,37.35,64043
2016-12-14,37.1,37.4,37,37.5,89361
2016-12-15,37.5,37.85,37.25,38,320385
2016-12-18,37.75,38.2,37.75,38.6,117595
2016-12-19,38.55,38.95,38.35,38.95,146959
2016-12-20,38.6,38.35,38.3,38.9,139668
2016-12-21,38.7095,38.25,37.85,38.85,76010
2016-12-22,38.05,38.2,38.05,38.375,24163
2016-12-26,38.3,37.8,37.8,38.4,59675
2016-12-27,37.85,38.2,37.5,38.2,88398
2016-12-28,38.25,38.1,37.8,38.55,69803
2016-12-29,38.35,37.9,37.65,38.35,34994
2017-01-02,38.1,37.7,37.646,38.35,56920
2017-01-03,37.6,38.35,37.6,38.45,112800
2017-01-04,38.2,37.4,37.35,38.25,41877
2017-01-05,37.35,37.1,37.05,37.55,39629
2017-01-08,36.85,36.3,36.3,37.15,82644
2017-01-09,36.5,37.1,36.3,37.254,48514
2017-01-10,37,37.2,36.75,37.25,43172
2017-01-11,36.8501,36.45,36.1,37.05,33211
2017-01-12,36.7,36.95,36.7,37.45,38005
2017-01-16,36.6,35.4,35.4,36.6,53185
2017-01-17,35.5,35.9,35.4,35.95,50738
2017-01-18,35.65,35.8,35.3501,35.85,49532
2017-01-19,35.85,36.2,35.8,36.3,39512
2017-01-22,35.95,35.95,35.65,36.05,19016
2017-01-23,36.05,36.7,35.683,36.8,53219
2017-01-24,37,36.8,36.65,37.2,54036
2017-01-25,36.85,36.65,36.5,36.95,54960
2017-01-26,36.75,36.65,36.55,37.1,77846
2017-01-29,36.5,35.95,35.9,36.5,39666
2017-01-30,36,36.15,35.85,36.25,75500
2017-01-31,36.5,36,35.8,36.85,42093
2017-02-01,35.8,35.7,35.25,35.95,52571
2017-02-02,36.05,36.4,35.8,36.5,46544
2017-02-05,36.25,35.65,35.65,36.4,50349
2017-02-06,35.85,35.5,35.1,35.85,86619
2017-02-07,35.2,35.15,34.875,35.35,76773
2017-02-08,35,35.5,34.95,35.75,52744
2017-02-09,35.6,35.5,35.4,35.7,59423
2017-02-12,35.75,35.95,35.6971,36.1,46611
2017-02-13,35.9,36.2,35.65,36.4,44728
2017-02-14,36.3,36.05,35.905,36.35,72478
2017-02-15,36.35,36.2,35.75,36.35,54800
2017-02-16,36.25,36.55,35.9,36.6,73199
2017-02-20,36.45,36.6,36.45,36.8,46876
2017-02-21,36.65,36.55,36.308,36.85,45075
2017-02-22,36.45,36.5,36.1,36.625,47255
2017-02-23,36.15,36.35,35.8,36.5,56121
2017-02-26,36.2,36.35,36.2,36.55,40192
2017-02-27,36.4,35.65,35.3,36.4,81616
2017-02-28,36.25,36.55,36.15,36.6,62408
2017-03-01,36.5,35.7,35.7,36.5,52788
2017-03-02,35.7,35.95,34.8978,36.1,48937
2017-03-05,35.65,35.5,35.25,36,34485
2017-03-06,35.5,35.6,34.75,35.8,42016
2017-03-07,35.95,35.1,35.1,36.1,18707
2017-03-08,35.15,35.05,35,35.65,28540
2017-03-09,35.45,35.2,34.7,35.6,51253
2017-03-12,35.1,35.5,35.1,35.65,35973
2017-03-13,35.4,35.55,34.95,35.65,34103
2017-03-14,35.8,35.25,35.15,35.9,33291
2017-03-15,35.35,35.55,35.25,35.85,42301
2017-03-16,35.65,35.9,35.05,35.95,80108
2017-03-19,35.8,35.5,35.375,35.95,50488
2017-03-20,35.7,34.05,33.9136,35.7,99796
2017-03-21,33.9483,33.2,32.8,34,62066
2017-03-22,33.1,33.7,33.1,34.05,32385
2017-03-23,34.7496,34.1,33.7,34.7496,48018
2017-03-26,33.65,34.2,32.9,34.25,50948
2017-03-27,33.8,34.5,33.65,34.55,36844
2017-03-28,34.4,34.3,34.15,34.6,36033
2017-03-29,34.2,35.65,34.2,35.7,45898
2017-03-30,35.75,35,34.85,35.75,85816
2017-04-02,35,34.7,34.45,35.15,30309
2017-04-03,34.45,34.55,34.35,35,41117
2017-04-04,34.85,33.6,33.55,34.9,59487
2017-04-05,33.55,33.95,33.3,34.185,40342
2017-04-06,33.75,33.6,33.5,34.05,42460
2017-04-09,33.35,33.05,32.8,33.5,67634
2017-04-10,32.75,33.15,32.65,33.55,45740
2017-04-11,32.95,33.5,32.4,33.75,139512
2017-04-12,33.3,32.35,32.35,33.4,35752
2017-04-16,32.65,32.95,32.2849,32.95,25758
2017-04-17,32.55,32.8,32.45,33.025,44778
2017-04-18,32.75,32.85,32.75,33.3,28548
2017-04-19,33.15,33.8,32.9,33.8,38287
2017-04-20,33.6,34.15,33.6,34.25,50531
2017-04-23,34.8,35.4,34.8,35.6,95729
2017-04-24,35.95,36.85,35.95,37,172913
2017-04-25,36.9,37.25,36.65,37.95,203187
2017-04-26,37.1,36.45,35.975,37.35,71151
2017-04-27,36.6,36.25,36.1,36.6,79345
2017-04-30,36.4,36.4,36.1,36.7,49269
2017-05-01,36.35,36.25,35.9,36.65,62210
2017-05-02,36,36.5,36,36.55,38965
2017-05-03,36.75,36.45,35.8,36.75,28150
2017-05-04,36.55,36.6,36.15,36.7,50750
2017-05-07,36.5,36.4,36.1713,36.9,36367
2017-05-08,36.35,36.15,35.9,36.775,35875
2017-05-09,35.95,35.85,35.65,36.25,43575
2017-05-10,35.7,35,34.85,35.7,33706
2017-05-11,34.8,34.8,34.35,35.05,33152
2017-05-14,35,35.25,34.9,35.3,21722
2017-05-15,35.5,35.5,34.75,35.55,35813
2017-05-16,34.7,34.4,34.1,34.9347,91963
2017-05-17,34.35,34.35,34.25,34.85,41507
2017-05-18,34.45,34.1,33.9193,34.85,58585
2017-05-21,34.3,34.05,33.8,34.45,39944
2017-05-22,34.1,34.35,33.9,34.65,42165
2017-05-23,34.2254,34.1,33.75,34.35,40818
2017-05-24,34.05,33.9,33.7174,34.3525,41147
2017-05-25,33.85,34.1,33.65,34.15,28422
2017-05-29,33.95,33.55,33.4,33.95,45814
2017-05-30,33.6,33.25,32.7,33.6,53677
2017-05-31,33.35,33.95,32.9,34.1,192047
2017-06-01,33.9,33.8,33.65,35,92798
2017-06-04,33.8,33.65,33.6,34.4,40381
2017-06-05,33.35,33.25,33.15,33.65,112605
2017-06-06,33.4,33.55,33.1,33.7,46624
2017-06-07,33.75,33.75,33.4,34.35,144733
2017-06-08,34.6,35,34.5,35.2,91900
2017-06-11,35,34.7,34.5,36.1,66122
2017-06-12,34.7,34.9,34.35,35.225,33046
2017-06-13,34.65,34.05,33.65,34.65,98748
2017-06-14,33.75,34,30.255,34.225,110651
2017-06-15,33.75,33.6,33.2,33.9,186025
2017-06-18,33.65,33.35,32.65,33.7,56652
2017-06-19,33.35,33.05,32.95,33.55,34911
2017-06-20,33.15,32.15,32.075,33.15,44533
2017-06-21,32.15,32.1,31.85,32.5,32204
2017-06-22,32.15,32.4,31.9,32.55,148676
2017-06-25,32.45,32.3,31.85,32.55,60127
2017-06-26,32.3,32.55,32.2,33.25,50565
2017-06-27,32.75,33.25,32.75,33.55,43273
2017-06-28,33.3,33.6,33,34,52442
2017-06-29,33.75,33.3,33.1,33.75,33453
2017-07-02,33.55,34.35,33.15,34.5,20656
2017-07-04,34.25,33.7,33.45,34.45,40165
2017-07-05,33.7,33.2,33.05,33.7,47273
2017-07-06,33.5,33.9,33.15,33.925,34951
2017-07-09,33.7,33.45,33.25,33.85,26149
2017-07-10,33.125,33.15,32.8,33.2555,44130
2017-07-11,33.1,33.5,32.95,33.8,32901
2017-07-12,33.55,33.7,33.4,33.85,29258
2017-07-13,33.45,33.35,33,33.65,47189
2017-07-16,33.3,33.45,32.975,33.85,27368
2017-07-17,33.15,33.4,33.05,33.75,26504
2017-07-18,33.3,33.35,33,33.55,29263
2017-07-19,33.35,33.2,33.005,33.4,22761
2017-07-20,33.55,32.95,32.9,33.55,72057
2017-07-23,32.8,33,32.625,33.2,42337
2017-07-24,33.7,33.6,33.375,33.85,45362
2017-07-25,33.6,32.9,32.55,34,37740
2017-07-26,32.55,31.6,31.55,32.9494,74264
2017-07-27,31.55,32.05,31.55,32.6,48970
2017-07-30,32.35,32.5,32.275,33.55,53136
2017-07-31,32.65,32.4,32,32.85,39452
2017-08-01,32.45,31.95,31.85,32.55,24887
2017-08-02,31.95,32,31.65,32.05,54226
2017-08-03,32.15,32.5,31.95,32.55,61204
2017-08-06,32.6,32.1,32.05,32.6,37463
2017-08-07,32.15,32.1,32,32.775,43746
2017-08-08,31.9,31.6,31.55,31.95,54983
2017-08-09,31.3,30.9,30.9,31.55,47310
2017-08-10,30.75,30.65,30.1,31.05,56450
2017-08-13,30.85,31.55,30.85,31.6,41873
2017-08-14,31.9,31.35,31.35,31.9,23727
2017-08-15,31.45,31.5,31.25,31.75,41912
2017-08-16,31.3,30.95,30.95,31.6,59810
2017-08-17,30.65,30.65,30.5,30.975,52539
2017-08-20,30.55,30.65,30.25,30.8,38471
2017-08-21,30.85,30.9,30.6,31,22489
2017-08-22,30.9,31.05,30.9,31.6,26382
2017-08-23,31.3,31.2,30.95,31.35,31633
2017-08-24,31.05,31.2,31.05,31.5,36500
2017-08-27,31.2,30.9,30.7,31.3,48881
2017-08-28,30.55,30.8,30.55,31,32517
2017-08-29,30.75,30.8,30.55,31.05,39491
2017-08-30,31,30.9,30.8,31.45,56758
2017-08-31,30.95,31.15,30.95,31.45,34681
2017-09-04,30.9,30.3,30.3,31.025,54803
2017-09-05,30.55,30.5,30.2,30.825,63880
2017-09-06,30.5,29.95,29.8,30.75,58016
2017-09-07,29.8,30.35,29.8,30.8,28957
2017-09-10,30.8,30.8,30.5,31.05,52991
2017-09-11,31,31.2,30.986,31.45,18119
2017-09-12,30.75,31.3,30.75,31.55,39519
2017-09-13,31.25,31.3,31.1,31.55,37493
2017-09-14,31.35,31.2,30.7,31.35,114945
2017-09-17,30.9628,31.45,30.9628,31.7,46495
2017-09-18,31.5,31.55,31.35,31.9,58383
2017-09-19,31.5209,32,31.4,32.35,77438
2017-09-20,32.05,32.15,31.65,32.2,21211
2017-09-21,32.1,32.55,31.65,32.55,14854
2017-09-24,31.925,32.45,31.925,32.75,21022
2017-09-25,32.6,33,32.45,33.25,31581
2017-09-26,33.45,34.1,33.15,34.5,44035
2017-09-27,33.9,34.65,33.73,34.95,85263
2017-09-28,34.65,33.95,33.4,34.85,41070
2017-10-01,34.05,34.45,33.3,34.5,35884
2017-10-02,34.5,34.5,33.525,34.6,26843
2017-10-03,34.55,34.15,33.95,34.55,18170
2017-10-04,34.1,34.5,33.8,34.75,17346
2017-10-05,34.6,34.35,33.975,34.75,25684
2017-10-08,34.5,34.45,33.725,34.7,18520
2017-10-09,34.55,34.8,33.95,34.85,51543
2017-10-10,34.5,34.65,34.25,34.95,31081
2017-10-11,34.7,34.4,34.075,34.85,20637
2017-10-12,34.5,34.65,34.15,34.85,18732
2017-10-15,34.7,34.85,34.5,34.95,13557
2017-10-16,34.85,34.15,34.15,34.85,22093
2017-10-17,34.35,34.75,34.35,34.95,14116
2017-10-18,34.25,34.5,34.25,34.8,19454
2017-10-19,34.85,34.6,34.5,35,24036
2017-10-22,34.65,34.4,34.25,34.65,27356
2017-10-23,34.5,34.8,34.5,35,30291
2017-10-24,34.85,34.9,34.3525,35,20979
2017-10-25,35.15,35.4,34.9,35.4,19222
2017-10-26,35.45,36.85,34.64,37.15,43333
2017-10-29,36.9,35.35,35.1,36.9,21281
2017-10-30,35.45,35.5,35.3,36.2,38811
2017-10-31,35.8,34.85,34.525,35.85,17093
2017-11-01,34.95,35.8,34.8,36,15222
2017-11-02,35.5,35.2,35.2,35.7,29692
2017-11-05,35.25,35.2,34.85,35.3,19588
2017-11-06,35.05,33.8,33.7,35.3,50011
2017-11-07,33.6,33.35,33,33.8,42029
2017-11-08,33.2,33.05,32.7,33.3,33598
2017-11-09,33.15,33.3,33,33.75,23167
2017-11-12,33,33.75,32.75,34,25119
2017-11-13,33.65,34.15,33.2,34.25,26520
2017-11-14,33.75,34.1,33.15,34.4,28876
2017-11-15,34.4,34.3,33.2,35,29898
2017-11-16,34.1,34.5,34,34.75,18507
2017-11-19,34.45,34.7,33.3,34.7,33026
2017-11-20,34.8,34.85,34.6,35.25,27269
2017-11-21,34.95,34.75,34.725,35.1,20327
2017-11-23,34.9,34.5,33.65,34.9,12153
2017-11-26,34.4,34.8,34.4,35,15973
2017-11-27,34.8,36.35,34.25,36.45,29781
2017-11-28,36.5,36.3,35.95,37,102621
2017-11-29,36.75,35.95,35.5,36.75,38059
2017-11-30,35.85,35.8,34.7,35.85,23942
2017-12-03,36.6,36.05,35.95,36.9,33546
2017-12-04,36.2,35.5,35.35,36.2,22956
2017-12-05,35.35,35.4,34.9207,35.85,22062
2017-12-06,35.4,35.3,35.0001,35.65,25215
2017-12-07,35.45,34.5,34.45,35.45,28157
2017-12-10,34.5,34.4,34.2,34.6,18367
2017-12-11,34.45,34.8,34.45,35.125,16998
2017-12-12,34.85,34.95,34.05,35.525,22273
2017-12-13,35,35.05,34.5,35.147,97878
2017-12-14,35,36.3,35,36.5,106644
2017-12-17,36.5,36.4,35.875,36.75,27132
2017-12-18,36.45,35.9,35.6,36.45,32258
2017-12-19,36.1,35.3,35.3,36.1,30344
2017-12-20,35.65,35.8,35.6,36.05,42199
2017-12-21,35.8,35.65,35.15,36,30048
2017-12-25,35.324,35.1,35,35.5,33534
2017-12-26,35.1,35.05,34.85,35.75,19925
2017-12-27,35.05,35.2,34.8741,35.3,23456
2017-12-28,35.25,35,34.8445,35.35,70253
2018-01-01,35.075,35.4,34.9,35.65,41744
2018-01-02,35.25,35.15,34.76,35.25,137458
2018-01-03,35.2,35.15,35,35.7288,20542
2018-01-04,35.15,35.4,34.95,35.45,21132
2018-01-07,35.3,35,34.9,35.3,24600
2018-01-08,34.95,35.25,34.95,36.2307,17975
2018-01-09,35.2,35.55,35.2,35.95,13983
2018-01-10,35.6,36.3,35.6,36.5,28399
2018-01-11,36.45,37.2,36.2,37.4,39627
2018-01-15,37.2,37,36.85,37.75,41171
2018-01-16,37.2,37,36.65,37.2,64081
2018-01-17,36.9,36.1,36.1,36.9,36388
2018-01-18,35.85,36.3,35.85,36.325,40790
2018-01-21,36,35.9,35.85,36.25,17775
2018-01-22,35.8,35.9,35.5732,36.15,48765
2018-01-23,36.2,35.25,35.15,36.3,47674
2018-01-24,35.6,35.2,34.75,35.6,30524
2018-01-25,35.25,35.35,34.9648,35.35,25815
2018-01-28,35.2,35.1,35.05,35.3,36394
2018-01-29,34.55,34.6,34.25,35.35,34239
2018-01-30,34.65,34.3,34.05,34.7,47636
2018-01-31,34.25,33.8,33.6,34.25,67526
2018-02-01,33.85,34.2,33.825,34.6,30918
2018-02-04,33.9,32.775,32.7,34.6,40775
2018-02-05,32.1,32.9,32.1,33.5,63635
2018-02-06,32.6,32.95,32.6,33.2,31879
2018-02-07,33.2,32.25,32.2,33.2,37720
2018-02-08,32.55,32.8,32,33.1,38998
2018-02-11,32.85,32.55,32.1,32.9,35526
2018-02-12,32.2,32.9,32.2,33.05,48983
2018-02-13,32.6,33.65,32.6,33.65,96699
2018-02-14,33.75,33.95,33.35,34.15,40279
2018-02-15,33.85,34.35,33.85,34.75,50271
2018-02-19,34.1,33.9,33.6,34.55,40755
2018-02-20,34.05,33.6,33.35,35.1004,33587
2018-02-21,33.7,33.15,33.05,33.9,28675
2018-02-22,33.5,33.55,33.05,33.65,33325
2018-02-25,33.6,33.75,33.25,33.8,19920
2018-02-26,34,33.55,33.25,34.2,48765
2018-02-27,34,33.2,32.95,34,72232
2018-02-28,33.15,33.05,32.85,33.5,21605
2018-03-01,32.8,33.85,32.75,34,37741
2018-03-04,33.65,34.2,33.3,34.6,32018
2018-03-05,34.3,34.45,33.6,34.6,31818
2018-03-06,34.25,34.9,33.9,35,27280
2018-03-07,34.65,34.5,34.2,34.8,15871
2018-03-08,34.7,35.3,34.35,35.4,28507
2018-03-11,35.3,35.4,35.025,35.57,32179
2018-03-12,35.55,35.2,35.05,35.7,30823
2018-03-13,35.05,34.75,34.6,35.1,37247
2018-03-14,35,34.95,34.6,35.2,26830
2018-03-15,34.95,35.3,34.95,35.5,82618
2018-03-18,35.2,35.2,34.625,35.35,20059
2018-03-19,35.25,34.75,34.55,35.4,18807
2018-03-20,34.7,34.65,34.35,35,37546
2018-03-21,34.4,33.85,33.7,34.65,34970
2018-03-22,33.95,32.75,32.75,33.95,46341
2018-03-25,33.25,33.95,32.9,34.1,46615
2018-03-26,33.8,33.5,33.3,34.4,29420
2018-03-27,33.55,33.75,33.55,34.05,29620
2018-03-28,33.9,33.55,33.45,34.35,27765
2018-04-01,33.5,32.9,32.55,33.75,39685
2018-04-02,32.7,33.15,32.7,33.4,56533
2018-04-03,32.8,33.25,32.8,33.5,70978
2018-04-04,33.35,33.35,33.1489,33.5,56366
2018-04-05,33.15,32.9,32.45,33.6,55096
2018-04-08,33.1,32.85,32.85,33.55,38408
2018-04-09,33.2,32.95,32.75,33.2,105801
2018-04-10,32.85,32.85,32.6,33.35,50823
2018-04-11,32.95,32.95,32.85,33.2,72299
2018-04-12,33.1,32.65,32.6,33.1,35585
2018-04-15,32.95,32.6,32.55,33,46275
2018-04-16,32.8,32.3,32.25,32.85,39427
2018-04-17,32.45,32.1,32,32.7,52693
2018-04-18,31.95,32,31.9,32.35,99496
2018-04-19,31.9,32.15,31.9,32.35,50648
2018-04-22,32.1,32.45,32.045,32.65,44872
2018-04-23,32.4,32.75,32.4,32.95,47405
2018-04-24,32.8,33.75,32.8,34.2,64884
2018-04-25,33.8,33.9,33.7,34.15,46902
2018-04-26,33.95,33.75,33.6,34.2225,26915
2018-04-29,33.9,32.9,32.9,33.9,35087
2018-04-30,32.8,33.75,32.65,33.8,95207
2018-05-01,33.65,34,33.2,34.15,37185
2018-05-02,33.85,34,33.45,34.15,96939
2018-05-03,34.05,36.35,34,36.65,91563
2018-05-06,36.4,36.3,35.4,36.65,36708
2018-05-07,36.3,36.6,36.2,36.9,92822
2018-05-08,37,36.95,36.45,37.125,31768
2018-05-09,37,36.95,36.6,37,31639
2018-05-10,36.75,36.6,36.45,37,21383
2018-05-13,36.8,36.25,36.2,36.8,27275
2018-05-14,36.05,36.5,36,36.8,17878
2018-05-15,36.3,36.85,36.3,37.15,37211
2018-05-16,36.85,37.2,36.8,37.275,59844
2018-05-17,37.4,36.9,36.85,37.4,53159
2018-05-20,37,37.4,37,37.75,38161
2018-05-21,37.5,37.3,37.0068,37.7,60209
2018-05-22,37.25,37.3,37,37.4,42349
2018-05-23,37.25,37.05,36.8,37.25,53534
2018-05-24,37.025,37.15,36.951,37.25,28448
2018-05-28,36.85,36.75,36.45,37.1,31691
2018-05-29,37,36.95,36.7,37.3,57186
2018-05-30,36.9,36.95,36.7,37.25,31572
2018-05-31,37.15,37.35,37.1,37.55,28407
2018-06-03,37.4,37.25,37.15,37.5,50481
2018-06-04,37.1,37.3,37,37.5,40237
2018-06-05,37.35,37.75,37.3,37.75,50237
2018-06-06,37.75,37.55,34.3444,38,28279
2018-06-07,37.5,37.3,37.1,37.7,34035
2018-06-10,37.15,36.6,36.45,37.45,37119
2018-06-11,36.6,35.95,35.65,36.6,40499
2018-06-12,35.9,36.05,35.7,36.4,36985
2018-06-13,36.2,36.2,35.675,36.3,27516
2018-06-14,36.05,36.1,35.8,36.4,73258
2018-06-17,36.05,36.35,35.7,36.6,33378
2018-06-18,36.2,36.9,36.1,37.1,38663
2018-06-19,37.1,37.2,36.9,37.3,33156
2018-06-20,37.25,37.25,36.85,37.6,45042
2018-06-21,37.4,37.1,36.75,37.55,247147
2018-06-24,37.05,36.95,36.6,37.1,32406
2018-06-25,37.05,36.85,36.6,37.05,44263
2018-06-26,36.9,36.25,36.2,36.9,26907
2018-06-27,36.2,36.25,36.15,36.55,24405
2018-06-28,36.4,35.95,35.8,36.75,57556
2018-07-01,35.8,36.5,35.8,36.6,22496
2018-07-02,36.65,36.5,36.45,37.025,12929
2018-07-04,36.65,36.7,36.275,36.85,21442
2018-07-05,36.75,36.9,36.6,37.1,17916
2018-07-08,37,37.2,36.9,37.35,15827
2018-07-09,37.3,36.65,36.5,37.35,27544
2018-07-10,36.65,36.65,36.4,36.9,15826
2018-07-11,36.8,36.2,36,36.8,21574
2018-07-12,36.15,35.9,35.85,36.3,19422
2018-07-15,35.95,36.2,35.95,36.3,24678
2018-07-16,36.35,36.1,36.1,36.699,25130
2018-07-17,36.15,36.4,36.1,36.5,28074
2018-07-18,36.45,36.8,36.2,36.9,31219
2018-07-19,36.55,36.45,36.35,36.7,39531
2018-07-22,36.45,36.8,36.45,37.025,22637
2018-07-23,36.9,36.55,36.3,36.9,27304
2018-07-24,34.55,34.6,34.1,35.525,52385
2018-07-25,34.95,36.1,34.7,36.2,46116
2018-07-26,36.05,35.95,35.75,36.3,56044
2018-07-29,36,35.9,35.75,36.25,80421
2018-07-30,36.2,35.8,35.4,36.2,72867
2018-07-31,36,35.75,35.35,36.1,39679
2018-08-01,35.6,35.7,35.35,35.95,26655
2018-08-02,35.75,34.8,34.75,35.75,22121
2018-08-05,34.85,34.85,34.6,35.1,24060
2018-08-06,34.8,34.55,34.35,35.1,27360
2018-08-07,34.514,34.85,34.25,34.95,15350
2018-08-08,34.9,34.95,34.7228,35.1,18636
2018-08-09,34.9,35,34.55,35.2,37198
2018-08-12,35.25,35,34.7,35.4,41424
2018-08-13,34.95,35.25,34.6,35.5,37551
2018-08-14,35.3,34.7,34.6,35.3,35435
2018-08-15,34.8,35.6,34.8,35.737,53022
2018-08-16,35.7,35.65,35.6,36.5,69530
2018-08-19,35.7,35.6,35.35,35.85,21992
2018-08-20,35.5,36,35.5,36.25,21262
2018-08-21,35.95,35.9,35.6,36.0349,22085
2018-08-22,35.6,35.45,35.4,35.9,34889
2018-08-23,35.35,35.35,35.3,35.8,30441
2018-08-26,35.4,35.3,35.25,35.7,21985
2018-08-27,35.35,34.9,34.85,35.35,19289
2018-08-28,34.85,34.75,34.35,35.35,37652
2018-08-29,34.6,34.8,34.5,35,21354
2018-08-30,34.9,35,34.8,35.1,22475
2018-09-03,34.9,35.15,34.7,35.25,38603
2018-09-04,35.25,35.4,35.15,35.45,57016
2018-09-05,35.3,35.5,35.3,35.65,35385
2018-09-06,35.5,35.7,35.4,35.75,37914
2018-09-09,35.75,35.65,35.575,35.9,59853
2018-09-10,35.7,35.85,35.675,35.9,45661
2018-09-11,35.9,35.4,35.125,35.9,54672
2018-09-12,35.5,34.95,34.9,35.5,35485
2018-09-13,34.775,35.25,34.775,35.35,24990
2018-09-16,35.35,34.9,34.75,35.35,26353
2018-09-17,34.9,34.7,34.65,34.9,26294
2018-09-18,34.7,34.6,34.6,35.2,32931
2018-09-19,34.95,35.05,34.8321,35.2,31258
2018-09-20,35,35,34.9,35.45,83006
2018-09-23,34.85,34.35,34.1,34.9,41571
2018-09-24,34.5,34.05,34,34.55,28057
2018-09-25,34.05,33.35,33.2,34.05,55716
2018-09-26,33.3,33.1,33,33.55,30734
2018-09-27,33.0314,33.2,33.0255,33.35,29996
2018-09-30,33.25,32.57,32.44,33.28,23156
2018-10-01,32.355,32.06,31.72,32.77,32513
2018-10-02,32.08,32.72,32.08,32.89,38016
2018-10-03,32.74,32.6,32.49,33,26265
2018-10-04,32.65,32.06,31.89,32.69,33598
2018-10-07,32,32.27,31.7401,32.4,30660
2018-10-08,32.47,32.2,32.001,32.69,45241
2018-10-09,32.19,32.01,31.98,32.74,47675
2018-10-10,31.88,31.73,31.72,32.31,55297
2018-10-11,31.95,30.7,30.25,32.32,57179
2018-10-14,30.66,31.05,30.56,31.15,40084
2018-10-15,31.17,31.7,30.775,32.03,42275
2018-10-16,31.61,31.7,31.04,31.76,38050
2018-10-17,31.71,30.87,30.65,31.71,27105
2018-10-18,30.68,30.4,30.33,30.91,37821
2018-10-21,30.46,29.9,29.79,30.46,50125
2018-10-22,29.59,29.49,29.31,30,32801
2018-10-23,29.72,27.82,27.74,29.72,50253
2018-10-24,27.91,29.11,27.91,29.365,59022
2018-10-25,28.81,29.4,28.48,29.98,41600
2018-10-28,29.99,30,29.2908,30.15,37551
2018-10-29,30.06,30.02,29.56,30.16,24589
2018-10-30,30.29,29.7,29.55,30.6,49261
2018-10-31,29.79,29.68,29.44,30.5799,29291
2018-11-01,29.8,29.85,29.53,30.249,29605
2018-11-04,29.83,29.55,29.44,30,18636
2018-11-05,29.5,29.75,29.11,30,21224
2018-11-06,29.76,29.91,29.3,29.95,26761
2018-11-07,29.79,30.53,29.79,30.6,33218
2018-11-08,30.48,30.12,30.05,30.99,34130
2018-11-11,30.12,29.94,29.2711,30.49,26314
2018-11-12,29.95,30.17,29.56,30.48,19751
2018-11-13,30.42,29.25,29.05,30.555,33159
2018-11-14,29.03,29.9,29.03,30.02,26852
2018-11-15,29.75,29.91,29.42,30.2,30133
2018-11-18,29.96,29.61,29.293,29.96,17122
2018-11-19,29.37,29.22,28.9701,29.71,36954
2018-11-20,29.23,29.26,28.6172,29.77,12345
2018-11-22,29.22,29.62,29.22,29.86,13906
2018-11-25,29.65,29.41,29.37,29.76,39841
2018-11-26,29.35,29.11,28.82,29.35,23543
2018-11-27,29.01,29.79,28.655,29.93,37896
2018-11-28,29.79,29.52,29.105,29.94,27677
2018-11-29,29.43,29.52,29.43,29.88,52396
2018-12-02,29.83,29.15,29.035,30.05,33159
2018-12-03,28.87,27.45,27.39,29,51950
2018-12-05,27.09,27.62,26.87,27.67,36653
2018-12-06,27.63,27.46,27.16,28.36,34761
2018-12-09,27.45,27.57,26.74,27.58,40418
2018-12-10,27.77,27.27,27.2,27.9515,21658
2018-12-11,27.55,27.77,27.55,28.27,35068
2018-12-12,27.81,27.24,27.21,28.21,25109
2018-12-13,27.1,27,26.8,27.48,49796
2018-12-16,26.97,26.62,26.51,27.48,49437
2018-12-17,26.78,26.06,25.94,26.78,47583
2018-12-18,26.09,25.22,25.13,26.2292,36253
2018-12-19,25.23,24.99,24.94,26.12,67740
2018-12-20,24.86,24.8,24.69,25.22,189119
2018-12-23,24.73,24.39,24.12,25.328,16602
2018-12-25,24.43,25.29,24.31,25.56,53662
2018-12-26,25.09,25.24,24.5,25.57,36434
2018-12-27,25.31,25.35,25.26,26,46940
2018-12-30,25.43,25.49,24.9685,25.915,81433
2019-01-01,25.18,26.28,25.18,26.4011,50608
2019-01-02,26.08,26.07,25.81,26.63,24017
2019-01-03,26.51,26.95,25.62,26.95,38696
2019-01-06,26.96,26.95,26.14,27.0643,61073
2019-01-07,27.29,27.37,26.83,27.5,26101
2019-01-08,26.32,27,26.32,27.33,42126
2019-01-09,26.72,27.04,26.68,27.37,44827
2019-01-10,27.18,27.02,26.61,27.18,33351
2019-01-13,26.88,27.2,26.88,27.38,40832
2019-01-14,27.1,27.41,26.8822,27.5,31670
2019-01-15,27.67,27.83,27.61,29.95,76616
2019-01-16,27.47,27.67,27.24,27.86,30976
2019-01-17,27.69,28.1,27.6032,28.31,42682
2019-01-21,27.81,28.18,27.81,28.4974,54064
2019-01-22,28.17,28.14,28.05,28.2908,28439
2019-01-23,28.5999,28.34,27.88,28.5999,21454
2019-01-24,28.84,28.43,28.24,28.84,27198
2019-01-27,28.26,28.41,28.15,28.9152,21676
2019-01-28,30.72,30.63,30.04,31.26,61441
2019-01-29,30.9,30.68,30.48,30.9,34499
2019-01-30,30.66,30.79,30.391,30.925,45004
2019-01-31,31.04,31.04,30.61,31.08,20042
2019-02-03,31.21,31.53,30.9751,31.61,27798
2019-02-04,31.68,31.52,31.2,31.68,33070
2019-02-05,31.53,31.4,31.39,31.58,20407
2019-02-06,31.5,31.46,31.41,31.665,22347
2019-02-07,31.4,31.46,31.21,31.48,31501
2019-02-10,31.48,31.87,31.38,31.95,14858
2019-02-11,31.98,32.14,31.91,32.38,18361
2019-02-12,32.15,32.8,32.02,33.04,35011
2019-02-13,32.8,32.42,32.4,32.8,26545
2019-02-14,32.55,33.13,32.55,33.38,42816
2019-02-18,33.11,33.49,32.25,33.7899,32375
2019-02-19,33.59,33.79,33.225,33.88,20419
2019-02-20,33.5,33.49,33.15,33.71,31144
2019-02-21,33.5,33.2,33,33.84,72939
2019-02-24,33.42,33.22,33.15,33.6749,25539
2019-02-25,33.18,32.87,32.83,33.38,26698
2019-02-26,32.86,32.94,32.76,33.2,13101
2019-02-27,32.764,32.97,32.764,33.24,44917
2019-02-28,32.67,33.25,32.6553,33.25,17367
2019-03-03,33.12,32.93,32.8002,33.25,20458
2019-03-04,32.93,32.83,32.6287,32.98,14613
2019-03-05,32.91,31.9,31.78,32.91,21221
2019-03-06,31.83,31.43,31.32,31.89,24475
2019-03-07,31.34,31.66,31.34,31.78,13860
2019-03-10,31.65,32.15,31.46,32.27,18061
2019-03-11,32.2,31.96,31.93,32.72,11669
2019-03-12,32,31.69,31.61,32.11,52347
2019-03-13,31.72,31.48,31.38,31.75,35087
2019-03-14,31.49,31.22,31.06,31.7,118858
2019-03-17,31.01,31.41,31.01,31.45,73185
2019-03-18,31.4,30.67,30.66,31.4,29302
2019-03-19,30.76,29.86,29.86,30.87,45788
2019-03-20,29.77,29.39,29.33,30,39675
2019-03-21,29.25,27.56,27.53,29.28,203954
2019-03-24,27.69,28.36,27.41,28.51,83747
2019-03-25,28.44,29.14,28.44,29.17,35667
2019-03-26,29.48,29.17,28.7,29.48,24935
2019-03-27,29.16,29.46,28.77,29.47,17569
2019-03-28,29.64,29.3,28.88,29.64,40877
2019-03-31,29.9,30.23,29.57,30.59,86741
2019-04-01,30.24,30.1,29.95,30.41,21907
2019-04-02,30.34,30.51,30.11,30.61,26353
2019-04-03,30.52,30.9,30.2132,30.9,11695
2019-04-04,30.91,31,30.8,31.01,27694
2019-04-07,30.99,30.84,30.83,31.15,28075
2019-04-08,30.5952,30.42,30.3,31,22848
2019-04-09,30.42,30.98,30.275,31.045,28421
2019-04-10,31,30.99,30.82,31.14,36705
2019-04-11,31.25,31.78,30.84,31.8,67866
2019-04-14,31.79,31.34,31.29,31.79,33366
2019-04-15,31.35,31.92,31.35,32,20092
2019-04-16,31.77,31.69,31.27,31.91,30718
2019-04-17,31.57,31.13,30.76,31.6,21989
2019-04-21,31.06,30.45,30.2,31.11,16711
2019-04-22,30.59,31.3,30.21,31.64,45287
2019-04-23,30.27,30.54,29.41,31.5,57249
2019-04-24,30.64,30.54,29.87,30.88,29930
2019-04-25,30.61,30.72,30.23,30.97,18135
2019-04-28,30.9,31.47,30.8334,31.6,18621
2019-04-29,31.46,30.99,30.74,31.46,28429
2019-04-30,30.53,30.8,30.38,31.18,55162
2019-05-01,31.17,31.01,31.01,31.31,13844
2019-05-02,31.25,31.68,31.25,31.875,29343
2019-05-05,31.24,31.74,31.24,31.92,18990
2019-05-06,31.43,30.53,30.34,31.45,38156
2019-05-07,30.49,30.41,30.35,30.76,30481
2019-05-08,30.12,30.37,29.73,30.615,32952
2019-05-09,30.33,30.32,29.3,30.36,25164
2019-05-12,29.73,29.02,28.96,30.52,27926
2019-05-13,29.04,29.61,28.88,29.65,34019
2019-05-14,29.27,29.25,28.98,29.5,33606
2019-05-15,29.34,29.4,29.26,29.85,21920
2019-05-16,29.07,29.25,28.73,30.03,47701
2019-05-19,28.92,29.54,28.92,29.87,15383
2019-05-20,29.64,29.8,29.53,30.43,15083
2019-05-21,29.74,29.38,29.24,30.04,17421
2019-05-22,29.08,28.36,28.22,29.09,22826
2019-05-23,28.53,28.82,28.45,29.35,24785
2019-05-27,28.64,28.52,28.49,29.355,33468
2019-05-28,28.26,28.59,28.15,28.75,39910
2019-05-29,27.69,27.94,25.47,28.72,50703
2019-05-30,27.76,27.83,27.65,28.12,37911
2019-06-02,27.76,27.97,27.5217,28.43,39190
2019-06-03,28.35,28.76,28.35,29.02,19368
2019-06-04,28.79,28.55,27.81,29.1,32284
2019-06-05,28.46,28.32,28,28.69,17218
2019-06-06,28.23,28.17,28.0376,28.52,25931
2019-06-09,28.53,28.48,28.3,28.7397,13508
2019-06-10,28.36,28.43,28.17,28.83,24483
2019-06-11,28.28,28.25,28.1,28.5,15742
2019-06-12,28.37,28.18,28.17,28.59,25494
2019-06-13,28.23,28.49,27.95,28.79,27597
2019-06-16,28.51,28.18,28.08,29.46,15423
2019-06-17,28.21,28.61,28.21,28.69,13271
2019-06-18,28.85,28.37,28.29,28.89,20198
2019-06-19,28.56,28.55,28.193,28.63,15730
2019-06-20,28.57,28.62,28.42,28.85,36692
2019-06-23,28.63,27.87,27.78,29.01,23423
2019-06-24,27.91,28.33,27.78,28.43,24630
2019-06-25,28.41,28.34,28.31,28.535,13025
2019-06-26,28.35,28.75,28.35,28.83,32870
2019-06-27,28.91,29.46,28.7,30.09,88137
2019-06-30,29.68,29.48,29.281,29.77,19078
2019-07-01,29.3,28.84,28.5,29.3,18205
2019-07-02,28.87,28.8,28.52,29.5581,5216
2019-07-04,28.87,29.39,28.7348,29.4,11292
2019-07-07,29.13,29.17,28.98,29.29,33537
2019-07-08,29.39,29.31,29,29.44,8607
2019-07-09,29.4,29.03,28.95,29.624,17055
2019-07-10,28.9889,29.11,28.9,29.25,16853
2019-07-11,29.19,29.35,29.19,29.72,20711
2019-07-14,29.35,29.03,28.9,29.35,16381
2019-07-15,28.98,29.01,28.95,29.16,13294
2019-07-16,28.85,28.77,28.74,29.1437,25067
2019-07-17,28.77,28.82,28.68,28.92,16651
2019-07-18,28.45,28.51,28.45,28.74,24128
2019-07-21,28.45,28.58,28.12,28.71,36230
2019-07-22,28.4758,28.41,28.4,28.7143,14020
2019-07-23,27.77,28.99,27.77,29.23,36289
2019-07-24,28.85,28.6,28.43,29.15,11972
2019-07-25,28.46,29.22,28.46,29.41,43414
2019-07-28,29.22,28.94,28.83,29.5071,26013
2019-07-29,28.7,29.4,28.44,29.8056,40038
2019-07-30,29.29,29.21,29.195,29.94,65115
2019-07-31,29.2,28.35,28.3,29.41,44580
2019-08-01,28.35,28.22,28.02,28.43,37918
2019-08-04,27.65,27.29,26.78,27.72,111400
2019-08-05,27.33,27.21,26.6647,27.42,32063
2019-08-06,26.62,27.02,26.45,27.28,22430
2019-08-07,27.36,27.55,27.36,28.08,51101
2019-08-08,27.54,27.61,27.35,28.17,21912
2019-08-11,27.4,27.61,27.2152,27.81,16837
2019-08-12,27.51,27.79,27.51,28.215,20414
2019-08-13,27.15,27.22,26.99,27.68,26397
2019-08-14,27.36,27.34,27.15,27.56,29971
2019-08-15,27.5,28.07,27.5,28.12,18124
2019-08-18,28.51,27.95,27.83,28.51,13798
2019-08-19,27.25,27.28,27.15,27.68,23294
2019-08-20,27.44,27.32,27.21,27.47,22224
2019-08-21,27.72,27.23,27.23,27.72,18638
2019-08-22,26.87,26.46,26.44,27.4069,56171
2019-08-25,26.63,26.9,26.394,26.95,19959
2019-08-26,27.02,26.42,26.41,27.31,37103
2019-08-27,26.11,26.59,26.11,27,29166
2019-08-28,26.95,26.87,26.645,27.2635,43393
2019-08-29,26.895,26.91,26.66,26.92,24987
2019-09-02,26.71,26.43,26.13,26.81,32525
2019-09-03,26.64,26.71,26.46,26.755,32214
2019-09-04,27.06,27.21,26.84,27.67,33534
2019-09-05,27.16,26.87,26.7,27.39,21411
2019-09-08,27,28,26.84,28.155,51653
2019-09-09,27.92,28.48,27.52,28.78,20540
2019-09-10,28.59,29.4,27.95,29.54,39447
2019-09-11,29.26,29.78,28.86,29.97,45922
2019-09-12,29.98,30.12,29.82,30.41,48208
2019-09-15,29.88,29.81,29.68,30.69,43375
2019-09-16,29.62,29.59,29.04,29.69,24732
2019-09-17,29.6,29.71,29.25,29.99,36982
2019-09-18,29.66,29.43,29.43,30.37,27435
2019-09-19,29.37,29.68,29.24,29.84,97904
2019-09-22,29.68,29.95,29.39,30.02,26650
2019-09-23,29.79,29.63,29.54,29.9,40068
2019-09-24,29.91,30.13,29.7,30.43,27881
2019-09-25,30.01,29.6,29.54,30.045,21878
2019-09-26,29.55,29.68,29.55,30.29,37116
2019-09-29,29.58,29.56,29.56,29.87,39312
2019-09-30,29.56,29.13,28.94,29.93,69350
2019-10-01,29.0563,29.26,28.89,29.41,62296
2019-10-02,29.25,29.09,28.57,29.45,42535
2019-10-03,29.29,29.48,29.02,29.48,33524
2019-10-06,29.44,29.65,29.44,29.97,23510
2019-10-07,29.34,28.99,28.76,29.381,45814
2019-10-08,29.13,29.11,29,29.25,35840
2019-10-09,29,29.16,29,29.49,38841
2019-10-10,29.58,29.63,29.3183,29.99,64349
2019-10-13,29.39,29.49,29.24,29.54,32390
2019-10-14,29.58,29.7,29.5,29.77,42550
2019-10-15,29.61,29.5,29.42,29.82,58293
2019-10-16,29.4,29.49,29.16,29.51,32967
2019-10-17,29.28,29.59,29.28,29.74,50613
2019-10-20,29.65,29.93,29.51,30.19,91838
2019-10-21,29.81,29.99,29.5905,30.32,36654
2019-10-22,29.75,30,29.58,30.1,39136
2019-10-23,30.13,29.75,29.56,30.13,46817
2019-10-24,30.91,31.96,30,32.22,117525
2019-10-27,32.22,32.52,32.1,32.91,64403
2019-10-28,32.21,32.54,32.21,32.63,89768
2019-10-29,32.44,32.75,32.05,33.11,71714
2019-10-30,32.78,32.4,31.91,32.78,41436
2019-10-31,32.66,32.61,32.44,33.12,49711
2019-11-03,32.91,33.09,32.76,33.36,42304
2019-11-04,33.19,33.67,33.19,33.86,42744
2019-11-05,33.51,33.53,33.24,33.7,49822
2019-11-06,33.91,33.57,33.47,34.13,27647
2019-11-07,33.54,33.61,33.34,33.93,26583
2019-11-10,33.57,33.65,33.1925,33.82,18843
2019-11-11,33.59,33.4,33.355,33.8743,41067
2019-11-12,33.2,33.15,32.96,33.39,58617
2019-11-13,33.14,33.28,32.7275,34.13,36718
2019-11-14,33.54,33.2,33.01,33.54,23207
2019-11-17,33.04,32.94,32.555,33.08,36867
2019-11-18,33.03,33,32.94,33.415,52912
2019-11-19,32.87,32.8,32.5,33.27,66286
2019-11-20,32.98,32.65,32.53,32.98,22110
2019-11-21,32.83,32.61,32.55,32.86,15406
2019-11-24,32.66,33.15,32.66,33.33,34767
2019-11-25,33.02,32.98,32.9,33.17,29107
2019-11-26,33.08,33.03,32.91,33.2,19079
2019-11-28,32.96,32.68,32.67,33.06,12512
2019-12-01,32.84,32.63,32.47,32.98,25267
2019-12-02,32.68,32.39,31.965,32.68,33916
2019-12-03,32.56,32.57,32.49,32.84,25275
2019-12-04,32.74,32.71,32.66,32.84,29253
2019-12-05,32.98,33.06,32.85,33.24,40726
2019-12-08,33,32.86,32.735,33.04,26727
2019-12-09,32.89,32.7,32.635,33.19,98040
2019-12-10,32.7,32.75,32.53,32.95,86082
2019-12-11,32.72,33.15,32.72,33.3,84837
2019-12-12,33,33.25,32.66,33.28,69708
2019-12-15,33.26,33.82,33.26,34,74955
2019-12-16,33.94,34.08,33.81,34.25,40448
2019-12-17,34.24,33.9,33.76,34.24,44802
2019-12-18,33.8,33.92,33.7316,33.96,35855
2019-12-19,33.93,33.81,33.62,34.06,102223
2019-12-22,33.92,33.84,33.68,33.92,65410
2019-12-23,33.65,33.88,33.65,33.88,14876
2019-12-25,33.77,33.86,33.685,33.92,23031
2019-12-26,33.8,33.66,33.57,34.12,30236
2019-12-29,33.52,33.56,33.46,33.81,30366
2019-12-30,33.37,33.53,33.37,33.72,35159
2020-01-01,33.67,33.49,33.1306,33.67,48185
2020-01-02,33.04,33.11,32.88,33.4108,50390
2020-01-05,32.73,32.74,32.58,33,28444
2020-01-06,32.65,32.26,32.17,32.9,29752
2020-01-07,32.5,32.51,32.35,32.71,25396
2020-01-08,32.42,32.31,32.27,32.74,20665
2020-01-09,32.35,32.09,31.905,32.35,28965
2020-01-12,31.95,32.74,31.95,33.08,41356
2020-01-13,32.7,32.74,32.53,33.02,42075
2020-01-14,32.55,32.54,32.38,32.76,32802
2020-01-15,32.72,33.03,32.4,33.31,31595
2020-01-16,33.29,32.89,32.71,33.5797,37847
2020-01-20,32.76,32.72,32.6,32.98,49383
2020-01-21,32.86,32.48,32.31,32.86,38445
2020-01-22,32.22,32.19,31.62,32.37,52097
2020-01-23,32.05,31.92,31.76,32.195,41649
2020-01-26,31.58,31.73,31.565,32.07,36692
2020-01-27,31.83,31.6,31.44,31.9335,40830
2020-01-28,31.51,31.33,31.14,32.0945,41461
2020-01-29,32.23,31.71,30.88,32.23,49453
2020-01-30,31.7,30.35,30.31,31.7,59995
2020-02-02,30.38,30.66,30.285,30.89,58674
2020-02-03,31.05,31.19,30.94,31.44,52888
2020-02-04,31.48,31.6,31.17,31.76,41066
2020-02-05,31.75,31.56,31.42,31.75,41853
2020-02-06,31.43,31.25,31.11,31.47,46013
2020-02-09,31.05,31.48,31.05,31.48,59156
2020-02-10,31.52,31.52,31.5,32,35468
2020-02-11,31.78,31.75,31.63,31.86,29926
2020-02-12,31.58,31.7,31.48,31.79,32918
2020-02-13,31.72,31.39,31.25,31.79,29554
2020-02-17,31.35,31,30.94,31.89,31781
2020-02-18,30.98,31.4,30.98,31.56,39319
2020-02-19,31.22,31.47,31.16,31.62,28302
2020-02-20,31.42,31.31,31.11,31.42,37866
2020-02-23,30.53,30.27,30.13,30.67,42127
2020-02-24,30.19,29.22,29.08,30.19,38447
2020-02-25,29.36,29.28,29.11,29.83,33802
2020-02-26,28.8,27.88,27.875,29.21,74004
2020-02-27,27.07,27.52,26.66,28.07,80356
2020-03-01,27.56,27.8,27.02,28.35,81501
2020-03-02,27.75,26.81,26.69,27.75,66719
2020-03-03,26.99,27.37,26.543,27.49,57519
2020-03-04,26.72,26.29,25.83,26.8,64438
2020-03-05,25.47,25.46,24.87,25.89,85195
2020-03-08,23.8,22.62,22.23,24.4039,77226
2020-03-09,23.42,24.78,23.42,25.03,82530
2020-03-10,23.96,23.26,22.84,24.386,80301
2020-03-11,22.16,21.21,20.87,22.87,90430
2020-03-12,22.28,22.61,20.86,22.61,111531
2020-03-15,22.4,19.29,19.21,22.4,119808
2020-03-16,19.72,22.15,18.5,22.15,99061
2020-03-17,20.66,18.93,18.715,21.43,79498
2020-03-18,18.82,21.33,18.75,22.1841,79522
2020-03-19,21.17,19.76,19.68,21.91,137228
2020-03-22,19.99,18.66,18.1,20.03,95774
2020-03-23,19.68,20.56,19.275,20.85,72852
2020-03-24,20.99,19.33,19.12,21,83631
2020-03-25,19.7,21.06,19.51,21.2,64178
2020-03-26,20.08,20.08,19.8768,20.9,40174
2020-03-29,20.31,20.88,20.02,21.23,65154
2020-03-30,20.97,21.16,20.12,21.2,113364
2020-03-31,20.04,19.53,19.39,20.99,70459
2020-04-01,19.35,19.33,18.665,19.845,59504
2020-04-02,19.03,18.02,17.71,19.25,54727
2020-04-05,18.99,19.07,18.38,19.951,128399
2020-04-06,19.84,18.99,18.37,20.3137,104543
2020-04-07,19.46,19.27,18.83,19.56,109612
2020-04-08,19.76,20.68,19.55,20.93,141278
2020-04-12,20.49,19.63,19.45,20.52,80697
2020-04-13,20.3,19.09,18.69,20.41,88600
2020-04-14,18.83,17.88,17.8,18.83,78673
2020-04-15,18.41,17.71,17.17,18.41,125788
2020-04-16,17.65,18.25,17.65,18.8,134824
2020-04-19,17.59,18.05,17.45,18.4516,63466
2020-04-20,17.3,17.99,17.25,18.06,75174
2020-04-21,18.38,18.1,17.73,18.46,83965
2020-04-22,18.19,18.64,18.19,18.99,66785
2020-04-23,18.99,19.06,18.65,19.41,40468
2020-04-26,19.53,20.28,19.41,20.625,57673
2020-04-27,20,20.84,20,21.195,45146
2020-04-28,21.68,22.25,20.9,22.7028,121719
2020-04-29,21.36,20.69,19.93,21.36,105487
2020-04-30,20.79,20.13,19.37,20.79,97914
2020-05-03,19.97,19.91,19.52,20.34,57624
2020-05-04,20.49,19.54,19.45,20.51,75675
2020-05-05,19.58,19.29,19.21,19.84,62595
2020-05-06,19.54,19.63,19.25,19.94,55314
2020-05-07,20.18,20.61,19.765,20.62,83648
2020-05-10,20.17,19.86,19.38,20.49,95670
2020-05-11,20,18.8,18.73,20,81660
2020-05-12,18.38,18.34,17.82,18.7399,124726
2020-05-13,17.83,18.53,17.36,18.63,92007
2020-05-14,18.36,18.66,18.13,18.83,68163
2020-05-17,19.58,20.05,19,20.34,116323
2020-05-18,19.93,19.21,19.21,20.22,72594
2020-05-19,19.63,20.24,19.63,20.57,97543
2020-05-20,20.06,20.17,19.9,20.3,68177
2020-05-21,20.22,20.29,19.81,20.39,104111
2020-05-25,21.19,21.15,20.9,21.52,89732
2020-05-26,22.05,23.12,22.005,23.33,101528
2020-05-27,23.6,21.86,21.83,23.619,60100
2020-05-28,21.66,21.3,20.88,22.24,73922
2020-05-31,21.45,21,20.95,21.54,61123
2020-06-01,21.31,20.89,20.82,22.81,80411
2020-06-02,21.5,21.96,21.27,22.31,66849
2020-06-03,21.87,22.2,21.68,22.5,46189
2020-06-04,23.55,24.09,23.16,24.595,127326
2020-06-07,24.25,24.85,24.25,24.85,62122
2020-06-08,24.09,24.34,23.68,24.86,54199
2020-06-09,24.25,22.73,22.68,24.25,56755
2020-06-10,21.42,20.96,20.92,21.74,122269
2020-06-11,21.95,21.53,20.89,21.96,49751
2020-06-14,20.66,21.63,20.52,21.76,53617
2020-06-15,23.02,22.59,22.14,23.73,98406
2020-06-16,22.5,21.9,21.83,23,58795
2020-06-17,21.54,21.92,21.53,22.29,62900
2020-06-18,22.27,22.52,21.44,22.52,213986
2020-06-21,22.71,22.56,22.17,22.71,86477
2020-06-22,23.05,22.4,22.31,23.35,75562
2020-06-23,21.98,21.4,21.16,21.98,57430
2020-06-24,21.15,22.07,21.15,22.1996,69165
2020-06-25,21.64,21.32,20.67,21.8,207243
2020-06-28,21.67,22.25,21.615,22.355,102987
2020-06-29,22.01,22.84,22.01,23.01,51890
2020-06-30,22.84,21.82,21.82,22.91,72489
2020-07-01,21.81,20.3,19.71,21.81,331776
2020-07-05,20.49,20.04,19.94,21,227783
2020-07-06,19.87,19.22,19.09,19.96,185158
2020-07-07,19.08,18.81,18.245,19.35,187066
2020-07-08,18.73,17.845,17.67,18.73,251573
2020-07-09,17.94,18.725,17.94,18.84,133786
2020-07-12,19.05,18.75,18.32,19.1965,135415
2020-07-13,18.82,18.35,18.21,19.16,89624
2020-07-14,18.9,18.91,18.56,19.25,160595
2020-07-15,18.86,19.15,18.75,19.45,82773
2020-07-16,19.16,18.39,18.34,19.16,87927
2020-07-19,18.24,17.66,17.62,18.38,119004
2020-07-20,17.91,18.53,17.91,18.82,141220
2020-07-21,18.31,18.07,17.87,18.38,111660
2020-07-22,18.04,18.43,17.86,18.45,100048
2020-07-23,18.5,18.335,18.32,18.69,83473
2020-07-26,18.38,18.02,17.675,18.55,130365
2020-07-27,17.89,17.82,17.75,18.15,139085
2020-07-28,18.07,18.61,17.8,18.71,158608
2020-07-29,18.3,18.23,17.92,18.39,113930
2020-07-30,18.12,18.09,17.75,18.36,174849
2020-08-02,18.23,18.25,17.87,18.29,95770
2020-08-03,18.12,18.73,18.12,18.73,174432
2020-08-04,19.05,19.66,18.75,19.79,232890
2020-08-05,19.42,19.83,19.42,19.96,151243
2020-08-06,19.66,21.27,19.66,21.27,171299
2020-08-09,21.33,20.84,20.76,21.92,134318
2020-08-10,21.25,20.89,20.71,21.71,74375
2020-08-11,21.34,20.9,20.675,21.36,73946
2020-08-12,20.69,20.4,20.27,20.77,36438
2020-08-13,20.21,20.6,20.11,20.78,36148
2020-08-16,20.46,20.4,20.15,20.59,35587
2020-08-17,20.39,19.83,19.78,20.39,71592
2020-08-18,19.86,20,19.72,20.37,35978
2020-08-19,19.65,20.12,19.57,20.24,73717
2020-08-20,19.96,20.01,19.78,20.25,148180
2020-08-23,20.23,20.35,19.83,20.39,67042
2020-08-24,20.5,20.23,20.05,20.77,57708
2020-08-25,20.04,19.78,19.75,20.22,72614
2020-08-26,19.82,20.06,19.81,20.39,45747
2020-08-27,20.25,20.135,19.85,20.25,131457
2020-08-30,20.02,20.01,19.83,20.19,88565
2020-08-31,19.87,20.04,19.71,20.3375,59008
2020-09-01,20,20.14,19.98,20.23,65336
2020-09-02,20.23,20.23,20.015,20.74,82883
2020-09-03,20.62,20.63,20.11,20.84,101249
2020-09-07,20.51,20.08,19.88,20.51,91228
2020-09-08,20.23,20.02,19.94,20.28,103032
2020-09-09,20.27,19.63,19.63,20.27,178291
2020-09-10,19.69,19.54,19.32,19.69,69527
2020-09-13,19.53,19.97,19.53,20.08,69297
2020-09-14,20.04,19.64,19.62,20.23,60959
2020-09-15,19.66,19.73,19.51,19.84,53161
2020-09-16,19.42,19.56,19.42,19.71,45693
2020-09-17,19.56,18.84,18.81,19.59,329686
2020-09-20,18.37,17.7,17.41,18.45,151420
2020-09-21,17.77,17.12,17.01,17.84,172971
2020-09-22,17.15,16.53,16.51,17.44,173382
2020-09-23,16.68,17.01,16.64,17.55,137800
2020-09-24,16.77,17.1,16.77,17.155,97643
2020-09-27,17.39,17.54,17.35,17.8099,64393
2020-09-28,17.45,17.34,16.92,17.45,47175
2020-09-29,17.27,17.43,17.27,17.81,63173
2020-09-30,17.37,17.56,17.05,17.56,82544
2020-10-01,17.935,17.91,17.27,18.16,116672
2020-10-04,18.12,18.54,18.06,18.58,79923
2020-10-05,18.81,18.75,18.64,19.39,126982
2020-10-06,18.97,19.04,18.755,19.2699,59079
2020-10-07,19.26,19.38,18.637,19.51,80561
2020-10-08,18.54,19.32,18.54,19.59,61060
2020-10-11,19.29,19.62,19.18,19.67,44947
2020-10-12,19.44,19,18.84,19.45,43719
2020-10-13,18.97,18.88,18.88,19.1,49251
2020-10-14,18.62,19.48,18.425,19.51,51625
2020-10-15,19.38,19.51,19.035,19.7,38216
2020-10-18,19.68,19.29,19.23,19.8499,30514
2020-10-19,19.88,19.43,19.3,19.88,50352
2020-10-20,19.5,19.52,19.38,19.61,53645
2020-10-21,19.35,20.06,19.325,20.09,73365
2020-10-22,20.69,20.36,20.02,20.69,78900
2020-10-25,20.04,20.15,19.7,20.16,40068
2020-10-26,19.73,19.18,19.06,20.05,56227
2020-10-27,18.99,18.62,18.58,19.705,81390
2020-10-28,18.42,19.41,18.24,19.43,64073
2020-10-29,19.4,19.54,19.145,19.74,123437
2020-11-01,20.29,19.62,19.44,20.29,73391
2020-11-02,20.13,20.15,19.93,20.44,82899
2020-11-03,19.66,18.84,18.55,19.66,102773
2020-11-04,18.81,19.44,18.81,19.63,74679
2020-11-05,19.42,18.73,18.52,19.65,62293
2020-11-08,20.43,21.4,19.745,22.1,192433
2020-11-09,22.125,22.26,21.34,22.46,84105
2020-11-10,22.29,21.2,20.83,22.29,57284
2020-11-11,20.53,20.45,20,20.85,69132
2020-11-12,21.39,20.68,20.5,21.39,161295
2020-11-15,21.2,21.59,21.2,21.695,121167
2020-11-16,21.15,21.17,20.91,21.28,87401
2020-11-17,21.99,21.07,21.05,21.99,160117
2020-11-18,20.67,21.52,20.67,21.58,111734
2020-11-19,21.23,21.79,21.23,21.97,91781
2020-11-22,22.77,22.28,22.045,22.77,91617
2020-11-23,23.31,23.63,22.75,23.77,84428
2020-11-24,23.92,24.29,23.35,24.35,106788
2020-11-26,25.16,23.59,23.51,25.16,128580
2020-11-29,23.54,22.32,22.23,23.61,121967
2020-11-30,23.365,23.08,22.49,23.42,85756
2020-12-01,22.87,23.68,22.87,23.76,65671
2020-12-02,23.68,23.65,23.2,23.95,61799
2020-12-03,24.32,25.08,23.68,25.21,92643
2020-12-06,24.78,24.91,24.44,25.33,109812
2020-12-07,24.3,24.32,24.29,24.92,132716
2020-12-08,25.78,24.28,23.78,25.78,113279
2020-12-09,23.9,24.47,23.88,24.51,54613
2020-12-10,24.09,24.33,23.96,24.81,80006
2020-12-13,24.75,24.16,24.07,25.043,44755
2020-12-14,24.29,24.9,23.94,25,77967
2020-12-15,24.41,25.29,24.41,25.54,150245
2020-12-16,24.985,25.04,24.5,25.21,90513
2020-12-17,25.03,24.27,24.11,25.03,215877
2020-12-20,24.14,24.09,23.63,24.39,76476
2020-12-21,23.97,23.51,23.42,24.6571,49295
2020-12-22,24.315,24.47,23.71,24.52,70803
2020-12-23,24.48,24.48,24.14,24.57,42574
2020-12-27,24.415,24.57,24.415,25.15,69995
2020-12-28,24.43,23.91,23.78,24.52,57650
2020-12-29,23.97,24.17,23.97,24.25,61434
2020-12-30,24.3,24.18,23.79,24.41,121756
2021-01-03,24.32,24.2,23.45,24.55,100277
2021-01-04,24.22,24.77,24.22,25.02,128516
2021-01-05,25.8,25.24,24.99,26.87,287711
2021-01-06,26.79,26.07,25.625,26.79,176369
2021-01-07,26.26,25.98,25.128,26.26,82420
2021-01-10,25.75,26.56,25.54,26.6,113809
2021-01-11,26.81,27.4,26.81,27.685,100498
2021-01-12,26.205,27.03,26.205,27.37,79248
2021-01-13,27.43,27.52,27.14,27.805,104657
2021-01-14,27.25,26.98,26.6,27.305,85718
2021-01-18,27.36,27.38,26.87,27.535,89398
2021-01-19,27.16,26.52,25.7,27.16,270182
2021-01-20,26.46,26.69,26.05,27.07,206920
2021-01-21,26.28,27.24,26.04,27.27,238601
2021-01-24,26.87,27.16,26.11,27.26,178727
2021-01-25,29,29.07,28.53,29.92,1082412.0
2021-01-26,28.43,27.69,27.46,28.84,474660
2021-01-27,28.06,27.83,26.93,28.12,444551
2021-01-28,27.73,24.43,24.34,28.66,3788311.0
