date,open_price,close_price,lowest_price,highest_price,volume
2015-03-24,41.5,39.3,38.15,42.04,4185663.0
2015-03-25,38.01,37.35,34.86,38.29,1400743.0
2015-03-26,36.5,35,34.86,37.2499,938360
2015-03-29,36.15,35.2,34.814,36.15,306418
2015-03-30,34.22,34.58,34.09,35.41,399406
2015-03-31,34.25,33.47,33.13,34.5499,331346
2015-04-01,32.52,32.25,30.86,32.75,424091
2015-04-05,32.34,32.86,32.06,33.22,203040
2015-04-06,32.45,31.89,31.77,32.75,238706
2015-04-07,30.51,31.52,30.4,31.7,291861
2015-04-08,31.63,32.21,31.5,32.23,185146
2015-04-09,32.38,34.87,32.11,35.2,400541
2015-04-12,34.85,34.2,33.65,34.88,255864
2015-04-13,33.63,33.67,33.15,34.03,94177
2015-04-14,34.02,32.4,32.2,34.18,162363
2015-04-15,32.41,31.95,31.7,32.41,105944
2015-04-16,31.29,32.59,31.13,32.81,123376
2015-04-19,34.15,32.49,32.28,34.15,234225
2015-04-20,32.16,32.21,31.32,32.46,224320
2015-04-21,31.74,31.3,31.21,31.84,82552
2015-04-22,32,32.68,31.58,32.71,148284
2015-04-23,31.98,32.61,31.9,32.82,118055
2015-04-26,32.42,33.05,32.42,33.34,166301
2015-04-27,32.9,32.51,32.44,33.22,136244
2015-04-28,32.71,32.23,31.74,32.91,119754
2015-04-29,32.58,32.9,32.23,33.5,107542
2015-04-30,33.09,32.91,32.82,33.26,29645
2015-05-03,32.94,32.63,32.61,33.02,37229
2015-05-04,32.66,31.45,31.32,32.8,49177
2015-05-05,31.94,31.1,30.92,32.11,43842
2015-05-06,31.36,31.55,31.2033,31.798,25640
2015-05-07,32.07,31.65,31.29,32.25,47922
2015-05-10,31.61,31.67,31.5246,32,25162
2015-05-11,31.58,31.73,31.3769,32,40594
2015-05-12,32.7,32.47,32.319,33.38,130641
2015-05-13,32.6,31.39,31.06,32.6,82908
2015-05-14,31.68,32.25,31.59,32.58,30541
2015-05-17,32.3,31.7,31.21,32.4599,58580
2015-05-18,31.26,31.22,30.81,31.41,49527
2015-05-19,30.91,30.65,30.43,31.095,32573
2015-05-20,30.88,30.8,30.51,30.97,91350
2015-05-21,32.38,34,31.765,37.47,1688539.0
2015-05-25,35.49,36.45,34.71,36.84,615690
2015-05-26,39.4,40.99,38.24,43.55,1536483.0
2015-05-27,40.21,47.66,38.99,50,1898222.0
2015-05-28,44.55,42.9,42.55,46.7,1503840.0
2015-05-31,43.66,41.4,40.66,43.79,427195
2015-06-01,41.16,42.42,39.42,43.7899,645289
2015-06-02,42.89,41.19,40.38,43.45,553866
2015-06-03,41.48,42.09,41.2701,42.79,318439
2015-06-04,41.24,43.49,41.21,44.68,486481
2015-06-07,42.28,41.4,40.8822,43.4799,338159
2015-06-08,41.48,41.65,40.71,41.87,133995
2015-06-09,41.16,40.72,40.09,41.99,229210
2015-06-10,41.36,40.68,40.12,41.56,145996
2015-06-11,40.4,40.86,39.84,40.95,105280
2015-06-14,38.3,38.5,38.2552,39.39,306759
2015-06-15,38.37,37.02,36.76,38.75,221541
2015-06-16,36.6,36.14,35.9,36.6,191387
2015-06-17,35.36,36.61,35.0851,37.2,272253
2015-06-18,36.02,36.25,35.88,36.6549,154576
2015-06-21,36.83,36.4,36.05,36.86,138286
2015-06-22,36.62,36.54,36.02,36.64,115741
2015-06-23,36.09,35.68,35.5,36.39,201303
2015-06-24,35.38,34.64,34.47,35.69,337053
2015-06-25,36.21,35.29,34.71,36.21,133992
2015-06-28,33.85,33.26,33.26,34.46,180080
2015-06-29,35.96,36.08,34.46,36.58,386789
2015-06-30,36.59,34.99,34.33,36.75,167647
2015-07-01,34.81,34.93,34.36,35.31,79366
2015-07-05,33.88,34.28,33.74,34.93,97051
2015-07-06,34.1,33.92,33.01,34.42,96618
2015-07-07,33.21,33.45,33.04,33.89,72029
2015-07-08,35.05,34.45,34.02,35.1102,112060
2015-07-09,35.91,35.72,35.06,35.91,94051
2015-07-12,35.53,36.02,35.5,36.39,127833
2015-07-13,35.61,35.52,35.39,36.23,83491
2015-07-14,37.05,36.27,35.95,37.195,132495
2015-07-15,37.22,37.53,36.78,37.94,217287
2015-07-16,38.9,39.78,38.54,40.31,443661
2015-07-19,41.13,38.53,38.25,41.13,283053
2015-07-20,38.33,37.25,36.71,38.37,108782
2015-07-21,36.9,37.09,36.59,37.67,72404
2015-07-22,37.06,36.48,36.26,37.06,96797
2015-07-23,36.84,35.57,35.5,36.85,87136
2015-07-26,35.61,34.87,34.76,35.63,61232
2015-07-27,36.5,36.38,35.6,36.5,89146
2015-07-28,36.49,35.29,35.27,36.6,75452
2015-07-29,34.92,34.47,34.0501,34.92,84118
2015-07-30,35.1,35.74,35.098,36.33,64278
2015-08-02,36.11,35.12,34.67,36.11,59527
2015-08-03,34.95,34.78,34.46,35.45,72220
2015-08-04,35.1,35,34.77,35.34,61479
2015-08-05,35.9,35.32,34.82,36.018,76199
2015-08-06,34.69,34.5,33.92,34.975,105492
2015-08-09,34.67,34.75,34.39,34.9,89405
2015-08-10,34.77,33.94,33.91,34.91,72480
2015-08-11,34.16,33.18,32.81,34.2999,129736
2015-08-12,33.94,33.73,33.29,34.389,48558
2015-08-13,33.65,32.55,32.21,33.65,107077
2015-08-16,32.32,33.56,32.32,33.88,112960
2015-08-17,33.07,32.77,32.75,33.35,72428
2015-08-18,32.458,32,32,32.53,47977
2015-08-19,32.31,30.69,30.1401,32.6,171928
2015-08-20,30.54,29.75,29.69,30.78,186832
2015-08-23,27.62,27.98,27.21,29.25,179924
2015-08-24,29.64,28.69,28.49,30,119519
2015-08-25,30.55,30.54,29.12,30.75,235586
2015-08-26,32.32,32.72,32.16,32.98,157873
2015-08-27,32.81,33.23,32.35,33.3,98779
2015-08-30,32.86,34.22,32.86,34.24,143005
2015-08-31,33.19,32.71,32.47,33.43,93379
2015-09-01,32.38,32.66,31.38,32.77,95998
2015-09-02,31.87,32.92,31.67,33.11,106615
2015-09-03,31.63,31.87,31.51,32.34,87149
2015-09-07,31.56,32.65,31.56,32.72,70820
2015-09-08,32.97,32.15,32.07,33.01,79154
2015-09-09,32.5,32.74,32.18,33.15,96583
2015-09-10,32.33,33.018,32.33,33.47,64520
2015-09-13,32.9,32.86,32.6,33.07,32019
2015-09-14,32.75,33.46,32.6,33.728,45010
2015-09-15,32.85,33.9,32.85,33.98,111343
2015-09-16,33.72,33.97,33.3,34.62,79042
2015-09-17,33.57,33.52,33.07,33.67,117065
2015-09-20,33.51,32.6,31.75,33.63,109493
2015-09-21,31.49,31.52,30.5001,31.9,106255
2015-09-22,30.94,31.68,30.94,31.97,87901
2015-09-23,30.34,31.36,30.23,31.49,102689
2015-09-24,31.8,29.85,29.4,31.98,139371
2015-09-27,29.49,27.17,26.53,29.49,254236
2015-09-28,27,25.71,25.065,27.28,179459
2015-09-29,27.31,26.36,26.03,27.31,161414
2015-09-30,26.89,26.51,25.89,27.29,63766
2015-10-01,26.83,27.11,26.3,27.22,72988
2015-10-04,28.04,27.55,27.2,28.28,171039
2015-10-05,27.99,26.51,25.99,28.25,183470
2015-10-06,26.5,27.25,26.31,27.79,84484
2015-10-07,27.29,26.77,26.13,27.29,124065
2015-10-08,26.92,26.61,26.25,26.99,115194
2015-10-11,26.69,26.08,25.97,26.77,87815
2015-10-12,25.75,23.67,23.64,25.89,228696
2015-10-13,24.39,24.08,23.52,25.51,215273
2015-10-14,27.12,25.92,25.29,27.5589,451154
2015-10-15,26.02,25.83,25.36,26.54,85477
2015-10-18,26.22,26.59,26.01,27.17,88432
2015-10-19,27.05,26.56,26.04,27.09,69347
2015-10-20,26.36,26.11,25.67,26.81,95761
2015-10-21,26.36,25.79,25.47,26.43,108095
2015-10-22,25.58,26.02,25.51,26.4199,69995
2015-10-25,25.63,25.75,25.25,25.94,51129
2015-10-26,25.27,24.95,24.95,25.57,89938
2015-10-27,24.83,24.94,24.34,25.06,145926
2015-10-28,27.51,26.09,25.75,27.51,284532
2015-10-29,26.2,26.45,25.89,26.65,233749
2015-11-01,27.94,31.34,27.42,31.86,654035
2015-11-02,32.82,38.58,32.82,39,1272246.0
2015-11-03,36.46,35.01,34.66,36.81,984477
2015-11-04,40.22,41.28,37.8501,42.3299,1583034.0
2015-11-05,42.89,42.14,41.2,45.3,1070971.0
2015-11-08,42.16,40.01,38.92,42.16,387441
2015-11-09,39.01,37.63,36.51,39.345,532421
2015-11-10,39.67,37.03,36.64,40.26,663529
2015-11-11,37.21,36.36,35.69,38,350276
2015-11-12,35.99,35.83,35.24,36.95,493036
2015-11-15,35.01,34.55,33.62,35.7,215007
2015-11-16,36.31,35.52,35.07,36.91,201946
2015-11-17,34.78,36.13,34.4,36.44,298934
2015-11-18,36.77,36.07,35.52,37.55,353744
2015-11-19,34.4,33.2,33.06,34.73,357082
2015-11-22,33,32.95,32.7101,33.46,181789
2015-11-23,31.91,31.48,31.17,32.125,422627
2015-11-24,31.82,33.3,31.74,33.64,211806
2015-11-26,33.05,34.12,33.04,34.17,185945
2015-11-29,33.33,33.09,32.605,33.76,201335
2015-11-30,33.12,32.29,31.82,33.15,216664
2015-12-01,32,32.33,31.82,32.74,165887
2015-12-02,32.95,32.43,32.23,34.05,234185
2015-12-03,32.87,33.6,32.84,33.87,214512
2015-12-06,31.33,28.36,27.91,31.33,1269118.0
2015-12-07,29,28.98,28.25,29.5,339045
2015-12-08,28.95,28.21,27.75,29.38,297248
2015-12-09,27.11,28.4,27.1,28.64,231700
2015-12-10,27.43,27.94,27.3283,28.18,218002
2015-12-13,28.39,26.95,26.52,28.5033,258901
2015-12-14,27.59,28.25,27.49,28.65,261708
2015-12-15,28.8,29.17,28.28,29.46,149477
2015-12-16,28.78,27.93,27.58,29.07,121605
2015-12-17,27.62,27.78,27.16,28.2091,91046
2015-12-20,28.5,28.07,27.83,28.5808,72910
2015-12-21,28.07,29.05,27.93,29.7,396636
2015-12-22,28.74,29.88,28.61,29.98,313379
2015-12-23,30,30.95,30,30.98,124348
2015-12-27,30.67,30,29.666,30.67,114556
2015-12-28,29.64,30.47,29.555,30.73,146784
2015-12-29,30.4,31.09,30.39,31.52,263416
2015-12-30,31.01,31.03,30.57,31.59,143550
2016-01-03,30.46,30.16,29.6925,30.46,134398
2016-01-04,29.78,29.41,29.02,30.06,126187
2016-01-05,28.58,28.27,27.898,28.85,189086
2016-01-06,27.26,26.83,26.62,27.43,224543
2016-01-07,27.03,26.55,26.43,27.35,101997
2016-01-10,26.76,24.04,23.2531,26.78,341444
2016-01-11,25.74,25.55,24.8,26.009,291746
2016-01-12,25.59,24.01,23.75,25.6099,182069
2016-01-13,24.48,24.37,22.96,24.65,219094
2016-01-14,22.77,22.78,22.14,23.24,162209
2016-01-18,22.06,22.17,21.82,22.5,273337
2016-01-19,21.95,23.35,21.42,23.69,227646
2016-01-20,23.35,23.02,22.96,23.8699,81332
2016-01-21,24.03,23.89,23.51,24.3899,92857
2016-01-24,24.49,23.65,23.54,24.5816,136659
2016-01-25,24.32,24.28,23.8,24.42,158990
2016-01-26,24.35,23.07,22.73,24.35,152004
2016-01-27,23.31,21.99,21.5,23.31,254126
2016-01-28,22.12,22.36,21.84,22.982,213670
2016-01-31,22.7,22.08,21.52,23.009,229592
2016-02-01,22.35,20.91,20.66,22.35,187602
2016-02-02,20.95,20.27,19.83,20.99,376458
2016-02-03,20.19,21.5,19.8,21.61,168967
2016-02-04,21.32,20.41,20.121,21.321,106973
2016-02-07,19.71,19.45,18.7901,19.71,104269
2016-02-08,18.13,18.77,18,19.13,139980
2016-02-09,19.51,19.38,19.14,20.04,82557
2016-02-10,18.83,19.3,18.61,19.49,66063
2016-02-11,19.5,19.45,18.86,19.52,95785
2016-02-15,22.95,21.25,20.89,22.95,376116
2016-02-16,22,23.32,21.61,24.23,367143
2016-02-17,23.93,21.96,21.68,23.93,308054
2016-02-18,22.02,22.06,21.43,22.18,115650
2016-02-21,22.36,22.17,21.83,22.48,138029
2016-02-22,21.85,21.28,21.1,21.898,67169
2016-02-23,20.9,21.32,20.31,21.515,90069
2016-02-24,21.31,21.5,21.25,22.08,45759
2016-02-25,22.02,22.89,21.57,23.03,277621
2016-02-28,23.2,23.81,23.05,24.46,327040
2016-02-29,23.73,25.14,23.53,25.2,291099
2016-03-01,24.63,25.42,24.51,25.85,282615
2016-03-02,25.42,26.41,24.82,26.44,181957
2016-03-03,30.37,26.29,25.51,30.37,216977
2016-03-06,25.79,26.49,25.5,26.53,178285
2016-03-07,26.48,25.43,25.15,26.48,168280
2016-03-08,25.75,24.53,24.39,25.79,166247
2016-03-09,25.0279,24.57,24.25,25.65,130089
2016-03-10,25.2,24.89,24.68,25.2,142636
2016-03-13,25,25.27,24.67,25.43,120877
2016-03-14,25.86,25.5,24.74,26.0085,185039
2016-03-15,24.86,25.25,24.7,25.51,203845
2016-03-16,25.01,25.51,24.9,25.89,175795
2016-03-17,26,27.17,25.88,27.7,330831
2016-03-20,27.09,27.73,26.95,28.13,99563
2016-03-21,27.03,27.84,27.03,27.84,91976
2016-03-22,27.43,27.08,26.857,27.51,115662
2016-03-23,26.72,27.1,26.65,27.3593,81935
2016-03-27,27.59,26.9,26.58,27.59,72335
2016-03-28,26.55,27.29,26.55,27.4,148436
2016-03-29,27.05,27.22,26.892,27.72,130946
2016-03-30,27,27.5,26.955,27.87,173785
2016-03-31,27.3,27.95,27.01,28.09,106603
2016-04-03,27.71,28.05,27.71,28.7,100202
2016-04-04,27.84,29.15,27.84,29.535,246018
2016-04-05,28.89,30.99,28.89,30.99,344169
2016-04-06,30.02,29.39,28.7301,30.71,133306
2016-04-07,29.61,28.87,28.62,29.61,63638
2016-04-10,28.83,28.09,27.85,29.11,82404
2016-04-11,27.7,27.59,27.16,27.8,144504
2016-04-12,27.53,28.78,27.48,29.03,86576
2016-04-13,28.31,28.32,27.9,28.96,196070
2016-04-14,27.75,28.3,27.6,28.49,79973
2016-04-17,28.29,29.08,28.21,29.08,63160
2016-04-18,29.31,29.36,29.1,29.59,75642
2016-04-19,29.5,29.49,29.05,29.6599,44433
2016-04-20,29.29,28.98,28.55,29.39,71625
2016-04-21,28.72,28.87,28.72,29.1199,41320
2016-04-24,28.73,28.85,28.45,28.95,59044
2016-04-25,28.36,27.87,27.51,28.36,103082
2016-04-26,27.86,27.55,27.46,27.95,60909
2016-04-27,27.87,27.65,27.6254,28.37,60440
2016-04-28,27.65,27.21,27.21,28.07,68656
2016-05-01,26.97,27.66,26.97,27.76,81592
2016-05-02,27.56,27.03,26.7901,27.71,91679
2016-05-03,26.9,27.26,26.85,27.36,155924
2016-05-04,27,26.95,26.9,27.73,102219
2016-05-05,27,30.92,27,31.22,287702
2016-05-08,32.8,33.38,32.06,34.99,577833
2016-05-09,32.69,32.1,31.52,32.84,154641
2016-05-10,31.48,30.94,30.9017,32.25,212418
2016-05-11,31.13,29.65,29.07,31.19,298259
2016-05-12,29.65,30,29.65,31.405,245164
2016-05-15,30.1,31.39,30.1,31.49,190054
2016-05-16,30.76,29.88,29.71,31.21,98314
2016-05-17,29.89,29.33,29.29,29.989,165537
2016-05-18,29.06,29.25,28.92,29.78,167474
2016-05-19,29.11,30.78,29.11,30.9,198315
2016-05-22,30.6,31.27,30.6,31.66,197902
2016-05-23,31.02,31.26,30.74,31.44,114026
2016-05-24,30.87,31.45,30.72,31.63,91123
2016-05-25,31.75,31.71,31,31.8,87304
2016-05-26,31.37,31.22,31.05,31.565,132985
2016-05-30,32.14,32.78,31.99,32.94,125392
2016-05-31,32.43,32.51,32.17,32.88,75358
2016-06-01,32.34,33.16,32.34,33.22,101126
2016-06-02,33.13,32.65,32.38,33.25,102264
2016-06-05,32.97,33.64,32.5701,34.229,131297
2016-06-06,33.37,32.99,32.7481,33.45,114672
2016-06-07,32.6,32.7,31.5001,32.88,140920
2016-06-08,31.71,31.01,30.63,32.06,136728
2016-06-09,29.44,29.48,28.99,29.82,198081
2016-06-12,27.87,28.91,27.81,28.99,186379
2016-06-13,27.42,27.89,27.22,28.5,207839
2016-06-14,27.89,27.69,27.34,28.22,149915
2016-06-15,26.95,26.955,26.21,27,86635
2016-06-16,26.78,26.7,26.425,27.12,97180
2016-06-19,27.85,27.78,27.39,28.05,87322
2016-06-20,28.39,27.69,27.58,28.42,117670
2016-06-21,27.59,27.82,27.31,28.3117,69101
2016-06-22,28.28,28.9,28.04,29.09,105669
2016-06-23,25.91,26.61,25.91,27.46,199127
2016-06-26,25.8,25.34,24.82,26.1,99043
2016-06-27,26.3,25.97,25.76,26.86,123602
2016-06-28,26.8,26.67,26.09,26.84,135850
2016-06-29,27.08,26.59,26.51,27.18,91562
2016-06-30,26.77,27.25,26.59,27.47,148768
2016-07-04,27.25,26.52,26.18,27.25,51097
2016-07-05,26.03,26.825,25.86,26.98,89347
2016-07-06,26.91,26.72,26.57,27.38,96325
2016-07-07,26.25,25.15,23.95,26.25,577375
2016-07-10,26.09,25.75,25.51,26.2114,115400
2016-07-11,25.89,25.41,25.41,25.93,36522
2016-07-12,26.86,25.85,25.75,27,177570
2016-07-13,26.15,25.56,25.44,26.24,95705
2016-07-14,25.7655,25.91,25.69,26.15,49620
2016-07-17,26.02,25.88,25.71,26.02,40589
2016-07-18,25.71,25.25,25.1,25.77,52130
2016-07-19,25.2,25.38,25.11,25.65,44445
2016-07-20,25.37,25.14,25.05,25.66,54768
2016-07-21,25.09,25.21,24.815,25.37,54964
2016-07-24,25.43,25.25,24.96,25.43,61666
2016-07-25,25.5,25.39,25.25,25.74,112492
2016-07-26,25.76,26.01,25.43,26.03,83076
2016-07-27,26.35,26.1,25.765,26.35,76626
2016-07-28,26.01,26.37,25.63,26.37,62018
2016-07-31,25.95,27.1,25.95,27.459,88465
2016-08-01,27.1,27.2,26.62,27.31,64623
2016-08-02,26.83,27.5,26.755,27.65,59440
2016-08-03,27.63,27.69,27.53,27.9777,77692
2016-08-04,27.72,28.35,27.71,28.69,89988
2016-08-07,28.37,27.76,27.7,28.37,45409
2016-08-08,27.75,27.91,26.9,27.91,107425
2016-08-09,27.79,27.58,27.39,28.32,99017
2016-08-10,27.42,27.02,26.96,27.49,35389
2016-08-11,27.17,27.59,27.04,27.75,98901
2016-08-14,28.01,28.23,27.95,28.45,88768
2016-08-15,28.34,27.87,27.87,28.4599,29971
2016-08-16,27.64,27.14,27.04,27.65,67783
2016-08-17,27.19,26.71,26.42,27.32,116245
2016-08-18,26.76,25.9,25.81,26.76,91889
2016-08-21,26.32,26.65,26.1101,27.0001,144105
2016-08-22,27.33,27.08,26.53,27.48,271367
2016-08-23,27.22,26.97,26.85,28.03,90540
2016-08-24,27.11,26.46,26.1201,27.18,56991
2016-08-25,26.58,26.56,26.26,27.27,36259
2016-08-28,26.41,26.46,26.18,26.94,31026
2016-08-29,26.49,26.43,26.26,26.78,93843
2016-08-30,25.91,26.52,25.71,26.65,134095
2016-08-31,26.47,26.4,26.03,26.48,74567
2016-09-01,26.17,26.4,25.76,26.6,36265
2016-09-05,26.31,26.3,26.27,26.7453,50232
2016-09-06,26.41,26.11,25.81,26.46,33142
2016-09-07,26.04,26.39,25.85,26.6,114594
2016-09-08,25.91,25.33,25.33,26.07,76325
2016-09-11,25.05,25.89,25,25.89,88209
2016-09-12,25.29,24.7599,24.1424,25.39,119529
2016-09-13,24.94,25.48,24.83,25.68,70884
2016-09-14,25.32,25.36,25.1,25.69,45772
2016-09-15,25.16,25.05,24.76,25.25,78267
2016-09-18,24.65,24.39,24.02,24.7,115133
2016-09-19,24.44,24.66,24.22,24.79,170498
2016-09-20,24.84,25.26,24.52,25.26,60689
2016-09-21,25.72,25.72,25.68,25.97,39345
2016-09-22,25.42,25.45,25.24,25.71,60044
2016-09-25,25.33,24.82,24.81,25.74,99516
2016-09-26,24.82,24.62,24.52,25.11,109093
2016-09-27,24.83,24.97,24.5,25.08,59326
2016-09-28,24.5,24.07,24.0538,24.55,91090
2016-09-29,24.13,24.08,23.82,24.327,69964
2016-10-02,23.74,23.24,23.02,23.77,119994
2016-10-03,22.92,23,22.86,23.2899,68850
2016-10-04,23.06,23.1,23.01,23.715,94743
2016-10-05,23,22.65,22.52,23.11,53274
2016-10-06,22.5,22.72,22.285,23.16,102951
2016-10-09,22.71,22.91,22.71,23.26,42490
2016-10-10,22.68,22.09,22.02,22.83,109151
2016-10-11,21.77,21.51,21.44,21.77,109991
2016-10-12,20.48,20.47,20.37,20.93,115847
2016-10-13,20.57,20.11,20.06,20.61,74195
2016-10-16,20,19.91,19.76,20.0894,65127
2016-10-17,20.06,19.55,19.4,20.09,166399
2016-10-18,19.52,19.55,19.13,19.56,86583
2016-10-19,19.31,19.06,18.8411,19.41,167575
2016-10-20,18.9,19,18.8,19.26,131807
2016-10-23,19.1,18.52,18.5,19.1,64822
2016-10-24,18.35,18.06,18,18.44,101063
2016-10-25,18,18.01,17.94,18.4909,105873
2016-10-26,18.49,18.11,18.08,18.8,143191
2016-10-27,18.23,17.95,17.94,18.315,58332
2016-10-30,17.75,17.68,17.58,17.94,51860
2016-10-31,17.54,17.8,17.5001,17.89,50027
2016-11-01,18.03,17.32,17.21,18.05,54981
2016-11-02,17.67,17.09,17.09,17.83,73154
2016-11-03,17.08,17.19,16.95,17.26,93316
2016-11-06,17.12,16.69,16.35,17.12,106905
2016-11-07,16.71,16.56,16.4,16.76,92782
2016-11-08,17.75,18.15,17.03,18.17,195662
2016-11-09,19.2,19.32,18.9572,19.84,129208
2016-11-10,19.04,19.13,18.83,19.5,79920
2016-11-13,19.17,19.09,18.7,19.2,76409
2016-11-14,19.16,18.74,18.68,19.18,59779
2016-11-15,20.28,19.7,19.63,20.67,268270
2016-11-16,19.48,18.31,18.27,19.48,164413
2016-11-17,18.35,17.92,17.63,18.53,99511
2016-11-20,17.88,18,17.65,18.06,81474
2016-11-21,18.1,17.94,17.7,18.11,91062
2016-11-22,17.49,17.41,16.83,17.67,221087
2016-11-24,17.64,18.05,17.49,18.08,92198
2016-11-27,17.98,17.4,17.2659,17.98,92043
2016-11-28,17.99,17.62,17.6,17.99,194726
2016-11-29,17.69,16.86,16.86,17.69,78184
2016-11-30,17.09,16.4,16.09,17.09,129636
2016-12-01,16.67,17,16.67,17.22,92720
2016-12-04,17.08,17.22,17.01,17.57,77074
2016-12-05,17.85,17.29,17.05,17.9,160396
2016-12-06,17.87,17.47,17.2691,18,164855
2016-12-07,17.36,17.15,16.631,17.45,126537
2016-12-08,17.17,17.52,17.17,17.55,44279
2016-12-11,17.72,17.63,17.17,17.93,119089
2016-12-12,17.65,18.25,17.65,18.52,93955
2016-12-13,17.94,17.43,17.42,18.35,107319
2016-12-14,17.4,17.31,16.8,17.47,154531
2016-12-15,17.33,17.05,16.81,17.65,160755
2016-12-18,16.62,16.52,16.32,16.7,155475
2016-12-19,16.38,17.08,16.38,17.16,176571
2016-12-20,17.63,17.35,17.26,18.31,163572
2016-12-21,17.35,17.05,16.85,17.46,120140
2016-12-22,17.01,17.25,16.9,17.32,92086
2016-12-26,17.32,17.06,17,17.6,82513
2016-12-27,17.05,16.66,16.51,17.1976,129959
2016-12-28,16.75,16.67,16.5,16.99,110015
2016-12-29,17.13,16.95,16.6,17.21,140123
2017-01-02,17.69,18.12,17.5764,18.25,164840
2017-01-03,18.45,18.9,18.18,19.235,113765
2017-01-04,19.22,19.71,19.17,20,131781
2017-01-05,19.38,18.76,18.7,19.48,136009
2017-01-08,18.84,18.95,18.68,19.035,63683
2017-01-09,19.02,18.58,18.54,19.3,127972
2017-01-10,18.74,18.63,18.32,19.32,100405
2017-01-11,18.5,18.19,18.05,18.52,68907
2017-01-12,18.54,18.31,18.21,18.61,35910
2017-01-16,18.49,17.85,17.7619,18.49,93671
2017-01-17,17.62,17.86,17.25,17.939,85453
2017-01-18,17.62,17.61,17.36,17.74,74655
2017-01-19,17.72,17.52,17.294,17.74,55634
2017-01-22,18.57,18.09,17.63,18.57,160105
2017-01-23,18.01,17.645,17.3701,18.1,87386
2017-01-24,17.85,18.42,17.505,18.71,148540
2017-01-25,18.42,17.92,17.6776,18.4307,132155
2017-01-26,18.05,18.38,18.05,18.49,56660
2017-01-29,18.23,17.55,17.35,18.28,100911
2017-01-30,17.54,18.24,17.42,18.47,99352
2017-01-31,18.19,18.5,18.16,18.647,57216
2017-02-01,18.4,18.325,18.25,18.5,43251
2017-02-02,18.3,20,18.3,20.14,402425
2017-02-05,19.83,20.01,19.49,20.19,194293
2017-02-06,20,20.41,19.94,21,259407
2017-02-07,20.44,20.68,20.26,21.12,161744
2017-02-08,20.86,21.54,20.83,21.7,137754
2017-02-09,21.76,22.4,21.6,22.5,235859
2017-02-12,22.52,23.38,22.4,23.6694,252188
2017-02-13,23.16,22.56,22.32,23.35,179405
2017-02-14,22.21,22.22,21.6736,22.4849,169066
2017-02-15,22.64,22.5,22.279,22.83,117011
2017-02-16,22.15,22.4,22,22.55,131400
2017-02-20,22.4,22.53,22.15,22.71,166253
2017-02-21,22.25,21.98,21.86,22.54,114916
2017-02-22,21.8,20.78,20.73,21.8,182936
2017-02-23,20.17,20.04,19.76,20.31,137045
2017-02-26,19.94,21.38,19.94,21.404,162753
2017-02-27,21.51,22.31,21.51,22.53,214597
2017-02-28,22.62,22.89,22.4464,23,161450
2017-03-01,21.71,21.67,21.44,22.66,251091
2017-03-02,22.06,22.34,21.97,22.44,116754
2017-03-05,22.4,22.26,22.045,22.57,153047
2017-03-06,21.8,21.43,21.1912,21.8,154499
2017-03-07,21.45,22.65,21.3955,23.08,252472
2017-03-08,22.77,23.09,22.54,23.36,220898
2017-03-09,23.25,22.9,22.386,23.44,154480
2017-03-12,23.04,23.01,22.62,23.15,107262
2017-03-13,22.75,23.05,22.6833,23.51,108177
2017-03-14,22.94,23.62,22.8878,23.65,124117
2017-03-15,23.58,23.73,23.41,24.27,86864
2017-03-16,23.91,23.91,23.56,24.17,129763
2017-03-19,24.48,24.37,24.01,24.48,99854
2017-03-20,24.65,23.31,23,24.65,224609
2017-03-21,23,23.27,22.79,23.46,106653
2017-03-22,23.1,22.96,22.89,23.86,127550
2017-03-23,22.95,22.99,22.74,23.25,90209
2017-03-26,23.095,23.9,23,24,124676
2017-03-27,23.81,23.98,23.53,24.24,90003
2017-03-28,23.71,23.94,23.54,24.15,100728
2017-03-29,23.78,24.03,23.56,24.23,85934
2017-03-30,23.84,24,23.67,24.2,56608
2017-04-02,23.84,23.86,23.715,24.41,114467
2017-04-03,23.8,24.3,23.65,24.48,132574
2017-04-04,23.84,23.83,23.82,24.26,151781
2017-04-05,23.7,23.67,23.42,23.92,93119
2017-04-06,23.45,23.38,23.11,23.48,74634
2017-04-09,23.22,23.49,23.22,23.65,31087
2017-04-10,22.97,22.59,22.26,23.1544,181329
2017-04-11,22.7,22.58,22.43,22.7,41951
2017-04-12,22.52,22.63,22.4,22.7,27727
2017-04-16,22.65,22.98,22.53,23,26931
2017-04-17,21.86,21.96,21.65,22.18,97347
2017-04-18,21.63,22.13,21.63,22.49,48206
2017-04-19,22.86,23,22.6389,23.08,71817
2017-04-20,22.65,22.65,22.45,22.7,38039
2017-04-23,23.23,23.31,23,23.44,75005
2017-04-24,23.93,23.57,23.1715,24.25,230654
2017-04-25,23.49,23.83,23.455,23.99,88475
2017-04-26,23.98,24.17,23.84,24.17,84655
2017-04-27,24.35,24.11,23.95,24.465,36962
2017-04-30,24.27,24.51,24.27,24.6018,66056
2017-05-01,24.59,24.5,24.4,24.7,59479
2017-05-02,24.48,24.55,24.347,24.72,98066
2017-05-03,25.25,25.92,25.03,26.48,238532
2017-05-04,25.9,24.88,24.6438,25.906,126317
2017-05-07,24.48,23.78,23.5,24.48,158149
2017-05-08,24.07,23.79,23.4,24.22,79900
2017-05-09,23.99,24.06,23.57,24.16,76711
2017-05-10,23.96,23.84,23.46,24.03,60667
2017-05-11,24.1199,24.35,24,24.5926,39480
2017-05-14,24.67,25.19,24.67,25.5,198030
2017-05-15,25.22,24.79,24.66,25.24,72198
2017-05-16,24.5,23.76,23.615,24.5,92242
2017-05-17,24.01,24.08,23.74,24.48,89424
2017-05-18,24.12,24.25,23.79,24.66,52162
2017-05-21,24.39,24.25,24.01,24.51,44654
2017-05-22,24.56,24.4,24.22,24.72,46680
2017-05-23,24.56,24.37,24.085,24.7199,30245
2017-05-24,24.25,24.235,24.12,24.43,17065
2017-05-25,24,24.01,23.92,24.6,66957
2017-05-29,24.14,24.02,23.87,24.46,74075
2017-05-30,24.04,23.81,23.71,24.084,58271
2017-05-31,23.81,24.31,23.75,24.4,36186
2017-06-01,24.14,24.64,24.14,24.7,41939
2017-06-04,24.76,24.6,24.4001,24.8115,68055
2017-06-05,24.85,24.63,24.305,25.05,71868
2017-06-06,24.82,24.06,23.86,24.82,82087
2017-06-07,24.09,23.92,23.88,24.3,39912
2017-06-08,24.3,23.82,23.69,24.4,37327
2017-06-11,23.88,23.14,23.13,24.015,88330
2017-06-12,23.41,23.2,23.2,23.64,75957
2017-06-13,23.11,22.57,22.5,23.19,105723
2017-06-14,22.2,22.27,21.87,22.29,121665
2017-06-15,22.62,23.11,22.6,23.19,122534
2017-06-18,23.14,23.11,23.06,23.454,142650
2017-06-19,23.32,22.52,22.52,23.32,68427
2017-06-20,22.53,22.9,22.53,23.21,99423
2017-06-21,23.09,23.15,22.91,23.23,98468
2017-06-22,23.27,24.72,23.235,24.72,113669
2017-06-25,24.95,25.03,24.77,25.1224,109541
2017-06-26,24.88,24.34,24.14,25.09,88574
2017-06-27,25.02,25.36,24.84,25.6,101338
2017-06-28,25.27,25.25,24.4064,25.29,103630
2017-06-29,25.63,25.82,25.4308,25.86,108415
2017-07-02,25.54,25.76,25.43,25.87,27554
2017-07-04,25.15,25.5,24.78,25.68,56503
2017-07-05,25.15,25.53,25.05,25.7,75423
2017-07-06,25.35,25.44,25.32,25.6,39172
2017-07-09,26.34,26.08,25.93,26.7126,148620
2017-07-10,26.11,25.65,25.6,26.11,50377
2017-07-11,25.6,25.45,25.23,25.71,44197
2017-07-12,25.5,25.71,25.12,25.726,128555
2017-07-13,25.93,28.01,25.21,28.77,333325
2017-07-16,28,27.95,27.56,28.61,260748
2017-07-17,28.04,28.39,27.85,28.63,185646
2017-07-18,28.21,27.46,27.36,28.54,140648
2017-07-19,26.63,26.79,26.38,27.07,234044
2017-07-20,26.42,26.83,26.34,26.95,137281
2017-07-23,26.6,26.62,26.49,26.69,86251
2017-07-24,26.84,26.36,26.19,26.88,87008
2017-07-25,26.01,25.96,25.61,26.01,105087
2017-07-26,25.79,25.21,25.03,25.98,165575
2017-07-27,25.26,25.18,25.1,25.385,55490
2017-07-30,25.01,24.21,24.05,25.1,102978
2017-07-31,24.42,23.66,23.41,24.42,86684
2017-08-01,23.25,23.04,22.63,23.34,100824
2017-08-02,22.69,23.11,22.36,23.34,96353
2017-08-03,23.3,23.26,23.05,23.4693,30159
2017-08-06,23.5,23.21,23.01,23.5,53437
2017-08-07,23.15,22.85,22.68,23.17,78004
2017-08-08,22.29,22.36,22.2,22.65,68217
2017-08-09,22.48,21.65,21.25,22.48,61290
2017-08-10,21.65,21.95,21.49,21.98,49205
2017-08-13,22.22,22.25,22.04,22.8216,74565
2017-08-14,22.09,22.45,22.02,22.705,66692
2017-08-15,22.6,22.32,22.25,22.87,33530
2017-08-16,22.2766,21.82,21.82,22.36,41496
2017-08-17,22.3,22.02,21.705,22.3,68318
2017-08-20,23.31,23.2,22.95,23.31,74877
2017-08-21,23.67,24.23,23.63,24.41,97489
2017-08-22,24.41,24.25,23.905,24.41,51317
2017-08-23,24.25,24.76,24.1349,25,60696
2017-08-24,24.93,25.19,24.93,25.52,79537
2017-08-27,27.85,29.48,27.11,29.64,535769
2017-08-28,28.32,28.69,28.15,30.1526,352772
2017-08-29,28.4,28.24,28.12,28.99,225085
2017-08-30,27.85,28.76,27.27,29.8259,327152
2017-08-31,29.55,32.18,29.0001,32.46,608287
2017-09-04,22.27,25.66,22,27.08,3715603.0
2017-09-05,25.89,24.96,24.84,26.48,615578
2017-09-06,25.06,25.51,24.47,25.7,416473
2017-09-07,25.92,27.07,25.82,27.45,409326
2017-09-10,27.76,27.36,26.35,27.76,275852
2017-09-11,27.31,27.03,26.78,27.6,192049
2017-09-12,26.86,27.31,26.79,27.6399,114097
2017-09-13,27.12,28.41,27.1,28.995,206273
2017-09-14,28.47,28.88,28.28,30.46,219178
2017-09-17,28.38,28.38,28.07,28.98,186006
2017-09-18,28.08,27.89,27.67,28.21,121135
2017-09-19,27.93,27.92,27.51,28.31,85543
2017-09-20,27.7,27.95,27.55,28.42,63740
2017-09-21,27.66,27.81,27.66,28.3,63191
2017-09-24,27.63,27.7,27.45,27.94,79274
2017-09-25,27.33,27.1,27.02,27.39,63218
2017-09-26,27.26,27.39,27.02,27.8229,99541
2017-09-27,27.35,27.47,27.22,27.78,71223
2017-09-28,27.6,28.45,27.6,28.555,158155
2017-10-01,28.77,28.98,28.75,29.37,105420
2017-10-02,29.02,28.64,28.31,29.22,52657
2017-10-03,28.72,29.12,28.6,29.47,88721
2017-10-04,28.47,28.87,28.23,28.99,83337
2017-10-05,28.27,28.59,28.27,28.8,57152
2017-10-08,28.02,28.4,28.02,28.57,109354
2017-10-09,28,28.84,27.87,29.03,115892
2017-10-10,28.52,29.54,28.51,29.86,137188
2017-10-11,29.35,28.69,28.43,29.54,76868
2017-10-12,29.2,28.23,28.15,29.2,56204
2017-10-15,28.34,28.04,27.63,28.53,54244
2017-10-16,27.88,28.1,27.87,28.51,58557
2017-10-17,27.85,27.51,27.32,27.962,70757
2017-10-18,27.25,27.79,26.79,27.88,109025
2017-10-19,28.41,30.39,27.9856,31.2,574937
2017-10-22,29.46,30.97,29.41,31.06,335562
2017-10-23,30,31.94,29.82,32.24,354604
2017-10-24,32.27,32.5,31.93,33.17,447186
2017-10-25,32.25,32.08,30.7,32.28,222556
2017-10-26,32.18,33.25,31.931,33.29,180696
2017-10-29,32.59,34.01,32.53,34.195,219579
2017-10-30,34.07,35.01,33.9688,35.07,213151
2017-10-31,34.63,29.18,29.03,34.98,508667
2017-11-01,27.31,25.47,25.251,27.69,661814
2017-11-02,25.83,26.65,25.78,27.95,394076
2017-11-05,26.96,26.27,26.125,27.54,191601
2017-11-06,28.48,26.74,26.6258,28.5,389828
2017-11-07,26.37,25.67,25.65,26.58,204877
2017-11-08,25.66,25.64,25.32,26.17,155806
2017-11-09,25.42,25.06,24.97,25.42,250794
2017-11-12,25.06,24.01,23.97,25.085,297203
2017-11-13,24.31,23.46,22.72,24.36,241984
2017-11-14,24.18,23.33,22.62,24.2,278539
2017-11-15,23.9,24.01,23.53,24.3051,176596
2017-11-16,23.91,23.74,23.29,23.94,121179
2017-11-19,24.35,24.29,23.78,24.44,230042
2017-11-20,24.29,24.09,23.99,24.47,152315
2017-11-21,24.45,24.3,24.13,24.55,132559
2017-11-23,24.25,24.22,23.83,24.33,140252
2017-11-26,24.15,24.77,23.5,24.9,246156
2017-11-27,24.67,24.82,24.23,25.029,216188
2017-11-28,24.29,23.83,23.75,24.52,164486
2017-11-29,23.75,24.93,23.75,25.36,242164
2017-11-30,24.51,24.57,23.86,25.18,206660
2017-12-03,25,23.7,23.63,25,154406
2017-12-04,23.59,24.18,23.59,24.39,83441
2017-12-05,23.85,24.03,23.85,24.39,159577
2017-12-06,24.03,24.74,23.94,25.08,80738
2017-12-07,24.88,24.91,24.59,25.2,128822
2017-12-10,25.08,25.13,24.89,25.45,154372
2017-12-11,25.12,24.02,23.85,25.31,174766
2017-12-12,27.12,26.8,26.14,28.47,726229
2017-12-13,27.2,27.74,27.11,29.22,603259
2017-12-14,27.44,27.42,26.63,27.815,409893
2017-12-17,28.16,28.03,27.97,28.8,194817
2017-12-18,28.66,28,27.85,28.66,173390
2017-12-19,28,27.68,27.56,28.12,73602
2017-12-20,27.66,27.53,27.35,28.15,155077
2017-12-21,27,28.82,26.81,28.96,295655
2017-12-25,29.18,28.5,28.0849,29.18,134627
2017-12-26,28.39,28.63,28.27,28.975,156011
2017-12-27,28.27,28.38,28.15,28.625,143451
2017-12-28,28.34,29.15,28.34,29.75,196662
2018-01-01,29.61,30.09,29.29,30.13,129990
2018-01-02,29.27,29.9,29.16,30.07,124305
2018-01-03,29.89,30.1,29.2896,30.81,136904
2018-01-04,30.31,30.94,30.2189,31.3499,134496
2018-01-07,31.56,30.61,30.331,32.1,259295
2018-01-08,30.38,30.34,30.1,30.694,89681
2018-01-09,29.72,29.76,29.29,29.92,76478
2018-01-10,29.64,29.06,28.98,29.685,157414
2018-01-11,29.1,29.32,28.9502,29.54,65217
2018-01-15,29.15,27.78,27.59,29.28,120938
2018-01-16,29.87,30.19,29,30.43,415495
2018-01-17,29.18,29.89,28.9,30.25,238107
2018-01-18,30,29.48,29.15,30,133384
2018-01-21,30.75,32.49,30.55,33.56,873966
2018-01-22,32.58,34.17,32.52,34.7462,460673
2018-01-23,33.7,32.3,32.11,34.1399,308069
2018-01-24,32.38,32.08,31.57,32.6999,232819
2018-01-25,32.48,33.33,31.88,33.78,218134
2018-01-28,32.91,33.68,32.81,34.15,189546
2018-01-29,32.98,32.76,32.2,33.33,132992
2018-01-30,33.5,31.46,31.4204,33.53,225774
2018-01-31,31.8,31.01,30.68,31.8,186372
2018-02-01,30.67,30.06,29.99,30.88,156243
2018-02-04,29.12,28.53,28.51,29.87,207860
2018-02-05,27.85,29.74,27.68,30.05,227781
2018-02-06,29.91,29.79,29.6913,30.53,94601
2018-02-07,30.03,29.11,29.11,30.455,122022
2018-02-08,29.27,28.87,27.27,29.34,291698
2018-02-11,29.61,30.09,29.39,30.5,144336
2018-02-12,30.54,30.78,29.66,30.8872,105967
2018-02-13,30.43,31.79,30.43,32.22,113291
2018-02-14,31.85,32.36,31.48,32.6,75701
2018-02-15,31.8,32.65,31.8,33.649,156438
2018-02-19,32.46,31.98,31.62,32.665,106168
2018-02-20,32.2,32.49,32.18,33.54,136060
2018-02-21,32.54,32.54,32.25,33.26,73895
2018-02-22,32.36,32.43,31.55,32.54,85307
2018-02-25,32.59,32.23,31.97,32.59,92842
2018-02-26,32.4,31.73,31.41,32.4,175714
2018-02-27,32,31.22,31.2,32.3,79589
2018-02-28,31.42,31.57,30.97,31.82,116988
2018-03-01,31.32,31.74,31.0257,32.03,81384
2018-03-04,31.76,32.06,31.54,32.14,53891
2018-03-05,32.57,32.71,32.15,32.97,135692
2018-03-06,32.3,33.73,32.21,33.78,128697
2018-03-07,33.26,33.63,33.2036,34.36,110539
2018-03-08,33.42,34.07,33.06,34.85,173797
2018-03-11,33.95,33.12,33.01,34.44,246041
2018-03-12,33.21,31.65,31.35,33.38,177941
2018-03-13,33.12,35.19,33.0883,36.13,735188
2018-03-14,35.05,35.09,34.76,35.85,200625
2018-03-15,34.42,33.65,33.61,35.34,331967
2018-03-18,33.64,32.89,32.17,33.849,105446
2018-03-19,33.02,33.51,32.65,34.21,233050
2018-03-20,33.28,32.82,32.6,33.29,145246
2018-03-21,32.55,32.18,32.01,34.23,327854
2018-03-22,32.53,31.75,31.5201,32.88,143022
2018-03-25,32.49,32.18,31.5155,32.87,154803
2018-03-26,32.64,31.12,30.831,32.82,265719
2018-03-27,31.54,31.83,30.67,31.97,176392
2018-03-28,31.76,31.51,31.22,32.1,71402
2018-04-01,31.64,30.73,30.24,31.64,108545
2018-04-02,34.74,38.53,32.9,38.85,1359710.0
2018-04-03,34.09,33.1,32.6105,35.085,1490518.0
2018-04-04,31.69,29,28.3,32.15,5127055.0
2018-04-05,29,28.83,28.57,29.9,777592
2018-04-08,29.74,29.13,28.54,29.74,409111
2018-04-09,29.82,29.8,29.31,29.95,343050
2018-04-10,30.18,30.27,30,30.7,559777
2018-04-11,30.2,30.44,30.02,30.675,271538
2018-04-12,30.25,30.65,29.76,30.78,301565
2018-04-15,31,30.42,30.3,31.64,407273
2018-04-16,30.78,30.89,30.42,31,302048
2018-04-17,31.14,30.87,30.62,31.22,296605
2018-04-18,31.05,30.05,29.9112,31.07,186353
2018-04-19,30.02,29.71,29.56,30.02,90593
2018-04-22,30.08,29.37,29.13,30.08,168197
2018-04-23,29.31,28.94,28.77,29.61,148796
2018-04-24,28.62,28.54,28.28,29.15,197599
2018-04-25,28.82,28.63,28.57,29.065,92912
2018-04-26,28.83,28.85,28.8,29.24,100604
2018-04-29,29.19,28.7,28.63,29.37,84159
2018-04-30,28.72,28.19,28.01,29.2,122957
2018-05-01,28.48,28.86,28.39,29.54,174126
2018-05-02,29.33,28.77,28.63,29.5299,161534
2018-05-03,28.98,28.92,28.55,29.125,112769
2018-05-06,29.15,28.8,28.5951,29.2,93596
2018-05-07,28.78,28.6,28.2,28.9,115352
2018-05-08,28.35,27.78,27.7,28.6,153506
2018-05-09,28.14,27.85,27.45,28.175,168926
2018-05-10,27.85,28.08,27.25,28.16,205166
2018-05-13,28.06,28.32,27.9,28.39,250631
2018-05-14,28.2,28.01,27.635,28.2,195870
2018-05-15,27.95,28.34,27.825,28.73,106479
2018-05-16,28.55,29.49,28.5364,29.72,158053
2018-05-17,29.52,29.39,29.13,30.1,170200
2018-05-20,29.5,29.69,29.49,30.135,156489
2018-05-21,29.79,30.56,29.79,31.115,216504
2018-05-22,30.8,30.73,30.4,31.57,151850
2018-05-23,30.76,30.39,30.01,30.76,77761
2018-05-24,30.07,30.9,30.03,31.065,122837
2018-05-28,30.003,29.86,29.82,30.4,123591
2018-05-29,29.78,30.28,29.45,30.32,135894
2018-05-30,30.27,29.94,29.71,30.53,89927
2018-05-31,30.07,30.37,29.8,30.5,99419
2018-06-03,30.81,30.18,29.73,30.9,151865
2018-06-04,30.58,30.58,30.3403,30.97,143410
2018-06-05,30.46,30.82,30.46,31.0275,97634
2018-06-06,30.66,29.98,29.81,30.71,96507
2018-06-07,30.11,29.95,29.41,30.3,185877
2018-06-10,29.98,30.21,29.75,30.38,128391
2018-06-11,30.54,30.76,30.16,31.09,117057
2018-06-12,31.38,30.75,30.33,31.42,152090
2018-06-13,30.99,31.14,30.71,31.3,102973
2018-06-14,30.82,30.48,30.32,31.03,99986
2018-06-17,30.45,29.57,29.42,30.46,130858
2018-06-18,29.27,29.48,28.24,29.56,220442
2018-06-19,29.34,30.83,29.15,30.9,429719
2018-06-20,30.61,30.65,30.46,30.91,251954
2018-06-21,30.85,29.68,29.544,30.86,150730
2018-06-24,29.7,29.19,28.76,29.8,130332
2018-06-25,29.59,29.12,29.07,29.635,54589
2018-06-26,29.15,28.46,28.41,29.4,99887
2018-06-27,29.01,27.94,27.74,29.05,186985
2018-06-28,28.81,28.29,28.01,28.97,115259
2018-07-01,28.27,28.39,28.24,28.9517,73069
2018-07-02,28.97,28.6,28.3391,29,50132
2018-07-04,28.81,28.84,28.63,29.05,64712
2018-07-05,29.17,28.93,28.6,29.2624,101373
2018-07-08,29.26,29.09,28.89,29.26,112257
2018-07-09,29.34,28.86,28.75,29.42,91039
2018-07-10,28.85,28.39,28.15,28.85,132737
2018-07-11,28.65,28.33,28.13,28.65,65684
2018-07-12,29.25,28.35,28.285,29.3,246236
2018-07-15,30.49,29.49,29.23,30.49,284677
2018-07-16,29.66,29.99,29.56,30.32,237617
2018-07-17,30.08,30.6,30.02,30.69,151660
2018-07-18,30.68,30.09,29.99,30.68,129306
2018-07-19,30.22,30.04,29.715,30.41,89414
2018-07-22,29.92,30.34,29.85,30.38,107655
2018-07-23,30.29,29.97,29.6,30.62,106739
2018-07-24,29.83,29.99,29.75,30.05,150093
2018-07-25,29.77,30.11,29.52,30.33,85576
2018-07-26,29.99,29.45,29.27,30.09,116525
2018-07-29,29.65,29.86,29.605,30.51,248847
2018-07-30,30.04,28.9,28.81,30.11,228129
2018-07-31,28.92,27.99,27.581,29.04,132691
2018-08-01,28.33,28.91,28.23,28.97,200166
2018-08-02,28.84,28.46,28.26,29.7565,320389
2018-08-05,28.46,28.56,28.21,28.79,92859
2018-08-06,28.75,28.18,28.13,28.84,95474
2018-08-07,28.47,28.03,28,28.59,205495
2018-08-08,28.27,28.59,28.18,28.71,102500
2018-08-09,28.29,28.15,27.97,28.635,121012
2018-08-12,28.28,28.36,27.96,28.51,51698
2018-08-13,28.36,28.44,28.321,29.05,67060
2018-08-14,28.09,28.14,27.71,28.23,74678
2018-08-15,28.05,28.08,27.9,28.3,47837
2018-08-16,27.88,28.3,27.825,28.68,78603
2018-08-19,28.64,29.14,28.64,29.39,173850
2018-08-20,29.17,29.27,28.9175,29.52,146237
2018-08-21,29.4,29.23,29.09,29.55,135027
2018-08-22,29.56,29.39,29.11,29.56,64133
2018-08-23,29.74,29.32,29.1573,29.79,144514
2018-08-26,29.18,29.76,29.18,29.88,114313
2018-08-27,29.87,29.58,29.45,29.97,104459
2018-08-28,29.14,29.52,29.02,29.62,96271
2018-08-29,29.1,29.24,29,29.7,126426
2018-08-30,29.01,29.47,28.97,29.6415,69489
2018-09-03,29.02,28.97,28.72,29.17,67171
2018-09-04,28.66,27.86,27.78,28.66,142629
2018-09-05,27.46,26.08,25.56,27.62,303857
2018-09-06,25.8,26.17,25.78,26.43,152265
2018-09-09,26.14,25.99,25.5,26.14,103922
2018-09-10,26,26.44,25.9,26.54,160368
2018-09-11,26.1,27.15,26,27.28,285425
2018-09-12,27.03,27.62,26.9341,27.6999,174849
2018-09-13,27.31,27.57,27.2,27.77,170313
2018-09-16,27.77,28.16,27.73,28.44,388917
2018-09-17,28.1,28.58,28.075,28.67,183121
2018-09-18,27.93,28.6,27.9,28.67,179010
2018-09-19,28.6,29.15,28.19,29.33,243914
2018-09-20,29.27,28.98,28.63,29.4,246419
2018-09-23,28.96,29.25,28.86,29.35,155737
2018-09-24,29.26,29.13,29.045,29.36,159015
2018-09-25,28.87,28.56,28.47,29.04,95268
2018-09-26,28.54,28.7,28.49,28.99,34951
2018-09-27,28.2,28.22,28.07,28.44,60510
2018-09-30,28.23,27.96,27.48,28.23,137303
2018-10-01,27.47,27.36,26.86,27.62,206099
2018-10-02,27.66,28.41,27.44,28.53,186412
2018-10-03,28.39,28.25,28.04,28.55,89342
2018-10-04,28.2,28.36,27.95,28.555,75714
2018-10-07,27.58,27.5,27.22,28.23,135705
2018-10-08,27.3,27.43,27.2,27.5337,78992
2018-10-09,26.92,26.68,26.44,27.24,212054
2018-10-10,26.94,25.94,25.51,27.0523,275554
2018-10-11,26.52,27.03,26.44,27.6,432313
2018-10-14,26.64,26.98,26.45,27.19,159865
2018-10-15,27.99,27.82,27.63,28.14,115913
2018-10-16,27.76,27.96,27.53,28.24,88018
2018-10-17,27.83,26.97,26.62,27.83,174799
2018-10-18,26.95,26.2,26.18,27.11,87124
2018-10-21,26.53,26.12,25.5,26.6,186156
2018-10-22,25.54,25.73,25.27,26.02,126477
2018-10-23,25.5,24.94,24.94,25.5,270903
2018-10-24,24.93,24.74,24.63,25.17,129411
2018-10-25,24.61,24.65,23.93,24.78,80072
2018-10-28,24.91,24.94,24.66,25.47,92044
2018-10-29,24.61,25.26,24.61,25.325,113499
2018-10-30,25.22,25.39,25.0816,25.56,114518
2018-10-31,25.57,26.63,25.5035,26.79,104923
2018-11-01,26.86,26.82,26.29,27.15,103449
2018-11-04,26.63,26.84,26.25,27.04,85590
2018-11-05,26.6,26.72,26.49,27.02,60165
2018-11-06,26.92,26.85,26.5,27,67345
2018-11-07,26.69,27.01,26.57,27.15,80418
2018-11-08,26.62,26.51,26.4909,27,136632
2018-11-11,25.88,25.8,25.64,26.27,113216
2018-11-12,25.54,25.74,25.4,26.17,93219
2018-11-13,25.64,24.4,24.37,25.86,229035
2018-11-14,23.82,22.51,22.36,23.99,414510
2018-11-15,22.06,22,21.29,22.39,429287
2018-11-18,21.89,21.72,21.37,21.9,291015
2018-11-19,20.95,20.21,20.15,21.1,146460
2018-11-20,20.51,20.7,20.31,21,95368
2018-11-22,20.51,21.08,20.51,21.23,78560
2018-11-25,21.29,21.35,20.99,21.46,158079
2018-11-26,21.15,20.95,20.76,21.26,69945
2018-11-27,21.53,21.85,21.19,21.9,138689
2018-11-28,21.84,22.27,21.84,22.55,93436
2018-11-29,22.05,22.02,21.55,22.12,138158
2018-12-02,22.3,22.62,22.28,22.66,107887
2018-12-03,22.03,21.56,21.46,22.47,208344
2018-12-05,20.74,20.63,20.21,21.14,167102
2018-12-06,20.76,20.25,20.21,20.91,76549
2018-12-09,20.18,19.37,19.26,20.25,111856
2018-12-10,20,20.07,19.5,20.16,104114
2018-12-11,20.58,20.13,20.06,20.68,74477
2018-12-12,20.12,18.93,18.71,20.18,132114
2018-12-13,18.74,18.65,18.6,19.06,71427
2018-12-16,18.53,17.71,17.63,18.6,136947
2018-12-17,18.41,17.75,17.57,18.44,179652
2018-12-18,18.42,17.34,17.07,18.43,174189
2018-12-19,16.86,16.36,16.27,17.28,248237
2018-12-20,16.62,15.58,15.55,16.68,257528
2018-12-23,15.45,15.67,15.44,15.9,136168
2018-12-25,15.65,16.15,15.44,16.22,141049
2018-12-26,16.13,16.13,15.79,16.55,146460
2018-12-27,16.42,16.32,16.06,16.59,149463
2018-12-30,16.52,16.65,16.36,17.28,146969
2019-01-01,16.82,17.17,16.51,17.18,122050
2019-01-02,17.18,16.65,16.58,17.18,105845
2019-01-03,17.08,17.93,17.04,18.21,166052
2019-01-06,18.14,18.65,17.84,18.8,154462
2019-01-07,19.1,18.85,18.52,19.18,112358
2019-01-08,18.72,18.58,18.5,18.89,89742
2019-01-09,18.45,18.76,18.3879,18.78,119517
2019-01-10,18.52,18.32,18.17,18.79,121350
2019-01-13,17.69,16.5,16.44,17.69,233588
2019-01-14,16.92,16.71,16.46,16.96,110834
2019-01-15,17.16,17.27,16.97,17.45,220694
2019-01-16,17.13,16.77,16.56,17.15,195175
2019-01-17,16.85,16.74,16.51,16.95,97525
2019-01-21,16.69,15.88,15.791,16.69,222399
2019-01-22,15.98,15.69,15.34,16.11,145474
2019-01-23,15.73,15.53,15.42,15.82,80318
2019-01-24,16.03,16.31,15.9,16.32,151154
2019-01-27,16.19,16.26,15.7,16.37,172077
2019-01-28,16.55,16.73,16.43,16.8,77247
2019-01-29,16.58,16.86,16.38,16.95,163286
2019-01-30,17.28,17.67,17.28,17.77,126693
2019-01-31,18.07,17.55,17.37,18.15,86636
2019-02-03,17.13,16.91,16.72,17.13,69483
2019-02-04,16.86,17.44,16.8,17.55,101329
2019-02-05,17.38,17.69,17.31,17.99,104903
2019-02-06,17.57,17.19,16.97,17.57,94587
2019-02-07,17.05,17.04,16.9,17.12,64444
2019-02-10,17,16.93,16.73,17.09,79730
2019-02-11,17.05,17.11,16.88,17.24,71401
2019-02-12,17.35,17.08,17.02,17.35,59939
2019-02-13,17,17.08,16.98,17.16,48912
2019-02-14,17.15,17.45,16.99,17.47,83882
2019-02-18,17.51,17.92,17.51,18.07,118268
2019-02-19,17.75,17.18,17.13,17.82,102105
2019-02-20,17.19,16.84,16.6,17.19,74044
2019-02-21,17.01,17.13,16.82,17.37,144267
2019-02-24,17.87,17.38,17.29,18.0823,165427
2019-02-25,17.39,17.7,17.39,17.93,160017
2019-02-26,17.58,17.88,17.5538,18.06,123252
2019-02-27,18.1,17.88,17.41,18.1,101429
2019-02-28,18.1,19.54,18.0775,19.55,174348
2019-03-03,19.5,19.58,19.13,19.83,171224
2019-03-04,19.05,19.7,18.82,19.92,172110
2019-03-05,19.45,18.62,18.29,19.56,194899
2019-03-06,18.19,18.03,17.96,18.2938,100605
2019-03-07,17.72,18.04,17.41,18.08,127990
2019-03-10,17.72,18.36,17.35,18.41,197374
2019-03-11,17.99,18.71,17.56,18.9002,225345
2019-03-12,18.43,18.87,18.35,19.1,169456
2019-03-13,18.94,19.02,18.53,19.19,177789
2019-03-14,18.9,19.31,18.89,19.48,139884
2019-03-17,19.09,19.75,19.09,19.87,172653
2019-03-18,19.66,19.34,19.1,19.74,184911
2019-03-19,19.5,19.08,18.71,19.55,229080
2019-03-20,18.29,18.67,17.93,18.76,334234
2019-03-21,17.95,17.41,17.35,17.95,409136
2019-03-24,17.07,17.67,16.93,17.83,160430
2019-03-25,17.62,17.93,17.62,18.05,138516
2019-03-26,17.86,17.79,17.665,17.97,125803
2019-03-27,17.72,18.14,17.72,18.28,114648
2019-03-28,17.97,18.34,17.97,18.49,86578
2019-03-31,18.39,18.57,18.36,18.8095,87553
2019-04-01,18.33,18.71,18.22,18.83,133850
2019-04-02,19.21,19.58,18.96,19.65,181330
2019-04-03,19.45,19.54,19.23,19.65,160122
2019-04-04,19.49,19.98,19.45,20.08,125449
2019-04-07,19.87,19.99,19.66,20.03,87671
2019-04-08,19.64,19.5,19.47,20,142748
2019-04-09,19.54,19.66,19.43,19.75,49806
2019-04-10,19.66,19.44,19.35,19.7,60382
2019-04-11,19.58,19.52,19.42,19.66,80038
2019-04-14,19.44,19.87,19.44,20.07,106265
2019-04-15,19.83,20,19.6595,20.06,101020
2019-04-16,20.24,19.88,19.48,20.24,202709
2019-04-17,19.71,20.09,19.66,20.15,103064
2019-04-21,20.27,20.35,20.14,20.5,95551
2019-04-22,20.32,20.6,20.21,20.84,92161
2019-04-23,20.55,19.75,19.62,20.55,88773
2019-04-24,19.59,19.54,19.44,19.8,47444
2019-04-25,19.76,19.79,19.54,19.87,35156
2019-04-28,19.99,20.11,19.84,20.32,84186
2019-04-29,20.1,19.74,19.71,20.23,80718
2019-04-30,19.81,19.6,19.53,20.1,47906
2019-05-01,19.94,19.78,19.66,20.13,60750
2019-05-02,19.84,20,19.66,20.17,82014
2019-05-05,19.53,20.37,19.53,20.4,55950
2019-05-06,20.02,19.67,19.43,20.02,46475
2019-05-07,19.8,19.71,19.45,20.19,75933
2019-05-08,19.3,18.98,18.85,19.31,89271
2019-05-09,18.97,19,18.6101,19.1273,47970
2019-05-12,18.38,18.02,17.97,18.535,84834
2019-05-13,18.63,18.87,18.35,19.05,88292
2019-05-14,18.81,19.07,18.72,19.12,53520
2019-05-15,19.08,18.79,18.69,19.3,50585
2019-05-16,18.72,18.67,18.6,18.94,48666
2019-05-19,18.7,18.29,18.23,18.79,67363
2019-05-20,18.77,18.54,18.38,18.77,256209
2019-05-21,18.48,18.34,18.22,18.61,139572
2019-05-22,18.02,16.86,16.51,18.02,182320
2019-05-23,16.56,17.19,16.51,17.31,148145
2019-05-27,17.44,17.1,17.08,17.51,68254
2019-05-28,16.51,16.54,16.38,16.715,114929
2019-05-29,16.44,16.11,15.87,16.62,81782
2019-05-30,15.84,15.88,15.77,16.04,43181
2019-06-02,15.78,15.83,15.6,15.99,94681
2019-06-03,15.96,16.1,15.84,16.14,61537
2019-06-04,16.05,15.92,15.85,16.34,60370
2019-06-05,15.7,14.98,14.85,15.7,188506
2019-06-06,15.2,15.51,14.98,15.61,189968
2019-06-09,15.61,15.76,15.47,15.95,82720
2019-06-10,15.66,15.34,15.25,15.66,99354
2019-06-11,15.19,15.28,14.95,15.35,104703
2019-06-12,15.09,15.7,15.08,15.83,150218
2019-06-13,15.2,14.89,14.85,15.3,127650
2019-06-16,13.84,14.6,13.84,14.7,288054
2019-06-17,14.66,14.81,14.5,15,266531
2019-06-18,14.67,14.88,14.52,15.01,100652
2019-06-19,14.89,14.62,14.4,14.97,304622
2019-06-20,14.46,15.21,14.46,15.23,180323
2019-06-23,15.13,14.92,14.81,15.24,81027
2019-06-24,14.7,14.86,14.6,15.03,74313
2019-06-25,14.73,15.07,14.73,15.1,82335
2019-06-26,15.02,15.36,14.9494,15.38,85334
2019-06-27,15.28,15.6,15.22,15.78,97866
2019-06-30,15.68,16,15.61,16.16,192926
2019-07-01,15.77,15.59,15.3,15.78,192176
2019-07-02,15.52,15.75,15.44,15.79,42777
2019-07-04,15.65,16.18,15.65,16.45,176949
2019-07-07,16,15.93,15.75,16.2,211310
2019-07-08,15.88,16.4,15.75,16.5,106570
2019-07-09,16.61,16.89,16.61,16.95,100767
2019-07-10,16.77,16.39,16.27,16.83,111373
2019-07-11,16.92,16.18,16.08,16.965,90191
2019-07-14,16.15,15.73,15.5871,16.15,184047
2019-07-15,15.5,15.55,15.5,15.79,72532
2019-07-16,15.45,15.26,15.25,15.53,53131
2019-07-17,15.3,15.25,15.11,15.41,89474
2019-07-18,15.36,15.23,15.23,15.43,52092
2019-07-21,15.46,15.58,15.28,15.6,43045
2019-07-22,15.48,15.1,15.08,15.55,40207
2019-07-23,15.69,15.56,15.475,15.86,155549
2019-07-24,15.44,14.95,14.9162,15.44,52848
2019-07-25,15.28,15.4,15.17,15.62,67796
2019-07-28,15.28,15.36,15,15.4,43996
2019-07-29,15,15.14,14.74,15.24,81004
2019-07-30,15.19,14.55,14.51,15.3162,80672
2019-07-31,14.88,14.74,14.61,15.02,60277
2019-08-01,14.8,13.74,13.6,14.8,167839
2019-08-04,13.56,13.24,13,13.69,135634
2019-08-05,13.54,13.45,13.1,13.94,183789
2019-08-06,12.63,13,12.31,13.19,201577
2019-08-07,13.35,13.86,13.23,14.09,150563
2019-08-08,14.12,13.35,13.21,14.12,179394
2019-08-11,13,13.22,12.87,13.31,75950
2019-08-12,13.02,13.21,13.02,13.59,99890
2019-08-13,13,12.21,12.17,13.04,134313
2019-08-14,12.01,11.75,11.7,12.04,141479
2019-08-15,12.02,12.29,12.02,12.67,156170
2019-08-18,12.78,12.91,12.62,13.09,107031
2019-08-19,12.89,12.42,12.32,12.89,188737
2019-08-20,12.91,12.77,12.74,12.95,118224
2019-08-21,12.69,12.51,12.4,12.85,71349
2019-08-22,12.54,12.1,12.05,12.6,97538
2019-08-25,12.4,12.14,12.06,12.48,90996
2019-08-26,12.24,11.92,11.77,12.3,110652
2019-08-27,12.42,11.95,11.93,12.54,211149
2019-08-28,12.05,12.26,12.015,12.29,84741
2019-08-29,12.3,12.18,12,12.37,45325
2019-09-02,11.8,11.72,11.53,11.89,108023
2019-09-03,11.73,12.09,11.73,12.13,90860
2019-09-04,12.3,12.52,12.3,12.61,62672
2019-09-05,12.42,12.31,12.2396,12.62,100692
2019-09-08,12.23,11.91,11.75,12.23,99639
2019-09-09,11.97,12.56,11.81,12.74,128697
2019-09-10,12.46,12.5,12.38,12.66,112689
2019-09-11,12.46,12.6,12.38,12.94,130193
2019-09-12,12.61,12.67,12.52,12.75,111389
2019-09-15,12.59,12.7,12.54,12.8,60063
2019-09-16,12.63,12.61,12.5,12.73,61220
2019-09-17,12.51,12.28,12.19,12.51,67886
2019-09-18,12.23,11.86,11.79,12.23,66597
2019-09-19,11.88,11.56,11.53,12.02,102350
2019-09-22,11.41,11.18,11.01,11.61,165267
2019-09-23,11.37,10.82,10.62,11.37,135289
2019-09-24,10.7,10.54,10.46,10.81,106788
2019-09-25,10.67,10.15,10.08,10.68,116593
2019-09-26,10.63,10.35,10.19,10.68,181400
2019-09-29,10.4,10.4,10.19,10.56,598247
2019-09-30,10.67,11.13,10.65,11.3,135649
2019-10-01,10.62,10.25,10.1202,10.76,122110
2019-10-02,10.11,10.09,9.92,10.17,78639
2019-10-03,9.95,10.2,9.86,10.25,84591
2019-10-06,10.03,10.35,10.02,10.41,75237
2019-10-07,10.1,10.06,9.97,10.21,115088
2019-10-08,10.05,9.88,9.86,10.08,91537
2019-10-09,9.6,9.86,9.5,9.96,96013
2019-10-10,9.94,9.84,9.81,10.1,108856
2019-10-13,9.71,9.73,9.61,10.03,43371
2019-10-14,9.83,10.11,9.73,10.34,87774
2019-10-15,10.28,10.23,10.13,10.36,69901
2019-10-16,10.29,10.55,10.18,10.65,57751
2019-10-17,10.33,10.15,9.9342,10.34,89269
2019-10-20,9.97,10.41,9.9,10.49,108298
2019-10-21,10.25,10.44,10.25,10.56,63833
2019-10-22,10.3,10.56,10.28,10.57,77606
2019-10-23,10.35,10.75,10.3001,10.8,94638
2019-10-24,10.52,10.86,10.52,10.91,57204
2019-10-27,10.77,11.1,10.76,11.46,142481
2019-10-28,10.95,11.14,10.95,11.2,93103
2019-10-29,11.43,11.98,11.36,11.98,196135
2019-10-30,11.85,11.86,11.42,11.97,118832
2019-10-31,11.92,12.34,11.91,12.54,107268
2019-11-03,12.32,12.52,12.29,12.82,113424
2019-11-04,12.5,12.42,12.17,12.56,79991
2019-11-05,12.46,12.69,12.25,12.76,88767
2019-11-06,12.5,12.77,12.5,12.99,156327
2019-11-07,12.74,13.07,12.69,13.11,57105
2019-11-10,13.14,13.57,13.01,13.63,89979
2019-11-11,13.35,13.28,13.12,13.56,124724
2019-11-12,13.1,13.29,13.01,13.4,67697
2019-11-13,13.79,13.69,13.56,13.98,227747
2019-11-14,13.45,13.53,13.33,13.7,88999
2019-11-17,13.57,13.32,13.18,13.7,267625
2019-11-18,13.21,13.22,13.1227,13.56,76213
2019-11-19,12.99,13.08,12.48,13.22,124936
2019-11-20,13.2,13.29,13.092,13.5,65378
2019-11-21,13.33,13.35,13.1528,13.5,25952
2019-11-24,13.5,13.96,13.4667,14.25,106087
2019-11-25,13.86,14.09,13.72,14.14,60086
2019-11-26,14.02,14.02,14,14.2973,100085
2019-11-28,13.99,13.9,13.77,14.07,41741
2019-12-01,14.06,14.33,13.63,14.58,139572
2019-12-02,14.43,14.47,14.3546,14.74,116046
2019-12-03,14.71,14.58,14.35,14.71,75556
2019-12-04,14.74,14.56,14.34,14.74,77323
2019-12-05,14.71,14.68,14.61,14.86,68249
2019-12-08,14.75,14.89,14.66,14.98,78191
2019-12-09,15,15.09,14.8861,15.18,120490
2019-12-10,15.33,15.75,15.29,16.01,115151
2019-12-11,15.78,15.98,15.77,16.34,79893
2019-12-12,16.05,15.95,15.9,16.37,103126
2019-12-15,16.02,15.64,15.52,16.13,85473
2019-12-16,15.77,18.03,15.63,18.84,467775
2019-12-17,19.02,19.31,18.53,19.85,601633
2019-12-18,19.59,18.46,18.34,19.69,236376
2019-12-19,18.64,18.11,18.05,18.72,169306
2019-12-22,18.46,18.87,18.2,19.3,183262
2019-12-23,18.99,18.35,18.25,19.1031,95213
2019-12-25,18.36,18.53,17.52,18.56,132422
2019-12-26,18.54,17.88,17.88,18.76,149451
2019-12-29,18.32,17.27,16.84,18.33,217134
2019-12-30,17.3,17.12,17.05,17.4905,109186
2020-01-01,18,17.81,17.59,18.2037,254645
2020-01-02,17.43,17.22,17.15,17.7,97896
2020-01-05,17.26,16.75,16.65,17.26,81779
2020-01-06,16.95,17.1,16.67,17.2218,87061
2020-01-07,17.04,16.97,16.72,17.155,43762
2020-01-08,17.57,17.32,17.03,17.63,72675
2020-01-09,17.67,18.3,17.52,18.72,164954
2020-01-12,18.32,17.96,17.582,18.32,104746
2020-01-13,17.78,18.38,17.72,18.44,123166
2020-01-14,18.35,18.5,18.3122,18.8,128254
2020-01-15,18.37,18.45,18.2,18.68,166858
2020-01-16,18.64,18.24,18.09,18.67,243049
2020-01-20,18.5,18.02,17.8424,18.6729,408200
2020-01-21,18.11,17.53,17.5,18.11,112943
2020-01-22,17.33,16.59,16.58,17.33,114404
2020-01-23,17.09,16.39,16.33,17.1254,129949
2020-01-26,16.11,16.48,15.78,16.5,140513
2020-01-27,16.7,16.5,16.19,16.87,86646
2020-01-28,16.62,16.02,15.9568,16.62,51397
2020-01-29,15.93,15.66,15.59,16.04,74733
2020-01-30,15.8,15.47,15.26,15.91,68648
2020-02-02,15.48,15.93,15.48,16.02,96451
2020-02-03,16.1,16.56,16.01,16.575,61512
2020-02-04,16.63,16.9,16.43,17.2,82805
2020-02-05,16.98,17.1,16.62,17.15,54332
2020-02-06,16.64,17.11,16.55,17.13,124735
2020-02-09,16.81,17.66,16.75,17.77,103248
2020-02-10,17.66,17.71,17.44,17.99,86493
2020-02-11,17.86,18.33,17.8,18.48,152868
2020-02-12,17.91,17.46,17.4,18.1,111493
2020-02-13,17.71,17.47,17.38,17.8295,51576
2020-02-17,17.15,17.03,16.9,17.15,48069
2020-02-18,17.47,18.59,17.41,19.15,243554
2020-02-19,18.59,18.77,18.44,18.83,100403
2020-02-20,18.57,18.82,18.18,18.91,179305
2020-02-23,17.48,17.03,16.6,17.56,152994
2020-02-24,17.15,16.34,16.25,17.29,74462
2020-02-25,16.76,16.74,16.26,16.82,123515
2020-02-26,15.84,15.84,15.38,16.52,155234
2020-02-27,15.04,15.62,14.96,15.7207,180729
2020-03-01,15.74,15.84,15.21,16.09,101597
2020-03-02,16.22,15.69,15.29,16.31,71057
2020-03-03,16.06,16.01,15.8,16.49,97049
2020-03-04,15.27,15.74,14.7,15.8,142857
2020-03-05,14.67,14.64,14.1,14.8856,295690
2020-03-08,12.6,12.11,12.11,13.12,186930
2020-03-09,13.04,12.42,11.9,13.04,113472
2020-03-10,11.99,11.43,11.26,12.1,87286
2020-03-11,10.43,9.95,9.63,10.52,206464
2020-03-12,10.53,10.27,9.38,10.55,139068
2020-03-15,8.25,8.49,7.7,10.24,346656
2020-03-16,8.71,9.09,8.6,9.62,394158
2020-03-17,8.4,8.39,7.32,8.71,204443
2020-03-18,8.4,8.22,8,8.71,120286
2020-03-19,8.38,7.94,7.9,8.38,151157
2020-03-22,7.9,7.81,7.55,8.17,174948
2020-03-23,8.08,7.91,7.8,8.16,246266
2020-03-24,8.25,8.64,8.25,9.33,175747
2020-03-25,8.61,8.72,8.307,8.96,95887
2020-03-26,8.5,8.6,8.18,9,99191
2020-03-29,8.66,9.05,8.66,9.15,68542
2020-03-30,9.21,9.2,9.02,9.49,95277
2020-03-31,8.79,8.61,8.5,8.98,34105
2020-04-01,8.31,8.21,8.21,8.88,143642
2020-04-02,8.35,8.33,8.14,8.71,67853
2020-04-05,8.56,8.85,8.5,8.99,156846
2020-04-06,9,9.09,8.75,10.07,179385
2020-04-07,9.41,9.46,9.27,9.75,55530
2020-04-08,9.37,9.7,9.15,9.94,126004
2020-04-12,9.9,10.48,9.6,11.12,78244
2020-04-13,10.31,11.84,10,12.24,253963
2020-04-14,10.88,10.89,10.65,11.4,248227
2020-04-15,10.65,11.5,10.45,11.59,186994
2020-04-16,11.86,12.85,11.75,12.85,284611
2020-04-19,12.8,13.55,12.48,13.98,370210
2020-04-20,13.59,12.75,11.67,13.59,248775
2020-04-21,13.13,13,12.63,13.36,174973
2020-04-22,12.73,12.66,12.51,13.51,158865
2020-04-23,12.725,12.06,11.82,12.83,111729
2020-04-26,12.4,13.14,12.15,13.47,244878
2020-04-27,13.4,13.22,12.93,13.49,138166
2020-04-28,13.4,14.23,13.34,14.4,140724
2020-04-29,13.85,13.05,12.85,13.87,114600
2020-04-30,12.97,12.06,11.88,13.02,88142
2020-05-03,13.08,13.81,13.08,13.98,77947
2020-05-04,14.29,14.2,13.93,14.48,63554
2020-05-05,14.07,14.45,13.48,14.45,80793
2020-05-06,14.11,14.58,13.69,15.1,73235
2020-05-07,14.44,15.08,14.44,15.35,85751
2020-05-10,14.92,15.22,14.92,16.02,117802
2020-05-11,15.13,14.99,14.92,15.8,159605
2020-05-12,14.73,13.7,13.17,14.94,157552
2020-05-13,15.51,17.41,14.82,18.24,558489
2020-05-14,18.02,19.32,17.83,20.24,369779
2020-05-17,19.65,19.42,19.35,20.13,236055
2020-05-18,17.83,19.19,17.655,19.995,413349
2020-05-19,18.56,19.55,18.46,20.24,260260
2020-05-20,19.56,20.88,19.27,21.72,309878
2020-05-21,20.75,21.02,20.54,21.97,277472
2020-05-25,20.59,19.38,19.27,20.88,286980
2020-05-26,18.88,18.87,18.4,19.52,253035
2020-05-27,18.81,18.1,18.05,19.51,306116
2020-05-28,18.34,18.47,17.95,19,261412
2020-05-31,18.04,18.69,17.8846,19.0199,282274
2020-06-01,19.02,19.04,18.906,19.51,170700
2020-06-02,18.75,17.73,17.69,19,358520
2020-06-03,17.81,17.03,16.94,18.36,252974
2020-06-04,17.8,16.37,16.27,17.8,311808
2020-06-07,16.93,16.95,16.74,17.34,191079
2020-06-08,16.72,16.92,16.59,17.565,251927
2020-06-09,17.33,16.9,16.81,17.47,259283
2020-06-10,16.55,15.78,15.78,16.71,356429
2020-06-11,16.12,16.01,15.66,16.53,284373
2020-06-14,15.88,16.34,15.62,16.5499,245978
2020-06-15,16.88,16.44,16.06,16.88,175408
2020-06-16,16.54,16.32,16.2,16.725,106060
2020-06-17,16,15.73,15.72,16.23,271927
2020-06-18,16.1,17.44,15.96,17.65,376336
2020-06-21,17.79,18.51,17.25,18.55,391997
2020-06-22,18.45,18.81,18.45,19.6,361000
2020-06-23,18.18,18.29,18,18.72,179495
2020-06-24,18.3,18.54,18.06,18.8,113286
2020-06-25,18.3,18.1,17.94,18.85,129065
2020-06-28,18.1,17.94,17.72,18.2769,102278
2020-06-29,17.69,17.8,17.56,18.18,115536
2020-06-30,17.59,18.06,17.575,18.37,126470
2020-07-01,18.88,18.65,18.42,18.99,136328
2020-07-05,18.85,19.05,18.66,19.27,165430
2020-07-06,16.15,16.32,15.74,16.4199,433579
2020-07-07,17.25,17.65,16.9113,17.9336,222313
2020-07-08,17.62,17.39,16.87,17.72,190440
2020-07-09,17.53,16.92,16.81,17.58,110181
2020-07-12,17.11,16.52,16.45,17.41,157072
2020-07-13,16.4,16.55,16.25,16.65,193280
2020-07-14,17.35,17.77,16.86,17.91,252805
2020-07-15,17.3,16.81,16.78,17.39,173364
2020-07-16,17.31,17.07,17.01,17.44,141035
2020-07-19,18,17.93,17.59,18.23,201055
2020-07-20,18.01,17.18,17.02,18.02,186559
2020-07-21,17.47,17.19,16.825,17.53,120639
2020-07-22,17.09,16.75,16.57,17.29,71530
2020-07-23,16.75,16.42,15.9,16.76,199080
2020-07-26,16.56,17.19,16.32,17.23,149143
2020-07-27,17.43,16.57,16.56,17.5,114448
2020-07-28,16.52,16.18,15.9,16.52,92688
2020-07-29,15.79,16.11,15.7,16.14,92611
2020-07-30,16.12,15.7,15.57,16.15,95810
2020-08-02,16.01,17.49,15.81,18,295367
2020-08-03,17.25,17.26,16.91,17.53,134926
2020-08-04,17.14,17.78,17.07,17.78,110787
2020-08-05,17.9251,16.91,16.84,17.95,135651
2020-08-06,17.2,17.49,16.98,17.75,86828
2020-08-09,17.5,17.5,17.02,17.75,70245
2020-08-10,18,17.22,17.18,18.09,138246
2020-08-11,17.33,16.8,16.64,17.33,104646
2020-08-12,17.04,16.99,16.7888,17.27,92063
2020-08-13,16.99,17.12,16.74,17.18,54630
2020-08-16,17.29,17.22,17.17,17.7,174484
2020-08-17,17.8,17.96,17.55,18,112177
2020-08-18,19.36,19.1,18.41,19.66,428882
2020-08-19,18.5,18.52,18.055,18.73,166022
2020-08-20,18.08,18.29,17.9,18.54,130271
2020-08-23,18.72,18.34,18.1,18.82,110256
2020-08-24,18.25,18.36,18.05,18.53,103782
2020-08-25,18.5,18.46,18.13,18.69,106310
2020-08-26,18.7,17.93,17.72,18.7,98361
2020-08-27,18.26,18.16,17.8,18.33,150047
2020-08-30,18.038,18.45,17.92,18.61,158775
2020-08-31,18.53,18.44,18.15,18.63,65870
2020-09-01,18,18.4,17.91,18.45,122434
2020-09-02,18.16,17,16.83,18.25,187212
2020-09-03,16.93,16.3,15.856,17.05,226442
2020-09-07,16.11,15.96,15.96,16.51,142438
2020-09-08,16.27,16.75,16.27,16.9,103703
2020-09-09,16.9,17.16,16.9,17.6599,174673
2020-09-10,17.14,17.45,17.14,17.62,119507
2020-09-13,17.72,19.11,17.72,19.13,233537
2020-09-14,19.11,20.18,19.11,20.2,200705
2020-09-15,20.1,20.27,20,20.5,218016
2020-09-16,20.25,20.35,20.02,20.48,111982
2020-09-17,20.29,20.84,20.24,20.99,156123
2020-09-20,20.2,19.42,19.29,20.27,98806
2020-09-21,19.46,19.1,18.42,19.46,326573
2020-09-22,19.41,18.79,18.67,19.43,162799
2020-09-23,18.43,17.35,17.21,18.43,190600
2020-09-24,17.52,17.85,17.26,17.86,94184
2020-09-27,18.56,18.5,17.88,18.8,126222
2020-09-28,18.5,18.56,18.045,18.66,126785
2020-09-29,18.39,18.5,18.23,19.07,141807
2020-09-30,18.85,18.43,18.2677,18.93,126424
2020-10-01,18.29,17.27,17,18.4199,212005
2020-10-04,17.19,18.06,16.95,18.14,167040
2020-10-05,18.24,18.11,18.05,18.79,146904
2020-10-06,18.11,18.43,18.04,18.6324,140564
2020-10-07,18.77,19.38,18.77,19.48,221586
2020-10-08,19.41,20.06,19.41,20.38,180453
2020-10-11,20.15,20.24,19.81,20.43,142111
2020-10-12,19.58,20.88,19.36,21.42,185835
2020-10-13,21.91,21.92,21.5,22.58,241694
2020-10-14,20.28,19.32,19.01,20.38,285226
2020-10-15,18.76,19.68,18.06,19.98,306214
2020-10-18,19.45,18.56,18.18,19.89,146236
2020-10-19,18.18,18.08,17.76,18.6,298402
2020-10-20,18.16,17.08,17.07,18.16,195664
2020-10-21,17,17.85,17,18.19,172784
2020-10-22,17.68,19.41,17.575,19.79,326831
2020-10-25,18.79,17.78,17.29,19.01,155733
2020-10-26,17.48,17.44,17.26,17.97,99214
2020-10-27,16.72,16.67,16.45,16.96,180270
2020-10-28,16.52,16.36,16.26,16.76,166146
2020-10-29,16.37,15.91,15.62,16.46,159760
2020-11-01,16.78,15.87,15.25,16.81,331570
2020-11-02,16.53,15.89,15.8,16.68,187636
2020-11-03,16.45,16.5,16.06,16.9399,204685
2020-11-04,17.38,18.13,16.97,18.13,336903
2020-11-05,17.06,17.06,16.76,17.75,183139
2020-11-08,17.2,17.9,17.01,18.32,202840
2020-11-09,17.62,16.98,16.93,18.195,132063
2020-11-10,17.51,17.61,17.12,17.9,133260
2020-11-11,17.65,17.99,17.31,18.07,108456
2020-11-12,18.3,19.12,18.24,19.25,166908
2020-11-15,19.27,20.06,19.125,20.08,208143
2020-11-16,19.44,19.7,19.16,20.12,122139
2020-11-17,20.29,21.02,20.17,21.22,198611
2020-11-18,20.73,22.1,20.71,22.19,214911
2020-11-19,21.76,21.15,20.55,21.76,141082
2020-11-22,21.68,22.11,21.2565,22.46,128243
2020-11-23,21.83,22.56,21.71,23.25,135303
2020-11-24,22.12,22.42,21.8,22.45,103838
2020-11-26,23.18,24.21,22.91,24.23,111054
2020-11-29,24.5,25.37,23.78,25.37,145517
2020-11-30,25.8,26.84,25.7805,27.96,354270
2020-12-01,25.36,26.58,25.02,26.66,173144
2020-12-02,27.7,29.2,27.41,29.527,391395
2020-12-03,27.59,29.44,27.59,29.85,355591
2020-12-06,29.23,30.19,28.2,30.7,438696
2020-12-07,29.67,29.98,29.67,30.52,399971
2020-12-08,29.13,27.74,27.04,30.26,384594
2020-12-09,26.67,30.22,26.19,30.55,430984
2020-12-10,29.72,29.51,29.43,31.64,803090
2020-12-13,29.62,31.21,29.62,32.3,573690
2020-12-14,28.59,25.86,25.77,29.29,1165364.0
2020-12-15,29.11,28.19,28.19,30.29,1013080.0
2020-12-16,28.04,27.3,27,28.58,325703
2020-12-17,27.61,26.7,26.49,28.22,534224
2020-12-20,26.23,27.62,25.8,29.14,715212
2020-12-21,27.63,30.04,27.63,30.94,1035058.0
2020-12-22,29.96,31.64,29.96,32.8,850850
2020-12-23,32.48,30.4,30.39,32.6944,285038
2020-12-27,30.85,31.17,30.72,33.59,647388
2020-12-28,31.09,28.73,28.3101,31.5429,466264
2020-12-29,29.21,29.41,29.21,31.52,403916
2020-12-30,29.45,27.06,26.58,29.45,394617
2021-01-03,28.02,27.6,26.96,28.555,348463
2021-01-04,27.97,27.18,26.46,28.04,276653
2021-01-05,27.05,27.13,27.05,28.95,449143
2021-01-06,27.48,28.95,27.48,29.56,452086
2021-01-07,29.57,29.58,29.5,31.43,673151
2021-01-10,28.65,27.54,27.47,28.98,385262
2021-01-11,27.63,27.87,27.52,28.13,263966
2021-01-12,28.4,29.26,28.24,31.16,426215
2021-01-13,29.47,30.94,29.47,32.12,455589
2021-01-14,30.6,30.91,30.53,32.6,594095
2021-01-18,34.09,33.25,32.71,34.2,555504
2021-01-19,33.28,33.09,33.09,34.71,619297
2021-01-20,33.43,31.62,31.3,33.4491,349865
2021-01-21,31.44,31.27,30.825,32.05,249421
2021-01-24,30.75,31.3,30.05,31.61,231749
2021-01-25,31.5,30.11,29.59,32.249,223266
2021-01-26,29.1,27.79,27.31,29.57,368777
2021-01-27,28.86,28.25,28.07,30.16,252119
2021-01-28,28.24,27.34,26.7,28.62,269107
2021-01-31,28.58,28.44,28.04,28.87,314453
2021-02-01,29.44,28.89,28.78,30.08,368207
2021-02-02,29.62,22.94,22.01,30,2331289.0
2021-02-03,24.61,25.74,24.0111,25.88,922986
2021-02-04,26.6,26.49,25.8,26.6,362583
2021-02-07,28,28.05,27.56,28.89,633523
2021-02-08,27.8,27.48,27.21,28.31,335730
2021-02-09,28,26.27,26.14,28.14,259550
2021-02-10,27.56,26.88,26.65,27.91,276493
2021-02-11,27.02,27.17,26.68,28.1,224989
2021-02-15,29.41,27.33,27.33,29.61,437981
2021-02-16,26.37,25.51,24.8,26.685,518759
2021-02-17,24.8,24.02,23.51,25.14,543831
2021-02-18,24.26,25.09,24.19,25.5899,246239
2021-02-21,24.08,23.26,22.95,24.46,354431
2021-02-22,22.85,21.94,18.8,22.85,706358
2021-02-23,22.26,22.47,21.71,23.17,279733
2021-02-24,21.99,20.64,20.19,22.6,346226
2021-02-25,21.62,21.5,20.12,22.12,383512
2021-02-28,21.81,22.69,21.81,23.17,226712
2021-03-01,22.53,22.16,22.02,22.76,224747
2021-03-02,21.84,20.14,19.85,22.08,415528
2021-03-03,20.19,19.31,18.5,20.4,621424
2021-03-04,19.29,18.19,17,19.29,775437
2021-03-07,19.01,18.28,18.19,19.6,560687
2021-03-08,18.97,21.65,18.83,21.81,1074646.0
2021-03-09,22.08,20.13,20.11,22.25,444997
2021-03-10,20.33,21.32,20.26,21.83,307354
2021-03-11,20.66,19.95,19.7,20.66,279022
2021-03-14,20.26,21.76,20.1,22.33,483656
2021-03-15,22.8952,21.96,21.83,24.02,470402
2021-03-16,21.12,21.23,20.665,21.78,210384
2021-03-17,20.71,19.81,19.75,21.12,205926
2021-03-18,20.02,21.43,20.02,21.43,378058
2021-03-21,21.38,21.67,21,22.2,221520
2021-03-22,21.24,20.31,20.03,21.32,193994
2021-03-23,20.33,18.5,18.31,20.33,479520
2021-03-24,18.51,19.54,17.81,19.83,466542
2021-03-25,19.51,19.14,18.17,19.595,190987
2021-03-28,19.05,19.1,18.5,19.3,161871
2021-03-29,18.74,18.81,18.3497,19.4618,220612
2021-03-30,18.65,20.21,18.51,20.71,369432
2021-03-31,21.17,19.74,19.67,21.46,531608
2021-04-04,20.32,20.93,20.04,21.19,197187
2021-04-05,20.23,19.84,19.66,20.84,184044
2021-04-06,19.91,19.44,19.12,20.22,189364
2021-04-07,19.81,20.24,19.17,20.32,2679916.0
2021-04-08,19.94,19.92,19.502,20.14,255528
2021-04-11,19.45,18.66,18.5,19.48,160659
2021-04-12,18.93,19.43,18.85,19.6,126643
2021-04-13,19.41,19.51,19.41,20.39,173748
2021-04-14,19.82,19.3,19.11,19.82,119668
2021-04-15,19.63,19.4,18.9456,19.65,249602
2021-04-18,19.42,18.65,18.64,19.87,296343
2021-04-19,18.31,18.14,17.7,18.49,258817
2021-04-20,18.2,18.93,18.01,18.93,117598
2021-04-21,18.91,19.25,18.83,19.77,161270
2021-04-22,19.06,19.09,19.01,19.62,107338
2021-04-25,19.31,20.05,19.31,20.27,131691
2021-04-26,20.42,20.01,19.81,20.42,95891
2021-04-27,19.49,18.87,18.85,19.62,199172
2021-04-28,19.42,18.92,18.62,19.46,220172
2021-04-29,19.29,18.61,18.35,19.68,165643
2021-05-02,18.71,18.16,17.97,18.79,115496
2021-05-03,17.91,16.99,16.95,17.95,246330
2021-05-04,17.25,16.94,16.59,17.61,196804
2021-05-05,16.65,15.53,15.36,16.75,518886
2021-05-06,16.08,16.3,15.81,17.05,248003
2021-05-09,16.28,15,14.8,16.28,356071
2021-05-10,15.11,15.88,14.84,16.3,345219
2021-05-11,16.0292,15.28,15.01,16.3184,287281
2021-05-12,15.45,14.82,14.25,15.72,413224
2021-05-13,14.68,15.49,14.68,15.93,216996
2021-05-16,15.46,15.55,15.29,15.72,98756
2021-05-17,15.74,16.08,15.6442,16.635,127973
2021-05-18,15.62,15.52,15.32,15.96,140718
2021-05-19,16.29,16.21,16.02,16.86,214093
2021-05-20,16,15.78,15.78,16.67,169079
2021-05-23,15.99,15.75,15.7,16.39,100693
2021-05-24,15.88,15.72,15.54,16.1,94556
2021-05-25,15.87,16.12,15.82,16.39,104322
2021-05-26,15.7,15.41,15.04,15.87,217007
2021-05-27,15.49,15.67,15.16,16.14,254281
2021-05-31,15.89,16.35,15.63,16.53,259604
2021-06-01,16.04,15.2,15.09,16.25,380121
2021-06-02,15.05,14.36,14.18,15.17,649139
2021-06-03,14.53,14.54,14.3,14.85,235571
2021-06-06,14.67,15.05,14.34,15.5,193052
2021-06-07,15.38,14.83,14.46,15.439,166613
2021-06-08,14.98,15.11,14.9,15.61,236479
2021-06-09,15,15.3,14.91,15.74,324480
2021-06-10,15.41,15.18,15.05,15.49,183396
2021-06-13,15.55,15.8,15.4788,16.13,201407
2021-06-14,16.08,15.06,14.97,16.08,188503
2021-06-15,15.272,14.71,14.4,15.39,254339
2021-06-16,14.5,15.12,14.5,15.3,209325
2021-06-17,14.85,14.85,14.81,15.21,399582
2021-06-20,14.8,14.51,14.44,14.965,159531
2021-06-21,14.42,14.61,14.2,14.65,214576
2021-06-22,14.47,14.8,14.47,14.9,130922
2021-06-23,14.83,15.49,14.82,15.56,201214
2021-06-24,15.42,15.62,15.23,15.71,123254
2021-06-27,16.21,16.26,15.79,16.45,314137
2021-06-28,16.06,15.85,15.8,16.44,148990
2021-06-29,15.61,15.47,15.22,16.31,626639
2021-06-30,15.4546,16.09,15.36,16.4,314962
2021-07-01,16.01,15.16,15.05,16.19,212196
2021-07-05,15.23,14.86,14.68,15.35,153771
2021-07-06,14.89,14.34,14.14,14.89,156230
2021-07-07,13.95,14.44,13.55,14.51,175693
2021-07-08,15.14,15.78,14.9,15.79,343113
2021-07-11,15.65,15.58,15.12,15.84,202407
2021-07-12,15.39,14.74,14.7,15.42,168049
2021-07-13,14.97,13.94,13.83,14.97,282968
2021-07-14,13.7,13.68,13.13,13.85,255942
2021-07-15,13.82,14.15,13.47,14.37,140564
2021-07-18,13.75,13.73,13.52,13.96,134378
2021-07-19,13.59,14,13.34,14,202447
2021-07-20,14.21,14.38,13.9401,14.41,146203
2021-07-21,14.41,13.85,13.82,14.49,76586
2021-07-22,14.3,13.75,13.61,14.3,116022
2021-07-25,13.86,13.17,12.81,13.87,276251
2021-07-26,13.09,12.99,12.62,13.14,147387
2021-07-27,13.33,13.7,13.25,13.88,119647
2021-07-28,13.81,13.28,13.26,13.95,103032
2021-07-29,13.36,12.95,12.55,13.65,184047
2021-08-01,13.54,13.64,13.33,13.92,131593
2021-08-02,13.82,13.62,13.28,13.97,98931
2021-08-03,13.72,13.33,13.07,14.02,231078
2021-08-04,13.36,13.71,13.35,13.99,158658
2021-08-05,14.35,14.28,13.8,14.45,196770
2021-08-08,14.62,14.79,14.4,15.1,240242
2021-08-09,14.34,14.04,13.77,14.5,150069
2021-08-10,13.97,12.95,12.58,13.97,597835
2021-08-11,12.76,12.92,12.63,13,162512
2021-08-12,12.83,12.52,12.52,12.89,101577
2021-08-15,12.52,12.59,12.04,12.7,240655
2021-08-16,12.34,12.33,11.93,12.54,216773
2021-08-17,12.52,12.61,12.415,12.95,111203
2021-08-18,12.47,11.94,11.88,12.6,175517
2021-08-19,11.99,12.47,11.94,12.82,168018
2021-08-22,12.76,13.48,12.7,13.72,222530
2021-08-23,13.48,13.27,13.1175,13.6,76881
2021-08-24,13.4,13.55,13.16,13.9,97780
2021-08-25,13.48,13.38,13.36,13.87,71104
2021-08-26,13.81,14.27,13.721,14.4,134902
2021-08-29,14.26,13.95,13.86,14.3733,90066
2021-08-30,14.77,14.38,14.32,14.8063,146122
2021-08-31,14.88,14.92,14.7615,15.21,141534
2021-09-01,15.28,15.33,15.07,15.5,135844
2021-09-02,15.24,15.24,15.0249,15.47,111529
2021-09-06,15.36,14.99,14.7,15.4,111859
2021-09-07,14.84,14.32,14.21,14.9,82444
2021-09-08,14.63,14.87,14.61,15.24,89871
2021-09-09,14.76,14.26,14.23,14.86,66984
2021-09-12,14.4,14.3,13.87,14.57,113658
2021-09-13,14.06,13.86,13.6,14.24,75715
2021-09-14,13.8,14,13.6,14.04,50835
2021-09-15,13.83,13.55,13.511,13.88,50388
2021-09-16,13.68,14.43,13.65,14.49,171641
2021-09-19,13.87,13.5,13.29,14.01,145010
2021-09-20,13.59,13.6,13.51,14.1,101749
2021-09-21,13.74,13.77,13.69,14.17,111595
2021-09-22,13.85,13.81,13.55,13.9299,95308
2021-09-23,13.7,13.41,13.22,13.93,90126
2021-09-26,13.57,13.51,13.24,13.74,98177
2021-09-27,13.63,12.96,12.96,13.63,109831
2021-09-28,13.07,12.63,12.37,13.24,152457
2021-09-29,12.65,12.61,12.6,13.12,142809
2021-09-30,12.62,12.69,12.25,12.7,121635
2021-10-03,12.49,12.17,12.07,12.55,232233
2021-10-04,12.49,12.48,12.2,12.89,104350
2021-10-05,12.23,11.97,11.8301,12.43,160209
2021-10-06,12,12.02,11.84,12.1594,359732
2021-10-07,10.1069,9.11,8.72,10.1069,2212103.0
2021-10-10,8.95,9.03,8.95,9.21,334112
2021-10-11,9.15,9.15,9.1,9.3492,266652
2021-10-12,9.77,9.62,9.33,9.89,468537
2021-10-13,9.88,10.7,9.78,10.84,585671
2021-10-14,10.54,10.83,10.45,10.87,241046
2021-10-17,10.69,10.5,10.41,11.06,166420
2021-10-18,10.61,10.82,10.54,11.25,264408
2021-10-19,10.92,10.94,10.75,11,95474
2021-10-20,11.03,11.23,11.03,11.46,144701
2021-10-21,11.13,10.77,10.65,11.13,89183
2021-10-24,10.68,10.86,10.6,11.085,137946
2021-10-25,10.97,10.78,10.74,11.22,92496
2021-10-26,10.71,10.62,10.47,10.83,90907
2021-10-27,10.53,10.98,10.51,11.06,96511
2021-10-28,11.12,10.76,10.715,11.15,62487
2021-10-31,10.63,11.78,10.57,11.91,281019
2021-11-01,12.39,12.61,12.14,12.8,213335
2021-11-02,12.13,12.84,12.03,13.08,216499
2021-11-03,12.56,12.28,12.031,12.73,255039
2021-11-04,11.6,12.23,11.04,12.49,195395
2021-11-07,11.89,11.67,11.33,12.005,394788
2021-11-08,11.42,11.21,11.1,11.56,240939
2021-11-09,11.05,10.69,10.6,11.22,139623
2021-11-10,10.75,10.34,10.26,10.75,181986
2021-11-11,10.7,10.56,10.1701,10.7,159408
2021-11-14,10.56,9.98,9.92,10.56,124508
2021-11-15,9.88,9.76,9.72,9.98,129891
2021-11-16,9.69,9.44,9.16,9.81,214899
2021-11-17,9.45,9.1,8.96,9.47,178050
2021-11-18,9.08,8.91,8.8,9.1,204335
2021-11-21,8.82,8.36,8.35,8.82,359406
2021-11-22,8.48,8.34,8.17,8.51,265026
2021-11-23,8.47,8.72,8.3,8.8098,118067
2021-11-25,8.58,8.69,8.53,8.785,81714
2021-11-28,8.89,8.37,8.3,9.08,148494
2021-11-29,8.75,8.62,8.15,8.99,349118
2021-11-30,9.27,8.8,8.76,9.48,230931
2021-12-01,8.55,8.61,8.29,8.76,155710
2021-12-02,8.52,8.24,8,8.6699,264201
2021-12-05,8.03,8.05,7.8,8.24,170288
2021-12-06,8.47,9.22,8.47,9.48,281198
2021-12-07,9.18,9.33,8.92,9.57,184119
2021-12-08,9.06,8.7,8.61,9.18,137837
2021-12-09,8.6,8.49,8.39,8.84,174087
2021-12-12,8.57,8.39,8.055,8.67,227862
2021-12-13,8.12,8.02,7.8,8.19,243689
2021-12-14,8.13,8.41,7.92,8.42,236739
2021-12-15,8.48,8.26,8.2,8.65,168074
2021-12-16,8.13,9.07,7.99,9.3,550211
2021-12-19,8.9,8.77,8.7,9.1,146455
2021-12-20,8.62,8.41,8.17,8.74,180883
2021-12-21,8.31,8.37,8.27,8.44,87859
2021-12-22,8.18,8.55,8.18,8.72,165065
2021-12-26,8.61,8.33,8.24,8.61,155261
2021-12-27,8.36,8.15,8.12,8.49,155933
2021-12-28,8.11,8.01,7.94,8.18,186260
2021-12-29,8.27,8.24,8.24,8.64,186781
2021-12-30,8.21,8.12,8.02,8.54,134899
2022-01-02,8.47,8.77,8.17,8.82,152116
2022-01-03,8.43,8.28,8.1,8.67,135110
2022-01-04,8.21,7.8,7.8,8.38,204850
2022-01-05,7.54,7.92,7.25,8,500778
2022-01-06,7.85,7.72,7.71,8.22,146524
2022-01-09,8.19,7.92,7.64,8.38,234486
2022-01-10,8.47,8.01,7.94,8.58,805474
2022-01-11,8,7.76,7.71,8.09,229097
2022-01-12,7.72,7.33,7.31,7.77,230238
2022-01-13,7.22,7.29,7.03,7.35,241926
2022-01-17,7.13,6.86,6.8,7.24,398323
2022-01-18,6.89,6.7,6.7,7.13,230556
2022-01-19,6.78,6.73,6.71,7.14,151463
2022-01-20,6.7,6.62,6.59,7.035,224769
2022-01-23,6.5,6.59,6,6.77,423312
2022-01-24,6.5,6.57,6.32,6.83,252183
2022-01-25,6.69,6.44,6.39,7.02,170256
2022-01-26,6.45,6.12,6.09,6.5,153146
2022-01-27,6.03,6,5.83,6.2,478232
2022-01-30,6.08,6.21,6.07,6.44,583915
2022-01-31,6.74,6.28,6.03,6.74,829592
2022-02-01,6.38,6.03,5.99,6.41,269065
2022-02-02,5.94,5.82,5.81,6.06,171378
2022-02-03,5.79,5.79,5.58,5.885,251788
2022-02-06,5.82,5.81,5.79,6.04,176375
2022-02-07,5.74,5.59,5.59,5.79,129342
2022-02-08,5.76,5.82,5.74,6.01,266150
2022-02-09,5.63,5.64,5.565,5.97,188666
2022-02-10,5.63,5.36,5.24,5.75,282160
2022-02-13,5.37,5.33,5.26,5.47,156608
2022-02-14,5.69,5.6,5.57,5.74,182173
2022-02-15,5.65,5.61,5.51,5.7,199728
2022-02-16,5.49,5.35,5.26,5.55,149484
2022-02-17,5.26,4.76,4.75,5.26,572071
2022-02-21,4.79,4.67,4.64,4.88,207684
2022-02-22,4.6,4.32,4.31,4.62,417845
2022-02-23,4.1,4.29,4.1,4.355,314451
2022-02-24,4.58,4.4,4.3232,4.58,442018
2022-02-27,4.57,4.53,4.425,4.66,275608
2022-02-28,4.42,4.33,4.28,4.51,177326
2022-03-01,4.35,4.15,4.11,4.424,185062
2022-03-02,4.11,3.79,3.78,4.11,339624
2022-03-03,3.77,3.53,3.52,3.96,301469
2022-03-06,3.62,3.45,3.43,3.65,914598
2022-03-07,3.74,3.67,3.5301,3.8,1733926.0
2022-03-08,4.07,4.14,3.99,4.29,541750
2022-03-09,4.2565,4.2,4.07,4.2565,296606
2022-03-10,4.72,4.4,4.34,4.77,330371
2022-03-13,4.27,4.09,4.06,4.35,198820
2022-03-14,4.14,4.24,4.07,4.31,115402
2022-03-15,4.43,4.57,4.3072,4.59,334130
2022-03-16,4.54,4.66,4.54,4.74,149957
2022-03-17,4.51,4.06,4.05,4.71,884732
2022-03-20,4.19,4.03,4,4.21,336208
2022-03-21,4.04,4.25,4.04,4.31,223862
2022-03-22,4.15,4.34,4.1101,4.4097,220616
2022-03-23,4.69,4.64,4.51,4.73,173668
2022-03-24,4.56,4.39,4.34,4.56,103245
2022-03-27,4.41,4.27,4.2,4.4676,108295
2022-03-28,4.32,4.62,4.32,4.67,132753
2022-03-29,4.59,4.5,4.46,4.68,90470
2022-03-30,4.5,4.54,4.45,4.65,333422
2022-03-31,4.56,4.85,4.51,4.93,364318
2022-04-03,4.81,4.93,4.78,5.04,181485
2022-04-04,4.9,4.67,4.62,4.94,186404
2022-04-05,4.55,4.5,4.4,4.6,110697
2022-04-06,4.53,4.58,4.44,4.64,147841
2022-04-07,4.56,4.37,4.34,4.57,67874
2022-04-10,4.3,4.32,4.25,4.43,97143
2022-04-11,4.26,4.19,4.15,4.3691,111638
2022-04-12,4.11,4.31,4.11,4.34,63658
2022-04-13,4.27,4.13,4.12,4.27,82082
2022-04-17,4.11,4.12,4.0384,4.12,83829
2022-04-18,4.01,4,3.95,4.12,126813
2022-04-19,4,3.97,3.95,4.05,75878
2022-04-20,4.13,3.98,3.95,4.165,274015
2022-04-21,3.9,3.78,3.77,4.01,74647
2022-04-24,3.75,3.8,3.69,3.83,86775
2022-04-25,3.73,3.7,3.62,3.77,257419
2022-04-26,3.59,3.83,3.58,4.16,451956
2022-04-27,3.78,3.64,3.59,3.8,192421
2022-04-28,3.6,3.5,3.5,3.74,112494
2022-05-01,3.51,3.58,3.51,3.72,63237
2022-05-02,3.7,3.82,3.68,3.86,80364
2022-05-03,3.6,3.81,3.5,3.89,235759
2022-05-04,3.74,3.83,3.74,4.03,129890
2022-05-05,3.48,3.44,3.35,3.52,389616
2022-05-08,3.2,3.05,3.04,3.27,145585
2022-05-09,3,3.11,3,3.13,85698
2022-05-10,3.1,2.9,2.85,3.12,190806
2022-05-11,2.87,3.05,2.87,3.07,75384
2022-05-12,2.93,3.17,2.93,3.25,140392
2022-05-15,3.19,3.14,3.1,3.21,56892
2022-05-16,3.46,3.48,3.38,3.5346,114868
2022-05-17,3.56,3.27,3.25,3.5677,172196
2022-05-18,3.55,3.93,3.54,3.97,229345
2022-05-19,3.89,3.78,3.72,3.89,71947
2022-05-22,3.78,3.69,3.62,3.8,37823
2022-05-23,3.59,3.62,3.43,3.65,162426
2022-05-24,3.51,3.47,3.42,3.56,40491
2022-05-25,3.55,3.77,3.53,3.8,145428
2022-05-26,3.83,3.98,3.74,4.01,90641
2022-05-30,3.98,3.62,3.62,3.98,180580
2022-05-31,3.55,3.25,3.25,3.55,72339
2022-06-01,3.2,3.3,3.1707,3.37,71696
2022-06-02,3.22,3.28,3.165,3.36,87895
2022-06-05,3.29,3.1,3.09,3.3,116226
2022-06-06,3.06,3.12,3.06,3.2587,123854
2022-06-07,3.11,3.15,3.11,3.26,159505
2022-06-08,3.1,3.08,3.06,3.15,75326
2022-06-09,2.94,2.83,2.78,2.94,173012
2022-06-12,2.55,2.44,2.4,2.5974,171922
2022-06-13,2.43,2.41,2.35,2.475,85201
2022-06-14,2.4,2.5,2.34,2.55,127054
2022-06-15,2.39,2.39,2.3,2.45,161913
2022-06-16,2.38,2.69,2.38,2.74,387336
2022-06-20,2.88,2.96,2.86,3.095,246932
2022-06-21,2.65,3,2.64,3.2,252568
2022-06-22,2.95,3.19,2.93,3.19,177304
2022-06-23,3.13,3.12,3.02,3.18,153776
2022-06-26,3.16,3.21,3.11,3.26,72801
2022-06-27,3.07,2.91,2.8375,3.14,174815
2022-06-28,2.8,2.87,2.75,2.9,34479
2022-06-29,2.82,2.83,2.73,3,97724
2022-06-30,2.83,2.69,2.66,2.87,182055
2022-07-04,2.48,2.76,2.48,2.96,196362
2022-07-05,2.68,2.75,2.65,2.89,43933
2022-07-06,2.76,2.74,2.67,2.77,187691
2022-07-07,2.69,2.8,2.66,2.83,151129
2022-07-10,2.78,2.6,2.57,2.78,403557
2022-07-11,2.5,2.42,2.37,2.5,160081
2022-07-12,2.38,2.57,2.38,2.6,85138
2022-07-13,2.38,2.47,2.35,2.5058,45250
2022-07-14,2.41,2.46,2.3654,2.49,110260
2022-07-17,2.47,2.61,2.47,2.71,171755
2022-07-18,2.62,2.7,2.6194,2.78,83170
2022-07-19,2.68,2.84,2.68,2.97,140530
2022-07-20,2.74,2.73,2.693,2.86,60864
2022-07-21,2.7299,2.69,2.62,2.815,50407
2022-07-24,2.71,2.66,2.62,2.72,24198
2022-07-25,2.6,2.6,2.5737,2.735,88857
2022-07-26,2.6967,2.79,2.66,2.79,47546
2022-07-27,2.75,2.67,2.5888,2.755,46850
2022-07-28,2.75,2.62,2.54,2.75,86828
2022-07-31,2.75,3,2.74,3.28,354522
2022-08-01,2.94,3.08,2.9,3.08,274402
2022-08-02,3.11,3.32,3.11,3.395,205215
2022-08-03,3.15,3.12,3.02,3.385,151499
2022-08-04,3.2,3.46,3.2,3.53,321483
2022-08-07,3.7,3.65,3.54,3.7,239621
2022-08-08,3.42,3.34,3.3,3.48,139905
2022-08-09,3.45,3.7,3.42,3.7,102960
2022-08-10,3.89,3.77,3.71,3.9,116481
2022-08-11,3.61,3.81,3.58,3.88,118554
2022-08-14,4.04,4.08,3.9262,4.09,226911
2022-08-15,4.1,3.98,3.9,4.1,120734
2022-08-16,3.9,3.68,3.68,3.9,87162
2022-08-17,3.61,3.57,3.55,3.7,80294
2022-08-18,3.45,3.42,3.34,3.48,74803
2022-08-21,3.31,3.18,3.14,3.32,83932
2022-08-22,3.19,3.18,3.13,3.22,17836
2022-08-23,3.19,3.41,3.18,3.44,76694
2022-08-24,3.34,3.36,3.25,3.42,74509
2022-08-25,3.29,3.11,3.1,3.33,58381
2022-08-28,3.1,3.3,3.0801,3.37,112930
2022-08-29,3.31,3.15,3.15,3.34,53444
2022-08-30,3.24,3.31,3.1,3.4025,85017
2022-08-31,3.23,3.11,3.055,3.23,53905
2022-09-01,3.26,3.39,3.1801,3.49,85150
2022-09-05,3.28,3.12,3.1,3.28,76918
2022-09-06,3.1,3.28,3.1,3.29,26926
2022-09-07,3.14,3.43,3.11,3.45,73419
2022-09-08,3.45,3.36,3.34,3.48,34918
2022-09-11,3.43,3.41,3.35,3.48,66122
2022-09-12,3.34,3.29,3.2732,3.4,58890
2022-09-13,3.28,3.3,3.26,3.31,69920
2022-09-14,3.28,3.19,3.1565,3.35,112101
2022-09-15,3.2,3.18,3.05,3.23,69688
2022-09-18,3.09,3.09,3,3.17,47660
2022-09-19,3,2.95,2.87,3.02,41862
2022-09-20,2.9,2.77,2.73,2.9,68684
2022-09-21,2.73,2.68,2.63,2.75,77291
2022-09-22,2.46,2.44,2.34,2.48,177277
2022-09-25,2.39,2.37,2.305,2.45,87676
2022-09-26,2.39,2.38,2.305,2.46,104785
2022-09-27,2.36,2.43,2.32,2.5,314141
2022-09-28,2.36,2.3,2.25,2.36,94007
2022-09-29,2.29,2.29,2.27,2.3799,53003
2022-10-02,2.26,2.32,2.15,2.35,68395
2022-10-03,2.38,2.41,2.38,2.45,110548
2022-10-04,2.32,2.38,2.235,2.4899,71732
2022-10-05,2.39,2.39,2.3464,2.49,50290
2022-10-06,2.65,2.48,2.45,2.7,160878
2022-10-09,2.46,2.35,2.26,2.46,110289
2022-10-10,2.3,2.32,2.23,2.45,158926
2022-10-11,2.33,2.4,2.28,2.41,78919
2022-10-12,2.34,2.47,2.3383,2.51,62899
2022-10-13,2.5099,2.46,2.427,2.53,18542
2022-10-16,2.63,2.48,2.42,2.63,154010
2022-10-17,2.49,2.39,2.37,2.5,77652
2022-10-18,2.41,2.31,2.29,2.43,72639
2022-10-19,2.3018,2.29,2.26,2.4025,38868
2022-10-20,2.28,2.35,2.28,2.4,49332
2022-10-23,2.38,2.31,2.28,2.44,68064
2022-10-24,2.29,2.37,2.27,2.42,159706
2022-10-25,2.4,2.6,2.4,2.625,76172
2022-10-26,2.55,2.54,2.37,2.61,40482
2022-10-27,2.49,2.56,2.465,2.6526,49860
2022-10-30,2.49,2.485,2.47,2.55,42974
2022-10-31,2.55,2.55,2.46,2.59,37636
2022-11-01,2.53,2.53,2.53,2.63,73824
2022-11-02,2.43,2.44,2.41,2.49,46410
2022-11-03,2.46,2.34,2.33,2.46,72761
2022-11-06,2.33,2.23,2.22,2.3627,28911
2022-11-07,2.28,2.29,2.22,2.36,66957
2022-11-08,2.24,2.07,2,2.27,75690
2022-11-09,2.18,2.33,2.15,2.33,104675
2022-11-10,2.32,2.35,2.32,2.51,318556
2022-11-13,2.45,2.3,2.26,2.45,129585
2022-11-14,2.36,2.25,2.21,2.36,73091
2022-11-15,2.22,2.19,2.17,2.24,24889
2022-11-16,2.13,2.15,2.1,2.17,67147
2022-11-17,2.24,2.24,2.18,2.25,67780
2022-11-20,2.16,2.15,2.1301,2.25,44754
2022-11-21,2.1,2.17,2.09,2.19,46235
2022-11-22,2.28,2.5,2.28,2.51,155024
2022-11-24,2.42,2.35,2.33,2.42,47497
2022-11-27,2.41,2.22,2.22,2.43,86737
2022-11-28,2.22,2.17,2.17,2.26,101268
2022-11-29,2.215,2.2,2.15,2.25,73432
2022-11-30,2.24,2.18,2.145,2.24,94861
2022-12-01,2.16,2.18,2.15,2.22,78329
2022-12-04,2.19,2.23,2.18,2.27,91567
2022-12-05,2.25,2.21,2.21,2.29,28550
2022-12-06,2.1962,2.15,2.13,2.21,79334
2022-12-07,2.16,2.24,2.16,2.27,44459
2022-12-08,2.25,2.21,2.21,2.25,33426
2022-12-11,2.24,2.23,2.23,2.35,94228
2022-12-12,2.36,2.34,2.29,2.5,156282
2022-12-13,2.16,2.2,2.13,2.24,156839
2022-12-14,2.15,2.25,2.15,2.25,58428
2022-12-15,2.12,2.03,2.02,2.25,718772
2022-12-18,2.01,1.9,1.85,2.05,94134
2022-12-19,1.91,1.96,1.91,1.995,42985
2022-12-20,1.89,2.02,1.89,2.05,123125
2022-12-21,2,1.97,1.93,2.06,119643
2022-12-22,2.13,1.99,1.89,2.13,57015
2022-12-26,1.98,1.88,1.83,2.04,115887
2022-12-27,1.85,1.85,1.83,1.93,125099
2022-12-28,1.94,1.95,1.85,2.08,265191
2022-12-29,1.9,2.1,1.851,2.11,166654
2023-01-02,2.27,2.27,2.22,2.33,110953
2023-01-03,2.29,2.38,2.29,2.41,87893
2023-01-04,2.4,2.56,2.36,2.6,130563
2023-01-05,2.59,2.83,2.59,2.97,194141
2023-01-08,3.16,3.36,3.04,3.41,266337
2023-01-09,3.76,3.53,3.26,4.01,517398
2023-01-10,3.62,3.56,3.3115,3.9499,251215
2023-01-11,3.75,3.72,3.61,3.8854,161202
2023-01-12,3.89,3.84,3.74,3.89,68289
2023-01-16,4,3.38,3.19,4.04,340442
2023-01-17,3.49,3.325,3.31,3.54,96837
2023-01-18,3.28,3.05,2.97,3.31,119690
2023-01-19,3.05,3.06,3.0101,3.255,69765
2023-01-22,3.39,3.38,3.3,3.44,133187
2023-01-23,3.27,3.34,3.25,3.3588,52213
2023-01-24,3.19,3.23,3.02,3.39,50042
2023-01-25,3.17,3.14,3.0601,3.1967,22247
2023-01-26,3.08,3.1,3.0275,3.14,97362
2023-01-29,3.09,3.01,2.92,3.09,20347
2023-01-30,2.96,3.05,2.9,3.14,72142
2023-01-31,2.96,3.1,2.96,3.15,17943
2023-02-01,3.26,3.26,3.065,3.3,45334
2023-02-02,2.26,2.51,2.25,2.54,1855075.0
2023-02-05,2.54,2.5,2.5,2.64,356316
2023-02-06,2.5,2.38,2.35,2.56,449972
2023-02-07,2.35,2.25,2.25,2.39,266583
2023-02-08,2.3346,2.21,2.2,2.3749,181222
2023-02-09,2.38,2.33,2.28,2.4253,81373
2023-02-12,2.36,2.35,2.2456,2.405,58019
2023-02-13,2.36,2.36,2.31,2.5,59441
2023-02-14,2.32,2.4,2.32,2.4099,18996
2023-02-15,2.38,2.38,2.375,2.53,162577
2023-02-16,2.4439,2.25,2.2,2.4439,129145
2023-02-20,2.35,2.3,2.26,2.3599,32380
2023-02-21,2.3,2.265,2.22,2.3584,48643
2023-02-22,2.31,2.27,2.21,2.3299,22321
2023-02-23,2.29,2.245,2.2,2.29,20506
2023-02-26,2.25,2.18,2.18,2.2887,58033
2023-02-27,2.3,2.21,2.14,2.3,68090
2023-02-28,2.2299,2.2,2.15,2.25,24786
2023-03-01,2.22,2.135,2.13,2.27,143104
2023-03-02,2.15,2.13,2.13,2.225,58304
2023-03-05,2.18,2.16,2.13,2.2288,47262
2023-03-06,2.18,2.16,2.1298,2.2,16489
2023-03-07,2.11,2.16,2.1,2.16,25221
2023-03-08,2.1,2.075,2.05,2.1199,35655
2023-03-09,2.07,1.99,1.85,2.08,147299
2023-03-12,1.96,1.96,1.92,1.99,88066
2023-03-13,2.07,1.98,1.9267,2.07,81990
2023-03-14,1.91,1.83,1.8,1.95,108154
2023-03-15,1.83,1.86,1.83,1.88,85563
2023-03-16,1.8,1.88,1.8,1.89,74498
2023-03-19,1.84,1.895,1.77,1.92,120958
2023-03-20,1.9,2,1.9,2.02,62529
2023-03-21,1.9901,1.96,1.95,2.0024,11889
2023-03-22,2.07,2.04,1.96,2.11,23346
2023-03-23,2.02,2.04,1.98,2.09,50253
2023-03-26,2.03,1.99,1.97,2.08,112721
2023-03-27,2.04,2.035,2.02,2.06,6651
2023-03-28,2.07,1.91,1.85,2.09,435640
2023-03-29,2.01,2.02,1.9566,2.05,203462
2023-03-30,1.98,1.93,1.9,2.03,91773
2023-04-02,1.96,2.01,1.96,2.02,32553
2023-04-03,2,1.97,1.93,2.02,23313
2023-04-04,1.92,1.98,1.91,1.99,18051
2023-04-05,1.99,1.97,1.89,1.99,44698
2023-04-09,1.99,1.96,1.9118,1.99,14593
2023-04-10,1.96,1.98,1.9404,2,32051
2023-04-11,1.99,2.05,1.99,2.05,50324
2023-04-12,2.04,2.12,2.04,2.17,177718
2023-04-13,2.08,2.04,2.04,2.1399,46427
2023-04-16,2.04,2.04,2,2.07,70364
2023-04-17,2.04,2.01,1.97,2.0415,134020
2023-04-18,1.99,2.03,1.9301,2.03,43942
2023-04-19,1.965,1.92,1.92,1.99,45738
2023-04-20,1.99,1.9,1.88,1.99,113358
2023-04-23,1.89,1.93,1.885,1.94,27219
2023-04-24,1.9,1.94,1.89,1.94,12974
2023-04-25,1.93,1.91,1.9,1.93,9078
2023-04-26,1.93,1.94,1.9,1.94,3363
2023-04-27,1.88,1.88,1.88,1.92,28511
2023-04-30,1.95,1.95,1.909,1.96,11713
2023-05-01,1.91,1.825,1.8,1.92,33800
2023-05-02,1.9,1.86,1.83,1.935,48967
2023-05-03,1.92,1.88,1.86,1.92,53234
2023-05-04,1.89,1.9,1.89,1.975,162929
2023-05-07,1.95,1.9,1.821,1.95,166165
2023-05-08,1.81,1.83,1.78,1.85,56843
2023-05-09,1.84,1.92,1.84,1.92,36002
2023-05-10,1.9,1.81,1.805,1.9,161059
2023-05-11,1.81,1.74,1.68,1.82,207590
2023-05-14,1.75,1.76,1.725,1.81,51465
2023-05-15,1.7,1.75,1.69,1.8198,65528
2023-05-16,1.7459,1.8,1.7459,1.819,52739
2023-05-17,1.7663,1.7689,1.7109,1.79,64965
2023-05-18,1.75,1.74,1.7,1.77,19203
2023-05-21,1.74,1.8,1.7,1.8,31850
2023-05-22,1.79,1.79,1.76,1.83,24107
2023-05-23,1.81,1.72,1.71,1.81,47635
2023-05-24,1.81,1.78,1.75,1.8353,34124
2023-05-25,1.81,1.83,1.8,1.8869,20924
2023-05-29,1.8,1.9,1.8,1.9,63462
