date,open_price,close_price,lowest_price,highest_price,volume
2014-01-01,25.81,25.77,25.5,25.83,32481
2014-01-02,25.79,25.81,25.55,26,20911
2014-01-05,26,25.57,25.56,26,12136
2014-01-06,25.6,25.58,25.57,25.95,5662
2014-01-07,25.62,25.17,25.05,25.74,13566
2014-01-08,25.206,25.21,25.2,25.46,6632
2014-01-09,25.26,24.91,24.561,25.26,19133
2014-01-12,24.76,24.45,24.24,25.1199,31178
2014-01-13,24.75,25.1,24.75,25.1,8333
2014-01-14,25.16,25.48,25.16,25.55,7787
2014-01-15,25.41,25.21,24.99,25.55,7355
2014-01-16,25.22,25.3,25.22,25.42,16405
2014-01-20,25.25,25.47,25.25,25.78,18813
2014-01-21,25.6,25.71,25.44,25.9,25947
2014-01-22,25.44,25.37,25.3301,25.44,12968
2014-01-23,25.35,25.8,25.35,25.8,33785
2014-01-26,25.75,26.04,25.44,26.21,31546
2014-01-27,26.14,26.26,26.01,26.73,30638
2014-01-28,26.11,25.83,25.6122,26.23,29055
2014-01-29,26.15,26.05,26,26.5,28356
2014-01-30,25.58,25.72,25.58,26.25,26625
2014-02-02,25.75,25.09,24.88,25.87,51512
2014-02-03,25.27,25.01,24.96,25.81,35334
2014-02-04,25,25.26,25,25.84,35955
2014-02-05,25.4,25.21,25.112,26.04,36331
2014-02-06,25.39,25.95,25.18,25.98,41926
2014-02-09,25.95,25.68,25.26,25.99,24442
2014-02-10,25.37,25.99,25.36,26.46,35033
2014-02-11,25.89,26.02,25.89,26.409,21054
2014-02-12,26.03,26.69,25.73,26.83,15161
2014-02-13,26.7,26.65,26.4,26.94,11949
2014-02-17,26.69,26.94,26.505,27.01,14620
2014-02-18,26.61,26.65,26.25,27.15,46776
2014-02-19,26.66,27.02,26.66,27.24,11091
2014-02-20,27.18,27.2,27,27.25,29222
2014-02-23,27.25,27.24,27.22,27.5,13852
2014-02-24,27.36,27.01,27,27.49,10058
2014-02-25,27.12,27.02,27,27.26,22138
2014-02-26,27.01,27.48,27,27.48,13247
2014-02-27,27.24,27.67,27.24,28.2305,38782
2014-03-02,27.52,27,27,27.57,12079
2014-03-03,27.41,28.02,27,28.15,43964
2014-03-04,27.9,27.9,27.86,28.05,13559
2014-03-05,27.88,27.95,27.46,28.1,16833
2014-03-06,28,27.78,27.15,28,17538
2014-03-09,27.58,27.59,27.31,27.74,13471
2014-03-10,27.54,27.17,27,27.8235,12752
2014-03-11,26.68,26.69,26.56,27.12,23795
2014-03-12,26.97,26.87,26.69,27.08,38010
2014-03-13,26.9,27.08,26.88,27.28,11948
2014-03-16,27.36,27.16,27.03,27.78,21210
2014-03-17,27.25,27.6,27.25,27.77,12738
2014-03-18,27.67,27.53,27.27,27.84,18109
2014-03-19,27.47,27.36,27.09,27.74,21310
2014-03-20,27.52,27.53,27.32,27.76,34912
2014-03-23,27.48,27.11,27,27.5,15199
2014-03-24,27.18,27.19,26.99,27.49,8948
2014-03-25,27.47,27,27,27.49,25868
2014-03-26,27,27.23,26.995,27.28,26007
2014-03-27,27.17,27.07,27,27.51,17410
2014-03-30,27.03,27.12,27.03,27.39,22472
2014-03-31,27.11,27.66,27.11,27.85,45077
2014-04-01,27.79,27.62,27.58,28.04,20517
2014-04-02,27.75,27.46,27.17,27.92,16278
2014-04-03,27.72,27.18,27.17,27.72,17357
2014-04-06,27.17,27.25,27.1,27.72,16670
2014-04-07,27.22,27.22,27.17,27.67,19573
2014-04-08,27.17,27.2,27.17,27.59,12730
2014-04-09,27.28,27,27,27.53,22260
2014-04-10,26.81,26.51,26.5,26.97,15111
2014-04-13,26.8,26.87,26.55,26.89,20192
2014-04-14,26.9,26.97,26.56,27.14,24240
2014-04-15,27.25,27.02,26.9,27.42,7273
2014-04-16,26.96,27.32,26.71,27.74,23218
2014-04-20,27.0501,27.27,27,27.66,10815
2014-04-21,27.77,27.85,27.36,27.88,9808
2014-04-22,27.82,27,27,28,11592
2014-04-23,27.24,27,26.57,27.24,21307
2014-04-24,27,26.85,26.7,27.13,18672
2014-04-27,26.9,27.3,26.9,27.37,15372
2014-04-28,27.51,27.14,27.04,27.6,16494
2014-04-29,27.12,27.02,27,27.48,20858
2014-04-30,27,27.12,27,27.17,41814
2014-05-01,27.08,27,26.82,27.18,17451
2014-05-04,27,27.07,27,27.4399,16176
2014-05-05,27,27,27,27.1,31144
2014-05-06,26.95,27.06,26.95,27.13,60085
2014-05-07,27.14,27,26.77,27.22,18837
2014-05-08,27,27.22,27,27.22,11968
2014-05-11,27.35,28.26,27.27,28.49,43575
2014-05-12,28.25,28.03,27.86,28.25,38183
2014-05-13,28,27.01,26.93,28.03,23320
2014-05-14,27,27.01,27,27.4,25907
2014-05-15,27,27.17,27,27.17,18870
2014-05-18,27,27.29,27,27.71,28109
2014-05-19,27.09,27.01,26.75,27.3,40438
2014-05-20,27.12,27.02,27,27.43,21125
2014-05-21,27.04,27.15,27.04,27.31,24489
2014-05-22,27.26,27.43,27.13,27.5525,34775
2014-05-26,27.61,28.3,27.58,28.47,26976
2014-05-27,28.11,28.26,28.02,28.54,30760
2014-05-28,28.45,28.48,28.3,28.66,10337
2014-05-29,28.59,28.23,28.16,28.59,22565
2014-06-01,28.21,27.69,27.62,28.23,25392
2014-06-02,27.46,27.01,27,27.62,20428
2014-06-03,26.9,27.04,26.9,27.64,22922
2014-06-04,26.95,28.27,26.95,28.3,18808
2014-06-05,28.42,28.86,27.91,28.97,23879
2014-06-08,28.99,28.97,28.79,29,18687
2014-06-09,28.99,28.75,28.671,28.99,3926
2014-06-10,28.44,28.53,28.34,28.68,10738
2014-06-11,28.38,28.39,28.29,28.74,9493
2014-06-12,28.59,28.37,28.07,28.59,8353
2014-06-15,28.22,28.28,27.76,28.95,19866
2014-06-16,28.3673,28.46,28.088,28.64,14411
2014-06-17,28.67,28.56,28.12,28.67,14255
2014-06-18,28.59,28.19,27.85,28.59,22821
2014-06-19,28.37,28.48,28.32,28.5,41700
2014-06-22,28.42,28.16,28.15,28.43,8124
2014-06-23,28.17,28.06,28.02,28.45,12926
2014-06-24,27.86,27.92,27.67,28.11,17514
2014-06-25,27.59,27.82,27.59,28.287,7661
2014-06-26,27.59,28.31,27.59,28.42,90471
2014-06-29,28.14,28.7,27.97,28.82,28368
2014-06-30,28.99,28.88,28.76,29,29093
2014-07-01,28.94,28.82,28.73,28.97,25423
2014-07-02,29,28.97,28.84,29,3877
2014-07-06,28.84,28.6,28.52,28.99,13621
2014-07-07,28.68,28.38,28.34,28.68,10465
2014-07-08,28.47,28.34,28.17,28.5,13304
2014-07-09,27.89,27.78,27.63,28.1,24394
2014-07-10,27.62,27.61,27.55,27.9,18171
2014-07-13,27.74,28.4,27.74,28.52,14933
2014-07-14,28.38,28.12,28.12,28.65,13505
2014-07-15,28.38,27.74,27.46,28.38,17082
2014-07-16,27.64,27.08,27,27.7,19655
2014-07-17,27.01,27.29,27.01,27.42,24834
2014-07-20,27.28,27.26,27.23,27.6,9139
2014-07-21,27.59,28.12,27.5,28.35,10701
2014-07-22,28.16,28.23,28.16,28.47,5757
2014-07-23,28.13,27.22,27.21,28.48,18270
2014-07-24,27.12,27.3,27,27.66,23667
2014-07-27,27.46,27.18,27.17,27.46,6652
2014-07-28,27.37,27.27,27.27,27.61,6197
2014-07-29,27.39,27.66,27.25,27.71,11031
2014-07-30,27.31,27.01,27,27.4,14468
2014-07-31,27.08,27.18,27.01,27.37,20231
2014-08-03,27.29,27.32,27.18,27.48,14016
2014-08-04,27.18,27.34,27.04,27.62,11685
2014-08-05,27.12,27.96,27.12,28.76,16443
2014-08-06,27.98,28.02,27.98,28.53,16313
2014-08-07,28.03,27.9,27.858,28.12,18652
2014-08-10,28,27.85,27.77,28.05,16018
2014-08-11,27.76,27.66,27.65,27.8,6468
2014-08-12,27.85,27.7,27.5,27.85,18767
2014-08-13,27.65,27.6,27.6,27.75,5177
2014-08-14,27.87,27.53,27.31,27.87,24473
2014-08-17,27.84,27.99,27.6,28,10800
2014-08-18,28,27.97,27.91,28.07,7042
2014-08-19,27.9,27.45,27.31,27.9,5813
2014-08-20,27.11,27.44,27.06,27.61,8028
2014-08-21,27.51,27.65,27.5,27.76,17526
2014-08-24,27.72,27.88,27.51,27.9,25579
2014-08-25,27.83,27.89,27.83,28,12303
2014-08-26,27.895,27.84,27.67,28,17268
2014-08-27,27.77,27.82,27.73,28.1,10423
2014-08-28,27.98,27.9,27.7201,28,11252
2014-09-01,27.98,27.89,27.78,28.12,13520
2014-09-02,27.95,27.62,27.59,27.99,11132
2014-09-03,28,27.55,27.53,28,11191
2014-09-04,27.47,27.78,27.47,27.85,14484
2014-09-07,27.64,27.86,27.64,28,11511
2014-09-08,27.46,27.2,27.17,27.67,15302
2014-09-09,27.16,27.51,27.16,27.55,12177
2014-09-10,27.46,27.56,27.1,27.76,9111
2014-09-11,27.57,27.46,27.27,27.96,16111
2014-09-14,27.35,27.19,27.03,27.35,11951
2014-09-15,27.31,27.07,27.03,27.31,11389
2014-09-16,27.07,27.07,27.02,27.26,10088
2014-09-17,27.21,27.26,27.1028,27.43,10846
2014-09-18,27.31,27.47,27.02,27.63,40575
2014-09-21,27.25,27.4,27.16,27.59,9495
2014-09-22,27.39,27.06,27.02,27.61,17183
2014-09-23,27.11,27.18,27.01,27.23,25961
2014-09-24,27.04,27.04,27,27.23,35840
2014-09-25,27.07,27.07,26.99,27.15,21059
2014-09-28,27,27.32,27,27.42,24235
2014-09-29,27.32,27.01,27.01,27.44,26226
2014-09-30,27.08,27.1,27,27.22,22862
2014-10-01,27.35,27.4,27.24,27.5,18013
2014-10-02,27.69,27.27,27.25,27.94,7427
2014-10-05,27.42,27.27,27.25,27.71,14186
2014-10-06,27.05,27.06,27,27.65,22315
2014-10-07,27.01,27.27,27.01,27.54,23840
2014-10-08,27.34,27.01,26.95,27.5,19656
2014-10-09,27,27.04,26.95,27.48,36367
2014-10-12,27.02,27.75,27.02,27.95,29502
2014-10-13,27.97,28.36,27.78,28.45,36984
2014-10-14,28.03,28.43,27.27,28.59,24618
2014-10-15,28.04,28.5,28.04,28.77,18579
2014-10-16,28.77,27.55,27.55,28.77,23127
2014-10-19,27.26,27.4,27.03,27.76,13159
2014-10-20,27.67,28.59,27.67,28.66,18483
2014-10-21,28.68,28.29,28.19,28.73,12919
2014-10-22,28.6,28.68,28.07,28.77,32362
2014-10-23,28.69,28.88,28.59,28.96,28259
2014-10-26,28.82,28.9,28.5823,28.99,20457
2014-10-27,28.98,29.79,28.8,29.81,48120
2014-10-28,29.74,30.1,29.61,30.61,30938
2014-10-29,30.2,30.34,30.2,30.45,49951
2014-10-30,30.83,30.63,30.54,31.11,36793
2014-11-02,31.13,30.83,30.7,31.13,18577
2014-11-03,30.61,30.9,30.5,31.26,23483
2014-11-04,31.35,31.23,30.9,32.78,22522
2014-11-05,31.18,31.61,30.94,31.67,22766
2014-11-06,31.6,31.65,31.17,31.9,17450
2014-11-09,31.77,31.98,31.7,31.99,19350
2014-11-10,31.99,31.98,31.88,31.99,35135
2014-11-11,31.81,31.85,31.81,32.3,24055
2014-11-12,31.91,30.92,30.64,31.91,18009
2014-11-13,30.91,30.55,30.5,31.32,22756
2014-11-16,30.36,30.32,29.89,30.57,8665
2014-11-17,30.29,30.44,30.29,30.8749,26499
2014-11-18,29.88,29.7,29.49,30.07,22375
2014-11-19,29.59,29.96,29.59,30.13,13022
2014-11-20,30.13,30.08,29.42,30.26,30771
2014-11-23,30.04,29.95,29.75,30.12,24975
2014-11-24,29.96,29.9,29.68,29.96,26397
2014-11-25,29.82,30.16,29.82,30.47,20995
2014-11-27,30.03,30.07,29.81,30.14,10549
2014-11-30,30.07,29.75,29.75,30.38,17981
2014-12-01,29.55,30.17,29.33,30.7,21246
2014-12-02,29.84,30.36,29.31,30.58,19015
2014-12-03,30.094,30.49,30.08,30.85,12578
2014-12-04,30.57,31.67,30.57,32,23684
2014-12-07,31.7,31.33,31.2,32,27865
2014-12-08,31.05,31.98,30.44,32.01,29950
2014-12-09,31.98,31.55,31.5,31.99,16319
2014-12-10,31.71,31.72,31.68,32.05,20701
2014-12-11,31.35,31.33,31.325,31.95,16030
2014-12-14,31.32,31.03,31.01,31.47,14595
2014-12-15,31.11,31.62,31.11,32,18185
2014-12-16,31.55,31.99,31.53,32.04,30900
2014-12-17,32,32.14,31.78,32.25,24157
2014-12-18,32.05,32.34,32.05,32.48,45805
2014-12-21,32.345,32.89,32.34,33.27,24334
2014-12-22,32.5,33.34,32.5,33.81,25319
2014-12-23,33.5,33.54,33.2,33.75,16316
2014-12-25,33.78,34.02,33.6,34.25,8376
2014-12-28,35.05,34.47,34.23,35.7,9495
2014-12-29,34.98,34.21,34.05,34.98,7187
2014-12-30,34.08,34.06,34,34.409,12756
2015-01-01,34.25,33.74,33.4,34.64,9787
2015-01-04,33.63,32.94,32.52,34.14,19116
2015-01-05,32.89,32.51,32.06,33.02,15362
2015-01-06,33.01,33.68,32.74,33.84,19543
2015-01-07,33.75,33.79,33.49,34,29090
2015-01-08,33.71,33.45,33.43,33.72,8028
2015-01-11,33.34,33.41,33.34,33.69,21328
2015-01-12,33.48,33.43,33.27,33.75,28854
2015-01-13,33.39,33.31,33.19,33.4,14530
2015-01-14,33.18,32.93,32.53,33.34,21247
2015-01-15,32.69,33.38,32.69,33.42,23087
2015-01-19,33.11,33.27,32.1,33.54,10905
2015-01-20,32.6,32.86,31.86,33.25,21533
2015-01-21,33.14,33.47,32.95,33.6,26468
2015-01-22,33.45,32.96,32.651,33.45,20593
2015-01-25,32.87,32.68,32.54,32.87,19702
2015-01-26,31.5157,31.45,31.23,32.45,12230
2015-01-27,31.5,30.49,30.465,31.5,22987
2015-01-28,29.99,30.77,29.63,30.77,30631
2015-01-29,30.42,30.46,30.415,30.77,31464
2015-02-01,30.47,30.73,30.4,30.8,17908
2015-02-02,29.06,32.24,29.0458,32.27,34111
2015-02-03,32.535,31.95,31.56,32.535,19251
2015-02-04,32.21,32.12,31.92,32.22,13570
2015-02-05,32.29,32.22,31.83,32.64,19028
2015-02-08,32.26,31.59,31.56,32.6699,22202
2015-02-09,31.7,31.95,31.33,32.26,9153
2015-02-10,31.66,31.56,31.26,32.05,19186
2015-02-11,31.67,31.77,31.595,32.3,8997
2015-02-12,32.11,31.98,31.871,32.42,7794
2015-02-16,31.96,32.24,31.67,32.42,9831
2015-02-17,32.15,31.99,31.82,32.26,10104
2015-02-18,31.84,32.19,31.84,32.76,7205
2015-02-19,32.27,32,31.95,32.29,11595
2015-02-22,31.89,31.79,31.3603,31.9843,13783
2015-02-23,31.91,31.94,31.88,32.4,3910
2015-02-24,32.29,31.9,31.76,32.32,6247
2015-02-25,31.94,32.11,31.82,32.365,9473
2015-02-26,32.12,32.01,31.5725,32.13,29602
2015-03-01,31.93,32.38,31.93,32.51,16967
2015-03-02,32.37,31.99,31.99,32.75,15496
2015-03-03,31.65,31.67,31.46,31.88,13826
2015-03-04,31.52,31.61,31.35,31.74,13981
2015-03-05,31.4,31.57,31.4,32.062,18800
2015-03-08,31.7,31.97,31.7,32.5,24524
2015-03-09,31.95,31.91,31.3601,31.96,16119
2015-03-10,31.71,32.12,31.71,32.7,22466
2015-03-11,32.47,32.99,32.26,33,13915
2015-03-12,32.99,32.89,32.7,33,12164
2015-03-15,32.88,32.73,32.58,32.93,15009
2015-03-16,32.79,32.94,31.8,33,13592
2015-03-17,33,32.98,32.285,33,10037
2015-03-18,32.79,32.53,32.38,32.79,8269
2015-03-19,32.78,32.96,32.47,33.12,30234
2015-03-22,33,32.61,32.61,33,12885
2015-03-23,31.78,32.58,31.78,32.8,10210
2015-03-24,32.57,32.21,32.18,33.1602,8783
2015-03-25,32.1,32.7,31.83,32.77,10806
2015-03-26,32.58,32.45,32.1301,32.91,23196
2015-03-29,32.48,32.78,32.08,32.89,20399
2015-03-30,32.71,32.82,32.24,32.9,16862
2015-03-31,32.57,33.2,32.418,33.25,24727
2015-04-01,33.25,33.77,33.24,33.99,20223
2015-04-05,33.51,33.98,33.51,34,6991
2015-04-06,34,33.82,33.81,34,7963
2015-04-07,33.59,33.79,33.59,34,12326
2015-04-08,33.62,33.68,33.3,33.89,17433
2015-04-09,33.87,33.32,33.29,34,17095
2015-04-12,33.15,33.3,32.71,33.55,19808
2015-04-13,33.32,33.28,33.08,33.57,24287
2015-04-14,33.28,33.49,33.05,33.6,17586
2015-04-15,33.28,33.95,33.08,33.99,15626
2015-04-16,33.76,32.52,32.48,33.76,22091
2015-04-19,33.45,33.5,32.81,33.7,38258
2015-04-20,33.83,33.6,33.5,33.97,15941
2015-04-21,33.78,33.91,33.7,34,65688
2015-04-22,33.89,33.98,33.47,34,30882
2015-04-23,34,33.98,33.856,34,28719
2015-04-26,34,34,33.81,34,39164
2015-04-27,34,34.25,34,34.255,59022
2015-04-28,34.2,34.49,34.2,34.62,46632
2015-04-29,34.34,35,33.78,35.66,57401
2015-04-30,35.04,34.82,34.4,35.7,34553
2015-05-03,35.05,34.91,34.83,35.42,29150
2015-05-04,34.92,34.63,34.25,35.41,30097
2015-05-05,34.62,34.51,34.25,34.63,23442
2015-05-06,34.64,34.63,34.16,35.02,20300
2015-05-07,34.99,35.26,34.57,35.3,26670
2015-05-10,35.07,35.77,35.07,35.9,16380
2015-05-11,35.57,35.95,35.16,35.96,27061
2015-05-12,35.82,36.22,35.668,36.276,16917
2015-05-13,36.22,36.77,36.22,37.97,47887
2015-05-14,36.93,36.47,36.33,36.93,35811
2015-05-17,36.4,37.27,36.28,37.39,25146
2015-05-18,37.04,37.09,36.86,37.36,31724
2015-05-19,37.23,37.46,36.88,37.75,35229
2015-05-20,37.16,37.21,37.07,37.576,24695
2015-05-21,37.26,36.26,36.19,37.43,18635
2015-05-25,35.9,35.18,34.78,36.05,29511
2015-05-26,35.14,35.72,34.93,36.07,33547
2015-05-27,35.44,35.44,35,35.79,33965
2015-05-28,35.46,35.3,34.97,36,29295
2015-05-31,35.66,35.66,35.1,36,22880
2015-06-01,35.6,35.33,35.25,35.92,26009
2015-06-02,35.41,36.63,35.4,36.63,32744
2015-06-03,36.27,35.29,35.26,36.52,18312
2015-06-04,35.48,35.63,35.3,35.76,47010
2015-06-07,35.68,35.71,35.57,36.14,17716
2015-06-08,35.84,35.77,35.37,36.14,24763
2015-06-09,36.05,35.78,35.6,36.16,35650
2015-06-10,35.89,35.5,35.34,36.19,29536
2015-06-11,35.3,35.47,35.3,35.78,42620
2015-06-14,35.31,35.37,35.11,35.6,42068
2015-06-15,35.33,35.49,35.2,35.63,45738
2015-06-16,35.42,35.24,35.04,35.7,41158
2015-06-17,35.2,35.44,35.16,36.05,52427
2015-06-18,35.6,36.25,35.34,36.38,60050
2015-06-21,36.46,36.93,36.16,37.22,31994
2015-06-22,36.94,37.25,36.92,37.54,41612
2015-06-23,37.44,36.74,36.63,37.44,30766
2015-06-24,36.86,36.89,36.6116,37.09,26949
2015-06-25,37.04,37.3,36.68,37.3,152439
2015-06-28,36.5,37.01,36.22,38.21,34904
2015-06-29,37.275,37.53,37.16,37.93,32967
2015-06-30,37.46,37.9,37.46,38.2,21920
2015-07-01,37.79,37.62,37.41,38.3,19133
2015-07-05,37.18,37.32,37.09,37.56,26053
2015-07-06,37.27,37.12,36.29,37.35,31629
2015-07-07,36.74,37.01,36.57,37.22,26982
2015-07-08,37.55,36.68,36.27,37.61,58603
2015-07-09,37.07,36.78,36.75,37.575,55908
2015-07-12,37.08,36.85,36.67,37.42,43043
2015-07-13,36.84,36.49,36.43,37.52,69242
2015-07-14,36.55,36.5,36.46,37.41,57746
2015-07-15,36.89,36.5,36.47,37.2899,83909
2015-07-16,36.7,36.62,36.03,37.17,64031
2015-07-19,36.93,36.3,36.18,37,83699
2015-07-20,38,36.09,36.09,38,64409
2015-07-21,36.24,36.21,35.84,37.14,125058
2015-07-22,36.4,35.93,35.76,36.92,77579
2015-07-23,35.74,35.96,35.535,36.17,89735
2015-07-26,36.24,35.99,35.8742,36.43,75166
2015-07-27,36.03,36,35.84,36.355,132966
2015-07-28,35.95,36.1,35.885,36.55,79140
2015-07-29,36.2,38.95,35.99,39.95,155631
2015-07-30,39,38.45,38.03,39.12,59099
2015-08-02,38.58,38.79,37.67,38.83,83503
2015-08-03,38.61,38.33,38.2209,39,33085
2015-08-04,38.36,38.42,38.08,38.95,49694
2015-08-05,38.5,38.17,37.2501,38.5,36732
2015-08-06,37.96,38,37.623,38.44,19196
2015-08-09,37.83,37.92,37.69,38.3,44590
2015-08-10,37.2,37.22,35.894,37.99,30250
2015-08-11,36.82,36.86,36.34,36.94,18269
2015-08-12,36.86,36.64,36.55,36.99,26499
2015-08-13,36.5,37.12,36.24,37.33,26878
2015-08-16,36.84,37.78,36.47,37.87,33821
2015-08-17,37.62,37.59,37.45,38.0288,41238
2015-08-18,37.18,37.76,36.99,38.16,59824
2015-08-19,37.57,37.48,37.1,38.05,65825
2015-08-20,36.92,38.3,36.73,38.43,46853
2015-08-23,36.58,36.53,36.1101,37.79,59565
2015-08-24,37.59,36.43,36.28,37.59,49097
2015-08-25,37.17,37.46,36.7,37.51,38674
2015-08-26,37.85,37.71,37.2,38.36,46464
2015-08-27,37.66,37.44,37.07,37.89,46095
2015-08-30,37.25,37.69,37.02,37.86,25252
2015-08-31,37.17,36.24,36.11,37.39,30214
2015-09-01,36.63,37,36.34,37,28299
2015-09-02,36.93,36.53,36.49,37.11,24745
2015-09-03,36.25,36.48,35.86,36.68,15488
2015-09-07,37.03,37.21,36.75,37.37,21683
2015-09-08,37.31,35.96,35.91,37.45,28204
2015-09-09,36.03,36.74,35.87,36.91,26240
2015-09-10,36.51,36.58,36.26,36.76,22008
2015-09-13,36.5,36.55,36.33,36.72,23664
2015-09-14,36.5,37.04,35.97,37.11,24153
2015-09-15,37.12,36.5,36.18,37.27,28744
2015-09-16,36.34,36.11,36.09,36.94,25765
2015-09-17,35.69,35.75,35.4791,36.03,35050
2015-09-20,35.93,35.64,35.41,36.185,37154
2015-09-21,35.3,35.35,35.12,35.75,33370
2015-09-22,35.32,35.71,35.19,35.93,44581
2015-09-23,35.6,37.43,35.03,37.91,78788
2015-09-24,37.76,36.47,36.15,37.9,33292
2015-09-27,36.25,36.32,36.01,36.9,27558
2015-09-28,36.34,37.17,36.2815,37.36,24157
2015-09-29,37.38,36.56,36.27,37.38,91006
2015-09-30,36.5,37.28,36.11,37.49,40237
2015-10-01,36.87,37.28,35.5,37.424,46718
2015-10-04,36.53,36.87,36.39,36.95,45117
2015-10-05,36.66,35.42,35.34,36.67,34748
2015-10-06,35.36,35.58,35.01,35.74,29203
2015-10-07,35.1,35.94,35.1,36.001,15714
2015-10-08,35.85,35.5,35.29,35.98,61123
2015-10-11,35.5,36.55,35.4,36.79,24496
2015-10-12,36.51,36.56,36.2,36.82,34033
2015-10-13,36.43,36.52,36.38,36.8,50141
2015-10-14,36.56,37.85,36.41,37.88,44402
2015-10-15,37.79,38.04,37.79,38.23,61483
2015-10-18,38.3,38.57,38.2,38.72,41754
2015-10-19,38.76,40.05,38.61,40.08,64453
2015-10-20,40.1,39.06,39.01,40.16,62057
2015-10-21,39.14,39.14,38.62,39.5,44663
2015-10-22,39.31,39.5,39.19,39.76,46953
2015-10-25,39.5,39.47,39.36,39.5,32231
2015-10-26,39.34,38.85,38.7401,39.5,29483
2015-10-27,38.84,39.5,38.84,39.95,82328
2015-10-28,39.61,39.3,38.9,39.8,30073
2015-10-29,39.28,38.3,38,39.28,40058
2015-11-01,38.3,39.05,38.19,39.09,32909
2015-11-02,39.04,38.97,38.64,39.32,24070
2015-11-03,38.97,39.19,38.875,39.5,24123
2015-11-04,39.17,39.33,39.17,39.575,25547
2015-11-05,39.55,40.26,39.55,40.47,46587
2015-11-08,40.25,39.93,39.85,40.25,29006
2015-11-09,39.67,39.52,39.48,39.75,24273
2015-11-10,39.5,39.36,39.16,39.67,18526
2015-11-11,39.19,39.41,38.81,39.5,45576
2015-11-12,39.07,39.43,38.95,39.5,45660
2015-11-15,39.5,39.69,39.295,39.89,42132
2015-11-16,39.5,39.45,39.34,39.71,36907
2015-11-17,39.26,39.86,39.26,39.91,41504
2015-11-18,39.86,40.21,39.41,40.325,20965
2015-11-19,40.38,39.59,39.5,40.4,84534
2015-11-22,39.39,40.31,39.25,40.38,40045
2015-11-23,40.23,40.94,39.97,41.07,23230
2015-11-24,40.94,41.05,40.36,41.19,21277
2015-11-26,41,41.74,40.93,41.91,15306
2015-11-29,41.75,41.53,41.37,41.88,37484
2015-11-30,41.86,41.9,41.53,42,18899
2015-12-01,41.82,41.68,41.55,42.02,24938
2015-12-02,41.62,40.39,40.32,41.71,29380
2015-12-03,40.44,42.1,40.44,42.46,24124
2015-12-06,42.21,40.6,40.38,42.27,35796
2015-12-07,40.36,39.88,39.8,40.49,22936
2015-12-08,39.65,39.55,39.4,40.02,36176
2015-12-09,39.62,39.32,39.05,39.74,26254
2015-12-10,38.82,38.98,38.81,39.32,31347
2015-12-13,39.12,39.22,38.78,39.5,18223
2015-12-14,39.39,39.66,38.99,39.95,23678
2015-12-15,39.78,39.74,39.3,39.95,24032
2015-12-16,40.04,39.76,39.52,40.7299,20563
2015-12-17,39.51,38.46,38.36,39.85,67998
2015-12-20,38.76,37.81,36.98,38.76,54211
2015-12-21,37.41,38.57,36.01,38.615,27381
2015-12-22,38.56,38.87,38.28,39.4,33163
2015-12-23,38.95,38.95,38.57,39.47,22444
2015-12-27,38.569,38.63,38.13,38.91,24615
2015-12-28,38.5,38.98,38.5,39.6,43387
2015-12-29,38.84,38.74,38.64,38.86,17455
2015-12-30,38.64,37.78,37.71,38.75,43199
2016-01-03,37.46,37.02,36.63,37.54,49953
2016-01-04,36.99,38.08,36.99,38.55,49253
2016-01-05,38.395,38.48,38.04,38.9,28754
2016-01-06,37.48,37.96,37.47,38.81,54750
2016-01-07,38.09,37.04,36.79,38.7,41564
2016-01-10,37.15,37.46,36.905,37.79,66747
2016-01-11,37.92,37.3,37.12,38.13,37962
2016-01-12,37.64,36.38,36.19,37.8,41218
2016-01-13,36.76,37.15,36.76,40.94,73083
2016-01-14,36.25,36.89,36.25,37.26,66453
2016-01-18,40.49,37.16,36.93,40.98,72513
2016-01-19,37.03,37.48,36.42,37.84,124124
2016-01-20,37.89,37.41,37.2801,38.16,53882
2016-01-21,37.91,37.59,37.11,37.91,67741
2016-01-24,37.51,36.7,36.67,37.6,52047
2016-01-25,36.93,36.91,36.03,37.2,37495
2016-01-26,36.69,35.77,35.62,36.91,49840
2016-01-27,35.95,36.62,35.95,36.81,34977
2016-01-28,36.89,38.93,36.89,39,70704
2016-01-31,38.69,38.19,37.99,39.02,56693
2016-02-01,37.93,38.19,37.8,38.63,48235
2016-02-02,38.55,37.9,37.69,38.55,52347
2016-02-03,37.95,37.96,37.81,38.3,40423
2016-02-04,37.87,37.61,37.5,38.05,58571
2016-02-07,37.26,37.87,36.4301,38.09,75447
2016-02-08,37.4,37.45,36.89,37.8,64697
2016-02-09,37.58,37.67,37.56,38.32,53673
2016-02-10,37.16,37.25,36.94,37.7,43989
2016-02-11,37.78,38.63,37.78,38.73,48723
2016-02-15,39.07,38.65,38.3001,39.39,25620
2016-02-16,38.73,38.3,38,39.25,61384
2016-02-17,38.25,38.32,38.11,38.91,30270
2016-02-18,38.3,38.88,38.3,39.14,39383
2016-02-21,39.16,38.78,38.71,39.35,38017
2016-02-22,38.6,38.69,38.25,39.06,30917
2016-02-23,38.35,38.69,38.06,38.92,28705
2016-02-24,38.85,39.49,38.8,39.67,29927
2016-02-25,39.85,39.26,39.2,39.9,35028
2016-02-28,39.17,39.19,39.0799,39.88,53029
2016-02-29,39.32,40.05,39.121,40.3,29568
2016-03-01,39.84,39.91,39.5,40.01,25702
2016-03-02,39.79,39.41,39.25,39.88,35420
2016-03-03,39.25,39.46,39.115,39.84,33695
2016-03-06,39.14,39.19,38.915,39.59,33330
2016-03-07,38.93,38.98,38.9224,39.36,26862
2016-03-08,39.05,39.22,38.8,39.47,40691
2016-03-09,39.32,38.83,38.7,39.42,19447
2016-03-10,39.15,39.48,38.81,39.5381,24040
2016-03-13,39.27,38.42,38.25,39.48,45725
2016-03-14,38.23,38.24,38.16,38.8,27888
2016-03-15,38.07,38.56,38.07,38.63,41350
2016-03-16,38.5,38.85,38.4307,39.24,38087
2016-03-17,38.86,39.42,38.86,39.63,54655
2016-03-20,39.27,39.19,38.74,39.46,29169
2016-03-21,38.86,39.09,38.86,39.21,30706
2016-03-22,39.16,38.51,38.42,39.16,14842
2016-03-23,38.41,38.49,38.14,38.65,20209
2016-03-27,38.52,38.2,37.87,38.76,38256
2016-03-28,38.02,38.7,37.89,38.77,36692
2016-03-29,38.89,38.7,35.212,38.89,39026
2016-03-30,38.74,38.41,38.38,38.7499,35544
2016-03-31,38.27,38.46,38.01,38.62,20068
2016-04-03,38.37,38.14,38.14,38.37,10690
2016-04-04,38,38.05,38,38.53,30671
2016-04-05,38.06,38.25,38.06,38.4,19860
2016-04-06,38,37.56,37.53,38.55,34251
2016-04-07,37.76,37.98,37.61,38.1999,15038
2016-04-10,38.14,37.84,37.81,38.7,32697
2016-04-11,37.81,38.41,37.81,38.51,31377
2016-04-12,37.87,38.7,37.87,38.82,30743
2016-04-13,38.5499,38.75,38.53,39.31,21709
2016-04-14,38.45,38.67,38.04,39.01,21786
2016-04-17,38.46,38.62,38.43,39.03,33141
2016-04-18,38.69,39.55,38.555,39.59,40670
2016-04-19,39.45,39.32,39.1501,39.5,35079
2016-04-20,39.17,39.37,39.17,39.59,42146
2016-04-21,39.19,39.41,39.06,39.6,37974
2016-04-24,39.116,39.38,38.96,39.59,20879
2016-04-25,39.55,39.88,39.31,39.89,22843
2016-04-26,39.73,39.48,39.28,39.77,40063
2016-04-27,39.26,39.5,39.26,39.65,37570
2016-04-28,39.53,39.58,39.31,39.59,22127
2016-05-01,39.47,39.48,38.965,39.53,34772
2016-05-02,39.22,38.9,38.56,39.44,21309
2016-05-03,39.11,39.5,38.74,39.91,82833
2016-05-04,39.51,39.2,39.1,39.63,21844
2016-05-05,39.08,39.15,38.79,39.45,24302
2016-05-08,39.05,38.77,38.71,39.19,23759
2016-05-09,38.99,39.39,38.9,39.43,32200
2016-05-10,39.1,38.79,38.76,39.62,26252
2016-05-11,39.16,39.04,38.69,39.53,43849
2016-05-12,38.96,39.67,38.96,39.91,32642
2016-05-15,39.62,40.12,39.44,40.42,51331
2016-05-16,39.94,38.72,38.32,39.94,35794
2016-05-17,38.5,39.49,38.5,39.56,27619
2016-05-18,39.27,39.07,38.59,39.3599,28651
2016-05-19,39.28,39.36,38.9101,39.46,31370
2016-05-22,39.26,39.92,39.23,40.14,29852
2016-05-23,40.27,40.99,40.14,41.12,30378
2016-05-24,40.95,40.59,40.46,41.14,22232
2016-05-25,40.58,40.23,40.22,40.59,8523
2016-05-26,40.53,40.84,40.28,40.91,23460
2016-05-30,40.84,40.37,40.02,40.84,20186
2016-05-31,40.1,40.76,40.1,40.77,23214
2016-06-01,40.48,40.78,40.35,40.86,23788
2016-06-02,40.72,40.6,39.91,40.735,30235
2016-06-05,40.58,40.73,40.58,40.93,11985
2016-06-06,40.55,40.63,40.55,41.16,16049
2016-06-07,40.5,41.16,40.46,41.21,19933
2016-06-08,41.01,40.8,40.47,41.18,15513
2016-06-09,40.63,40.84,40.56,41,11579
2016-06-12,40.3,39.78,39.65,40.91,14935
2016-06-13,39.805,39.44,39.35,39.805,14374
2016-06-14,39.46,39.44,39.0599,39.76,25331
2016-06-15,39.43,39.26,38.71,39.47,18833
2016-06-16,39.48,39.99,38.83,40.01,86477
2016-06-19,40.475,39.77,39.56,41.1,39516
2016-06-20,39.82,39.57,39.42,40.155,13127
2016-06-21,39.67,39.25,39.23,39.7742,32371
2016-06-22,39.89,39.86,39.57,39.97,23152
2016-06-23,38.85,38.87,38,39.5,69860
2016-06-26,38.33,37.92,37.68,38.42,36014
2016-06-27,38.2,37.71,37.63,38.2,33288
2016-06-28,38.02,38.2,37.72,38.29,22735
2016-06-29,40.03,38.85,38.066,40.03,20790
2016-06-30,38.4,38.58,38.17,38.85,23834
2016-07-04,38.31,38.45,38.17,38.7,21202
2016-07-05,38.55,38.55,38.09,38.625,15659
2016-07-06,38.65,38.41,38.19,38.77,23029
2016-07-07,38.65,38.76,38.29,38.86,25134
2016-07-10,38.74,39,38.61,39.17,25734
2016-07-11,39,39.24,38.9,39.35,16585
2016-07-12,39.05,39.3,38.91,39.55,28506
2016-07-13,39.45,39.29,39.25,39.45,18012
2016-07-14,39.56,39.41,39.12,39.56,21993
2016-07-17,39.54,39.46,39.22,39.67,24851
2016-07-18,39.97,39.42,38.63,39.97,30732
2016-07-19,39.6,40.81,35.9,40.99,44505
2016-07-20,40.6,40.99,40.37,41,31534
2016-07-21,40.83,41.92,40.64,42,60993
2016-07-24,41.91,43,41.88,43.27,74496
2016-07-25,42.78,42.94,42.72,43.44,43382
2016-07-26,42.79,43.16,41.74,43.24,40282
2016-07-27,42.83,42,41.1316,42.86,22322
2016-07-28,42.01,41.69,41.4,42.35,28048
2016-07-31,41.72,41.94,41.235,42.08,16251
2016-08-01,41.4952,41.68,41.4952,42.1,32960
2016-08-02,41.5,42.24,41.5,42.3699,28683
2016-08-03,42.43,42.31,41.96,42.65,25456
2016-08-04,42.84,43.11,42.72,43.33,26293
2016-08-07,42.99,42.9,42.85,43.246,18044
2016-08-08,43.05,43.69,43.05,43.71,25368
2016-08-09,43.48,43.4,43.1,43.61,15296
2016-08-10,43.46,43.31,43.15,43.63,29597
2016-08-11,43.4,43.84,43.21,43.96,32504
2016-08-14,43.88,44.11,43.84,44.28,36048
2016-08-15,43.95,43.92,43.6001,44.02,46917
2016-08-16,43.78,44.07,43.78,44.175,16984
2016-08-17,44.09,44.39,43.8647,44.415,28569
2016-08-18,44.22,44.53,44.17,44.58,26778
2016-08-21,44.34,44.57,44.21,44.75,31980
2016-08-22,44.56,44.79,44.018,45.3499,27221
2016-08-23,44.6,44.5,43.95,45.51,57208
2016-08-24,44.31,45.03,44.27,45.03,28606
2016-08-25,45.2,45.98,44.9,46.12,33937
2016-08-28,46.1,46.17,45.59,46.65,24647
2016-08-29,46.42,46.14,46.03,46.83,17323
2016-08-30,46.32,45.49,45.44,46.4,36146
2016-08-31,45.21,44.89,44.42,45.52,41824
2016-09-01,44.82,45.3,44.68,45.36,24659
2016-09-05,45.49,44.59,44.41,45.61,38282
2016-09-06,44.75,45.14,44.75,45.18,38896
2016-09-07,44.95,45.88,44.95,46,19875
2016-09-08,45.87,44.42,44.4,45.96,26345
2016-09-11,43.83,44.39,43.76,44.8899,36870
2016-09-12,44.18,44.08,43.81,44.26,22540
2016-09-13,43.99,43.89,43.65,44.15,31561
2016-09-14,43.65,44.1,43.65,44.19,24682
2016-09-15,44.2,44.47,43.8203,44.69,55859
2016-09-18,44.55,44.48,44.35,45.181,38778
2016-09-19,44.44,44.69,44.37,45.1099,36345
2016-09-20,44.75,44.91,44.445,45.4899,46811
2016-09-21,44.73,45.76,44.73,45.85,41463
2016-09-22,45.54,45.24,44.615,45.72,40579
2016-09-25,44.9,44.2,44.11,45.31,28040
2016-09-26,44.59,44.52,44.3,44.816,13940
2016-09-27,44.72,44.96,44.46,44.98,23336
2016-09-28,44.91,44.69,44.355,45.3,19257
2016-09-29,44.73,44.64,44.48,45.17,49074
2016-10-02,44.39,44.93,44.34,45.09,24213
2016-10-03,44.79,45.25,44.52,45.47,30337
2016-10-04,45.51,45.17,45,45.915,27772
2016-10-05,44.9,44.06,43.975,45.12,54611
2016-10-06,44.2,43.87,43.42,44.2,40943
2016-10-09,43.85,44.56,43.85,44.99,28500
2016-10-10,44.69,44.37,44.13,45.09,31488
2016-10-11,43.9,44.87,43.9,45.24,30014
2016-10-12,44.33,43.73,43.28,44.33,20014
2016-10-13,43.86,43.96,43.52,44.505,20629
2016-10-16,44,43.98,43.65,44.1,14616
2016-10-17,44.83,42.41,41.0267,44.94,59852
2016-10-18,42.39,42.07,41.85,42.52,35273
2016-10-19,41.87,42.07,41.72,42.41,22598
2016-10-20,41.99,42.12,41.65,42.43,33254
2016-10-23,42.36,42.07,41.92,42.75,23046
2016-10-24,42.16,41.69,41.545,42.16,25527
2016-10-25,43.16,41.28,41.1435,43.16,29649
2016-10-26,41.4,41.45,40.8887,41.595,21692
2016-10-27,41.81,41.12,41.05,43.47,21291
2016-10-30,40.52,39.48,39.31,41.1,73762
2016-10-31,39.67,40.26,39.67,40.47,31101
2016-11-01,40.15,39.72,39.52,40.9,23655
2016-11-02,39.61,39.15,38.56,39.61,32213
2016-11-03,38.75,38.7,36.9059,39.36,53904
2016-11-06,38.99,40.19,38.97,40.37,29271
2016-11-07,40,39.51,39.4,40,24620
2016-11-08,39.64,41.39,39.64,41.5,34639
2016-11-09,41.93,42.48,41.4,42.71,34253
2016-11-10,42.47,43.8,41.295,44,65009
2016-11-13,44.2,43.47,42.66,45.02,40342
2016-11-14,43.3,43.54,42.6112,43.84,28021
2016-11-15,43.53,43.56,43.005,43.95,31529
2016-11-16,43.4,43.46,43.12,43.99,38643
2016-11-17,43.57,45.8,43.4,45.85,44861
2016-11-20,45.79,45.25,44.8207,45.79,20528
2016-11-21,45.17,45.97,44.96,46,102947
2016-11-22,45.94,46.27,45.8,46.81,21124
2016-11-24,45.95,46.43,45.95,46.76,8100
2016-11-27,45.89,45.81,45.57,46.3,19920
2016-11-28,45.75,46.63,45.59,47.16,32837
2016-11-29,47.12,46.29,46.1,47.74,20484
2016-11-30,46.79,46.11,45.832,46.975,24220
2016-12-01,45.93,46.09,45.2389,46.22,25030
2016-12-04,46.26,47.14,46.26,47.25,26132
2016-12-05,46.7938,47.42,46.73,47.5,20585
2016-12-06,47.03,47.43,46.865,47.5,22521
2016-12-07,47.48,48.31,47.27,48.4,26871
2016-12-08,48.05,49.46,48.05,49.68,32147
2016-12-11,49.47,49.4,49.27,52.18,28047
2016-12-12,49.73,50.34,49.165,50.6,37407
2016-12-13,49.68,49.56,49.045,50.6,25063
2016-12-14,48.89,49.9,48.89,50.73,37639
2016-12-15,50.19,50.22,48.08,51.01,63903
2016-12-18,50.84,50.95,50.26,51.19,33207
2016-12-19,51.25,51.38,51.25,52.305,27319
2016-12-20,51.17,51.27,51.0005,51.71,23930
2016-12-21,51.01,51,50.66,52.1248,31922
2016-12-22,51.04,50.32,50.2,51.04,17286
2016-12-26,50.54,51.27,50.54,51.4,20387
2016-12-27,51.5,51.14,50.9,51.5,17117
2016-12-28,50.76,50.72,50.39,50.8189,9545
2016-12-29,51.25,50.74,50.4,51.25,15075
2017-01-02,51.15,50.8,50.34,51.15,17758
2017-01-03,50.6,50.59,50.51,50.86,28311
2017-01-04,50.01,49.76,49.0001,50.225,15212
2017-01-05,49.94,49.65,49.62,49.97,10973
2017-01-08,49.36,48.59,48.49,49.36,35006
2017-01-09,48.4,48.81,48.4,49.19,25966
2017-01-10,48.7,49.03,48.44,49.5076,18789
2017-01-11,48.68,47.83,47.435,49.0367,15503
2017-01-12,48.6,48,47.82,48.68,13979
2017-01-16,47.7891,47.26,47.12,47.9,24643
2017-01-17,47.26,47.41,46.88,47.68,29179
2017-01-18,47.395,47.4,46.27,47.6,38070
2017-01-19,47.41,47.77,47.21,48.2,28320
2017-01-22,47.46,47.78,46.81,47.87,23150
2017-01-23,47.96,50.18,47.96,50.7397,51189
2017-01-24,50.27,49.64,49.61,50.85,32185
2017-01-25,49.7,49.81,49.02,49.95,33838
2017-01-26,49.45,49.68,49.24,50.25,28264
2017-01-29,49.47,48.41,48.31,49.47,25664
2017-01-30,48.39,48.46,47.72,48.8705,29004
2017-01-31,48.86,48.76,48.55,49.21,20908
2017-02-01,48.2,48.56,47.78,48.84,15980
2017-02-02,48.53,48.9,48.5,49.26,18255
2017-02-05,48.99,49.22,48.76,49.8776,18998
2017-02-06,49.29,48.62,48.32,49.29,20849
2017-02-07,48.575,47.97,47.51,48.575,23061
2017-02-08,48.13,48.15,47.96,48.53,14525
2017-02-09,48.45,48.57,47.97,48.81,13972
2017-02-12,48.71,48.81,48.71,49.44,17722
2017-02-13,48.61,49.42,48.25,49.68,23130
2017-02-14,49.08,49.38,49,49.47,9784
2017-02-15,49.3,49.22,49.135,49.43,20721
2017-02-16,49.29,49.94,49,50,29582
2017-02-20,50.28,49.94,49.536,50.28,16072
2017-02-21,49.42,49.38,49.01,49.67,16061
2017-02-22,49.78,49.78,49.2,50.01,9915
2017-02-23,49.65,49.61,49.37,50.073,18011
2017-02-26,50,49.83,49.37,50.1902,17280
2017-02-27,49.79,49.15,48.56,49.83,25013
2017-02-28,49.89,49.8,49.59,50.2467,18950
2017-03-01,50.3,49.25,49,50.3,11716
2017-03-02,49.07,49.85,48.88,50.03,21241
2017-03-05,49.85,49.43,48.78,49.85,14798
2017-03-06,48.86,48.71,48.49,49.06,27970
2017-03-07,49.31,48.86,48.66,49.33,23411
2017-03-08,48.99,49.46,48.99,49.73,25720
2017-03-09,49.9,49.43,49.02,49.9,32604
2017-03-12,49.57,49.35,49.07,49.96,27050
2017-03-13,49.35,49.35,48.76,49.385,21829
2017-03-14,49.36,49.92,49.36,49.97,24167
2017-03-15,49.94,50.45,49.94,50.74,31595
2017-03-16,50.34,50.96,50.34,50.98,41345
2017-03-19,50.2,50.69,49.95,51,43844
2017-03-20,50.7768,48.84,48.69,50.89,36409
2017-03-21,48.73,47.32,46.71,48.93,29362
2017-03-22,47.46,47.83,47.44,48.48,24450
2017-03-23,48.08,48.03,47.7,48.62,17199
2017-03-26,47.46,47.76,47.25,48.57,47847
2017-03-27,47.7395,49.33,47.46,49.45,28400
2017-03-28,49.11,49.1,48.88,49.45,18754
2017-03-29,49.41,50.33,49.41,50.53,15204
2017-03-30,50.23,49.51,49.3601,50.39,46663
2017-04-02,49.78,50.36,49.45,50.46,31653
2017-04-03,49.915,50.44,49.07,50.62,23211
2017-04-04,50.84,50.3,49.85,50.95,32906
2017-04-05,50.7186,50.29,48.78,50.7186,20514
2017-04-06,50.01,50.52,49.725,51.24,27295
2017-04-09,50.34,50.4,50.26,50.9136,31845
2017-04-10,50.08,51.9,50.08,52.35,35859
2017-04-11,51.89,50.86,50.44,51.97,26046
2017-04-12,50.78,49.93,49.73,51.52,72721
2017-04-16,50.34,52.49,49.4172,52.49,48642
2017-04-17,52.48,52.23,51.41,54.74,68359
2017-04-18,52.11,51.33,51.16,52.64,44860
2017-04-19,51.33,52.38,51.33,52.44,23259
2017-04-20,52.08,52.3,51.486,52.95,34447
2017-04-23,53.27,54.28,53.27,54.28,39274
2017-04-24,54.4,54.99,54.25,55.36,38253
2017-04-25,54.73,54.91,54.375,56.2,41649
2017-04-26,55,54.9,54.65,55.27,29253
2017-04-27,54.8,53.64,52.99,55.19,86019
2017-04-30,54.03,54.35,53.8,54.92,30582
2017-05-01,54.39,54.44,54.03,55.35,29514
2017-05-02,54.32,54.8,54.1926,54.9,22710
2017-05-03,54.86,54.59,54.15,54.98,15434
2017-05-04,54.2734,54.82,53.285,54.97,29049
2017-05-07,55,54.99,54.46,55.3472,24557
2017-05-08,55.25,54.72,54.481,55.66,38958
2017-05-09,54.89,54.27,53.96,54.89,41629
2017-05-10,54.15,54,53.0901,54.33,16477
2017-05-11,53.88,53.58,53.18,53.99,17595
2017-05-14,53.49,54.57,53.49,54.83,34403
2017-05-15,54.96,54.86,54.215,55.1,23429
2017-05-16,53.57,52.33,52.33,54.07,39266
2017-05-17,52.73,52.7,52.63,53.5,37773
2017-05-18,53.13,52.16,51.95,53.22,56150
2017-05-21,52.35,52.8,52.21,52.98,26678
2017-05-22,53.08,52.83,52.01,53.8392,23563
2017-05-23,53.06,52.38,52.01,53.06,21185
2017-05-24,52.56,51.8,51.31,53.16,34094
2017-05-25,51.75,51.96,50.69,52.47,40863
2017-05-29,51.73,51.84,50.95,52.2575,30045
2017-05-30,51.77,52.1,51.35,52.15,106866
2017-05-31,52.02,53.41,50.45,53.56,35327
2017-06-01,53.07,54.2,52.93,55.31,35123
2017-06-04,54.27,53.38,53.26,54.945,26943
2017-06-05,53.17,53.02,52.945,54.64,19131
2017-06-06,53,53.23,52.33,53.71,25215
2017-06-07,53.23,54.63,53.23,55.47,23349
2017-06-08,54.6429,55.99,54.6429,56.63,43157
2017-06-11,56.1,55.09,54.2,56.9045,26820
2017-06-12,55.22,55.16,54.36,55.33,17013
2017-06-13,54.68,55.04,54.11,55.27,25552
2017-06-14,55.295,54.81,54.482,55.295,17676
2017-06-15,54.46,53.92,53.62,54.88,64516
2017-06-18,54.39,53.99,53.45,54.9,24502
2017-06-19,53.58,53.23,52.82,53.58,17669
2017-06-20,51.0359,52.49,51.0359,52.85,23667
2017-06-21,52.49,52.23,51.96,53.77,30311
2017-06-22,52.3,51.9,51.31,52.49,56503
2017-06-25,52.04,52.08,51.55,52.57,32191
2017-06-26,52.08,52.44,51.46,53.11,21576
2017-06-27,52.63,52.92,52.51,53.32,23784
2017-06-28,53.44,53.54,52.4625,53.83,35550
2017-06-29,52.97,52.68,52.29,53.1,21877
2017-07-02,52.92,54.78,52.84,55.21,23208
2017-07-04,54.58,53.55,52.85,54.6,38714
2017-07-05,53.55,52.77,52.25,53.69,45287
2017-07-06,53.29,53.51,52.4,53.75,45444
2017-07-09,53.23,52.85,52.76,53.42,28319
2017-07-10,53.01,52.94,52.12,53.23,33654
2017-07-11,53.02,53.07,52.6509,53.56,26123
2017-07-12,53.06,53.12,52.5,53.24,28970
2017-07-13,52.78,52.77,52.408,53.2899,23294
2017-07-16,52.77,53.06,52.451,53.875,38135
2017-07-17,52.51,50.76,50.68,53,47377
2017-07-18,51.1,51.26,50.05,51.755,86198
2017-07-19,51.42,51.74,51.25,52.53,33928
2017-07-20,52.13,51.82,51.605,52.38,40181
2017-07-23,51.83,51.97,51.48,52.34,40793
2017-07-24,52.45,52.62,52.07,53.23,28333
2017-07-25,53.11,51.94,51.68,53.15,49546
2017-07-26,52.24,51.58,51.36,52.605,36402
2017-07-27,51.59,51.42,51.14,52.04,24316
2017-07-30,51.66,51.75,51.22,52.29,47502
2017-07-31,51.91,51.6,51.3774,51.91,46691
2017-08-01,51.72,51.09,51.09,51.88,30943
2017-08-02,51.1,50.49,50.18,51.24,31413
2017-08-03,50.7,50.6,50.58,51.26,18319
2017-08-06,50.6,49.88,49.81,50.954,27265
2017-08-07,49.89,49.86,49.77,51.38,34135
2017-08-08,49.6,49.83,49.15,50.09,36454
2017-08-09,49.458,49.7,49.458,50.04,25268
2017-08-10,49.85,48.19,47.85,50.275,29726
2017-08-13,48.65,48.28,48.23,49.08,107765
2017-08-14,48.38,48.71,47.61,48.995,39453
2017-08-15,48.67,48.59,48.42,49.09,18999
2017-08-16,48.27,47.38,47.34,48.55,29326
2017-08-17,47.23,48.07,47.23,48.41,36835
2017-08-20,48,48.45,47.57,48.568,21031
2017-08-21,48.78,48.65,48.5,49.02,18169
2017-08-22,48.43,48.6,48.33,49.13,27495
2017-08-23,48.97,48.97,48.6,49.44,24585
2017-08-24,49.12,49.29,48.54,49.66,25543
2017-08-27,49.4,49.03,48.745,49.4,20973
2017-08-28,48.61,48.51,48.07,48.94,22162
2017-08-29,48.5,48.61,48.17,49.39,38241
2017-08-30,48.7,48.96,48.32,49.35,28754
2017-08-31,48.95,48.9,47.8,49.12,12473
2017-09-04,48.56,48.38,48.2,48.89,26720
2017-09-05,48.29,48.47,48.2,48.81,32066
2017-09-06,48.2,47.16,47.04,48.2,17808
2017-09-07,47.07,47.8,47.01,47.85,18638
2017-09-10,48.2005,48.76,48.05,49.12,16921
2017-09-11,48.32,49.22,48.32,49.75,15241
2017-09-12,48.85,49.2,48.81,49.455,15180
2017-09-13,48.95,48.91,48.845,49.685,18059
2017-09-14,48.78,48.77,48.61,49.15,45317
2017-09-17,48.75,49.21,48.75,49.48,22408
2017-09-18,49,49.17,48.9,49.73,18160
2017-09-19,48.95,49.56,48.9,49.725,26910
2017-09-20,49.68,49.63,49.28,50.1,30193
2017-09-21,50.21,50.13,49.69,50.43,27191
2017-09-24,49.7107,50.37,49.7107,50.46,14792
2017-09-25,50.49,51.89,50.35,52.37,37771
2017-09-26,52.09,53.38,52,53.99,48809
2017-09-27,53.51,53.14,52.88,53.51,17379
2017-09-28,52.6686,52.49,52.18,52.9,27690
2017-10-01,52.39,53.38,52.3,53.44,20008
2017-10-02,53.37,52.9,52.4,53.37,31688
2017-10-03,52.89,52.26,52,53.2,19580
2017-10-04,52.72,52.86,52.5,53.125,19576
2017-10-05,52.96,52.82,52.7,53.38,14416
2017-10-08,52.85,52.95,52.58,53.145,14966
2017-10-09,53.34,53.48,53,53.59,24831
2017-10-10,53.52,53.91,53.3,54.25,32816
2017-10-11,54.14,53.93,53.71,54.63,25084
2017-10-12,53.95,53.9,53.15,54.025,19816
2017-10-15,53.82,53.65,53.08,54.3,16966
2017-10-16,54.2,54.58,53.6,55.9,47259
2017-10-17,55.05,55.87,54.61,56.91,69928
2017-10-18,55.86,55.52,55.13,56.09,20928
2017-10-19,56.14,54.71,54.69,56.46,19383
2017-10-22,54.78,54.62,54,55,27720
2017-10-23,55.05,54.6,54.495,55.89,28407
2017-10-24,54.59,55.1,54.59,55.48,19988
2017-10-25,55.12,54.93,54.76,55.68,13681
2017-10-26,54.94,55.17,54.22,55.31,24709
2017-10-29,55,53.64,52.82,55.11,42925
2017-10-30,53.7,54.2,53.7,54.93,38691
2017-10-31,54.71,54.19,53.22,55.74,36124
2017-11-01,54.57,54.91,53.59,55.23,28231
2017-11-02,54.87,53.94,53.775,54.87,23237
2017-11-05,54.03,53.66,53.5379,54.19,8963
2017-11-06,53.56,51.93,51.84,53.59,18821
2017-11-07,51.67,52.03,50.58,52.63,32325
2017-11-08,51.74,51.88,50.275,52.345,31341
2017-11-09,51.52,51.62,51.26,52.31,23810
2017-11-12,51.51,52.2,51.06,52.6,30286
2017-11-13,51.96,53.23,51.9,53.79,26044
2017-11-14,52.85,52.76,52.55,53.7229,20811
2017-11-15,53.18,52.77,52.19,53.82,31379
2017-11-16,52.46,53.12,52.0655,53.75,18611
2017-11-19,53.222,53.54,52.87,53.67,15713
2017-11-20,53.75,54.12,51.4972,54.25,18123
2017-11-21,53.85,53.55,53.365,54.13,16803
2017-11-23,53.82,53.2,52.55,54.03,14866
2017-11-26,53.21,53.76,52.91,54.22,19696
2017-11-27,53.93,54.74,53.115,54.75,11574
2017-11-28,54.74,55.8,54.12,56.605,41312
2017-11-29,55.95,54.33,54.14,55.95,46928
2017-11-30,54.4,54.11,52.65,54.99,30172
2017-12-03,54.85,54.59,54.55,55.43,33486
2017-12-04,54.67,54.25,53.96,55,25943
2017-12-05,54.04,53.54,53.36,54.04,10918
2017-12-06,53.85,53.88,53.85,54.69,43404
2017-12-07,54.11,52.87,52.66,54.11,16356
2017-12-10,52.83,52.6,52.49,53.3,23880
2017-12-11,52.72,52.81,52.3207,52.975,17614
2017-12-12,52.38,53.22,52.38,53.97,13611
2017-12-13,53.23,52.02,51.78,53.23,18124
2017-12-14,52.04,54.46,52.04,54.9,69212
2017-12-17,54.76,55.13,54.1,56.59,50824
2017-12-18,55.08,54.38,54.1,55.61,22306
2017-12-19,54.22,53.68,53.61,54.24,99297
2017-12-20,53.97,54.87,52.8184,55.28,9315
2017-12-21,54.88,53.61,53.45,54.88,18918
2017-12-25,53.116,53.58,53.116,54.11,24386
2017-12-26,53.59,53.13,53.12,53.82,6631
2017-12-27,53.29,53.35,52.997,53.42,8611
2017-12-28,53.36,51.97,51.97,53.36,28129
2018-01-01,51.82,52.05,51.63,52.96,24681
2018-01-02,51.95,51.38,51.02,52.9599,25924
2018-01-03,51.16,51.78,51.16,52.67,19283
2018-01-04,51.5,52,51.21,52.221,24109
2018-01-07,51.96,52.27,51.25,52.4205,16601
2018-01-08,52.26,52.75,52.26,53.32,19393
2018-01-09,52.74,53.43,52.74,53.935,25121
2018-01-10,53.66,54,53.013,55.07,29986
2018-01-11,54.09,53.79,53.2,54.09,21319
2018-01-15,54.12,53.28,53.18,55,26075
2018-01-16,54.17,53.89,52.985,54.17,13078
2018-01-17,53.87,53.29,53.0001,53.87,15913
2018-01-18,52.57,54.56,52.57,54.56,29363
2018-01-21,54.57,53.79,53.24,54.57,26526
2018-01-22,54.99,54.97,53.85,55.29,19378
2018-01-23,55.12,54.79,53.96,55.35,28160
2018-01-24,55.29,55.09,54.3238,55.45,20400
2018-01-25,54.72,55.77,54.4179,55.77,25415
2018-01-28,55.71,55.32,55.12,55.8179,20813
2018-01-29,55,55.42,54.68,55.7911,22712
2018-01-30,55.75,55.56,55.45,56.13,30462
2018-01-31,55.7,56.05,54.82,56.1,31472
2018-02-01,55.5,55.06,55,56,44834
2018-02-04,54.79,52.74,52.53,55.34,38021
2018-02-05,51.78,53,51.78,53.37,47487
2018-02-06,52.8,53.34,52.8,53.44,11341
2018-02-07,53.22,52.51,52.51,53.52,165537
2018-02-08,53.08,53.84,51.7501,54.18,29988
2018-02-11,54.06,52.68,52.53,54.06,27099
2018-02-12,52.43,53.56,52.43,53.79,21094
2018-02-13,53.15,53.44,52.255,53.8,21520
2018-02-14,53.5,53.71,52.792,53.8412,18400
2018-02-15,53.45,53.58,53.28,54.5,18802
2018-02-19,53.3,53.11,52.685,54.01,46781
2018-02-20,53.21,54.71,52.9888,55.81,71343
2018-02-21,54.71,54.22,54.15,55.5107,43281
2018-02-22,54.61,55.04,53.79,55.6,24437
2018-02-25,55.17,55.58,54.62,55.81,20032
2018-02-26,55.45,54.52,54.38,56.18,24514
2018-02-27,54.59,53.21,53.21,55.1,26859
2018-02-28,53.22,53.52,52.76,54.29,27159
2018-03-01,53.21,54.64,52.93,55.01,22277
2018-03-04,54.26,55.52,54,56.13,22810
2018-03-05,55.72,55.71,54.13,56.04,28240
2018-03-06,55.8,56.67,55.61,56.99,44232
2018-03-07,56.66,56.46,56.18,57.59,42324
2018-03-08,56.88,57.65,55.07,58.06,25323
2018-03-11,57.86,58.12,57.435,59.14,30373
2018-03-12,58.36,58.38,57.7358,58.915,30366
2018-03-13,58.7,57.94,57.67,58.7,17398
2018-03-14,58.1,58.55,57.4748,59.0599,27481
2018-03-15,58.4,58.67,58.103,59.55,54754
2018-03-18,58.62,59.42,57.91,59.72,35568
2018-03-19,59.6,58.71,58.49,59.85,14675
2018-03-20,58.5,58.71,58.2037,59.19,15865
2018-03-21,58.16,57.7,57.25,59.056,29278
2018-03-22,57.69,55.78,55.59,57.83,68217
2018-03-25,56.43,56.65,53.57,57.3,70416
2018-03-26,56.77,56.78,55.95,57.81,35235
2018-03-27,56.94,57.61,56.79,57.83,16520
2018-03-28,57.83,57.32,56.28,58.2,61633
2018-04-01,57.31,57.2,56.51,57.98,24213
2018-04-02,57.29,58.46,55.261,59.75,30665
2018-04-03,57.8,57.66,56.81,58.385,29406
2018-04-04,57.87,57.65,56.925,59.1948,23892
2018-04-05,57.39,56.99,56.6,58.32,24931
2018-04-08,57.23,56.7,56.41,57.85,23078
2018-04-09,57.07,57.63,56.7501,58.49,13927
2018-04-10,56.67,57.99,56.251,59.155,27895
2018-04-11,58.875,58.45,57.7,58.875,18944
2018-04-12,58.15,57.47,57.4,58.49,12202
2018-04-15,57.99,58.62,56.8,59,26759
2018-04-16,59.39,60.26,58.0101,60.97,44459
2018-04-17,60.49,60.81,57.51,61.44,55167
2018-04-18,59.7703,61.62,59.7703,62.42,46066
2018-04-19,61.4,60.99,60.2,61.94,38616
2018-04-22,61.48,61.34,61.215,62,35261
2018-04-23,61.14,61.24,60.66,61.68,31340
2018-04-24,61.25,59.97,59.76,61.25,42620
2018-04-25,60.07,59.65,59.46,60.355,39802
2018-04-26,59.65,59.87,57.759,60.98,20322
2018-04-29,60.03,59.66,59.3307,60.4224,42858
2018-04-30,59.68,60.3,58.06,60.51,27386
2018-05-01,60.43,60.98,60.27,61.22,30568
2018-05-02,60.87,60.73,60.14,61.34,46989
2018-05-03,60.39,60.96,60.39,61.54,24495
2018-05-06,61,60.44,59.94,61.15,18322
2018-05-07,60.66,61.26,60.526,61.49,34612
2018-05-08,61.46,61.35,60.75,61.73,16037
2018-05-09,61.36,61.24,60.29,61.96,22926
2018-05-10,61.6323,60.84,60.4,61.6323,5132
2018-05-13,60.83,60.25,59.97,61.9225,34494
2018-05-14,60.02,60.45,60.02,61.05,20901
2018-05-15,60.46,60.99,60.08,61.32,15743
2018-05-16,60.81,61.61,60.515,61.85,20539
2018-05-17,61.95,61.96,61.425,62.5,30205
2018-05-20,62.03,62.28,61.3702,62.59,27645
2018-05-21,62.27,62.54,62.27,63.11,16751
2018-05-22,62.51,62.13,61.74,63.0841,14461
2018-05-23,62.11,61.92,61.33,62.11,7948
2018-05-24,61.93,62.38,61.93,63,16081
2018-05-28,62.11,61.79,61.09,62.26,22055
2018-05-29,62.08,62.7,61.6,63.14,17032
2018-05-30,62.69,62.51,62.15,63.16,23303
2018-05-31,62.7,62.88,62.35,62.92,18869
2018-06-03,62.87,63.8,62.1407,63.95,20205
2018-06-04,63.63,63.85,63.5,64.36,15352
2018-06-05,64.135,64.23,63.82,64.41,26656
2018-06-06,64.4,64.25,63.83,64.59,9893
2018-06-07,64.3,63.9,63.55,64.3,17074
2018-06-10,64.06,63.23,63.11,64.07,15778
2018-06-11,63.02,63.08,62.62,63.19,33219
2018-06-12,63.21,62.77,62.32,63.21,15475
2018-06-13,62.78,62.64,62.22,62.86,11586
2018-06-14,62.35,63.3,62.21,63.35,51144
2018-06-17,63.04,63.57,62.48,63.6122,16959
2018-06-18,63.2,64.3,63.2,64.72,14001
2018-06-19,64.45,64.67,64.19,64.835,26133
2018-06-20,63.0642,63.9,63.0642,64.835,27896
2018-06-21,64.28,63.9,63.04,64.5826,51939
2018-06-24,63.79,63.54,63.421,64.26,23504
2018-06-25,63.58,63.76,63.52,64.63,24335
2018-06-26,63.74,62.9,62.76,63.84,48336
2018-06-27,63.07,63.97,62.75,64.78,35970
2018-06-28,64.16,67.06,64.16,67.44,89872
2018-07-01,67.06,67.47,65.95,68.5162,43037
2018-07-02,67.78,67.31,66.76,68.525,21874
2018-07-04,67.73,67.88,66.77,68.08,20676
2018-07-05,68,68.01,67.1621,68.16,19974
2018-07-08,68.14,68.48,67.8425,68.75,27779
2018-07-09,68.02,66.31,66.16,68.15,38098
2018-07-10,65.91,66,65.615,66.65,32531
2018-07-11,66.26,65.79,65.1,66.26,15341
2018-07-12,33.1,32.63,32.5,35,88916
2018-07-15,32.62,33.64,32.5,33.787,72309
2018-07-16,33.65,32.45,32.225,33.99,118731
2018-07-17,32.45,32.39,32,32.85,70872
2018-07-18,32.4,32.64,31.98,32.9,51406
2018-07-19,32.63,32.72,32.16,33.01,34931
2018-07-22,32.79,33.27,32.79,33.45,58610
2018-07-23,33.34,32.99,32.77,33.42,38240
2018-07-24,32.99,32.89,32.45,32.99,57282
2018-07-25,32.9,33.27,32.9,33.52,40446
2018-07-26,33.28,32.62,32.53,33.7374,45978
2018-07-29,32.71,32.25,32.21,33.21,42735
2018-07-30,32.42,32.16,31.95,32.9222,58619
2018-07-31,32.29,32.41,31.8,32.47,37940
2018-08-01,32.34,32.42,31.995,32.849,35574
2018-08-02,32.4,31.9,31.81,32.66,27365
2018-08-05,31.9,31.79,31.41,31.91,80612
2018-08-06,31.85,31.7,31.69,32.1,27961
2018-08-07,31.73,32.06,31.43,32.18,29819
2018-08-08,32.07,32.02,31.7,32.364,15852
2018-08-09,31.9,31.84,31.7,32.12,37092
2018-08-12,31.85,31.8,31.71,32.07,35584
2018-08-13,32.07,32.13,31.94,32.37,19958
2018-08-14,32.08,31.69,31.58,32.1999,26373
2018-08-15,31.68,31.86,31.5201,32.14,29287
2018-08-16,31.76,32.18,31.76,32.24,49821
2018-08-19,32.24,32.41,32.08,32.53,43721
2018-08-20,32.52,32.97,32.52,33.34,64361
2018-08-21,33.15,32.78,32.59,33.17,51214
2018-08-22,32.73,32.58,32.38,32.83,32494
2018-08-23,32.56,32.53,32.4301,33.18,92257
2018-08-26,32.6,32.29,32.23,32.92,36655
2018-08-27,32.44,32.11,31.89,32.44,30569
2018-08-28,32.11,31.99,31.9,32.19,61966
2018-08-29,31.78,31.92,31.7,32.17,47035
2018-08-30,31.9,31.99,31.49,32.15,50908
2018-09-03,32,31.9,31.775,32.11,22077
2018-09-04,31.89,31.85,31.74,32.11,85079
2018-09-05,31.86,31.75,31.69,32.09,24915
2018-09-06,31.74,31.71,31.51,31.9,53539
2018-09-09,31.7,31.85,31.7,32.15,28176
2018-09-10,31.85,31.83,31.75,32.125,27433
2018-09-11,31.83,31.39,31.14,31.83,32019
2018-09-12,31.43,31.01,30.91,31.6,51864
2018-09-13,31.02,31.39,31.02,31.72,37523
2018-09-16,31.44,31.19,31.03,31.4573,25311
2018-09-17,31.25,31.01,31.01,31.28,27037
2018-09-18,31,31.11,30.93,31.31,32199
2018-09-19,31.25,31.56,31.25,31.6767,24743
2018-09-20,31.53,31.33,31.2,31.77,155693
2018-09-23,31.33,30.66,30.46,31.68,29975
2018-09-24,30.68,30.52,30.33,31.1,38652
2018-09-25,30.48,30.11,29.98,30.51,41223
2018-09-26,29.95,29.85,29.67,30.1491,51498
2018-09-27,29.76,30.11,29.61,30.56,56255
2018-09-30,30.18,29.56,29.52,31.0944,40539
2018-10-01,29.55,29.28,29.14,29.882,17404
2018-10-02,29.35,29.82,29.01,29.92,23556
2018-10-03,29.81,29.7,29.4729,29.985,30852
2018-10-04,29.79,29.39,29.13,30.18,16258
2018-10-07,29.36,29.58,29.36,30.46,15440
2018-10-08,29.47,29.51,29.23,30.01,47681
2018-10-09,29.5,29.15,29.05,29.9,43412
2018-10-10,29.04,28.18,28.18,29.36,29857
2018-10-11,28.5,26.99,26.2,28.55,71850
2018-10-14,26.95,27.41,26.25,27.79,57817
2018-10-15,28.37,27.96,26.81,28.39,75588
2018-10-16,27.95,28.09,27.37,28.25,42748
2018-10-17,28.1,27.07,26.83,28.1,36744
2018-10-18,26.91,26.83,26.51,27.5716,53068
2018-10-21,26.86,26.29,26.17,26.94,47832
2018-10-22,26.08,26.74,25.53,26.95,45493
2018-10-23,26.75,25.66,25.6,26.8559,63296
2018-10-24,25.84,26.57,25.57,26.83,33432
2018-10-25,26.3,26.29,25.49,26.76,35542
2018-10-28,26.58,26.65,26.36,27.54,170414
2018-10-29,26.64,26.92,25.8386,27.34,33497
2018-10-30,27.07,27.22,27.0005,27.7,60610
2018-10-31,27.28,27.16,26.91,27.36,33226
2018-11-01,27.31,27.3,26.91,27.795,25330
2018-11-04,27.49,27.3,27.19,27.81,50319
2018-11-05,27.31,27.46,27.1145,27.49,20847
2018-11-06,27.47,27.77,27.445,27.85,31092
2018-11-07,27.48,27.71,27.25,27.87,55001
2018-11-08,27.6,27.32,27.24,29.0899,27950
2018-11-11,27.26,27.55,27.02,28.03,51972
2018-11-12,27.62,27.65,27.39,28.31,37480
2018-11-13,27.87,27.1,26.94,28.12,48569
2018-11-14,26.97,27.58,26.97,27.61,40976
2018-11-15,27.46,27.45,26.5401,28.23,87327
2018-11-18,27.34,27.44,26.903,27.8655,31733
2018-11-19,27.27,27.18,27.125,27.505,37755
2018-11-20,27.19,27.21,27.1,27.81,27837
2018-11-22,27.04,27.4,26.8701,28.2,23992
2018-11-25,27.56,27.81,27.0001,27.87,113812
2018-11-26,27.54,27.6,27.46,27.82,36381
2018-11-27,27.47,28.19,27.12,28.33,45212
2018-11-28,28.2,27.82,27.6701,28.72,27292
2018-11-29,27.83,28.18,27.82,28.49,51797
2018-12-02,28.47,28.23,27.06,28.815,37425
2018-12-03,28.07,26.44,26.3363,28.9999,56687
2018-12-05,25.95,26.54,25.75,27.4499,53898
2018-12-06,26.49,26.46,26.15,26.95,57144
2018-12-09,26.43,26.31,25.83,26.95,41720
2018-12-10,26.55,25.86,25.72,26.55,64976
2018-12-11,26.15,26.18,25.75,26.56,73494
2018-12-12,26,25.42,25.27,26.39,53640
2018-12-13,25.19,25.24,25.11,25.865,49347
2018-12-16,25.24,25.19,24.985,25.58,64214
2018-12-17,25.6,25.19,25.01,25.955,64311
2018-12-18,25.09,24.24,24.09,25.4691,49420
2018-12-19,24.25,24.36,23.985,24.675,43224
2018-12-20,24.13,24.08,23.615,24.75,98354
2018-12-23,23.74,23.4,23.4,23.98,23410
2018-12-25,23.44,24.19,23.26,24.38,69250
2018-12-26,23.85,23.89,22.7801,24.5,67000
2018-12-27,23.94,24.47,23.77,24.75,62568
2018-12-30,24.58,24.51,24.19,24.93,46696
2019-01-01,24.12,25.03,24.12,25.17,94313
2019-01-02,24.92,24.84,24.48,25.34,35056
2019-01-03,25.16,25.81,25.16,25.84,47487
2019-01-06,25.76,25.76,25.017,26.11,75443
2019-01-07,25.0001,26.35,25.0001,26.41,65545
2019-01-08,26.34,26.31,26.13,26.73,31672
2019-01-09,26.06,26.37,25.71,26.52,51401
2019-01-10,26.17,26.48,26.17,26.61,36786
2019-01-13,26.27,26.11,26.07,26.69,49554
2019-01-14,26.12,26.29,25.96,26.48,41398
2019-01-15,26.32,26.77,26.32,26.91,40845
2019-01-16,26.67,26.87,26.62,27.17,57521
2019-01-17,26.84,27.06,26.775,27.42,72619
2019-01-21,27.05,27.95,27,28.57,87655
2019-01-22,27.97,28.41,27.97,28.6625,61003
2019-01-23,28.42,28.58,28.42,28.99,54964
2019-01-24,28.91,28.46,28.345,29.15,75304
2019-01-27,28.46,28.15,28.09,28.46,68856
2019-01-28,28.26,28.07,27.96,28.325,91005
2019-01-29,28.06,28.08,27.92,28.22,50643
2019-01-30,27.89,28.18,27.76,28.2,54993
2019-01-31,28.24,28.4,28.24,28.4663,34719
2019-02-03,28.48,28.57,28.24,28.64,126778
2019-02-04,28.72,28.78,28.48,28.98,49656
2019-02-05,28.64,28.93,28.64,29.05,36656
2019-02-06,28.93,29.15,28.87,29.28,55047
2019-02-07,29.09,29.39,28.88,29.58,60180
2019-02-10,29.4,29.24,28.92,29.4,52056
2019-02-11,29.31,29.51,29.0981,29.57,27315
2019-02-12,29.4,29.68,29.4,29.815,50548
2019-02-13,29.33,29.33,29.1064,29.5,43280
2019-02-14,29.48,30.25,29.48,30.57,76357
2019-02-18,30.01,30.41,29.63,30.96,131536
2019-02-19,30.4,30.76,30.27,30.895,51174
2019-02-20,30.75,30.78,30.19,30.85,53785
2019-02-21,30.8,30.99,30.79,31.08,64523
2019-02-24,31.09,31.04,31.04,31.3,80219
2019-02-25,31.01,30.77,30.7,31.19,60181
2019-02-26,30.8,30.95,30.54,31.04,57499
2019-02-27,30.8,30.94,30.8,31,91647
2019-02-28,31.13,31.1,30.64,31.14,73336
2019-03-03,31.07,31.15,30.94,31.21,117192
2019-03-04,31.03,30.93,30.42,31.03,197892
2019-03-05,30.99,30.07,30.01,31.1,54007
2019-03-06,30.04,29.68,29.485,30.04,58755
2019-03-07,29.49,29.95,29.16,30.02,53262
2019-03-10,29.96,30.74,29.95,30.84,64034
2019-03-11,30.83,30.69,30.42,30.93,55617
2019-03-12,30.57,30.9,30.57,31.1,42627
2019-03-13,30.7727,30.68,30.47,31.01,21936
2019-03-14,30.69,30.37,30.22,30.895,167825
2019-03-17,30.38,30.52,30.38,30.87,37848
2019-03-18,30.64,29.77,29.7,30.64,26866
2019-03-19,29.64,29.25,29.17,29.99,47452
2019-03-20,29.14,29.02,28.9,29.71,42587
2019-03-21,28.79,27.82,27.58,28.89,62153
2019-03-24,27.72,28.25,27.6,28.38,40405
2019-03-25,28.35,28.93,28.35,28.98,33734
2019-03-26,28.98,29.16,28.61,29.26,34091
2019-03-27,29.13,29.2,28.79,29.3,34417
2019-03-28,29.29,28.74,28.6,29.31,89292
2019-03-31,28.92,29.28,28.87,29.3,32894
2019-04-01,29.25,28.9,28.9,29.3381,25791
2019-04-02,29.08,28.79,28.57,29.08,134454
2019-04-03,28.8,29.13,28.6,29.23,33927
2019-04-04,29.14,29.48,27.83,29.48,21825
2019-04-07,29.28,29.3,29.205,29.59,24997
2019-04-08,29.29,28.92,28.9,29.31,30712
2019-04-09,28.86,29.38,28.8201,29.42,34355
2019-04-10,29.5,29.44,29.39,29.64,22411
2019-04-11,29.66,29.47,29.11,29.75,33302
2019-04-14,29.44,29.14,28.94,29.9549,25336
2019-04-15,29.22,29.35,29.17,29.5,26267
2019-04-16,29.27,29.19,29.045,29.32,23795
2019-04-17,29.11,28.9,28.73,29.24,32981
2019-04-21,28.9,28.25,28.08,29.1756,22811
2019-04-22,28.16,29.87,28.16,30.03,71274
2019-04-23,29.99,29.63,29.58,30.25,56931
2019-04-24,29.44,29.41,29.15,29.61,37252
2019-04-25,29.4,29.84,29.15,29.86,29120
2019-04-28,29.96,29.94,29.1582,30.06,24823
2019-04-29,29.95,29.51,29.34,29.95,59551
2019-04-30,29.44,29.41,29.25,29.73,50377
2019-05-01,29.41,29.66,29.33,29.84,45304
2019-05-02,29.85,30.29,29.535,30.34,37732
2019-05-05,29.9,30.34,29.7776,30.44,22498
2019-05-06,30.09,29.97,29.6437,30.09,31522
2019-05-07,29.74,29.9,29.74,30.3,32891
2019-05-08,29.77,30.05,29.585,30.205,38012
2019-05-09,29.98,30.18,29.76,30.24,40930
2019-05-12,29.78,29.14,29,29.78,36092
2019-05-13,29.2,29.45,29.0866,29.64,26734
2019-05-14,29.16,29.1,28.85,29.2453,40619
2019-05-15,29.02,29,28.89,29.16,22499
2019-05-16,28.76,28.61,28.47,29.06,29685
2019-05-19,28.44,28.74,28.44,29.06,26799
2019-05-20,29.2,28.85,28.61,29.2,84149
2019-05-21,28.89,28.38,28.28,28.89,26520
2019-05-22,28.11,27.67,27.39,28.11,30365
2019-05-23,27.97,28.25,27.885,28.6,36021
2019-05-27,28.25,27.94,27.89,28.37,38914
2019-05-28,27.6,27.84,27.56,28.05,39764
2019-05-29,27.88,27.39,27.03,27.88,36802
2019-05-30,26.97,27.1,26.59,27.615,44881
2019-06-02,27.02,27.33,26.75,27.47,50380
2019-06-03,27.6,28.14,27.4,28.2,48429
2019-06-04,28.11,27.84,27.67,28.11,39512
2019-06-05,27.78,27.63,27.3,27.8,23606
2019-06-06,27.55,27.42,27.37,27.7,16787
2019-06-09,27.52,27.66,26.97,27.94,18669
2019-06-10,27.86,27.89,27.503,27.98,59576
2019-06-11,27.65,27.68,27.58,27.91,38751
2019-06-12,27.75,27.62,27.53,28.01,40723
2019-06-13,27.46,27.7,27.38,27.84,48081
2019-06-16,27.75,27.36,27.26,27.75,39724
2019-06-17,27.39,27.69,27.2,27.845,37686
2019-06-18,27.55,27.56,27.38,27.83,41655
2019-06-19,27.71,27.3,27.04,27.71,46449
2019-06-20,27.1,26.87,26.83,27.31,105729
2019-06-23,26.92,27.15,26.92,27.34,69900
2019-06-24,27.2,27.4,26.93,27.59,105942
2019-06-25,27.4,27.2,27.1,27.68,40605
2019-06-26,27.24,27.97,27.21,28,66202
2019-06-27,28.08,28.57,28.06,28.88,177607
2019-06-30,28.66,28.54,28.47,28.79,65757
2019-07-01,28.4253,28.35,28.2424,28.66,64804
2019-07-02,28.37,28.37,28.22,28.465,16969
2019-07-04,28.37,28.45,28.06,28.53,34637
2019-07-07,28.27,27.96,27.8,28.39,40197
2019-07-08,27.84,28.09,27.58,28.16,105557
2019-07-09,28.02,27.6,27.55,28.395,40184
2019-07-10,27.59,27.55,27.41,27.6,53692
2019-07-11,27.61,27.83,27.38,27.91,53246
2019-07-14,27.8,27.45,27.31,27.8,41352
2019-07-15,27.4685,27.43,27.43,27.7,35116
2019-07-16,27.35,27.47,27.08,27.67,54481
2019-07-17,27.4,27.49,27.4,27.73,36442
2019-07-18,27.38,27.27,27.25,27.74,31690
2019-07-21,27.23,27.17,26.925,27.51,36778
2019-07-22,27.91,27.37,26.7,27.91,62638
2019-07-23,27.26,28.36,27.09,28.44,66735
2019-07-24,28.34,27.87,27.8,28.53,39065
2019-07-25,28.04,28.5,27.62,28.74,51157
2019-07-28,28.54,28.3,28.1,28.775,38451
2019-07-29,28.05,28.69,28.05,28.85,58828
2019-07-30,28.61,28.72,28.61,29.23,83314
2019-07-31,28.85,28.34,28.32,29.18,66207
2019-08-01,28.11,28.02,27.81,28.35,43006
2019-08-04,27.57,27.21,26.84,27.6244,95087
2019-08-05,27.27,27.45,26.98,27.69,34062
2019-08-06,27.01,27.21,26.5898,27.36,36214
2019-08-07,27.41,27.65,27.38,27.93,38425
2019-08-08,27.61,27.64,27.3765,27.96,47467
2019-08-11,27.51,27.48,27.09,27.57,31324
2019-08-12,27.44,27.64,27.415,28.03,35565
2019-08-13,27.16,26.93,26.43,27.8,43208
2019-08-14,26.83,26.61,26.49,27,22191
2019-08-15,26.77,27.3,26.77,27.33,49976
2019-08-18,27.67,27.26,27.12,27.67,30693
2019-08-19,27.17,26.83,26.83,27.17,96722
2019-08-20,26.89,27.03,26.89,27.24,25269
2019-08-21,27.22,26.84,26.8,27.22,35715
2019-08-22,26.74,25.89,25.8,27.11,51409
2019-08-25,25.97,26.42,25.97,26.43,41825
2019-08-26,26.6,25.7,25.68,26.6,46251
2019-08-27,25.9,26,25.9,26.38,41079
2019-08-28,26.13,26.26,26.13,26.64,30730
2019-08-29,26.37,26.15,25.91,26.37,25849
2019-09-02,26.03,25.7,25.5,26.03,41248
2019-09-03,25.74,25.83,25.74,26.09,60009
2019-09-04,26.22,26.43,26.22,27.12,64820
2019-09-05,26.45,26.32,26.29,26.46,25900
2019-09-08,26,27.23,25.86,27.49,97043
2019-09-09,27.36,27.87,27.16,28,94391
2019-09-10,28.4,27.6,27.52,28.4,164423
2019-09-11,27.62,27.85,27.42,28.05,102303
2019-09-12,27.82,28.55,27.66,28.78,92711
2019-09-15,28.27,28.75,28.27,29.11,56543
2019-09-16,28.47,28.85,28.19,28.9299,59776
2019-09-17,28.65,28.79,28.57,29.07,84980
2019-09-18,28.84,28.67,28.61,29.2,48922
2019-09-19,28.53,28.82,28.53,28.98,131046
2019-09-22,28.56,29.16,28.56,29.3,69733
2019-09-23,29.13,28.81,28.67,29.24,223081
2019-09-24,28.77,29.27,28.77,29.435,54426
2019-09-25,29.21,29.05,29.05,29.3,66678
2019-09-26,29.16,29.05,28.94,29.43,63176
2019-09-29,29.06,28.965,28.96,29.18,71439
2019-09-30,29,28.2,28.15,29.23,75892
2019-10-01,27.89,28.33,27.84,28.355,69171
2019-10-02,28.17,28.05,27.79,28.2887,59204
2019-10-03,28.01,28.31,28.01,28.31,42147
2019-10-06,28.27,28.32,28.2,28.52,47365
2019-10-07,28.1,28.18,27.95,28.31,58266
2019-10-08,28.29,28.04,27.77,28.3,113046
2019-10-09,28.08,27.98,27.97,28.3518,63263
2019-10-10,28.21,28.06,28,28.57,174420
2019-10-13,27.98,28.19,27.98,28.34,76450
2019-10-14,28.33,28.57,28.21,28.78,64320
2019-10-15,28.52,28.72,28.43,28.9,80018
2019-10-16,28.81,28.94,28.62,28.96,57071
2019-10-17,28.94,29.17,28.88,29.2,50512
2019-10-20,29.36,29.58,29.27,29.725,57723
2019-10-21,31.48,30.5,29.74,31.48,118078
2019-10-22,30.74,31.52,30.74,31.605,97934
2019-10-23,31.48,30.98,30.79,31.53,67134
2019-10-24,30.79,30.87,30.79,31.16,52940
2019-10-27,30.84,30.45,30.26,31.19,87160
2019-10-28,30.45,30.91,30.45,30.92,67821
2019-10-29,30.77,30.6,30.21,30.77,122801
2019-10-30,30.53,30.92,30.18,30.96,118535
2019-10-31,31.05,31.53,31.04,31.54,101711
2019-11-03,31.72,31.48,31.33,31.75,83377
2019-11-04,31.56,31.44,31.205,31.83,157805
2019-11-05,31.34,31.4,31.21,31.54,84578
2019-11-06,31.69,31.4,31.24,31.77,55358
2019-11-07,31.27,31.27,31.075,31.43,41789
2019-11-10,31.01,31.17,31.01,31.29,31217
2019-11-11,31.17,31.04,31.02,31.28,58745
2019-11-12,31,30.76,30.61,31.26,75319
2019-11-13,30.53,30.55,30.15,30.675,70733
2019-11-14,30.77,30.55,30.35,30.77,46378
2019-11-17,30.55,30.31,30.09,30.55,30440
2019-11-18,30.35,30.53,30.16,30.58,35764
2019-11-19,30.53,30.36,30.08,30.66,99839
2019-11-20,30.43,30.18,29.9,30.43,67593
2019-11-21,30.37,30.35,30,30.52,75486
2019-11-24,30.46,30.53,30.21,30.61,91897
2019-11-25,30.47,30.44,30.31,30.57,115012
2019-11-26,30.51,30.4,30.2776,30.53,52875
2019-11-28,30.32,30.15,30.09,30.4,28741
2019-12-01,30.16,29.9,29.82,30.29,72470
2019-12-02,29.73,29.68,29.45,29.74,46831
2019-12-03,29.87,29.67,29.53,29.99,72986
2019-12-04,29.85,29.68,29.55,29.87,57214
2019-12-05,29.85,29.79,29.69,29.9675,81030
2019-12-08,29.79,29.79,29.58,29.97,66240
2019-12-09,29.82,30.04,29.74,30.21,97003
2019-12-10,30.05,30.37,29.96,30.52,75394
2019-12-11,30.28,30.54,30.28,30.87,98982
2019-12-12,30.57,30.55,30.09,30.6,57565
2019-12-15,30.62,30.91,30.62,31.01,112570
2019-12-16,30.99,31.2,30.86,31.36,150257
2019-12-17,31.28,31.09,31.01,31.36,90522
2019-12-18,31.04,30.83,30.74,31.05,85549
2019-12-19,30.76,30.87,30.75,31.05,134986
2019-12-22,30.91,30.48,30.38,30.91,70819
2019-12-23,30.51,30.5,30.35,30.55,31508
2019-12-25,30.57,30.7,30.55,30.75,53511
2019-12-26,30.8,30.9,30.68,30.95,99207
2019-12-29,30.98,31.32,30.98,31.39,94685
2019-12-30,31.43,31.49,31.34,32.39,186170
2020-01-01,31.75,31.72,31.515,31.75,137740
2020-01-02,31.48,31.95,31.4,32.05,150658
2020-01-05,31.69,31.37,31.17,31.69,136220
2020-01-06,31.35,30.91,30.7625,31.38,106107
2020-01-07,30.95,31.02,30.685,31.06,103742
2020-01-08,31.16,31.06,30.92,31.2,55531
2020-01-09,31.05,30.77,30.57,31.25,86436
2020-01-12,30.73,30.8,30.59,30.86,70792
2020-01-13,30.82,30.74,30.63,30.99,122976
2020-01-14,30.76,30.86,30.58,30.87,102435
2020-01-15,31.01,31.23,31.01,31.31,68888
2020-01-16,31.45,31.22,31.07,31.45,74905
2020-01-20,31.27,31.7,31.25,31.87,118110
2020-01-21,31.73,31.81,31.44,31.96,90134
2020-01-22,31.88,31.51,31.32,31.88,100090
2020-01-23,31.52,31.21,30.95,31.52,86978
2020-01-26,30.91,31.21,30.91,31.34,88165
2020-01-27,31.37,30.75,30.62,31.37,69233
2020-01-28,30.71,30.08,30.01,30.81,68330
2020-01-29,29.99,30.29,29.8,30.29,100779
2020-01-30,30.24,29.39,29.14,30.24,508772
2020-02-02,29.54,31.05,29.33,31.1,239896
2020-02-03,31.29,29.68,29.6,31.51,224222
2020-02-04,29.94,29.96,29.6,30.11,165686
2020-02-05,29.91,29.01,28.97,30.05,122026
2020-02-06,29.03,28.75,28.68,29.05,103038
2020-02-09,28.39,28.35,28.33,28.88,108277
2020-02-10,28.54,28.36,28.29,28.92,139899
2020-02-11,28.61,28.9,28.27,29.03,151310
2020-02-12,28.63,28.49,28.36,28.88,77026
2020-02-13,28.49,28.14,28.07,28.56,65001
2020-02-17,28.03,27.72,27.64,28.1,76266
2020-02-18,27.92,27.77,27.51,28.05,246906
2020-02-19,27.81,28.13,27.77,28.35,160587
2020-02-20,28.31,28.16,28.02,28.71,161869
2020-02-23,27.57,27.82,27.26,27.83,157762
2020-02-24,27.76,26.18,25.955,27.76,195159
2020-02-25,26.25,25.76,25.75,26.63,128856
2020-02-26,25.37,24.37,24.36,25.68,181662
2020-02-27,23.79,23.915,23.16,24.32,471804
2020-03-01,23.93,25.75,23.78,25.83,219844
2020-03-02,25.61,25.23,24.7401,26.08,229959
2020-03-03,25.56,25.42,24.5708,25.91,271724
2020-03-04,24.81,24.88,24.35,25.36,192113
2020-03-05,24.45,24.54,24.07,25.01,294780
2020-03-08,23.26,21.85,21.84,23.31,211206
2020-03-09,22.45,22.41,21.49,22.51,192936
2020-03-10,22.07,20.92,20.76,22.07,203983
2020-03-11,19.74,18.51,18.45,20.54,279312
2020-03-12,19.66,19.23,17.995,19.98,273578
2020-03-15,17.21,15.71,15.4,17.598,236895
2020-03-16,16.35,15.63,14.765,16.7,266211
2020-03-17,15.01,11.5,10.98,15.01,346155
2020-03-18,11.5,13.46,11.25,13.68,227114
2020-03-19,14.2,12.77,12.57,15.78,410302
2020-03-22,12.4,12.41,11.4275,12.76,232866
2020-03-23,12.24,13.49,12.24,13.9,243173
2020-03-24,13.55,14.2,13.3,14.79,234090
2020-03-25,14.34,15.8,14.1068,15.98,215303
2020-03-26,15.13,14.84,14.78,15.9,232510
2020-03-29,14.82,14.39,14.02,15.18,279702
2020-03-30,14.4,14.74,14.13,15.01,280406
2020-03-31,14.04,13.07,13.01,14.25,168247
2020-04-01,13,13.55,13,13.92,139118
2020-04-02,13.48,12.95,12.56,13.5,223605
2020-04-05,13.53,13.56,13.1676,14.07,194033
2020-04-06,13.99,13.61,13.41,14.66,198704
2020-04-07,13.9,14.66,13.82,15.18,170293
2020-04-08,15.17,16.6,15.17,16.73,275711
2020-04-12,16.41,15.77,15.5,16.41,238366
2020-04-13,16.22,14.9,14.6,16.67,183305
2020-04-14,14.39,14.4,14.06,14.7,241537
2020-04-15,14.4,13.87,13.58,14.65,220494
2020-04-16,14.52,15.08,14.52,15.47,192576
2020-04-19,15,14.61,14.36,15.04,155812
2020-04-20,14.05,14.24,13.89,14.57,142729
2020-04-21,14.53,13.99,13.68,15.4,135022
2020-04-22,14.16,14.33,14.05,15.12,159245
2020-04-23,14.34,14.73,14.29,14.97,107726
2020-04-26,14.73,16.27,14.73,16.55,157901
2020-04-27,17.05,16.97,16.43,17.2239,137355
2020-04-28,16.46,17.83,16.4101,18.33,274103
2020-04-29,17.2,17.38,16.65,17.81,202087
2020-04-30,16.81,17.12,16.6235,17.15,223058
2020-05-03,16.87,16.7,16.24,16.87,252633
2020-05-04,17.11,15.79,15.72,17.26,145618
2020-05-05,15.8,14.98,14.94,15.91,131205
2020-05-06,15.26,15.41,15.21,15.84,133105
2020-05-07,15.87,16.42,15.7,16.495,107230
2020-05-10,16,15.28,15.05,16,204966
2020-05-11,15.26,14.42,14.39,15.37,190452
2020-05-12,14.18,13.99,13.56,14.19,187973
2020-05-13,13.42,13.72,12.79,13.94,120105
2020-05-14,13.61,13.9,13.44,13.91,112366
2020-05-17,14.58,15.97,14.58,16.1,223449
2020-05-18,15.81,15.21,15.2,15.9149,166999
2020-05-19,15.48,16.01,15.41,16.01,229562
2020-05-20,15.99,15.82,15.78,16.23,105578
2020-05-21,16.11,15.67,15.42,16.14,150033
2020-05-25,16.49,16.48,16.085,16.68,252675
2020-05-26,16.97,18.04,16.77,18.21,228806
2020-05-27,18.48,16.95,16.83,18.48,165167
2020-05-28,16.59,16.61,16.22,17.125,312151
2020-05-31,16.71,16.13,16.11,16.955,190781
2020-06-01,16.37,16.64,16.26,16.95,153323
2020-06-02,17.06,17.72,17.06,18.03,105162
2020-06-03,17.52,17.95,17.3447,17.9624,112602
2020-06-04,19.23,20.11,19.23,20.85,367040
2020-06-07,20.5,19.93,19.82,20.83,212986
2020-06-08,19.75,19.65,18.7227,19.97,148126
2020-06-09,19.46,18.31,18.31,19.46,113682
2020-06-10,17.33,17.005,16.51,17.33,169695
2020-06-11,17.87,16.94,16.35,17.98,121661
2020-06-14,16.16,17.7,16.16,18.22,197312
2020-06-15,18.6,18.31,17.71,18.82,118269
2020-06-16,19.48,18.07,17.89,19.48,170744
2020-06-17,17.84,18.39,17.84,18.58,148076
2020-06-18,18.68,18.12,17.71,18.86,904068
