date,open_price,close_price,lowest_price,highest_price,volume
2017-11-06,8.75,9.125,8.625,9.2119,1296468.0
2017-11-07,9.005,8.95,8.755,9.2416,155406
2017-11-08,8.825,9.025,8.825,9.2223,56044
2017-11-09,9.315,9.125,8.95,9.315,38364
2017-11-12,9.185,9.16,9.125,9.2,10034
2017-11-13,9.125,9.07,9.06,9.125,4464
2017-11-14,9.015,9.15,9,9.175,89970
2017-11-15,9.175,9.125,9.065,9.175,17414
2017-11-16,9.1242,9.075,9.075,9.125,34560
2017-11-19,9.075,9.04,9.04,9.075,60736
2017-11-20,9.005,9.13,9.005,9.13,32856
2017-11-21,9.11,9.125,8.985,9.125,56590
2017-11-23,9.125,8.99,8.99,9.125,5108
2017-11-26,9.01,8.95,8.905,9.0116,40158
2017-11-27,8.915,8.985,8.805,8.995,72560
2017-11-28,8.9573,8.79,8.63,8.995,47502
2017-11-29,8.8359,9.195,8.79,9.195,113264
2017-11-30,9.1827,9.175,8.6655,9.2,6132
2017-12-03,9.005,9.015,9.005,9.125,22040
2017-12-04,9.015,8.875,8.75,9.015,8262
2017-12-05,8.84,8.825,8.735,9.0102,19778
2017-12-06,8.85,8.875,8.84,8.875,6138
2017-12-07,8.95,9,8.95,9.05,4138
2017-12-10,9.1,9.595,9.1,9.62,61926
2017-12-11,9.62,10.49,9.28,10.685,69048
2017-12-12,10.4375,10.485,9.9048,10.5,64290
2017-12-13,10.225,10.25,9.655,10.25,44862
2017-12-14,10.205,9.845,9.715,10.305,260604
2017-12-17,9.8,10.055,9.6,10.055,8402
2017-12-18,9.87,10.27,9.75,10.3,9056
2017-12-19,10,10.15,9.875,10.175,24512
2017-12-20,10.0475,10.24,10.0475,10.24,6142
2017-12-21,10.145,10.05,9.815,10.145,4972
2017-12-25,9.575,9.7586,9.575,9.7586,3210
2017-12-26,9.735,9.695,9.6537,9.735,2736
2017-12-27,9.6212,9.53,9.525,10.025,33218
2017-12-28,9.505,9.99,9.505,9.99,2520
2018-01-01,9.605,9.535,9.525,9.975,21186
2018-01-02,9.525,10.19,9.525,10.19,29060
2018-01-03,10.005,9.7922,9.602,10.125,25552
2018-01-04,9.9575,10.22,9.625,10.395,88370
2018-01-07,10.25,10,9.725,10.25,23822
2018-01-08,9.805,9.73,9.73,9.865,8974
2018-01-09,9.725,9.74,9.725,9.8,12766
2018-01-10,9.995,9.925,9.7744,10,33194
2018-01-15,10.12,10,9.8,10.12,2082
2018-01-17,10,10.05,9.8193,10.2085,16004
2018-01-18,10.025,10,9.725,10.0352,31696
2018-01-21,9.9753,9.7564,9.7564,9.9753,2402
2018-01-22,9.67,9.645,9.6415,9.815,6408
2018-01-23,9.74,9.74,9.74,9.74,468
2018-01-24,9.6355,9.63,9.63,9.655,2200
2018-01-25,9.725,9.6,9.2457,9.725,3916
2018-01-28,9.64,8.85,8.7555,9.6982,18218
2018-01-29,8.28,9.1999,8.28,9.2076,38096
2018-01-30,9.335,9.12,9.05,9.34,38868
2018-01-31,9.15,9.165,9.15,9.285,8600
2018-02-01,9.155,9.0786,9.055,9.19,14898
2018-02-04,9.06,8.9549,8.515,9.06,24872
2018-02-05,8.9357,9,8.8751,9.03,27468
2018-02-07,8.8073,8.875,8.8073,8.875,2360
2018-02-08,8.8866,9.01,8.875,9.01,6954
2018-02-11,9.005,8.855,8.855,9.28,7868
2018-02-12,9.28,9,8.305,9.28,4514
2018-02-13,8.5,9.125,8.445,9.125,9756
2018-02-14,9,9,9,9,2440
2018-02-19,8.88,8.99,8.875,8.99,6976
2018-02-20,8.8933,9,8.8933,9,2530
2018-02-21,8.875,8.995,8.875,8.995,2792
2018-02-22,8.875,8.875,8.875,8.9325,6130
2018-02-25,8.9,8.75,8.525,8.9,5708
2018-02-26,8.75,8.95,8.5295,8.985,5600
2018-02-27,8.95,9.195,8.93,9.195,19278
2018-02-28,9.12,9.2,9.12,9.2,1712
2018-03-01,8.71,8.78,8.5051,9.15,8788
2018-03-04,8.7578,8.72,8.52,9,59226
2018-03-05,8.725,8.565,8.565,8.75,34040
2018-03-06,8.72,8.555,8.555,8.725,8118
2018-03-07,8.75,8.725,8.592,8.75,6944
2018-03-08,8.745,8.745,8.745,8.75,6316
2018-03-11,8.74,8.725,8.69,8.75,5368
2018-03-12,9.16,8.6475,8.51,9.16,14280
2018-03-13,8.675,8.705,8.665,8.75,42284
2018-03-14,8.735,8.89,8.585,9.195,16430
2018-03-15,8.63,8.785,8.6,9.1773,25310
2018-03-18,8.64,8.675,8.6255,8.88,14910
2018-03-19,8.9,8.9,8.9,8.975,32194
2018-03-20,8.76,8.735,8.735,8.995,5288
2018-03-21,8.75,8.75,8.75,8.75,1364
2018-03-22,9.015,9.015,9.015,9.015,450
2018-03-25,8.97,9.025,8.76,9.05,19512
2018-03-26,9.025,9.05,9.025,9.05,3834
2018-03-27,9.035,8.8136,8.8136,9.495,24020
2018-04-01,8.8,8.75,8.75,8.8,3248
2018-04-02,8.75,8.57,8.57,8.8,2714
2018-04-03,8.68,8.6,8.575,8.88,344618
2018-04-04,8.75,8.995,8.75,8.995,7050
2018-04-05,9.0204,9.125,8.925,9.125,8046
2018-04-08,9.0001,9.12,9.0001,9.44,4690
2018-04-09,9.345,9.095,8.9275,9.415,11266
2018-04-10,8.775,9,8.755,9.005,3236
2018-04-11,8.845,8.85,8.6901,8.85,1362
2018-04-12,9.395,8.928,8.8305,9.415,23284
2018-04-15,8.88,8.83,8.83,9,9654
2018-04-16,9,9,9,9,1698
2018-04-17,8.785,8.76,8.76,8.9915,31044
2018-04-18,8.6798,8.6798,8.6798,8.6798,1132
2018-04-19,8.775,8.805,8.7487,8.81,3744
2018-04-23,8.737,8.75,8.7302,8.795,90430
2018-04-24,8.72,8.75,8.6845,8.75,9160
2018-04-25,8.63,8.63,8.63,8.63,484
2018-04-26,8.75,8.678,8.678,8.75,1844
2018-04-29,8.57,8.5601,8.5601,8.625,6170
2018-04-30,8.68,8.675,8.675,8.86,10638
2018-05-01,8.95,8.825,8.815,8.9545,13608
2018-05-02,8.765,8.705,8.705,8.7813,11648
2018-05-03,8.75,8.75,8.75,8.75,1176
2018-05-06,8.7213,8.7244,8.7065,8.75,15952
2018-05-07,8.75,8.75,8.635,8.75,43134
2018-05-08,8.745,8.94,8.745,8.995,3316
2018-05-09,9,8.7749,8.7749,9,6496
2018-05-13,8.6523,8.705,8.6523,8.9739,1902
2018-05-14,8.64,8.72,8.64,8.72,2334
2018-05-15,8.895,8.7,8.7,8.9,1368
2018-05-16,8.8,8.8,8.8,8.8,340
2018-05-17,8.7,8.7435,8.7,8.7435,2966
2018-05-21,8.875,8.755,8.755,8.875,1010
2018-05-22,8.9,8.9,8.9,8.9,4112
2018-05-23,8.9,8.9,8.9,8.9,1062
2018-05-24,8.945,8.945,8.945,8.945,434
2018-05-28,8.95,8.945,8.9,8.95,5176
2018-05-29,8.9,8.9,8.9,8.9,3434
2018-05-30,8.7245,8.9,8.7235,8.905,3462
2018-05-31,8.9,8.995,8.8263,8.995,47110
2018-06-03,8.995,9,8.995,9,17688
2018-06-04,8.925,8.91,8.91,8.995,1726
2018-06-05,8.9021,8.9,8.9,8.9021,2514
2018-06-06,8.905,8.995,8.9,8.995,1578
2018-06-07,9,8.905,8.905,9.04,6834
2018-06-10,9,8.995,8.902,9,7058
2018-06-11,9,9,9,9.045,19476
2018-06-12,9.01,9.04,8.9875,9.045,30084
2018-06-13,9.045,8.8817,8.8817,9.045,18234
2018-06-14,9.04,9.15,8.93,9.15,6010
2018-06-17,9.13,9.05,8.9325,9.135,2298
2018-06-18,9.05,9,9,9.05,3970
2018-06-19,9.04,9.045,8.9345,9.05,3494
2018-06-20,9.05,9.05,9.05,9.05,370
2018-06-21,9.005,9.005,9.005,9.005,6914
2018-06-24,8.9033,9.04,8.9033,9.04,1126
2018-06-26,8.904,9.1,8.904,9.1,1612
2018-06-27,8.9191,8.8751,8.8751,8.9191,4368
2018-06-28,8.875,9.095,8.875,9.095,2150
2018-07-01,8.88,8.825,8.75,8.88,22478
2018-07-04,8.78,9.08,8.75,9.08,2754
2018-07-05,8.7711,9.07,8.7711,9.1,7054
2018-07-08,8.935,8.875,8.8723,8.995,35736
2018-07-09,9.085,8.775,8.775,9.085,17828
2018-07-10,8.775,8.955,8.76,8.955,1626
2018-07-16,8.765,8.875,8.755,8.93,1936
2018-07-17,8.775,8.925,8.775,8.925,2078
2018-07-18,8.775,8.775,8.775,8.775,894
2018-07-19,8.765,8.765,8.765,8.765,1404
2018-07-22,8.95,8.945,8.765,8.95,8788
2018-07-23,8.8,8.775,8.775,8.8,60568
2018-07-24,8.895,8.845,8.845,8.895,904
2018-07-25,8.765,8.85,8.755,8.85,33388
2018-07-29,8.779,8.94,8.779,8.94,3182
2018-07-30,8.7619,8.705,8.7,8.785,168288
2018-08-01,8.7101,8.72,8.7101,8.72,630
2018-08-06,8.715,8.63,8.63,8.7151,4600
2018-08-07,8.745,8.635,8.635,8.745,680
2018-08-08,8.75,8.795,8.75,8.795,634
2018-08-09,8.7112,8.7,8.7,8.7112,2400
2018-08-12,8.697,8.785,8.697,8.785,2348
2018-08-13,8.64,8.665,8.64,8.79,2404
2018-08-14,8.7086,8.75,8.7086,8.75,1784
2018-08-15,8.7,8.7,8.7,8.7435,1876
2018-08-16,8.655,8.655,8.65,8.8049,7634
2018-08-19,8.75,8.66,8.645,8.75,1744
2018-08-20,8.75,8.64,8.64,8.75,1050
2018-08-22,8.635,8.635,8.635,8.635,3314
2018-08-26,8.67,8.675,8.668,8.945,12268
2018-08-27,8.63,8.63,8.63,8.63,714
2018-08-28,8.65,8.63,8.63,8.65,622
2018-08-29,8.65,8.65,8.65,8.65,50260
2018-08-30,8.63,8.6,8.6,8.63,22086
2018-09-03,8.6133,8.6,8.555,8.6133,52292
2018-09-04,8.625,8.625,8.625,8.625,790
2018-09-05,8.705,8.7,8.6,8.705,61556
2018-09-06,8.806,8.7,8.7,8.81,5182
2018-09-09,8.7,8.7075,8.7,8.7633,3934
2018-09-10,8.7,8.75,8.7,8.92,18116
2018-09-11,8.75,8.75,8.73,8.8187,9664
2018-09-12,8.7005,8.775,8.7,8.95,16040
2018-09-13,8.7,8.685,8.685,8.83,3708
2018-09-16,8.725,8.635,8.635,8.73,8594
2018-09-17,8.555,8.63,8.555,8.675,21166
2018-09-18,8.625,8.58,8.58,8.625,3614
2018-09-19,8.613,8.625,8.575,8.625,9872
2018-09-20,8.65,9.105,8.605,9.105,40658
2018-09-23,8.875,9.07,8.875,9.07,2106
2018-09-24,8.89,8.925,8.89,8.96,2222
2018-09-26,8.745,8.85,8.675,8.965,8682
2018-09-27,8.83,8.6,8.6,8.83,1682
2018-09-30,8.62,8.62,8.62,8.62,570
2018-10-01,8.575,8.565,8.51,8.615,12456
2018-10-02,8.525,8.73,8.5001,8.73,3406
2018-10-03,8.61,8.605,8.6,8.75,4872
2018-10-04,8.75,8.75,8.75,8.75,426
2018-10-07,8.75,8.75,8.75,8.75,424
2018-10-08,8.75,8.575,8.575,8.75,9346
2018-10-09,8.575,8.615,8.575,8.78,43338
2018-10-10,8.775,8.775,8.775,8.775,482
2018-10-11,8.77,8.77,8.77,8.77,484
2018-10-15,8.625,8.505,8.505,8.625,6828
2018-10-16,8.505,8.575,8.505,8.575,1830
2018-10-17,8.505,8.575,8.505,8.575,2598
2018-10-18,8.5188,8.54,8.505,8.54,4074
2018-10-21,8.505,8.375,8.375,8.575,25984
2018-10-22,8.36,8.36,8.36,8.36,2134
2018-10-24,7.63,8.055,7.63,8.455,8842
2018-10-28,8.275,8.46,8.275,8.4736,2046
2018-10-29,8.475,8.395,8.385,8.6525,12692
2018-10-30,8.6264,8.475,8.4425,8.6264,11784
2018-10-31,8.425,8.83,8.325,8.83,9626
2018-11-01,8.25,8.425,8.25,8.555,11880
2018-11-04,8.41,8.425,8.4,8.486,10820
2018-11-05,8.45,8.45,8.45,8.45,314
2018-11-06,8.475,8.425,8.425,8.475,1362
2018-11-07,8.4,8.425,8.4,8.435,27752
2018-11-11,8.425,8.425,8.425,8.425,600
2018-11-12,8.48,8.475,8.475,8.65,2240
2018-11-13,8.485,8.475,8.475,8.485,984
2018-11-15,8.5,8.5,8.5,8.5,250
2018-11-19,8.475,8.475,8.475,8.5,42620
2018-11-25,8.4592,8.55,8.4592,8.655,4520
2018-11-27,8.425,8.61,8.425,8.625,3526
2018-11-29,8.67,8.35,8.35,8.67,7018
2018-12-02,8.49,8.49,8.49,8.4925,3570
2018-12-05,8.305,8.305,8.305,8.305,574
2018-12-06,8.4,8.375,8.375,8.4169,3978
2018-12-10,8.3779,8.3779,8.3779,8.3779,1162
2018-12-11,8.475,8.475,8.475,8.475,1152
2018-12-12,8.4,8.375,8.375,8.4,1600
2018-12-13,8.461,8.665,8.325,8.665,8386
2018-12-17,8.645,8.645,8.645,8.645,258
2018-12-18,8.3034,8.305,8.3034,8.31,1662
2018-12-19,8.3466,8.135,8.125,8.3466,11146
2018-12-20,8.075,8.475,8.075,8.475,3632
2018-12-23,8.245,8.38,8.245,8.475,15582
2018-12-25,8.305,8.305,8.305,8.305,208
2018-12-26,8.245,8.245,8.245,8.245,1196
2018-12-27,8.26,8.3,8.25,8.375,58076
2018-12-30,8.25,8.585,8.25,8.61,2318
2019-01-01,8.5,8.5,8.5,8.5768,5104
2019-01-03,8.5,8.6097,8.5,8.6097,1594
2019-01-06,8.5,8.5,8.5,8.5,562
2019-01-08,8.6695,8.5975,8.5975,8.6695,2602
2019-01-09,8.6638,8.605,8.605,8.875,7646
2019-01-10,8.5673,8.5538,8.55,8.5673,5928
2019-01-13,8.5619,8.555,8.5547,8.6038,6486
2019-01-14,8.6238,8.6238,8.6238,8.6238,312
2019-01-15,8.555,8.625,8.5,8.7,24924
2019-01-16,8.55,8.55,8.55,8.55,1272
2019-01-17,8.55,8.4,8.4,8.5695,7182
2019-01-21,8.36,8.36,8.36,8.36,370
2019-01-24,8.475,8.4,8.4,8.475,11624
2019-01-27,8.4,8.318,8.25,8.4,4600
2019-01-28,8.3001,8.635,8.3,8.635,1810
2019-01-29,8.5441,8.635,8.5441,8.635,716
2019-01-30,8.4,8.645,8.4,8.645,4342
2019-01-31,8.45,8.45,8.45,8.6,4616
2019-02-03,8.4375,8.695,8.4375,8.695,754
2019-02-04,8.43,8.43,8.43,8.43,656
2019-02-06,8.5,8.5,8.45,8.5,21634
2019-02-07,8.455,8.475,8.455,8.475,1138
2019-02-10,8.38,8.45,8.38,8.4683,2012
2019-02-11,8.27,8.45,8.265,8.45,6404
2019-02-12,8.495,8.63,8.495,8.63,1402
2019-02-13,8.74,8.45,8.45,8.74,2026
2019-02-14,8.5,8.5,8.5,8.5,744
2019-02-19,8.5425,8.55,8.45,8.6,28866
2019-02-20,8.55,8.655,8.55,8.6994,32780
2019-02-21,8.685,8.7352,8.68,8.75,9672
2019-02-24,8.75,8.75,8.68,8.7988,7852
2019-02-25,8.75,8.826,8.45,8.829,43504
2019-02-26,8.75,8.625,8.545,8.8335,59680
2019-02-27,8.75,8.784,8.6075,8.7992,15408
2019-02-28,8.805,8.875,8.805,8.875,2942
2019-03-03,8.875,8.86,8.86,9.04,21566
2019-03-04,8.775,9,8.775,9,3696
2019-03-05,9,9,8.995,9,3722
2019-03-06,8.85,9,8.755,9,5742
2019-03-07,8.875,8.875,8.875,9.06,24036
2019-03-10,8.97,9.0185,8.97,9.125,15162
2019-03-11,9,9.07,9,9.07,2104
2019-03-13,9.07,9.12,9,9.12,24794
2019-03-14,9.12,9.25,9.12,9.25,8978
2019-03-17,9.435,9.39,9.2444,9.44,6032
2019-03-18,9.11,9.1,9.1,9.11,522
2019-03-19,9.0705,8.875,8.875,9.1,12058
2019-03-20,8.8986,8.63,8.55,8.925,17558
2019-03-21,8.8,8.89,8.765,9.04,7842
2019-03-24,8.5401,8.975,8.5401,8.98,10334
2019-03-25,8.9787,8.9787,8.9787,8.9787,2674
2019-03-26,8.955,9.21,8.95,9.21,5458
2019-03-27,9.175,8.6325,8.6325,9.175,157004
2019-03-28,8.82,9.02,8.82,9.175,2164
2019-03-31,9.02,9.1198,9.02,9.21,15130
2019-04-01,9.025,8.755,8.695,9.2097,107614
2019-04-02,8.905,9.005,8.905,9.12,7440
2019-04-03,9.015,9.12,9.005,9.12,16876
2019-04-04,9,9,9,9.165,17440
2019-04-07,8.94,8.94,8.905,8.94,2152
2019-04-09,8.94,8.89,8.89,8.94,912
2019-04-14,8.834,8.7,8.7,8.834,33236
2019-04-15,8.7698,8.9,8.75,8.9375,35144
2019-04-16,8.9,8.9,8.9,9,9824
2019-04-17,8.92,8.885,8.795,8.92,3516
2019-04-22,8.775,8.775,8.775,8.775,14874
2019-04-23,8.7,8.71,8.62,8.71,1128
2019-04-24,8.7,8.7435,8.7,8.7935,9210
2019-04-28,8.735,8.785,8.735,8.785,4096
2019-04-29,8.845,8.845,8.845,8.845,300
2019-04-30,8.82,8.8438,8.8,8.864,1200
2019-05-01,8.85,8.75,8.75,8.85,7212
2019-05-02,8.8,8.8,8.8,8.8,410
2019-05-05,9,8.765,8.765,9,2302
2019-05-07,8.875,8.875,8.875,8.875,382
2019-05-08,8.9243,8.9243,8.9243,8.9243,422
2019-05-09,8.75,8.8,8.75,8.825,2966
2019-05-12,8.915,8.75,8.75,8.915,10594
2019-05-13,9,9,9,9,234
2019-05-15,8.5903,8.5,8.28,8.5903,15210
2019-05-16,8.415,8.415,8.415,8.415,362
2019-05-19,8.4444,8.45,8.415,8.45,2618
2019-05-20,8.425,8.475,8.4225,8.4923,47852
2019-05-22,8.475,8.435,8.435,8.475,2118
2019-05-23,8.475,8.46,8.46,8.625,914
2019-05-27,8.45,8.505,8.45,8.6345,20732
2019-05-28,8.28,8.365,8.28,8.595,11618
2019-05-29,8.6,8.69,8.6,8.69,752
2019-05-30,8.5863,8.505,8.505,8.5863,774
2019-06-02,8.53,8.695,8.5,8.695,12434
2019-06-03,8.5,8.5,8.5,8.5131,2644
2019-06-04,8.505,8.5,8.5,8.505,2448
2019-06-05,8.5,8.5,8.5,8.5,998
2019-06-06,8.305,8.3648,8.305,8.3648,2808
2019-06-09,8.415,8.645,8.415,8.645,1146
2019-06-11,8.5,8.5,8.5,8.5,2394
2019-06-12,8.4576,8.3818,8.3818,8.4576,2112
2019-06-16,8.385,8.385,8.385,8.385,570
2019-06-17,8.38,8.4425,8.38,8.4618,8134
2019-06-18,8.5,8.475,8.475,8.5,2200
2019-06-20,8.5,8.5,8.5,8.5,282
2019-06-24,8.495,8.495,8.495,8.495,302
2019-06-25,8.415,8.415,8.415,8.415,1186
2019-06-26,8.5,8.405,8.405,8.5,6032
2019-06-27,8.4532,8.45,8.4,8.4532,15194
2019-07-01,8.535,8.475,8.475,8.535,1516
2019-07-04,8.45,8.45,8.45,8.45,892
2019-07-07,8.5,8.49,8.4469,8.5,1830
2019-07-08,8.4987,8.4681,8.4681,8.5,3226
2019-07-09,8.4987,8.455,8.455,8.5,8214
2019-07-10,8.4759,8.5,8.4759,8.5,5590
2019-07-11,8.3851,8.4,8.3,8.495,80472
2019-07-14,8.725,8.725,8.725,8.725,202
2019-07-15,8.5,8.5,8.495,8.5,2670
2019-07-16,8.625,8.625,8.625,8.625,900
2019-07-18,8.45,8.45,8.45,8.45,964
2019-07-23,8.48,8.48,8.48,8.48,200
2019-07-24,8.55,8.55,8.55,8.55,242
2019-07-25,8.515,8.515,8.515,8.515,384
2019-07-28,8.535,8.535,8.535,8.535,1644
2019-07-29,8.69,8.745,8.575,8.75,8684
2019-07-30,8.605,8.525,8.525,8.9,8864
2019-07-31,8.75,8.525,8.525,8.895,16334
2019-08-01,8.605,8.5,8.46,8.775,113194
2019-08-04,8.485,8.565,8.48,8.605,8562
2019-08-05,8.48,8.71,8.48,8.715,8552
2019-08-06,8.715,8.75,8.715,8.865,2788
2019-08-07,8.75,8.95,8.75,8.965,3916
2019-08-08,8.925,8.915,8.865,8.942,4880
2019-08-11,8.715,8.85,8.6637,8.92,21736
2019-08-12,8.89,8.95,8.855,9,123026
2019-08-13,8.87,8.85,8.6585,9.007,42336
2019-08-14,8.975,8.965,8.935,8.9776,4996
2019-08-15,8.965,8.965,8.965,8.965,2206
2019-08-18,9.035,9.05,8.7877,9.05,33118
2019-08-19,9.064,9.064,9.064,9.064,744
2019-08-20,9.05,8.9454,8.9454,9.05,5502
2019-08-21,8.8,8.925,8.795,8.925,12846
2019-08-22,8.69,8.9466,8.64,8.9466,6548
2019-08-26,8.715,8.875,8.68,8.99,38446
2019-08-27,8.84,8.77,8.77,8.84,3200
2019-08-28,8.785,8.775,8.77,8.785,4038
2019-09-02,8.9466,8.9466,8.9466,8.9466,2290
2019-09-03,8.76,8.825,8.735,8.825,96522
2019-09-04,8.773,8.785,8.75,8.8625,9778
2019-09-05,8.785,8.9,8.785,8.9,14780
2019-09-08,8.76,8.895,8.76,8.925,14818
2019-09-10,8.77,8.755,8.75,8.77,11740
2019-09-11,8.775,9.09,8.77,9.09,18578
2019-09-12,9,9,8.915,9,6250
2019-09-15,8.85,8.865,8.85,8.95,2382
2019-09-16,8.9067,8.87,8.87,8.9067,2656
2019-09-17,8.845,8.91,8.845,8.95,3192
2019-09-18,8.865,8.8773,8.865,8.8773,3136
2019-09-19,8.8,8.875,8.775,8.875,13420
2019-09-22,8.79,8.8,8.775,8.92,12264
2019-09-23,9.0463,8.9125,8.8933,9.0463,9558
2019-09-24,8.83,8.74,8.74,8.83,5328
2019-09-25,8.7604,8.755,8.755,8.7604,12308
2019-09-26,8.9983,8.78,8.78,8.9983,936
2019-09-29,8.68,8.875,8.68,8.9577,7196
2019-10-01,8.725,8.725,8.725,8.725,1912
2019-10-02,8.7,8.7,8.7,8.7249,2366
2019-10-03,8.745,8.8771,8.745,8.8771,1204
2019-10-06,8.7134,8.67,8.67,8.875,5168
2019-10-07,8.7201,8.825,8.7201,8.825,35670
2019-10-08,8.7893,8.77,8.7,8.7893,8040
2019-10-09,8.725,8.705,8.705,8.745,3232
2019-10-10,8.965,8.7828,8.7828,8.965,916
2019-10-13,8.7574,8.7574,8.7574,8.7574,554
2019-10-15,8.755,8.755,8.755,8.755,1552
2019-10-16,8.755,8.755,8.75,8.755,3948
2019-10-20,8.75,8.75,8.75,8.75,1362
2019-10-21,8.755,8.74,8.7225,8.755,10594
2019-10-22,8.725,8.8138,8.725,8.8138,1600
2019-10-24,8.95,8.8875,8.8675,8.95,33702
2019-10-27,8.815,8.76,8.76,8.815,1036
2019-10-28,8.76,8.76,8.76,8.76,538
2019-10-30,8.8808,8.925,8.88,8.925,7076
2019-10-31,8.875,8.965,8.875,8.965,2702
2019-11-04,8.8264,8.82,8.82,8.8264,1630
2019-11-05,8.96,8.8895,8.8895,8.965,1704
2019-11-06,8.9987,9.025,8.995,9.025,5628
2019-11-07,9.05,9.09,9.05,9.09,502
2019-11-10,9.0432,9.375,9.0432,9.375,11728
2019-11-12,9.3644,9.445,9.2562,9.445,7244
2019-11-14,9.3519,9.3519,9.3519,9.3519,486
2019-11-17,9.35,9.475,9.35,9.475,2662
2019-11-19,9.415,9.19,9.19,9.415,2572
2019-11-20,9.445,9.445,9.445,9.625,1872
2019-11-21,9.2767,9.2225,9.2225,9.2767,940
2019-11-24,9.6076,9.605,9.605,9.62,2344
2019-11-25,9.605,9.5292,9.5292,9.6105,3938
2019-12-03,9.575,9.5,9.45,9.65,19088
2019-12-05,9.5,9.505,9.5,9.62,2296
2019-12-08,9.29,9.695,9.29,9.695,7336
2019-12-09,9.46,9.83,9.42,9.83,4974
2019-12-10,9.555,9.845,9.555,9.845,5394
2019-12-11,9.625,9.995,9.58,9.995,8328
2019-12-12,9.8172,9.875,9.63,9.89,6624
2019-12-15,9.81,9.76,9.73,10.32,10684
2019-12-16,9.625,9.85,9.5,10.25,115046
2019-12-17,9.9781,10,9.9781,10.385,3160
2019-12-18,10.125,9.78,9.78,10.125,181480
2019-12-19,9.85,9.58,9.58,9.95,201414
2019-12-22,9.625,9.895,9.57,9.895,35752
2019-12-23,9.89,9.7075,9.7075,9.89,1252
2019-12-25,9.865,9.915,9.7422,9.94,7160
2019-12-26,9.8923,9.875,9.875,9.8923,3178
2019-12-29,9.875,9.85,9.85,9.94,43384
2019-12-30,9.9,10.095,9.875,10.095,38848
2020-01-01,10.095,9.975,9.955,10.095,12530
2020-01-02,9.6072,9.77,9.6072,9.875,3042
2020-01-05,9.77,9.8,9.7,9.8875,66676
2020-01-06,9.95,9.95,9.915,10,15330
2020-01-07,9.945,9.95,9.8269,9.95,2486
2020-01-08,9.855,9.9,9.845,9.9,3424
2020-01-12,9.7718,9.8166,9.7718,9.8166,936
2020-01-13,9.8516,10.025,9.75,10.15,80582
2020-01-14,10.12,10.02,10,10.14,25614
2020-01-15,10.02,10.195,10,10.195,71328
2020-01-16,10.195,10.185,10.14,10.25,6162
2020-01-20,9.935,10.3,9.935,10.335,3528
2020-01-21,10.21,10.035,10.015,10.405,6284
2020-01-22,10.045,10.045,10.045,10.045,2504
2020-01-23,10.055,9.89,9.89,10.118,10650
2020-01-26,9.875,9.875,9.875,10.305,26562
2020-01-27,9.9925,9.9,9.875,9.9925,9392
2020-01-28,10.1638,9.88,9.88,10.233,15056
2020-01-29,10.3798,9.985,9.95,10.3798,3386
2020-01-30,9.985,10.03,9.985,10.375,14332
2020-02-02,10.175,10.325,10.175,10.33,5466
2020-02-03,10.375,10.445,10.3548,10.445,5456
2020-02-04,10.445,10.21,10.21,10.445,6436
2020-02-05,10.285,10.245,10.065,10.285,5614
2020-02-06,10.205,10.135,10.13,10.2922,7996
2020-02-09,10.04,10.27,10.04,10.285,7930
2020-02-11,10.3,10.3,10.1691,10.3,3914
2020-02-12,10.13,10.3,10.125,10.3,5010
2020-02-17,10.295,10.295,10.135,10.325,4920
2020-02-18,10.165,10.065,10.03,10.25,5782
2020-02-20,10.025,10.025,10.025,10.145,4316
2020-02-23,10.1075,10.0725,10.0073,10.11,3120
2020-02-24,10.23,10,9.875,10.23,37982
2020-02-25,10.055,9.975,9.95,10.065,2224
2020-02-26,9.8425,9.915,9.8425,9.975,9450
2020-02-27,9.7522,9.875,9.7522,9.95,12820
2020-03-01,9.955,10,9.95,10.1125,16570
2020-03-02,9.9056,9.9825,9.87,9.9825,61434
2020-03-03,9.9975,9.95,9.816,10.2,7248
2020-03-05,9.995,9.705,9.7,10,86062
2020-03-08,9.7,9.3,9.25,9.7,573080
2020-03-09,9.1708,9.16,9.11,9.2735,32006
2020-03-10,9.125,8.55,8.065,9.125,22164
2020-03-11,8.55,8.01,7.735,8.55,6052
2020-03-12,8.25,8.015,8,8.4675,27688
2020-03-15,8.398,7.59,7.47,8.398,12562
2020-03-16,7.055,7.165,6.735,7.535,63436
2020-03-17,7.4111,6.8,6.505,7.785,8536
2020-03-18,6.455,6.3,6.245,7.105,19112
2020-03-19,6.145,6.34,6.145,6.76,2050
2020-03-22,6,6.42,5.875,6.42,4296
2020-03-23,6.9,6.56,6.555,6.9,4854
2020-03-24,6.075,6.7,5.34,6.9,36250
2020-03-25,6.9,7.2325,6.9,7.75,11678
2020-03-26,7.087,6.74,6.5,7.09,26932
2020-03-29,6.3913,6.25,6.205,6.65,36148
2020-03-30,6.61,6.84,6.61,6.87,5696
2020-03-31,6.375,6.74,6.375,6.745,2444
2020-04-01,6.625,6.3,6.0108,6.6975,60810
2020-04-02,6.245,6.2,5.9503,6.5993,26564
2020-04-05,5.905,6.405,5.755,6.425,10364
2020-04-06,6.5,6.415,6.075,6.7,10216
2020-04-07,6.4465,6.575,6.4,6.575,3684
2020-04-08,6.625,7,6.52,7.225,79890
2020-04-12,7,6.895,6.5,7,7384
2020-04-13,6.9653,6.95,6.94,6.9653,1816
2020-04-14,6.94,6.32,6.2,6.94,6352
2020-04-15,6.49,5.92,5.92,6.54,13940
2020-04-16,6.725,6.035,6.035,6.73,41194
2020-04-19,6.35,6.3125,6.205,6.475,11122
2020-04-20,6.375,6.37,6.165,6.375,10986
2020-04-21,6.625,6.475,6.325,6.795,34436
2020-04-22,6.295,6.415,6.295,6.415,8380
2020-04-23,6.42,6.205,6.205,6.6638,18262
2020-04-26,6.14,6.62,6.14,6.62,14980
2020-04-27,6.91,6.805,6.805,8.8,21252
2020-04-28,7.5134,7.4,7.11,7.5134,5500
2020-04-29,7.2,7.325,7.2,7.405,11130
2020-04-30,7.25,6.9876,6.605,7.615,13970
2020-05-03,7.21,7.45,7.21,7.47,3074
2020-05-04,7.305,7.75,7.2,7.75,15582
2020-05-05,8.15,8.05,7.9325,8.5,23944
2020-05-06,8.525,8.475,8.445,8.6,5768
2020-05-07,8.585,8.475,8.38,8.605,13828
2020-05-10,8.13,8.05,7.8139,8.5,12304
2020-05-11,8.495,8,8,8.495,8718
2020-05-12,8.2125,8.345,8.145,8.345,2152
2020-05-13,7.9375,7.825,7.825,8.3,28354
2020-05-14,8,8.24,7.8,8.24,5090
2020-05-17,8.285,8.2345,7.8925,8.3354,25754
2020-05-18,8.08,8.2375,8.075,8.2375,94304
2020-05-19,8.27,8.25,8.175,8.285,10356
2020-05-20,7.875,7.89,7.875,8.225,28248
2020-05-21,7.9,7.9,7.65,8.0275,13596
2020-05-25,7.925,8.295,7.5439,8.3,13036
2020-05-26,8.055,8.065,7.81,8.25,10268
2020-05-28,7.625,7.595,7.5,7.915,31062
2020-05-31,7.61,7.41,7.28,7.96,29858
2020-06-01,7.41,7.3975,7.1,7.595,29406
2020-06-02,7.4,7.825,7.3025,8.25,28292
2020-06-03,7.6,7.75,7.6,8,41144
2020-06-04,7.99,8.06,7.34,8.065,44066
2020-06-07,8.105,8.7,7.925,8.745,51306
2020-06-08,8.425,8.6,8.1375,8.675,42742
2020-06-09,8.24,8.57,8.2385,8.67,34444
2020-06-10,8.35,8.125,8.125,8.35,21158
2020-06-11,8.415,8.155,8.155,8.5,55104
2020-06-14,8.25,8.45,8.195,8.5825,31050
2020-06-15,8.6,8.54,8.425,8.6,39430
2020-06-16,8.45,8.5,8.45,8.55,18986
2020-06-17,8.455,8.5,7.69,8.625,91462
2020-06-18,8.285,8.45,8.285,8.5,54498
2020-06-21,8.5575,8.5,8.24,8.615,69124
2020-06-22,8.5,8.5,8.44,8.525,69666
2020-06-23,8.5,8.475,8.45,8.5,80420
2020-06-24,8.5,8.45,8.325,8.5,122768
2020-06-25,8.41,8.225,7.505,8.975,1281496.0
2020-06-28,8.45,8.3,7.845,8.45,56782
2020-06-29,7.9075,7.925,7.845,8.3775,48762
2020-06-30,7.925,7.69,7.69,8.09,6472
2020-07-01,7.775,7.75,7.71,8.045,20930
2020-07-05,7.785,7.855,7.77,7.855,5338
2020-07-06,7.7101,7.165,7.0812,7.8546,51660
2020-07-07,7.265,6.94,6.76,7.265,61470
2020-07-08,6.85,6.375,6.35,6.85,58344
2020-07-09,6.36,6.945,6.36,6.9525,25468
2020-07-12,6.93,6.885,6.519,6.93,6076
2020-07-13,6.88,6.93,6.565,6.93,33988
2020-07-14,7.05,7.27,6.5505,7.59,54154
2020-07-15,6.955,7.035,6.945,7.25,8080
2020-07-16,6.94,7.265,6.94,7.265,4482
2020-07-19,7.3,7.29,7.29,7.615,6340
2020-07-20,7.2921,7.445,7.22,7.46,5534
2020-07-21,7.445,7.215,7.215,7.445,5074
2020-07-22,7.45,7.275,7.06,7.5177,17488
2020-07-23,7,7.01,6.99,7.245,30402
2020-07-26,7.12,7.005,6.825,7.145,54866
2020-07-27,7.095,7.575,7.095,7.81,51382
2020-07-28,7.4575,7.5,7.27,7.585,22154
2020-07-29,7.45,7.385,7.265,7.45,4506
2020-07-30,7.64,7.51,7.51,7.64,5860
2020-08-02,7.575,7.32,7.14,7.575,17522
2020-08-03,7.265,7.6,7.265,7.7,5888
2020-08-04,7.815,7.885,7.465,7.885,10560
2020-08-05,7.875,7.71,7.6566,7.875,6412
2020-08-06,7.7525,7.995,7.645,8,13992
2020-08-09,8,8.255,8,8.415,12226
2020-08-10,8.42,8.145,8.1,8.42,27348
2020-08-11,8.305,8.245,8.245,8.305,14316
2020-08-12,8.25,8.17,8.155,8.25,3980
2020-08-13,8.24,8.175,8.075,8.24,3740
2020-08-16,8.23,7.875,7.875,8.23,20406
2020-08-17,7.7791,7.5,7.5,7.8419,8372
2020-08-18,7.695,7.65,7.575,7.695,11764
2020-08-19,7.6,7.6,7.4825,7.6,8316
2020-08-20,7.675,7.68,7.445,7.71,14660
2020-08-23,7.5,7.485,7.405,7.6025,23516
2020-08-24,7.66,7.575,7.49,7.7425,14402
2020-08-25,7.635,7.365,7.365,7.635,23274
2020-08-26,7.6431,7.405,7.3897,7.6645,24218
2020-08-27,7.48,7.535,7.37,7.675,21782
2020-08-30,7.525,7.335,7.325,7.525,19796
2020-08-31,7.435,7.48,7.435,7.52,10524
2020-09-01,7.44,7.51,7.44,7.51,6972
2020-09-02,7.565,7.58,7.41,7.58,53170
2020-09-03,7.615,7.645,7.5,7.645,15688
2020-09-07,7.55,7.59,7.275,7.59,17180
2020-09-08,7.59,7.38,7.33,7.59,13188
2020-09-09,7.455,7.49,7.435,7.56,92894
2020-09-10,7.575,7.18,7.175,7.575,64250
2020-09-13,7.25,7.365,7.25,7.6,54314
2020-09-14,7.44,7.415,7.34,7.48,107392
2020-09-15,7.49,7.4,7.3825,7.59,43352
2020-09-16,7.445,7.405,7.31,7.48,25056
2020-09-17,7.48,7.79,7.45,7.82,111674
2020-09-20,7.62,7.38,7.348,7.81,129220
2020-09-21,7.55,7.2,7.145,7.585,25488
2020-09-22,7.405,7.11,7.075,7.405,18028
2020-09-23,7.195,7.105,7.06,7.195,18186
2020-09-24,7.225,7.35,7.17,7.495,23730
2020-09-27,7.425,7.655,7.425,7.735,35008
2020-09-28,7.745,7.75,7.6963,7.925,27846
2020-09-29,7.82,8.065,7.82,8.155,24222
2020-09-30,8.145,8.37,8.1,8.6025,45798
2020-10-01,8.225,8.22,8.22,8.51,15906
2020-10-04,8.28,8.725,8.28,8.855,25446
2020-10-05,8.81,9.175,8.81,9.89,50774
2020-10-06,9.33,9.145,9.02,9.7477,52844
2020-10-07,9.235,9.045,8.935,9.61,23736
2020-10-08,9.025,9,8.955,9.075,16108
2020-10-11,9.115,8.745,8.56,9.115,24242
2020-10-12,8.665,8.565,8.435,8.7872,5704
2020-10-13,8.7425,8.665,8.665,8.9,6722
2020-10-14,8.72,8.725,8.625,8.845,15094
2020-10-15,8.655,8.875,8.635,9.11,27294
2020-10-18,8.975,8.875,8.73,8.98,5552
2020-10-19,8.84,9.045,8.84,9.075,19440
2020-10-20,9.07,9.06,8.94,9.075,16342
2020-10-21,9.15,8.97,8.97,9.15,18170
2020-10-22,9.08,8.84,8.185,9.1,16652
2020-10-25,8.76,8.85,8.557,8.98,12414
2020-10-26,8.85,8.905,8.85,9.15,42350
2020-10-27,8.87,8.74,8.105,8.9225,31644
2020-10-28,8.55,8.895,8.435,8.925,24776
2020-10-29,8.925,8.79,8.63,8.925,7968
2020-11-01,8.7525,8.965,8.6868,8.965,23746
2020-11-02,9.02,9,8.815,9.24,38034
2020-11-03,8.91,8.83,8.625,9.255,16970
2020-11-04,8.905,9.025,8.86,9.075,29570
2020-11-05,9,8.95,8.72,9,19408
2020-11-08,9.35,9.225,9.1355,9.48,41010
2020-11-09,9.325,9.2,9.19,9.375,50630
2020-11-10,9.255,9.2,9.083,9.2686,14692
2020-11-11,9.2186,9.18,9.145,9.295,46438
2020-11-12,9.275,9.195,9.0718,9.275,45436
2020-11-15,9.245,9.375,9.245,9.5,55766
2020-11-16,9.35,9.25,9.19,9.35,21846
2020-11-17,9.38,9.335,9.3075,9.4,42564
2020-11-18,9.2455,9.41,9.2425,9.41,28450
2020-11-19,9.36,9.425,9.36,9.445,41466
2020-11-22,9.5,9.455,9.4495,9.5,67894
2020-11-23,9.465,9.535,9.465,9.69,63946
2020-11-24,9.535,9.42,9.39,9.535,45830
2020-11-26,9.375,9.325,9.285,9.375,12390
2020-11-29,9.435,9.3,9.1925,9.435,35290
2020-11-30,9.31,9.325,9.275,9.375,33890
2020-12-01,9.315,9.225,9.1925,9.325,19726
2020-12-02,9.295,9.195,9.1,9.295,22668
2020-12-03,9.24,9.275,9.1853,9.3,31782
2020-12-06,9.365,9.475,9.2325,9.525,34616
2020-12-07,9.5,9.875,9.45,10,20882
2020-12-08,9.97,10.385,9.5662,10.755,58330
2020-12-09,10.29,10.825,10.25,10.944,39532
2020-12-10,10.875,11.125,10.875,11.425,77662
2020-12-13,11.02,10.68,10.625,11.125,35272
2020-12-14,10.69,10.945,10.69,11.09,38494
2020-12-15,10.9622,10.845,10.8025,11.035,17958
2020-12-16,10.965,11.805,10.9479,11.885,50232
2020-12-17,11.735,12.25,11.0439,13,186054
2020-12-20,12.17,11.34,11.1512,12.1838,87372
2020-12-21,11.38,10.395,10.05,11.385,79382
2020-12-22,10.08,10.51,10.08,10.645,96188
2020-12-23,10.505,10.38,10.38,10.76,16372
2020-12-27,10.3,10.69,10.3,10.875,57736
2020-12-28,10.74,10.45,10.37,11.25,27746
2020-12-29,10.4,10.43,10.3425,10.62,36278
2020-12-30,10.48,10.4,10.38,10.575,21124
2021-01-03,10.425,10.11,10.11,10.685,69806
2021-01-04,10.235,10.22,10.005,10.28,37128
2021-01-05,10.25,10.5,10.25,10.96,52286
2021-01-06,10.45,10.925,10.45,11.23,57246
2021-01-07,11.16,10.655,10.3075,11.16,87530
2021-01-10,10.61,10.62,10.515,10.675,27510
2021-01-11,10.745,10.685,10.685,10.76,18626
2021-01-12,10.685,10.46,10.365,10.685,17870
2021-01-13,10.495,10.61,10.495,10.7276,75710
2021-01-14,10.53,10.545,10.375,10.565,20648
2021-01-18,10.615,10.365,10.05,10.615,50542
2021-01-19,10.41,10.145,9.865,10.41,39396
2021-01-20,10.08,9.97,9.89,10.08,11962
2021-01-21,9.875,10.07,9.875,10.15,25800
2021-01-24,9.995,9.975,9.635,9.995,30200
2021-01-25,10.24,10.095,9.925,10.24,34018
2021-01-26,9.875,9.695,9.25,9.875,53598
2021-01-27,9.765,10.2,9.615,10.2757,33450
2021-01-28,10.25,10.14,9.54,10.25,22022
2021-01-31,10.09,10.06,10.025,10.295,23596
2021-02-01,10.435,10.375,10.15,10.605,43774
2021-02-02,10.45,10.66,10.4249,10.66,66098
2021-02-03,10.61,10.705,10.5,10.8,42886
2021-02-04,10.7286,11,10.615,11.155,91946
2021-02-07,11.07,11.1,10.92,11.29,80678
2021-02-08,11.1,11.3,11.1,11.3,45744
2021-02-09,11.35,11.35,11.115,11.445,54430
2021-02-10,11.3,11.375,11.275,11.445,37906
2021-02-11,11.375,11.45,11.3,11.545,45864
2021-02-15,11.5,11.905,11.484,12.2375,61174
2021-02-16,12.01,12.23,12.01,12.485,76408
2021-02-17,12.235,11.92,11.865,12.245,26824
2021-02-18,11.95,12.55,11.95,12.61,90968
2021-02-21,12.725,12.5,12.37,13.47,163598
2021-02-22,12.5325,12.6,12.2625,12.935,114870
2021-02-23,12.74,12.885,12.53,12.905,105712
2021-02-24,12.89,12.985,12.89,13.415,100208
2021-02-25,12.52,12.22,12.06,12.5921,143252
2021-02-28,12.55,12.42,12.2708,12.74,54182
2021-03-01,12.385,12.24,12.15,12.635,56814
2021-03-02,12.375,12.83,12.2433,12.9725,88536
2021-03-03,12.83,13,12.83,13.45,121088
2021-03-04,12.865,13.06,12.5001,13.205,56036
2021-03-07,13.06,13.235,12.995,13.27,58970
2021-03-08,13.35,13.32,13.19,13.475,39888
2021-03-09,13.405,13.695,13.185,13.95,83412
2021-03-10,13.755,13.49,13.09,13.98,85138
2021-03-11,13.325,13.3,13.2375,13.6725,81404
2021-03-14,13.285,13.2,12.725,13.285,114170
2021-03-15,13.2,13.13,12.8425,13.2,130304
2021-03-16,13.05,12.965,12.69,13.25,57366
2021-03-17,12.93,13.29,12.9125,13.295,110046
2021-03-18,13.3,13.635,12.945,13.635,234724
2021-03-21,13.44,12.94,12.7202,13.44,91330
2021-03-22,12.83,12.79,12.375,13.065,137888
2021-03-23,12.8,12.615,12.59,13.335,83628
2021-03-24,12.065,12.75,12.065,12.805,47788
2021-03-25,12.84,13.04,12.805,13.095,31694
2021-03-28,13.095,12.69,12.675,13.095,51840
2021-03-29,12.875,13.06,12.875,13.6,74452
2021-03-30,13.17,13,12.74,13.17,43682
2021-03-31,12.86,12.915,12.615,13.015,47190
2021-04-04,12.945,12.92,12.64,13.15,58126
2021-04-05,12.87,12.96,12.815,12.9835,34006
2021-04-06,12.95,12.68,12.6,12.95,23318
2021-04-07,12.685,12.93,12.64,12.9375,43694
2021-04-08,12.81,12.95,12.7025,12.955,45556
2021-04-11,12.945,12.625,12.4325,13.15,91432
2021-04-12,12.625,12.665,12.335,12.825,61408
2021-04-13,12.54,12.775,12.54,12.895,29682
2021-04-14,12.84,12.86,12.61,12.9,19604
2021-04-15,12.985,12.92,12.58,13.15,68858
2021-04-18,12.99,12.765,12.6386,13.15,33616
2021-04-19,12.71,12.485,12.06,12.85,72380
2021-04-20,12.005,12.295,12.005,12.695,28028
2021-04-21,12.235,12.505,12.1,12.695,66046
2021-04-22,12.41,12.55,12.405,12.9896,41092
2021-04-25,12.675,12.37,12.205,12.88,78746
2021-04-26,12.5,13.16,12.5,13.39,104620
2021-04-27,13.24,12.905,12.6325,13.5,89292
2021-04-28,13.165,13.22,12.74,13.43,173240
2021-04-29,13.135,13.2,12.785,13.45,70340
2021-05-02,13.205,13.16,12.81,13.27,40904
2021-05-03,13.22,13.09,12.89,13.4013,38534
2021-05-04,13.045,13.055,12.895,13.29,74414
2021-05-05,13.005,12.945,12.75,13.0975,51530
2021-05-06,12.83,12.915,12.565,12.9955,50538
2021-05-09,13,13.02,12.795,13.1113,84112
2021-05-10,12.95,12.91,12.791,13.2,64694
2021-05-11,12.99,12.685,12.56,13.245,54362
2021-05-12,12.59,12.965,12.59,13.3175,86626
2021-05-13,13.12,13.375,12.9725,13.655,102192
2021-05-16,13.25,13.235,13.16,13.505,32222
2021-05-17,13.295,13.885,13.16,14.5894,148042
2021-05-18,13.835,13.91,13.62,14.0675,46836
2021-05-19,13.875,13.83,13.52,13.875,31698
2021-05-20,13.85,13.875,13.625,14.488,23876
2021-05-23,13.805,13.54,13.3,13.805,26970
2021-05-24,13.63,13.11,13.035,13.63,24202
2021-05-25,13.2425,13.145,12.875,13.2776,33914
2021-05-26,13.295,13.46,13.245,13.6991,35936
2021-05-27,13.19,13.535,13.125,13.83,76544
2021-05-31,13.645,13.37,13.32,13.845,28850
2021-06-01,13.39,13.455,13.155,13.635,32198
2021-06-02,13.445,13.44,13.16,13.4575,22232
2021-06-03,13.35,13.38,13.205,13.485,37482
2021-06-06,13.36,13.4,13.3,13.685,41752
2021-06-07,13.3869,13.37,13.3,13.425,37912
2021-06-08,13.4235,13.38,13.25,13.525,35886
2021-06-09,13.47,13.465,13.315,13.59,47854
2021-06-10,13.38,13.505,13.205,13.515,29216
2021-06-13,13.38,13.355,13.25,13.61,76576
2021-06-14,13.44,13.55,13.35,13.635,41866
2021-06-15,13.49,13.39,13.325,13.675,66190
2021-06-16,13.2,13.35,13.05,13.605,93354
2021-06-17,13.175,13.2,12.9775,13.4572,75146
2021-06-20,13.255,13.07,12.9825,13.2575,58518
2021-06-21,13.145,13.32,13.07,13.5125,96174
2021-06-22,13.4,13.415,13.03,13.57,71702
2021-06-23,13.52,13.31,13.07,13.565,82914
2021-06-24,13.33,13.125,13,13.405,1436226.0
2021-06-27,13.165,13.22,13.05,13.36,80832
2021-06-28,13.245,13.125,13.1,13.37,35184
2021-06-29,13.405,13.125,13.09,13.405,10236
2021-06-30,13.205,13.125,13.005,13.205,21430
2021-07-01,13.18,13.14,13.13,13.325,15824
2021-07-05,13.17,13.115,12.93,13.24,85942
2021-07-06,13.0019,12.745,12.65,13.15,49608
2021-07-07,12.6,12.25,12.0001,12.6125,51808
2021-07-08,12.3,12.64,12.3,12.725,22220
2021-07-11,12.7025,12.675,12.405,12.91,106846
2021-07-12,12.69,12.685,12.34,12.75,29646
2021-07-13,12.625,12.665,12.515,12.665,8924
2021-07-14,12.655,12.755,12.51,12.815,9344
2021-07-15,12.705,12.66,12.66,12.815,11078
2021-07-18,12.5775,12.355,12.2451,12.625,67874
2021-07-19,12.32,12.78,12.32,13.095,25686
2021-07-20,12.805,12.79,12.745,13.05,13992
2021-07-21,12.815,12.525,12.375,12.815,11092
2021-07-22,12.57,12.38,12.38,12.625,12512
2021-07-25,12.28,12.425,12.27,12.625,25296
2021-07-26,12.5,12.875,12.5,13.16,15546
2021-07-27,13.035,13,12.955,13.2248,17110
2021-07-28,13.01,13.665,12.925,13.675,45672
2021-07-29,13.78,13.5,13.5,13.78,17426
2021-08-01,13.675,13.275,13.255,13.74,44466
2021-08-02,13.425,13.345,13.345,13.515,15554
2021-08-03,13.38,13.3,13.26,13.5919,9662
2021-08-04,13.44,13.43,13.22,13.455,7524
2021-08-05,13.45,13.845,13.45,13.845,10152
2021-08-08,13.7,13.795,13.7,13.845,9322
2021-08-09,13.725,13.955,13.715,13.955,7656
2021-08-10,13.875,13.965,13.75,14.335,19802
2021-08-11,13.905,13.7,13.7,14.18,22002
2021-08-12,13.785,13.745,13.595,13.83,8792
2021-08-15,13.6198,13.775,13.44,13.875,23358
2021-08-16,13.7389,13.725,13.3325,13.84,19500
2021-08-17,13.545,13.56,12.7526,13.86,26240
2021-08-18,13.515,13.4,13.3,13.63,38810
2021-08-19,13.34,13.635,13.34,13.665,23644
2021-08-22,13.595,13.485,13.485,13.75,8550
2021-08-23,13.7192,14.525,13.3625,15.2497,149726
2021-08-24,14.495,14.015,14,14.58,39304
2021-08-25,14.015,14.25,13.995,14.615,23546
2021-08-26,14.25,14.28,14.25,14.75,31312
2021-08-29,14.49,14.405,14.3153,14.7,24142
2021-08-30,14.97,14.645,14.37,14.97,45196
2021-08-31,14.875,14.66,14.5,14.875,4442
2021-09-01,14.655,14.525,14.525,14.655,1442
2021-09-02,14.7475,14.2553,14.14,14.7475,13398
2021-09-06,14.3354,14.04,14.035,14.3354,12786
2021-09-07,13.935,13.995,13.81,14.257,17236
2021-09-08,14.35,13.81,13.77,14.35,15692
2021-09-09,14.005,13.995,13.796,14.15,22582
2021-09-12,13.509,13.995,13.509,14.245,17340
2021-09-13,13.88,13.53,13.53,14.035,56914
2021-09-14,13.655,13.975,13.655,14.0487,24718
2021-09-15,13.87,13.8,13.755,14.1,20736
2021-09-16,13.87,13.94,13.825,14.15,32656
2021-09-19,13.795,13.675,13.365,14.065,27092
2021-09-20,13.955,13.88,13.88,14,15562
2021-09-21,13.975,13.975,13.975,13.975,1262
2021-09-22,14.032,14.3075,14.032,14.4312,4196
2021-09-23,14.215,13.86,13.8525,14.215,25828
2021-09-26,13.905,13.935,13.905,14.5,112544
2021-09-27,13.92,14.225,13.92,14.385,29508
2021-09-28,14.025,14.2,14.025,14.33,2886
2021-09-29,14.2,14.365,13.975,14.5,45502
2021-09-30,14.31,14.41,13.9775,14.66,55854
2021-10-03,14.36,14.86,14.2888,14.975,29240
2021-10-04,15.01,15.085,14.85,15.25,13436
2021-10-05,15.05,15.105,14.85,15.215,9944
2021-10-06,15.125,15.165,15.065,15.6,6788
2021-10-07,15.195,15.06,14.885,15.2477,4702
2021-10-10,15.06,14.595,14.535,15.2965,20458
2021-10-11,14.555,14.8,14.535,14.985,6116
2021-10-12,14.8393,15.085,14.55,15.3375,12902
2021-10-13,15.19,15.4175,15.19,15.6175,13414
2021-10-14,15.3,15.15,15.135,15.981,8932
2021-10-17,15.1,14.88,14.8,15.1,7746
2021-10-18,14.88,15.035,14.755,15.25,30732
2021-10-19,14.8563,14.925,14.7,14.945,14334
2021-10-20,14.8,14.72,14.3788,14.81,17812
2021-10-21,14.66,14.855,14.66,15,11496
2021-10-24,14.75,14.675,14.675,14.9843,24154
2021-10-25,14.77,14.995,14.7113,14.995,7562
2021-10-26,15,14.75,14.75,15,11036
2021-10-27,14.505,14.685,14.505,14.985,14454
2021-10-28,14.785,15.1,14.785,15.25,24282
2021-10-31,15.22,15.025,15.025,15.245,3884
2021-11-01,15.475,15.4,15.21,15.95,20812
2021-11-02,15.73,15.5,15.2635,16.0261,23290
2021-11-03,15.565,15.66,15.565,15.8675,6570
2021-11-04,15.8,15.7375,15.675,15.8,6092
2021-11-07,15.715,15.77,15.69,15.905,10762
2021-11-08,15.85,16.125,15.8416,16.125,20886
2021-11-09,16.125,15.955,15.9275,16.325,14564
2021-11-10,16.135,16.97,16.135,17.4999,39050
2021-11-11,17.4087,16.855,16.54,17.4087,17866
2021-11-14,16.93,16.76,16.5908,17.105,11492
2021-11-15,17.34,16.956,16.7055,17.4999,41396
2021-11-16,17.05,17.4,16.855,17.4219,29588
2021-11-17,17.675,17.995,17.5,17.995,60608
2021-11-18,18,18.395,17.89,18.795,44204
2021-11-21,18.475,18.46,18.4,18.7825,25620
2021-11-22,18.68,18.165,18.1538,19.0371,22936
2021-11-23,18,17.98,17.7671,18.16,7432
2021-11-25,17.735,17.25,16.705,17.83,18092
2021-11-28,17.06,17.2,16.7505,17.3445,19138
2021-11-29,17.235,16.875,16.71,17.25,31578
2021-11-30,16.734,17.265,16.734,17.98,22810
2021-12-01,17.02,17.1,16.945,17.635,15140
2021-12-02,16.94,17.15,16.7977,17.38,8688
2021-12-05,17.125,17.195,17.0458,17.375,3370
2021-12-06,17.15,17.25,16.99,17.515,63494
2021-12-07,17.3325,17.75,17.125,18.0225,22708
2021-12-08,17.75,18,17.685,18.3,25662
2021-12-09,18.025,18.375,18.025,18.625,109238
2021-12-12,18.245,18.585,18.0347,18.87,26544
2021-12-13,18.645,18.25,17.775,18.645,39078
2021-12-14,18.41,17.885,17.84,18.8489,22962
2021-12-15,17.64,17.565,17.435,17.835,44012
2021-12-16,17.44,17.665,17.44,18.45,77076
2021-12-19,17.33,17.4,17.2501,18,54064
2021-12-20,18.475,17.555,17.44,18.475,37252
2021-12-21,17.765,17.54,17.43,17.9537,18910
2021-12-22,17.4,17.68,17.35,17.87,7728
2021-12-26,17.7,18.005,17.7,18.205,23882
2021-12-27,18.06,17.85,17.75,18.8752,44336
2021-12-28,18.05,17.98,17.5804,18.5109,19238
2021-12-29,17.6068,17.975,17.6068,18.3741,31674
2021-12-30,17.98,18.385,17.853,18.39,24022
2022-01-02,18.235,18.38,18,18.985,22212
2022-01-03,18.315,18.34,17.9895,18.945,38010
2022-01-04,18.475,18.355,18.3375,18.675,15490
2022-01-05,18.8924,18.585,18.01,18.8924,20596
2022-01-06,18.56,18.87,18.435,18.87,10854
2022-01-09,18.75,18.35,18.085,19.4999,34846
2022-01-10,18.18,18.4,18.18,18.445,22552
2022-01-11,18.5,18.405,18.405,18.75,17272
2022-01-12,18.25,18.675,18.25,18.8825,28220
2022-01-13,18.675,18.5,18.5,19,17610
2022-01-17,18.68,18.35,18.17,18.68,33344
2022-01-18,18.25,18.185,17.81,18.7213,13840
2022-01-19,18.185,17.6001,17.565,18.25,28956
2022-01-20,17.675,17.89,17.6475,18,24188
2022-01-23,17.765,17.56,17.355,18.4875,12994
2022-01-24,17.645,17.85,17.2992,17.9999,7192
2022-01-25,17.85,17.725,17.5975,18.15,23526
2022-01-26,17.685,17.5,17.5,17.9,12846
2022-01-27,17.31,17.2236,16.785,17.41,18186
2022-01-30,17.225,17.29,16.8516,17.63,23910
2022-01-31,19.25,18.45,18.15,19.89,86908
2022-02-01,18.435,18.63,17.825,18.965,45698
2022-02-02,18.62,18.83,18.55,19,27218
2022-02-03,19,18.925,18.7475,19,23556
2022-02-06,18.95,19.0501,18.5,19.5229,54672
2022-02-07,19.25,19.125,18.47,19.45,28918
2022-02-08,19.42,18.6,18.225,19.5,87338
2022-02-09,18.66,18.75,18.025,19.01,42550
2022-02-10,18.46,18.375,18.305,18.71,33204
2022-02-13,18.175,18.25,17.5939,18.37,24580
2022-02-14,18.25,18.35,18.18,18.36,21936
2022-02-15,18.34,18.35,17.875,18.36,8210
2022-02-16,18.135,18.375,18.0487,18.45,5648
2022-02-17,18.22,18.16,18.1,18.275,9138
2022-02-21,18.04,18.15,17.63,18.42,39320
2022-02-22,18.16,17.995,17.995,18.16,14018
2022-02-23,17.62,17.6875,17.2551,17.895,20742
2022-02-24,17.525,17.76,17.525,17.76,14288
2022-02-27,18.5401,17.7,17.6,18.5401,7062
2022-02-28,17.605,17.15,17.035,17.605,20524
2022-03-01,17.65,17.74,17.54,17.74,4548
2022-03-02,17.52,17.49,17.26,17.7575,6190
2022-03-03,17.25,17.05,17.04,17.7,13572
2022-03-06,17,17.225,17,17.529,25546
2022-03-07,17.06,16.98,16.8259,17.505,17690
2022-03-08,17.09,17.21,16.875,17.295,17430
2022-03-09,17.425,16.99,16.93,17.425,23464
2022-03-10,17.3925,16.99,16.875,17.3925,5410
2022-03-13,16.99,16.825,16.755,17.99,13858
2022-03-14,16.755,16.605,16.495,17.365,16268
2022-03-15,16.555,16.67,16.555,16.9925,18886
2022-03-16,16.615,16.69,16.525,16.69,16142
2022-03-17,16.5,16.975,16.5,16.975,17068
2022-03-20,16.75,16.945,16.6205,16.9675,13060
2022-03-21,16.6,16.235,15.6,16.9125,218246
2022-03-22,15.75,16.39,15.75,16.6325,13024
2022-03-23,16.29,16.33,16.29,16.525,37290
2022-03-24,16.32,16.415,16.32,16.55,6176
2022-03-27,16.53,16.395,16.025,16.53,9576
2022-03-28,16.395,16.275,16.275,16.4777,4326
2022-03-29,16.1883,16.155,15.86,16.1883,4194
2022-03-30,16.1,16.045,15.9,16.2624,7126
2022-03-31,16.6005,16,15.695,16.6005,7282
2022-04-03,16.005,15.9,15.5901,16.2552,18508
2022-04-04,15.965,16.015,15.965,16.165,7868
2022-04-05,15.8981,15.7,15.6,15.98,20126
2022-04-06,16.495,15.65,15.634,16.495,11958
2022-04-07,15.6,15.65,15.57,15.84,7918
2022-04-10,15.895,15.7,15.5,15.915,17018
2022-04-12,15.6095,15.75,15.6095,15.755,4912
2022-04-13,15.5975,15.69,15.5,15.69,5448
2022-04-17,15.53,15.53,15.53,15.53,1062
2022-04-18,15.565,16.45,15.355,16.9,51790
2022-04-19,16.015,16.0051,16.0051,16.41,10028
2022-04-20,16.22,16.005,15.525,16.505,50474
2022-04-21,16,16,15.75,16.125,15856
2022-04-24,15.975,15.92,15.8725,15.995,7010
2022-04-25,15.755,15.995,15.445,15.995,15660
2022-04-26,15.9298,15.77,15.77,16,10420
2022-04-28,15.775,15.7,15.455,16,10026
2022-05-01,15.6,15.85,15.51,15.9875,17558
2022-05-02,15.975,16,15.775,16.01,15854
2022-05-03,15.85,16.06,15.765,16.28,11458
2022-05-04,16,15.925,15.755,16.15,10352
2022-05-05,15.855,15.785,15.75,16.045,5940
2022-05-08,15.925,15.74,15.5,15.94,13590
2022-05-09,15.535,15.505,15.405,15.765,21494
2022-05-10,15.5,15.58,15.495,15.7575,24828
2022-05-11,15.825,16.31,15.28,16.31,5188
2022-05-12,15.985,16.245,15.985,16.9,3016
2022-05-15,15.765,15.605,15.525,15.99,29118
2022-05-16,16.02,15.8,15.6,16.02,12922
2022-05-17,15.75,15.425,15.38,15.8,34108
2022-05-18,15.475,15.485,15.245,15.6,42652
2022-05-19,16.885,15.56,15.4151,16.885,13534
2022-05-22,15.665,15.36,15.36,16.1775,21036
2022-05-23,15.445,15.385,15.26,16.1623,41582
2022-05-24,15.395,15.545,15.395,15.555,2906
2022-05-25,15.685,15.65,15.375,15.94,29916
2022-05-26,15.705,15.7242,15.705,16.19,30704
2022-05-30,15.685,15.725,15.565,16.0125,11698
2022-05-31,15.5736,15.695,15.5002,15.695,9346
2022-06-01,15.5,15.8003,15.5,16,9272
2022-06-02,15.5,15.75,15.5,16.005,8488
2022-06-05,15.5,15.77,15.5,16,7764
2022-06-06,15.5,15.65,15.5,15.935,4448
2022-06-07,15.6,15.555,15.53,15.6573,4226
2022-06-08,16.025,15.56,15.5,16.025,73916
2022-06-09,15.5,15.25,14.995,15.5,17096
2022-06-12,14.6525,14.85,13.935,15.17,29794
2022-06-13,14.615,14.875,14.615,15.18,5066
2022-06-14,14.705,14.725,14.55,14.97,24862
2022-06-15,14.59,14.725,14.38,14.75,10678
2022-06-16,14.795,14.505,14.5,14.95,35318
2022-06-20,14.6,14.795,14.565,14.795,10832
2022-06-21,14.7,14.8,14.575,14.8025,16822
2022-06-22,14.7121,14.745,14.57,14.845,15442
2022-06-23,14.65,14.775,14.65,15.155,28498
2022-06-26,14.9,14.975,14.7225,15.5,11060
2022-06-27,15.03,14.85,14.695,15.1655,11180
2022-06-28,14.8478,14.8075,14.8075,15.62,2868
2022-06-29,14.79,15.15,14.785,15.2125,9354
2022-06-30,14.975,15.025,14.7506,15.5332,7824
2022-07-04,15,14.885,14.75,15,5310
2022-07-05,14.6301,14.65,14.63,14.73,2080
2022-07-06,14.5307,14.64,14.5,14.845,14482
2022-07-07,14.555,14.57,14.5,14.7291,12064
2022-07-10,14.525,14.5,14.5,14.525,1658
2022-07-11,14.5,14.5,14.265,14.7,7976
2022-07-12,14.345,14.275,14.275,14.575,7982
2022-07-13,14.315,14.24,14.0001,14.39,8978
2022-07-14,14.22,14.145,14.145,14.3,3318
2022-07-17,14.315,14.15,14.0525,14.55,13228
2022-07-18,14.115,14.115,14.115,14.115,564
2022-07-19,14.125,14.13,14.0425,14.4539,15570
2022-07-20,14.245,14.135,14.135,14.245,6198
2022-07-21,14,14.12,14,14.35,14830
2022-07-24,14.06,14.12,14.0175,14.195,40988
2022-07-25,14.05,14.145,14,14.22,10140
2022-07-26,14.045,14.155,14.03,14.195,17992
2022-07-27,14.08,14.14,14.025,14.4,42474
2022-07-28,14.06,14.155,14.01,14.405,30674
2022-07-31,14.155,14.275,14.005,14.63,31248
2022-08-01,14.275,14.35,14.275,14.54,22632
2022-08-02,14.37,14.35,14.35,14.375,9426
2022-08-03,14.385,14.375,14.375,14.46,5822
2022-08-07,14.375,14.36,14.275,14.43,11412
2022-08-08,14.375,14.25,14.25,14.4342,7616
2022-08-09,14.5,15.025,14.37,15.025,40762
2022-08-10,15.015,15.015,15.015,15.015,864
2022-08-11,15.045,15.375,15.045,15.445,4970
2022-08-14,15.365,15.73,15.365,15.865,11932
2022-08-15,15.7,15.73,15.625,16,6468
2022-08-16,15.6775,15.7,15.505,15.83,102508
2022-08-17,15.815,15.68,15.5001,15.815,4104
2022-08-18,16.5822,15.925,15.745,16.5822,7288
2022-08-21,15.845,15.675,15.525,16.025,138242
2022-08-22,16.0024,15.61,15.61,16.0024,4902
2022-08-23,15.625,15.975,15.625,15.99,17606
2022-08-24,15.93,15.9,15.9,15.95,8760
2022-08-25,15.6625,15.46,15.44,15.68,25950
2022-08-28,15.6385,15.69,15.37,15.69,56748
2022-08-29,15.575,15.43,15.325,15.665,11726
2022-08-30,15.325,15.16,15.16,15.4243,23554
2022-08-31,15,15.105,14.76,15.105,4012
2022-09-01,15,15.015,14.75,15.105,47450
2022-09-05,14.9137,14.88,14.88,15.0725,4034
2022-09-06,14.94,15,14.755,15.15,4716
2022-09-07,15.085,14.92,14.905,15.085,5828
2022-09-08,15,15.325,15,15.45,12344
2022-09-11,15.38,15.625,15.345,15.855,22938
2022-09-12,15.575,15.5,15.26,15.915,20588
2022-09-13,15.5788,15.3,15.25,15.5788,21078
2022-09-14,15.2501,15.065,15.065,15.55,66164
2022-09-15,15,15.45,14.683,15.62,84070
2022-09-18,15.11,14.78,14.72,15.485,41456
2022-09-19,14.825,14.7,14.55,15.2425,10518
2022-09-20,14.5805,14.79,14.565,15.08,10736
2022-09-21,14.75,14.795,14.565,14.945,27754
2022-09-22,14.75,14.8488,14.6125,14.8488,7156
2022-09-25,14.9225,14.725,14.66,14.945,32020
2022-09-26,14.845,14.575,14.5103,15,24258
2022-09-27,14.5,14.55,14.49,14.66,26656
2022-09-28,14.5,14.515,14.5,14.595,7768
2022-09-29,15.16,14.585,14.425,15.16,13368
2022-10-02,14.61,15.17,14.61,15.205,21134
2022-10-03,15.26,15.33,15.21,15.855,12172
2022-10-04,15.33,15.405,15.219,15.72,15832
2022-10-05,15.45,15.41,15.41,15.45,3794
2022-10-06,15.345,15.15,15.15,15.345,6284
2022-10-09,15.25,15.1501,15,15.5,8024
2022-10-10,15.29,15.27,15.205,15.3,5584
2022-10-12,15.21,15.52,15.21,15.72,8570
2022-10-13,15.6,15.445,15.36,15.8589,14876
2022-10-16,15.5,15.475,15.315,15.6,28656
2022-10-18,15.375,15.375,15.375,15.375,2814
2022-10-19,15.555,15.36,15.36,15.785,65438
2022-10-20,15.4,15.4,15.4,15.4,1874
2022-10-23,15.48,15.67,15.4,15.8228,6110
2022-10-25,15.52,15.54,15.45,15.875,20214
2022-10-26,15.49,15.625,15.325,15.805,20786
2022-10-27,15.485,15.63,15.305,15.71,35614
2022-10-30,15.705,15.395,15.395,15.85,21824
2022-10-31,15.8,15.35,15.2825,15.8,10684
2022-11-01,15.4,15.25,15.2453,15.6125,9402
2022-11-02,15.25,15.36,15.14,15.55,148092
2022-11-03,15.5838,15.65,15.2501,15.65,5390
2022-11-06,15.4305,15.91,15.4305,15.9125,6938
2022-11-07,15.945,15.85,15.605,15.975,11722
2022-11-08,16.0147,15.95,15.75,16.4675,26458
2022-11-09,15.53,16,15.505,16.05,16122
2022-11-10,15.986,15.975,15.76,16.0875,32542
2022-11-13,15.945,16.195,15.82,16.255,8446
2022-11-14,16.063,16.19,16.063,16.5,104226
2022-11-15,16.23,16.185,15.785,16.315,32236
2022-11-16,16.205,16.35,16.0285,16.425,7166
2022-11-17,16.5,16.65,16.26,17,39190
2022-11-20,16.65,16.73,16.5834,17.01,14806
2022-11-21,16.75,16.825,16.6,17,20666
2022-11-22,16.695,17.2,16.655,17.3688,29528
2022-11-24,17.195,17.1075,17.0825,17.2,4512
2022-11-27,17.165,17.15,17.0487,17.375,30366
2022-11-28,17.24,17.06,16.9,17.24,7790
2022-11-29,17.18,16.865,16.765,17.3525,7094
2022-11-30,17.065,16.87,16.765,17.24,22106
2022-12-01,16.825,16.89,16.8,16.9613,10988
2022-12-04,16.875,16.75,16.535,16.985,12808
2022-12-05,16.775,16.835,16.74,16.875,5788
2022-12-06,16.945,16.595,16.565,16.945,14862
2022-12-07,16.665,16.505,16.505,16.745,9244
2022-12-08,16.6,16.55,16.405,16.7,4978
2022-12-11,16.615,16.5,16.415,16.65,6496
2022-12-12,16.56,16.65,16.195,16.82,18548
2022-12-13,16.665,15.87,15.64,16.665,72562
2022-12-14,16,15.36,15.33,16.085,62470
2022-12-15,15.435,14.81,14.745,15.71,79278
2022-12-18,14.8,14.75,14.535,15.3,46682
2022-12-19,14.715,15.055,14.715,15.125,15382
2022-12-20,15.125,15.135,15.02,15.475,37566
2022-12-21,15.21,15.16,14.885,15.6237,26524
2022-12-22,15.22,15.025,15.025,15.26,9024
2022-12-26,15.07,15.075,15.07,15.325,25076
2022-12-27,15.165,15.1,15.04,15.165,15024
2022-12-28,15.175,15.075,14.8751,15.3,23252
2022-12-29,15.12,15.145,14.825,15.235,17220
2023-01-02,15.11,15.205,15.11,15.305,14632
2023-01-03,15.34,15.375,15.2,15.57,17842
2023-01-04,15.165,15.16,15.16,15.165,2966
2023-01-05,15.5,15.7225,15.395,15.905,37298
2023-01-08,15.75,15.775,15.7225,15.9075,12162
2023-01-09,15.635,16.35,15.635,16.355,14908
2023-01-10,16.45,16.325,16.3,16.65,24430
2023-01-11,16.5,16.37,16.37,16.6775,10746
2023-01-12,16.35,16.5,16.35,16.5,1834
2023-01-16,16.6,16.345,16.25,16.65,15920
2023-01-17,16.225,16.2,16.095,16.5,13966
2023-01-18,16,16,15.825,16.325,30490
2023-01-19,16,16,16,16.2,9306
2023-01-22,16.025,16,15.895,16.385,23268
2023-01-23,16.175,15.98,15.95,16.185,24802
2023-01-24,16,16,16,16.185,10648
2023-01-25,16,16,15.9,16.065,64688
2023-01-26,16.095,16,16,16.175,5400
2023-01-29,15.92,16,15.92,16,3792
2023-01-30,16,15.925,15.925,16.075,12772
2023-01-31,15.9915,15.96,15.8883,16.0658,20452
2023-02-01,16.015,15.995,15.995,16.24,21724
2023-02-02,15.945,15.955,15.94,16.295,14182
2023-02-05,15.95,15.955,15.855,16.245,14564
2023-02-06,15.8501,16,15.65,16.1909,40120
2023-02-07,15.86,16,15.86,16.0247,8310
2023-02-08,16,15.99,15.9153,16,8148
2023-02-09,15.9911,15.9,15.86,15.9911,6138
2023-02-12,15.925,15.76,15.675,15.925,15770
2023-02-13,15.83,15.755,15.5101,15.835,24694
2023-02-14,16.225,15.76,15.715,16.225,8728
2023-02-15,15.825,15.775,15.775,15.84,8104
2023-02-16,15.825,15.845,15.595,15.845,31308
2023-02-20,16.0599,15.91,15.91,16.0599,7322
2023-02-21,16.0592,15.8,15.74,16.0592,26432
2023-02-22,15.9725,15.83,15.66,15.9725,6146
2023-02-23,16.1412,15.95,15.95,16.1412,4736
2023-02-26,15.6598,15.83,15.6598,16.05,6688
2023-02-27,15.83,15.8,15.735,15.915,19534
2023-02-28,15.93,15.845,15.79,16.0546,15760
2023-03-01,16.1157,15.79,15.715,16.1157,17102
2023-03-02,15.79,15.81,15.785,15.89,13076
2023-03-05,15.92,15.8,15.7575,15.92,9352
2023-03-06,15.8,15.725,15.645,15.925,19156
2023-03-07,15.72,15.775,15.575,15.925,24698
2023-03-08,15.9,15.775,15.7,15.97,18168
2023-03-09,15.87,15.175,14.75,16.13,86500
2023-03-12,14.75,13.8125,13.3487,14.75,65238
2023-03-13,14.5525,13.685,13.665,14.9554,38824
2023-03-14,13.56,13.5,13.445,13.745,38412
2023-03-15,13.4988,13.375,12.925,13.615,84964
2023-03-16,13.02,13.375,12.9,13.395,32378
2023-03-19,13.95,13.375,13.27,13.95,36218
2023-03-20,13.98,13.46,13.2801,15.11,33029
2023-03-21,13.4,13.46,13.33,13.695,36266
2023-03-22,13.45,13.44,13.275,13.72,46595
2023-03-23,13.3,13.44,13.25,13.61,38680
2023-03-26,13.46,13.2,13.12,13.72,38275
2023-03-27,13.25,12.77,12.71,13.4516,41703
2023-03-28,12.9,12.88,12.7999,13.28,35580
2023-03-29,13.24,12.76,12.36,13.24,31986
2023-03-30,12.76,12.6,12.52,12.9275,44063
2023-04-02,12.62,12.55,12.49,12.92,46578
2023-04-03,12.67,12.37,12.29,12.978,38207
2023-04-04,12.42,12.29,12.15,12.45,24042
2023-04-05,12.3,12.27,12.25,12.405,11474
2023-04-09,12.35,12.4,12.27,12.7,45649
2023-04-10,12.33,12.35,12.32,12.56,52404
2023-04-11,12.4,12.31,11.8519,12.54,95612
2023-04-12,12.31,12.28,12.11,12.425,34725
2023-04-13,12.29,12.18,12.15,12.355,44116
2023-04-16,12.15,12.23,12.12,12.66,44052
2023-04-17,12.41,12.03,12,12.4199,25072
2023-04-18,12.275,11.935,11.88,12.275,36964
2023-04-19,11.85,11.66,11.41,12,66354
2023-04-20,11.6,11.19,11.01,11.84,71368
2023-04-23,11.2,10.5,10.26,11.4,66516
2023-04-24,10.32,9.47,9.4,10.72,72458
2023-04-25,9.5,9.22,9.12,9.64,53748
2023-04-26,9.22,9.31,9.169,9.545,39655
2023-04-27,9.35,9.35,9.21,9.62,50040
2023-04-30,9.27,8.83,8.65,9.5,49853
2023-05-01,8.99,8.3,8.18,8.99,37907
2023-05-02,8.25,8.39,8.16,8.93,31063
2023-05-03,8.26,8.18,7.795,8.36,44329
2023-05-04,8.71,8.6,8.4,8.71,43716
2023-05-07,8.75,8.72,8.5,8.93,41618
2023-05-08,8.73,8.82,8.37,8.88,31403
2023-05-09,8.92,9.11,8.84,9.2,13656
2023-05-10,9.159,8.96,8.88,9.275,48208
2023-05-11,9.1,9.05,8.76,9.28,13251
2023-05-14,9.17,9.03,9.02,9.21,14667
2023-05-15,9.1,8.95,8.84,9.13,12453
2023-05-16,9.19,9.62,8.97,9.62,18022
2023-05-17,9.6,9.46,9.0309,9.62,22510
2023-05-18,9.45,9.48,9.27,9.61,8733
2023-05-21,9.6,9.47,9.33,10.0216,36231
2023-05-22,9.5,9.61,9.5,9.98,34735
2023-05-23,9.74,9.65,9.34,9.8,46749
2023-05-24,9.59,9.595,9.5,9.76,15088
2023-05-25,9.66,9.57,9.5,9.69,21470
2023-05-29,9.52,9.565,9.5,9.66,16863
